# Blender 5.1.0
# www.blender.org
mtllib balanco2.mtl
o Frame
v -108.505066 36.660107 -2.761378
v -108.676620 36.409458 -2.945511
v -108.590851 36.626514 -2.853445
v -108.653633 36.534771 -2.920842
v -108.549606 36.660107 -2.670441
v -108.800255 36.409458 -2.693036
v -108.674927 36.626514 -2.681739
v -108.766670 36.534771 -2.690009
v -108.738441 36.409458 -2.876559
v -108.528610 36.660107 -2.735113
v -108.710320 36.534771 -2.857606
v -108.633530 36.626514 -2.805834
v -108.783691 36.409458 -2.784148
v -108.543297 36.660107 -2.705128
v -108.751472 36.534771 -2.773559
v -108.663498 36.626514 -2.744635
v -102.965233 36.660511 -6.993604
v -102.982147 36.409458 -7.244258
v -103.262276 36.409458 -7.148290
v -103.121941 36.660107 -6.939917
v -103.243477 36.534771 -7.120376
v -103.192108 36.626514 -7.044105
v -103.076965 36.409458 -7.231401
v -103.018959 36.660107 -6.986320
v -103.069191 36.534771 -7.198567
v -103.047966 36.626514 -7.108862
v -103.179497 36.409458 -7.196275
v -103.075050 36.660107 -6.967107
v -103.165512 36.534771 -7.165574
v -103.127281 36.626514 -7.081694
v -108.505066 36.660107 2.760093
v -108.676620 36.409458 2.944226
v -108.590851 36.626514 2.852160
v -108.653633 36.534771 2.919557
v -108.549606 36.660107 2.669157
v -108.800255 36.409458 2.691753
v -108.674927 36.626514 2.680454
v -108.766670 36.534771 2.688725
v -108.738441 36.409458 2.875274
v -108.528610 36.660107 2.733829
v -108.710320 36.534771 2.856321
v -108.633530 36.626514 2.804549
v -108.783691 36.409458 2.782863
v -108.543297 36.660107 2.703843
v -108.751472 36.534771 2.772274
v -108.663498 36.626514 2.743350
v -102.973686 36.626514 7.117648
v -103.262276 36.409458 7.147006
v -103.121941 36.660107 6.938632
v -103.243477 36.534771 7.119092
v -103.192108 36.626514 7.042820
v -103.076965 36.409458 7.230116
v -103.018959 36.660107 6.985036
v -103.069191 36.534771 7.197282
v -103.047966 36.626514 7.107576
v -103.179497 36.409458 7.194989
v -103.075050 36.660107 6.965821
v -103.165512 36.534771 7.164290
v -103.127281 36.626514 7.080410
v -108.505066 32.103046 -2.761378
v -108.676620 32.353672 -2.945511
v -108.590851 32.136616 -2.853445
v -108.653633 32.228359 -2.920842
v -108.549606 32.103046 -2.670441
v -108.800255 32.353672 -2.693036
v -108.674927 32.136616 -2.681739
v -108.766670 32.228359 -2.690009
v -108.738441 32.353672 -2.876559
v -108.528610 32.103046 -2.735113
v -108.710320 32.228359 -2.857606
v -108.633530 32.136616 -2.805834
v -108.783691 32.353672 -2.784148
v -108.543297 32.103046 -2.705128
v -108.751472 32.228359 -2.773559
v -108.663498 32.136616 -2.744635
v -102.965233 32.103046 -6.993606
v -102.982147 32.353672 -7.244258
v -103.262276 32.353672 -7.148290
v -103.121941 32.103046 -6.939917
v -103.243477 32.228359 -7.120376
v -103.192108 32.136616 -7.044105
v -103.076965 32.353672 -7.231401
v -103.018959 32.103046 -6.986320
v -103.069191 32.228359 -7.198567
v -103.047966 32.136616 -7.108862
v -103.179497 32.353672 -7.196275
v -103.075050 32.103046 -6.967107
v -103.165512 32.228359 -7.165574
v -103.127281 32.136616 -7.081694
v -108.505066 32.103046 2.760093
v -108.676620 32.353672 2.944226
v -108.590851 32.136616 2.852160
v -108.653633 32.228359 2.919557
v -108.549606 32.103046 2.669157
v -108.800255 32.353672 2.691753
v -108.674927 32.136616 2.680454
v -108.766670 32.228359 2.688725
v -108.738441 32.353672 2.875274
v -108.528610 32.103046 2.733829
v -108.710320 32.228359 2.856321
v -108.633530 32.136616 2.804549
v -108.783691 32.353672 2.782863
v -108.543297 32.103046 2.703843
v -108.751472 32.228359 2.772274
v -108.663498 32.136616 2.743350
v -102.965233 32.103046 6.992320
v -102.982147 32.353672 7.242974
v -103.262276 32.353672 7.147006
v -103.121941 32.103046 6.938632
v -103.243477 32.228359 7.119092
v -103.192108 32.136616 7.042820
v -103.076965 32.353672 7.230116
v -103.018959 32.103046 6.985036
v -103.069191 32.228359 7.197282
v -103.047966 32.136616 7.107576
v -103.179497 32.353672 7.194989
v -103.075050 32.103046 6.965821
v -103.165512 32.228359 7.164290
v -103.127281 32.136616 7.080410
v 108.281891 36.660107 -2.761378
v 108.453445 36.409458 -2.945511
v 108.367676 36.626514 -2.853445
v 108.430458 36.534771 -2.920842
v 108.326431 36.660107 -2.670441
v 108.577080 36.409458 -2.693036
v 108.451752 36.626514 -2.681739
v 108.543495 36.534771 -2.690009
v 108.515266 36.409458 -2.876559
v 108.305435 36.660107 -2.735113
v 108.487144 36.534771 -2.857606
v 108.410355 36.626514 -2.805834
v 108.560516 36.409458 -2.784148
v 108.320122 36.660107 -2.705128
v 108.528297 36.534771 -2.773559
v 108.440323 36.626514 -2.744635
v 102.742058 36.660511 -6.993604
v 102.758972 36.409458 -7.244258
v 102.750511 36.626514 -7.118932
v 102.756699 36.534771 -7.210677
v 103.039101 36.409458 -7.148290
v 102.898766 36.660107 -6.939917
v 103.020302 36.534771 -7.120376
v 102.968933 36.626514 -7.044105
v 102.853790 36.409458 -7.231401
v 102.795784 36.660107 -6.986320
v 102.846016 36.534771 -7.198567
v 102.824791 36.626514 -7.108862
v 102.956322 36.409458 -7.196275
v 102.851875 36.660107 -6.967107
v 102.942337 36.534771 -7.165574
v 102.904106 36.626514 -7.081694
v 108.281891 36.660107 2.760093
v 108.453445 36.409458 2.944226
v 108.367676 36.626514 2.852160
v 108.430458 36.534771 2.919557
v 108.326431 36.660107 2.669157
v 108.577080 36.409458 2.691753
v 108.451752 36.626514 2.680454
v 108.543495 36.534771 2.688725
v 108.515266 36.409458 2.875274
v 108.305435 36.660107 2.733829
v 108.487144 36.534771 2.856321
v 108.410355 36.626514 2.804549
v 108.560516 36.409458 2.782863
v 108.320122 36.660107 2.703843
v 108.528297 36.534771 2.772274
v 108.440323 36.626514 2.743350
v 102.742058 36.660511 6.992321
v 102.758972 36.409458 7.242974
v 102.750511 36.626514 7.117648
v 102.756699 36.534771 7.209393
v 103.039101 36.409458 7.147006
v 102.898766 36.660107 6.938632
v 103.020302 36.534771 7.119092
v 102.968933 36.626514 7.042820
v 102.853790 36.409458 7.230116
v 102.795784 36.660107 6.985036
v 102.846016 36.534771 7.197282
v 102.824791 36.626514 7.107576
v 102.956322 36.409458 7.194989
v 102.851875 36.660107 6.965821
v 102.942337 36.534771 7.164290
v 102.904106 36.626514 7.080410
v -102.973686 36.626514 -7.118932
v -102.979874 36.534771 -7.210677
v -102.965233 36.660511 6.992321
v -102.982147 36.409458 7.242974
v -102.979874 36.534771 7.209393
v 108.281891 32.103046 -2.761378
v 108.453445 32.353672 -2.945511
v 108.367676 32.136616 -2.853445
v 108.430458 32.228359 -2.920842
v 108.326431 32.103046 -2.670441
v 108.577080 32.353672 -2.693036
v 108.451752 32.136616 -2.681739
v 108.543495 32.228359 -2.690009
v 108.515266 32.353672 -2.876559
v 108.305435 32.103046 -2.735113
v 108.487144 32.228359 -2.857606
v 108.410355 32.136616 -2.805834
v 108.560516 32.353672 -2.784148
v 108.320122 32.103046 -2.705128
v 108.528297 32.228359 -2.773559
v 108.440323 32.136616 -2.744635
v 102.742058 32.103046 -6.993606
v 102.758972 32.353672 -7.244258
v 102.750511 32.136616 -7.118932
v 102.756699 32.228359 -7.210677
v 103.039101 32.353672 -7.148290
v 102.898766 32.103046 -6.939917
v 103.020302 32.228359 -7.120376
v 102.968933 32.136616 -7.044105
v 102.853790 32.353672 -7.231401
v 102.795784 32.103046 -6.986320
v 102.846016 32.228359 -7.198567
v 102.824791 32.136616 -7.108862
v 102.956322 32.353672 -7.196275
v 102.851875 32.103046 -6.967107
v 102.942337 32.228359 -7.165574
v 102.904106 32.136616 -7.081694
v 108.281891 32.103046 2.760093
v 108.453445 32.353672 2.944226
v 108.367676 32.136616 2.852160
v 108.430458 32.228359 2.919557
v 108.326431 32.103046 2.669157
v 108.577080 32.353672 2.691753
v 108.451752 32.136616 2.680454
v 108.543495 32.228359 2.688725
v 108.515266 32.353672 2.875274
v 108.305435 32.103046 2.733829
v 108.487144 32.228359 2.856321
v 108.410355 32.136616 2.804549
v 108.560516 32.353672 2.782863
v 108.320122 32.103046 2.703843
v 108.528297 32.228359 2.772274
v 108.440323 32.136616 2.743350
v 102.742058 32.103046 6.992320
v 102.758972 32.353672 7.242974
v 102.750511 32.136616 7.117648
v 102.756699 32.228359 7.209393
v 103.039101 32.353672 7.147006
v 102.898766 32.103046 6.938632
v 103.020302 32.228359 7.119092
v 102.968933 32.136616 7.042820
v 102.853790 32.353672 7.230116
v 102.795784 32.103046 6.985036
v 102.846016 32.228359 7.197282
v 102.824791 32.136616 7.107576
v 102.956322 32.353672 7.194989
v 102.851875 32.103046 6.965821
v 102.942337 32.228359 7.164290
v 102.904106 32.136616 7.080410
v -102.973686 32.136616 -7.118932
v -102.979874 32.228359 -7.210677
v -102.973686 32.136616 7.117648
v -102.979874 32.228359 7.209393
v -61.823761 36.660511 6.992321
v -20.682302 36.660511 6.992321
v 20.459154 36.660511 6.992321
v 61.600609 36.660511 6.992321
v 61.609390 36.534771 -7.210677
v 20.462076 36.534771 -7.210677
v -20.685236 36.534771 -7.210677
v -61.832546 36.534771 -7.210677
v 61.605682 36.626514 -7.118932
v 20.460844 36.626514 -7.118932
v -20.683998 36.626514 -7.118932
v -61.828838 36.626514 -7.118932
v -61.832546 36.534771 7.209393
v -20.685232 36.534771 7.209393
v 20.462080 36.534771 7.209393
v 61.609390 36.534771 7.209393
v 61.610760 36.409458 7.242974
v 20.462536 36.409458 7.242974
v -20.685692 36.409458 7.242974
v -61.833916 36.409458 7.242974
v 61.605682 32.136616 7.117648
v 20.460844 32.136616 7.117648
v -20.683998 32.136616 7.117648
v -61.828838 32.136616 7.117648
v 61.609390 32.228359 -7.210677
v 20.462076 32.228359 -7.210677
v -20.685236 32.228359 -7.210677
v -61.832546 32.228359 -7.210677
v 61.605682 32.136616 -7.118932
v 20.460844 32.136616 -7.118932
v -20.683998 32.136616 -7.118932
v -61.828838 32.136616 -7.118932
v -61.832546 32.228359 7.209393
v -20.685232 32.228359 7.209393
v 20.462080 32.228359 7.209393
v 61.609390 32.228359 7.209393
v 61.605682 36.626514 7.117648
v 20.460844 36.626514 7.117648
v -20.683998 36.626514 7.117648
v -61.828838 36.626514 7.117648
v -61.833916 36.409458 -7.244258
v -20.685692 36.409458 -7.244258
v 20.462536 36.409458 -7.244258
v 61.610760 36.409458 -7.244258
v 61.600605 36.660511 -6.993604
v 20.459148 36.660511 -6.993604
v -20.682308 36.660511 -6.993604
v -61.823765 36.660511 -6.993604
v -61.823761 32.103046 6.992320
v -20.682302 32.103046 6.992320
v 20.459154 32.103046 6.992320
v 61.600609 32.103046 6.992320
v -61.833916 32.353672 -7.244258
v -20.685692 32.353672 -7.244258
v 20.462536 32.353672 -7.244258
v 61.610760 32.353672 -7.244258
v 61.610760 32.353672 7.242974
v 20.462536 32.353672 7.242974
v -20.685692 32.353672 7.242974
v -61.833916 32.353672 7.242974
v 61.600605 32.103046 -6.993606
v 20.459148 32.103046 -6.993606
v -20.682308 32.103046 -6.993606
v -61.823765 32.103046 -6.993606
v -107.666763 32.103046 -2.716251
v -107.533485 32.103046 -2.849540
v -107.656654 32.103046 -2.767258
v -107.627754 32.103046 -2.810500
v -107.584511 32.103329 -2.839394
v -107.533485 24.824841 -2.849540
v -107.666763 24.817471 -2.716251
v -107.584511 24.822025 -2.839394
v -107.627754 24.819645 -2.810500
v -107.656654 24.818043 -2.767258
v -107.454948 24.608402 -2.849540
v -107.561951 24.528606 -2.716251
v -107.495911 24.577862 -2.839394
v -107.530624 24.551968 -2.810500
v -107.553848 24.534687 -2.767258
v -107.658798 24.745373 -2.716251
v -107.527527 24.771076 -2.849540
v -107.648788 24.747356 -2.767258
v -107.620316 24.752911 -2.810500
v -107.577736 24.761257 -2.839394
v -107.636055 24.665173 -2.716251
v -107.510406 24.710735 -2.849540
v -107.626472 24.668652 -2.767258
v -107.599243 24.678524 -2.810500
v -107.558517 24.693302 -2.839394
v -107.602058 24.589046 -2.716251
v -107.484894 24.653538 -2.849540
v -107.593140 24.593960 -2.767258
v -107.567726 24.607952 -2.810500
v -107.529716 24.628864 -2.839394
v -102.013046 18.095669 -2.849540
v -102.109558 18.003277 -2.716251
v -102.050003 18.060307 -2.839394
v -102.081284 18.030338 -2.810500
v -102.102219 18.010311 -2.767258
v -101.832329 18.011150 -2.849540
v -101.841293 17.877872 -2.716251
v -101.835762 17.960148 -2.839394
v -101.838669 17.916904 -2.810500
v -101.840622 17.888004 -2.767258
v -101.977478 18.063168 -2.849540
v -102.057014 17.955288 -2.716251
v -102.007896 18.021877 -2.839394
v -102.033691 17.986874 -2.810500
v -102.050957 17.963490 -2.767258
v -101.930840 18.035847 -2.849540
v -101.987587 17.914585 -2.716251
v -101.952583 17.989452 -2.839394
v -101.970940 17.950115 -2.810500
v -101.983246 17.923817 -2.767258
v -101.880058 18.017612 -2.849540
v -101.911812 17.887409 -2.716251
v -101.892220 17.967777 -2.839394
v -101.902519 17.925533 -2.810500
v -101.909431 17.897327 -2.767258
v 107.443588 32.103046 -2.716251
v 107.310303 32.103046 -2.849540
v 107.433456 32.103046 -2.767258
v 107.404556 32.103046 -2.810500
v 107.361320 32.103329 -2.839394
v 107.310303 24.824841 -2.849540
v 107.443588 24.817471 -2.716251
v 107.361313 24.822025 -2.839394
v 107.404556 24.819645 -2.810500
v 107.433456 24.818043 -2.767258
v 107.231766 24.608402 -2.849540
v 107.338791 24.528606 -2.716251
v 107.272728 24.577862 -2.839394
v 107.307449 24.551968 -2.810500
v 107.330650 24.534687 -2.767258
v 107.435600 24.745373 -2.716251
v 107.304337 24.771076 -2.849540
v 107.425583 24.747356 -2.767258
v 107.397141 24.752911 -2.810500
v 107.354561 24.761257 -2.839394
v 107.412880 24.665173 -2.716251
v 107.287247 24.710735 -2.849540
v 107.403305 24.668652 -2.767258
v 107.376068 24.678524 -2.810500
v 107.335320 24.693302 -2.839394
v 107.378883 24.589046 -2.716251
v 107.261696 24.653538 -2.849540
v 107.369965 24.593960 -2.767258
v 107.344559 24.607952 -2.810500
v 107.306541 24.628864 -2.839394
v 101.789871 18.095669 -2.849540
v 101.886375 18.003277 -2.716251
v 101.826805 18.060307 -2.839394
v 101.858109 18.030338 -2.810500
v 101.879028 18.010311 -2.767258
v 101.609154 18.011150 -2.849540
v 101.618126 17.877872 -2.716251
v 101.612587 17.960148 -2.839394
v 101.615494 17.916904 -2.810500
v 101.617447 17.888004 -2.767258
v 101.754303 18.063168 -2.849540
v 101.833824 17.955288 -2.716251
v 101.784737 18.021877 -2.839394
v 101.810532 17.986874 -2.810500
v 101.827782 17.963490 -2.767258
v 101.707680 18.035847 -2.849540
v 101.764397 17.914585 -2.716251
v 101.729385 17.989452 -2.839394
v 101.747780 17.950115 -2.810500
v 101.760078 17.923817 -2.767258
v 101.656860 18.017612 -2.849540
v 101.688652 17.887409 -2.716251
v 101.669029 17.967777 -2.839394
v 101.679344 17.925533 -2.810500
v 101.686234 17.897327 -2.767258
v -107.666763 32.103046 2.714969
v -107.533485 32.103046 2.848258
v -107.656654 32.103046 2.765977
v -107.627754 32.103046 2.809219
v -107.584511 32.103329 2.838112
v -107.533485 24.824841 2.848258
v -107.666763 24.817471 2.714969
v -107.584511 24.822025 2.838112
v -107.627754 24.819645 2.809219
v -107.656654 24.818043 2.765977
v -107.454948 24.608402 2.848258
v -107.561951 24.528606 2.714969
v -107.495911 24.577862 2.838112
v -107.530624 24.551968 2.809219
v -107.553848 24.534687 2.765977
v -107.658798 24.745373 2.714969
v -107.527527 24.771076 2.848258
v -107.648788 24.747356 2.765977
v -107.620316 24.752911 2.809219
v -107.577736 24.761257 2.838112
v -107.636055 24.665173 2.714969
v -107.510406 24.710735 2.848258
v -107.626472 24.668652 2.765977
v -107.599243 24.678524 2.809219
v -107.558517 24.693302 2.838112
v -107.602058 24.589046 2.714969
v -107.484894 24.653538 2.848258
v -107.593140 24.593960 2.765977
v -107.567726 24.607952 2.809219
v -107.529716 24.628864 2.838112
v -102.013046 18.095669 2.848258
v -102.109558 18.003277 2.714969
v -102.050003 18.060307 2.838112
v -102.081284 18.030338 2.809219
v -102.102219 18.010311 2.765977
v -101.832329 18.011150 2.848258
v -101.841293 17.877872 2.714969
v -101.835762 17.960148 2.838112
v -101.838669 17.916904 2.809219
v -101.840622 17.888004 2.765977
v -101.977478 18.063168 2.848258
v -102.057014 17.955288 2.714969
v -102.007896 18.021877 2.838112
v -102.033691 17.986874 2.809219
v -102.050957 17.963490 2.765977
v -101.930840 18.035847 2.848258
v -101.987587 17.914585 2.714969
v -101.952583 17.989452 2.838112
v -101.970940 17.950115 2.809219
v -101.983246 17.923817 2.765977
v -101.880058 18.017612 2.848258
v -101.911812 17.887409 2.714969
v -101.892220 17.967777 2.838112
v -101.902519 17.925533 2.809219
v -101.909431 17.897327 2.765977
v 107.443588 32.103046 2.714969
v 107.310303 32.103046 2.848258
v 107.433456 32.103046 2.765977
v 107.404556 32.103046 2.809219
v 107.361320 32.103329 2.838112
v 107.310303 24.824841 2.848258
v 107.443588 24.817471 2.714969
v 107.361313 24.822025 2.838112
v 107.404556 24.819645 2.809219
v 107.433456 24.818043 2.765977
v 107.231766 24.608402 2.848258
v 107.338791 24.528606 2.714969
v 107.272728 24.577862 2.838112
v 107.307449 24.551968 2.809219
v 107.330650 24.534687 2.765977
v 107.435600 24.745373 2.714969
v 107.304337 24.771076 2.848258
v 107.425583 24.747356 2.765977
v 107.397141 24.752911 2.809219
v 107.354561 24.761257 2.838112
v 107.412880 24.665173 2.714969
v 107.287247 24.710735 2.848258
v 107.403305 24.668652 2.765977
v 107.376068 24.678524 2.809219
v 107.335320 24.693302 2.838112
v 107.378883 24.589046 2.714969
v 107.261696 24.653538 2.848258
v 107.369965 24.593960 2.765977
v 107.344559 24.607952 2.809219
v 107.306541 24.628864 2.838112
v 101.789871 18.095669 2.848258
v 101.886375 18.003277 2.714969
v 101.826805 18.060307 2.838112
v 101.858109 18.030338 2.809219
v 101.879028 18.010311 2.765977
v 101.609154 18.011150 2.848258
v 101.618126 17.877872 2.714969
v 101.612587 17.960148 2.838112
v 101.615494 17.916904 2.809219
v 101.617447 17.888004 2.765977
v 101.754303 18.063168 2.848258
v 101.833824 17.955288 2.714969
v 101.784737 18.021877 2.838112
v 101.810532 17.986874 2.809219
v 101.827782 17.963490 2.765977
v 101.707680 18.035847 2.848258
v 101.764397 17.914585 2.714969
v 101.729385 17.989452 2.838112
v 101.747780 17.950115 2.809219
v 101.760078 17.923817 2.765977
v 101.656860 18.017612 2.848258
v 101.688652 17.887409 2.714969
v 101.669029 17.967777 2.838112
v 101.679344 17.925533 2.809219
v 101.686234 17.897327 2.765977
v -84.884148 17.916904 2.809219
v -84.960960 18.035847 -2.849540
v -84.881721 17.960148 -2.839394
v -84.878860 18.011150 2.848258
v -84.885780 17.888004 2.765977
v -85.029457 18.095669 -2.849540
v -84.881721 17.960148 2.838112
v -89.629829 24.824841 2.848258
v -89.629829 32.103046 -2.849540
v -89.629829 32.103046 2.848258
v -84.999825 18.063168 -2.849540
v -84.918640 18.017612 -2.849540
v -89.629829 24.824841 -2.849540
v -89.624863 24.771076 -2.849540
v -84.918640 18.017612 2.848258
v -84.999825 18.063168 2.848258
v -89.564384 24.608402 2.848258
v -89.610603 24.710735 2.848258
v -84.886337 17.877872 -2.716251
v -89.624863 24.771076 2.848258
v -89.589333 24.653538 -2.849540
v -84.878860 18.011150 -2.849540
v -89.564384 24.608402 -2.849540
v -89.610603 24.710735 -2.849540
v -84.960960 18.035847 2.848258
v -89.589333 24.653538 2.848258
v -85.029457 18.095669 2.848258
v -84.886337 17.877872 2.714969
v -84.884148 17.916904 -2.810500
v -84.885780 17.888004 -2.767258
v 84.776657 18.063168 2.848258
v 89.406654 24.824841 2.848258
v 89.341209 24.608402 2.848258
v 89.387444 24.710735 2.848258
v 84.658562 17.960148 2.838112
v 89.387451 24.710735 -2.849540
v 84.737808 18.035847 -2.849540
v 84.655701 18.011150 2.848258
v 84.660988 17.916904 2.809219
v 84.655701 18.011150 -2.849540
v 84.658562 17.960148 -2.839394
v 84.695457 18.017612 2.848258
v 89.341209 24.608402 -2.849540
v 89.366158 24.653538 -2.849540
v 89.401688 24.771076 -2.849540
v 89.406654 24.824841 -2.849540
v 84.695457 18.017612 -2.849540
v 84.776665 18.063168 -2.849540
v 89.406654 32.103046 2.848258
v 89.406654 32.103046 -2.849540
v 84.806305 18.095669 -2.849540
v 84.662613 17.888004 2.765977
v 84.660988 17.916904 -2.810500
v 84.662613 17.888004 -2.767258
v 89.401688 24.771076 2.848258
v 84.663177 17.877872 -2.716251
v 84.737808 18.035847 2.848258
v 89.366158 24.653538 2.848258
v 84.806297 18.095669 2.848258
v 84.663177 17.877872 2.714969
v -72.258896 32.102970 2.848264
v -72.502045 32.102970 3.051971
v -72.380470 32.102970 2.875559
v -72.469452 32.102970 2.950119
v -64.555542 32.102970 3.051971
v -64.798950 32.102970 2.848264
v -64.588135 32.102970 2.950119
v -64.677231 32.102970 2.875559
v -72.501984 32.103024 6.349020
v -72.258842 32.103024 6.552728
v -72.469429 32.103024 6.450876
v -72.380417 32.103024 6.525438
v -64.798920 32.103024 6.552732
v -64.555519 32.103024 6.349023
v -64.677208 32.103024 6.525435
v -64.588104 32.103024 6.450876
v -102.005135 -24.786226 2.848260
v -102.005135 -25.158398 3.051968
v -102.005135 -24.972313 2.875547
v -102.005135 -25.108532 2.950113
v -102.005135 -25.158398 6.349015
v -102.005135 -24.786226 6.552725
v -102.005135 -25.108532 6.450867
v -102.005135 -24.972313 6.525429
v -102.005135 -13.544743 6.552725
v -102.005135 -13.171619 6.349015
v -102.005135 -13.358204 6.525429
v -102.005135 -13.221638 6.450867
v -102.005135 -13.171619 3.051968
v -102.005135 -13.544743 2.848260
v -102.005135 -13.221638 2.950113
v -102.005135 -13.358204 2.875547
v -77.038734 13.015850 3.051970
v -89.521935 -6.071274 3.051969
v -89.532791 -6.038029 2.950115
v -77.060463 13.032467 2.950117
v -89.562492 -5.947212 2.875551
v -77.119865 13.077885 2.875555
v -89.603065 -5.823162 2.848261
v -77.201012 13.139896 2.848262
v -89.521919 -6.071262 6.349018
v -77.038719 13.015873 6.349020
v -77.060448 13.032490 6.450873
v -89.532784 -6.038013 6.450870
v -77.119850 13.077908 6.525433
v -89.562492 -5.947201 6.525431
v -77.200989 13.139950 6.552729
v -89.603058 -5.823139 6.552727
v -92.170761 1.919910 3.051969
v -82.336403 17.011433 3.051970
v -82.314674 16.994770 2.950117
v -92.159904 1.886566 2.950115
v -82.255356 16.949253 2.875556
v -92.130249 1.795525 2.875551
v -82.174309 16.887074 2.848263
v -92.089714 1.671165 2.848262
v -92.089699 1.671177 6.552726
v -82.174271 16.887096 6.552727
v -82.255318 16.949276 6.525435
v -92.130219 1.795536 6.525433
v -82.314659 16.994793 6.450873
v -92.159889 1.886578 6.450870
v -82.336365 17.011486 6.349018
v -92.170738 1.919933 6.349016
v 72.035736 32.102970 2.848264
v 72.278877 32.102970 3.051971
v 72.157310 32.102970 2.875559
v 72.246284 32.102970 2.950119
v 64.332382 32.102970 3.051971
v 64.575783 32.102970 2.848264
v 64.364975 32.102970 2.950119
v 64.454063 32.102970 2.875559
v 72.278816 32.103024 6.349020
v 72.035683 32.103024 6.552728
v 72.246262 32.103024 6.450876
v 72.157249 32.103024 6.525438
v 64.575752 32.103024 6.552732
v 64.332352 32.103024 6.349023
v 64.454041 32.103024 6.525435
v 64.364944 32.103024 6.450876
v 101.781960 -24.786226 2.848260
v 101.781960 -25.158398 3.051968
v 101.781960 -24.972313 2.875547
v 101.781960 -25.108532 2.950113
v 101.781960 -25.158398 6.349015
v 101.781960 -24.786226 6.552725
v 101.781960 -25.108532 6.450867
v 101.781960 -24.972313 6.525429
v 101.781960 -13.544743 6.552725
v 101.781960 -13.171619 6.349015
v 101.781960 -13.358204 6.525429
v 101.781960 -13.221638 6.450867
v 101.781960 -13.171619 3.051968
v 101.781960 -13.544743 2.848260
v 101.781960 -13.221638 2.950113
v 101.781960 -13.358204 2.875547
v 76.815575 13.015850 3.051970
v 89.298775 -6.071274 3.051969
v 89.309631 -6.038029 2.950115
v 76.837303 13.032467 2.950117
v 89.339333 -5.947212 2.875551
v 76.896698 13.077885 2.875555
v 89.379906 -5.823162 2.848261
v 76.977844 13.139896 2.848262
v 89.298759 -6.071262 6.349018
v 76.815559 13.015873 6.349020
v 76.837280 13.032490 6.450873
v 89.309616 -6.038013 6.450870
v 76.896683 13.077908 6.525433
v 89.339325 -5.947201 6.525431
v 76.977821 13.139950 6.552729
v 89.379890 -5.823139 6.552727
v 91.947601 1.919910 3.051969
v 82.113243 17.011433 3.051970
v 82.091515 16.994770 2.950117
v 91.936745 1.886566 2.950115
v 82.032196 16.949253 2.875556
v 91.907082 1.795525 2.875551
v 81.951149 16.887074 2.848263
v 91.866554 1.671165 2.848262
v 91.866531 1.671177 6.552726
v 81.951103 16.887096 6.552727
v 82.032158 16.949276 6.525435
v 91.907059 1.795536 6.525433
v 82.091499 16.994793 6.450873
v 91.936729 1.886578 6.450870
v 82.113197 17.011486 6.349018
v 91.947578 1.919933 6.349016
v -72.258896 32.102970 -2.849546
v -72.502045 32.102970 -3.053254
v -72.380470 32.102970 -2.876842
v -72.469452 32.102970 -2.951402
v -64.555542 32.102970 -3.053254
v -64.798950 32.102970 -2.849546
v -64.588135 32.102970 -2.951402
v -64.677231 32.102970 -2.876842
v -72.501984 32.103024 -6.350303
v -72.258842 32.103024 -6.554011
v -72.469429 32.103024 -6.452159
v -72.380417 32.103024 -6.526721
v -64.798920 32.103024 -6.554014
v -64.555519 32.103024 -6.350307
v -64.677208 32.103024 -6.526718
v -64.588104 32.103024 -6.452159
v -102.005135 -24.786226 -2.849544
v -102.005135 -25.158398 -3.053251
v -102.005135 -24.972313 -2.876831
v -102.005135 -25.108532 -2.951396
v -102.005135 -25.158398 -6.350297
v -102.005135 -24.786226 -6.554008
v -102.005135 -25.108532 -6.452150
v -102.005135 -24.972313 -6.526712
v -102.005135 -13.544743 -6.554008
v -102.005135 -13.171619 -6.350297
v -102.005135 -13.358204 -6.526712
v -102.005135 -13.221638 -6.452150
v -102.005135 -13.171619 -3.053251
v -102.005135 -13.544743 -2.849544
v -102.005135 -13.221638 -2.951396
v -102.005135 -13.358204 -2.876831
v -77.038734 13.015850 -3.053253
v -89.521935 -6.071274 -3.053252
v -89.532791 -6.038029 -2.951398
v -77.060463 13.032467 -2.951400
v -89.562492 -5.947212 -2.876834
v -77.119865 13.077885 -2.876838
v -89.603065 -5.823162 -2.849545
v -77.201012 13.139896 -2.849545
v -89.521919 -6.071262 -6.350300
v -77.038719 13.015873 -6.350303
v -77.060448 13.032490 -6.452156
v -89.532784 -6.038013 -6.452153
v -77.119850 13.077908 -6.526716
v -89.562492 -5.947201 -6.526714
v -77.200989 13.139950 -6.554012
v -89.603058 -5.823139 -6.554010
v -92.170761 1.919910 -3.053252
v -82.336403 17.011433 -3.053253
v -82.314674 16.994770 -2.951400
v -92.159904 1.886566 -2.951398
v -82.255356 16.949253 -2.876838
v -92.130249 1.795525 -2.876835
v -82.174309 16.887074 -2.849545
v -92.089714 1.671165 -2.849545
v -92.089699 1.671177 -6.554009
v -82.174271 16.887096 -6.554010
v -82.255318 16.949276 -6.526718
v -92.130219 1.795536 -6.526715
v -82.314659 16.994793 -6.452156
v -92.159889 1.886578 -6.452153
v -82.336365 17.011486 -6.350301
v -92.170738 1.919933 -6.350299
v 72.035736 32.102970 -2.849546
v 72.278877 32.102970 -3.053254
v 72.157310 32.102970 -2.876842
v 72.246284 32.102970 -2.951402
v 64.332382 32.102970 -3.053254
v 64.575783 32.102970 -2.849546
v 64.364975 32.102970 -2.951402
v 64.454063 32.102970 -2.876842
v 72.278816 32.103024 -6.350303
v 72.035683 32.103024 -6.554011
v 72.246262 32.103024 -6.452159
v 72.157249 32.103024 -6.526721
v 64.575752 32.103024 -6.554014
v 64.332352 32.103024 -6.350307
v 64.454041 32.103024 -6.526718
v 64.364944 32.103024 -6.452159
v 101.781960 -24.786226 -2.849544
v 101.781960 -25.158398 -3.053251
v 101.781960 -24.972313 -2.876831
v 101.781960 -25.108532 -2.951396
v 101.781960 -25.158398 -6.350297
v 101.781960 -24.786226 -6.554008
v 101.781960 -25.108532 -6.452150
v 101.781960 -24.972313 -6.526712
v 101.781960 -13.544743 -6.554008
v 101.781960 -13.171619 -6.350297
v 101.781960 -13.358204 -6.526712
v 101.781960 -13.221638 -6.452150
v 101.781960 -13.171619 -3.053251
v 101.781960 -13.544743 -2.849544
v 101.781960 -13.221638 -2.951396
v 101.781960 -13.358204 -2.876831
v 76.815575 13.015850 -3.053253
v 89.298775 -6.071274 -3.053252
v 89.309631 -6.038029 -2.951398
v 76.837303 13.032467 -2.951400
v 89.339333 -5.947212 -2.876834
v 76.896698 13.077885 -2.876838
v 89.379906 -5.823162 -2.849545
v 76.977844 13.139896 -2.849545
v 89.298759 -6.071262 -6.350300
v 76.815559 13.015873 -6.350303
v 76.837280 13.032490 -6.452156
v 89.309616 -6.038013 -6.452153
v 76.896683 13.077908 -6.526716
v 89.339325 -5.947201 -6.526714
v 76.977821 13.139950 -6.554012
v 89.379890 -5.823139 -6.554010
v 91.947601 1.919910 -3.053252
v 82.113243 17.011433 -3.053253
v 82.091515 16.994770 -2.951400
v 91.936745 1.886566 -2.951398
v 82.032196 16.949253 -2.876838
v 91.907082 1.795525 -2.876835
v 81.951149 16.887074 -2.849545
v 91.866554 1.671165 -2.849545
v 91.866531 1.671177 -6.554009
v 81.951103 16.887096 -6.554010
v 82.032158 16.949276 -6.526718
v 91.907059 1.795536 -6.526715
v 82.091499 16.994793 -6.452156
v 91.936729 1.886578 -6.452153
v 82.113197 17.011486 -6.350301
v 91.947578 1.919933 -6.350299
v -94.536507 32.102947 2.848258
v -94.292473 31.858929 2.848258
v -94.414490 32.070263 2.848258
v -94.325165 31.980953 2.848258
v -94.292473 31.858974 6.087818
v -94.536507 32.103024 6.011752
v -94.536507 31.875042 6.342929
v -94.325066 31.977901 6.047810
v -94.325066 31.864079 6.213181
v -94.356743 31.977802 6.169601
v -94.536499 32.075504 6.147276
v -94.414650 32.067471 6.019889
v -94.419800 32.040867 6.149944
v -94.414650 31.869991 6.306822
v -94.536499 31.991848 6.268839
v -94.419800 31.981953 6.235527
v -102.005157 31.858997 2.848262
v -101.761124 32.103024 2.848261
v -101.972458 31.980999 2.848262
v -101.883133 32.070332 2.848262
v -102.005157 31.858974 6.087873
v -101.761124 31.875042 6.342983
v -101.761124 32.103024 6.011805
v -101.972549 31.864079 6.213235
v -101.972549 31.977901 6.047864
v -101.940887 31.977802 6.169656
v -101.761124 31.991848 6.268891
v -101.882980 31.869991 6.306876
v -101.877831 31.981953 6.235580
v -101.882980 32.067471 6.019942
v -101.761124 32.075504 6.147329
v -101.877831 32.040867 6.149998
v -101.761124 19.988285 2.848265
v -102.005157 20.671711 2.848265
v -101.883133 20.079838 2.848265
v -101.972458 20.330006 2.848265
v -94.292473 20.671711 2.848264
v -94.536507 19.988285 2.848265
v -94.325165 20.330006 2.848265
v -94.414490 20.079838 2.848265
v -101.883133 -189.055817 90.733200
v -102.005157 -189.055344 82.990486
v -94.292473 -189.055344 90.506760
v -94.536507 -189.056000 90.768272
v -94.536507 -189.056000 82.729485
v -94.292473 -189.055344 82.990486
v -94.414490 -189.055817 82.764412
v -94.325165 -189.055527 82.859932
v -101.761124 -189.056000 82.729485
v -101.883133 -189.055817 82.764412
v -101.972458 -189.055527 82.859932
v -98.148811 -189.055664 86.748756
v -101.761124 -189.056000 90.768272
v -101.972458 -189.055527 90.637459
v -102.005157 -189.055344 90.506760
v -94.325165 -189.055527 90.637459
v -94.414490 -189.055817 90.733200
v -101.883133 -136.771912 62.785381
v -101.883133 -84.487976 42.806339
v -101.883133 -32.204071 22.827301
v -94.325165 -136.709152 62.857018
v -94.325165 -84.362762 42.854095
v -94.325165 -32.016376 22.851181
v -101.761124 -136.794937 62.759182
v -101.761124 -84.533852 42.788876
v -101.761124 -32.272785 22.818569
v -94.536507 -136.794937 62.759182
v -94.536507 -84.533852 42.788876
v -94.536507 -32.272785 22.818569
v -94.414490 -32.204071 22.827303
v -94.414490 -84.487991 42.806339
v -94.414490 -136.771912 62.785381
v -94.536507 -23.357718 27.449265
v -94.536507 -78.590485 48.555603
v -94.536507 -133.823242 69.661942
v -94.414536 -133.824371 69.626610
v -94.414566 -78.592911 48.520012
v -94.414604 -23.361462 27.413418
v -94.325089 -23.365824 27.319252
v -94.325111 -78.595726 48.425320
v -94.325142 -133.825623 69.531387
v -94.292473 -23.369602 27.192553
v -94.292473 -78.598183 48.297287
v -94.292473 -133.826767 69.402023
v -94.292473 -136.623566 62.954933
v -94.292473 -84.191818 42.919373
v -94.292473 -31.760054 22.883818
v -101.972458 -32.016376 22.851183
v -101.972458 -84.362762 42.854103
v -101.972458 -136.709152 62.857025
v -102.005157 -133.826752 69.402031
v -102.005157 -78.598183 48.297314
v -102.005157 -23.369602 27.192595
v -102.005157 -31.760054 22.883821
v -102.005157 -84.191818 42.919376
v -102.005157 -136.623581 62.954933
v -101.972527 -23.365824 27.319290
v -101.972504 -78.595726 48.425350
v -101.972481 -133.825623 69.531403
v -101.883011 -23.361462 27.413456
v -101.883049 -78.592911 48.520035
v -101.883087 -133.824371 69.626617
v -101.761124 -133.823242 69.661949
v -101.761124 -78.590485 48.555630
v -101.761124 -23.357718 27.449306
v 94.313347 32.102947 2.848258
v 94.069313 31.858929 2.848258
v 94.191330 32.070263 2.848258
v 94.102005 31.980953 2.848258
v 94.069313 31.858974 6.087818
v 94.313347 32.103024 6.011752
v 94.313347 31.875042 6.342929
v 94.101906 31.977901 6.047810
v 94.101906 31.864079 6.213181
v 94.133575 31.977802 6.169601
v 94.313332 32.075504 6.147276
v 94.191483 32.067471 6.019889
v 94.196640 32.040867 6.149944
v 94.191483 31.869991 6.306822
v 94.313332 31.991848 6.268839
v 94.196640 31.981953 6.235527
v 101.781982 31.858997 2.848262
v 101.537949 32.103024 2.848261
v 101.749283 31.980999 2.848262
v 101.659958 32.070332 2.848262
v 101.781982 31.858974 6.087873
v 101.537949 31.875042 6.342983
v 101.537949 32.103024 6.011805
v 101.749374 31.864079 6.213235
v 101.749374 31.977901 6.047864
v 101.717712 31.977802 6.169656
v 101.537949 31.991848 6.268891
v 101.659805 31.869991 6.306876
v 101.654655 31.981953 6.235580
v 101.659805 32.067471 6.019942
v 101.537949 32.075504 6.147329
v 101.654655 32.040867 6.149998
v 101.537949 19.988285 2.848265
v 101.781982 20.671711 2.848265
v 101.659958 20.079838 2.848265
v 101.749283 20.330006 2.848265
v 94.069313 20.671711 2.848264
v 94.313347 19.988285 2.848265
v 94.102005 20.330006 2.848265
v 94.191330 20.079838 2.848265
v 101.659958 -189.055817 90.733200
v 101.781982 -189.055344 82.990486
v 94.069313 -189.055344 90.506760
v 94.313347 -189.056000 90.768272
v 94.313347 -189.056000 82.729485
v 94.069313 -189.055344 82.990486
v 94.191330 -189.055817 82.764412
v 94.102005 -189.055527 82.859932
v 101.537949 -189.056000 82.729485
v 101.659958 -189.055817 82.764412
v 101.749283 -189.055527 82.859932
v 97.925652 -189.055664 86.748756
v 101.537949 -189.056000 90.768272
v 101.749283 -189.055527 90.637459
v 101.781982 -189.055344 90.506760
v 94.102005 -189.055527 90.637459
v 94.191330 -189.055817 90.733200
v 101.659958 -136.771912 62.785381
v 101.659958 -84.487976 42.806339
v 101.659958 -32.204071 22.827301
v 94.102005 -136.709152 62.857018
v 94.102005 -84.362762 42.854095
v 94.102005 -32.016376 22.851181
v 101.537949 -136.794937 62.759182
v 101.537949 -84.533852 42.788876
v 101.537949 -32.272785 22.818569
v 94.313347 -136.794937 62.759182
v 94.313347 -84.533852 42.788876
v 94.313347 -32.272785 22.818569
v 94.191330 -32.204071 22.827303
v 94.191330 -84.487991 42.806339
v 94.191330 -136.771912 62.785381
v 94.313347 -23.357718 27.449265
v 94.313347 -78.590485 48.555603
v 94.313347 -133.823242 69.661942
v 94.191368 -133.824371 69.626610
v 94.191406 -78.592911 48.520012
v 94.191444 -23.361462 27.413418
v 94.101929 -23.365824 27.319252
v 94.101952 -78.595726 48.425320
v 94.101974 -133.825623 69.531387
v 94.069313 -23.369602 27.192553
v 94.069313 -78.598183 48.297287
v 94.069313 -133.826767 69.402023
v 94.069313 -136.623566 62.954933
v 94.069313 -84.191818 42.919373
v 94.069313 -31.760054 22.883818
v 101.749283 -32.016376 22.851183
v 101.749283 -84.362762 42.854103
v 101.749283 -136.709152 62.857025
v 101.781982 -133.826752 69.402031
v 101.781982 -78.598183 48.297314
v 101.781982 -23.369602 27.192595
v 101.781982 -31.760054 22.883821
v 101.781982 -84.191818 42.919376
v 101.781982 -136.623581 62.954933
v 101.749352 -23.365824 27.319290
v 101.749329 -78.595726 48.425350
v 101.749306 -133.825623 69.531403
v 101.659836 -23.361462 27.413456
v 101.659874 -78.592911 48.520035
v 101.659912 -133.824371 69.626617
v 101.537949 -133.823242 69.661949
v 101.537949 -78.590485 48.555630
v 101.537949 -23.357718 27.449306
v -94.536507 32.102947 -2.849541
v -94.292473 31.858929 -2.849541
v -94.414490 32.070263 -2.849541
v -94.325165 31.980953 -2.849541
v -94.292473 31.858974 -6.089102
v -94.536507 32.103024 -6.013035
v -94.536507 31.875042 -6.344212
v -94.325066 31.977901 -6.049093
v -94.325066 31.864079 -6.214464
v -94.356743 31.977802 -6.170885
v -94.536499 32.075504 -6.148560
v -94.414650 32.067471 -6.021173
v -94.419800 32.040867 -6.151227
v -94.414650 31.869991 -6.308105
v -94.536499 31.991848 -6.270122
v -94.419800 31.981953 -6.236811
v -102.005157 31.858997 -2.849545
v -101.761124 32.103024 -2.849544
v -101.972458 31.980999 -2.849545
v -101.883133 32.070332 -2.849545
v -102.005157 31.858974 -6.089157
v -101.761124 31.875042 -6.344265
v -101.761124 32.103024 -6.013088
v -101.972549 31.864079 -6.214519
v -101.972549 31.977901 -6.049148
v -101.940887 31.977802 -6.170939
v -101.761124 31.991848 -6.270174
v -101.882980 31.869991 -6.308158
v -101.877831 31.981953 -6.236864
v -101.882980 32.067471 -6.021226
v -101.761124 32.075504 -6.148612
v -101.877831 32.040867 -6.151281
v -101.761124 19.988285 -2.849548
v -102.005157 20.671711 -2.849548
v -101.883133 20.079838 -2.849548
v -101.972458 20.330006 -2.849548
v -94.292473 20.671711 -2.849548
v -94.536507 19.988285 -2.849548
v -94.325165 20.330006 -2.849548
v -94.414490 20.079838 -2.849548
v -101.883133 -189.055817 -90.734489
v -102.005157 -189.055344 -82.991768
v -94.292473 -189.055344 -90.508041
v -94.536507 -189.056000 -90.769554
v -94.536507 -189.056000 -82.730766
v -94.292473 -189.055344 -82.991768
v -94.414490 -189.055817 -82.765694
v -94.325165 -189.055527 -82.861221
v -101.761124 -189.056000 -82.730766
v -101.883133 -189.055817 -82.765694
v -101.972458 -189.055527 -82.861221
v -98.148811 -189.055664 -86.750038
v -101.761124 -189.056000 -90.769554
v -101.972458 -189.055527 -90.638741
v -102.005157 -189.055344 -90.508041
v -94.325165 -189.055527 -90.638741
v -94.414490 -189.055817 -90.734489
v -101.883133 -136.771912 -62.786659
v -101.883133 -84.487976 -42.807621
v -101.883133 -32.204071 -22.828585
v -94.325165 -136.709152 -62.858295
v -94.325165 -84.362762 -42.855381
v -94.325165 -32.016376 -22.852463
v -101.761124 -136.794937 -62.760460
v -101.761124 -84.533852 -42.790157
v -101.761124 -32.272785 -22.819853
v -94.536507 -136.794937 -62.760460
v -94.536507 -84.533852 -42.790157
v -94.536507 -32.272785 -22.819853
v -94.414490 -32.204071 -22.828587
v -94.414490 -84.487991 -42.807621
v -94.414490 -136.771912 -62.786659
v -94.536507 -23.357718 -27.450548
v -94.536507 -78.590485 -48.556885
v -94.536507 -133.823242 -69.663223
v -94.414536 -133.824371 -69.627892
v -94.414566 -78.592911 -48.521297
v -94.414604 -23.361462 -27.414701
v -94.325089 -23.365824 -27.320536
v -94.325111 -78.595726 -48.426601
v -94.325142 -133.825623 -69.532677
v -94.292473 -23.369602 -27.193836
v -94.292473 -78.598183 -48.298573
v -94.292473 -133.826767 -69.403305
v -94.292473 -136.623566 -62.956207
v -94.292473 -84.191818 -42.920654
v -94.292473 -31.760054 -22.885101
v -101.972458 -32.016376 -22.852467
v -101.972458 -84.362762 -42.855385
v -101.972458 -136.709152 -62.858303
v -102.005157 -133.826752 -69.403320
v -102.005157 -78.598183 -48.298595
v -102.005157 -23.369602 -27.193878
v -102.005157 -31.760054 -22.885105
v -102.005157 -84.191818 -42.920658
v -102.005157 -136.623581 -62.956207
v -101.972527 -23.365824 -27.320574
v -101.972504 -78.595726 -48.426632
v -101.972481 -133.825623 -69.532692
v -101.883011 -23.361462 -27.414740
v -101.883049 -78.592911 -48.521320
v -101.883087 -133.824371 -69.627907
v -101.761124 -133.823242 -69.663239
v -101.761124 -78.590485 -48.556911
v -101.761124 -23.357718 -27.450590
v 94.313347 32.102947 -2.849541
v 94.069313 31.858929 -2.849541
v 94.191330 32.070263 -2.849541
v 94.102005 31.980953 -2.849541
v 94.069313 31.858974 -6.089102
v 94.313347 32.103024 -6.013035
v 94.313347 31.875042 -6.344212
v 94.101906 31.977901 -6.049093
v 94.101906 31.864079 -6.214464
v 94.133575 31.977802 -6.170885
v 94.313332 32.075504 -6.148560
v 94.191483 32.067471 -6.021173
v 94.196640 32.040867 -6.151227
v 94.191483 31.869991 -6.308105
v 94.313332 31.991848 -6.270122
v 94.196640 31.981953 -6.236811
v 101.781982 31.858997 -2.849545
v 101.537949 32.103024 -2.849544
v 101.749283 31.980999 -2.849545
v 101.659958 32.070332 -2.849545
v 101.781982 31.858974 -6.089157
v 101.537949 31.875042 -6.344265
v 101.537949 32.103024 -6.013088
v 101.749374 31.864079 -6.214519
v 101.749374 31.977901 -6.049148
v 101.717712 31.977802 -6.170939
v 101.537949 31.991848 -6.270174
v 101.659805 31.869991 -6.308158
v 101.654655 31.981953 -6.236864
v 101.659805 32.067471 -6.021226
v 101.537949 32.075504 -6.148612
v 101.654655 32.040867 -6.151281
v 101.537949 19.988285 -2.849548
v 101.781982 20.671711 -2.849548
v 101.659958 20.079838 -2.849548
v 101.749283 20.330006 -2.849548
v 94.069313 20.671711 -2.849548
v 94.313347 19.988285 -2.849548
v 94.102005 20.330006 -2.849548
v 94.191330 20.079838 -2.849548
v 101.659958 -189.055817 -90.734489
v 101.781982 -189.055344 -82.991768
v 94.069313 -189.055344 -90.508041
v 94.313347 -189.056000 -90.769554
v 94.313347 -189.056000 -82.730766
v 94.069313 -189.055344 -82.991768
v 94.191330 -189.055817 -82.765694
v 94.102005 -189.055527 -82.861221
v 101.537949 -189.056000 -82.730766
v 101.659958 -189.055817 -82.765694
v 101.749283 -189.055527 -82.861221
v 97.925652 -189.055664 -86.750038
v 101.537949 -189.056000 -90.769554
v 101.749283 -189.055527 -90.638741
v 101.781982 -189.055344 -90.508041
v 94.102005 -189.055527 -90.638741
v 94.191330 -189.055817 -90.734489
v 101.659958 -136.771912 -62.786659
v 101.659958 -84.487976 -42.807621
v 101.659958 -32.204071 -22.828585
v 94.102005 -136.709152 -62.858295
v 94.102005 -84.362762 -42.855381
v 94.102005 -32.016376 -22.852463
v 101.537949 -136.794937 -62.760460
v 101.537949 -84.533852 -42.790157
v 101.537949 -32.272785 -22.819853
v 94.313347 -136.794937 -62.760460
v 94.313347 -84.533852 -42.790157
v 94.313347 -32.272785 -22.819853
v 94.191330 -32.204071 -22.828587
v 94.191330 -84.487991 -42.807621
v 94.191330 -136.771912 -62.786659
v 94.313347 -23.357718 -27.450548
v 94.313347 -78.590485 -48.556885
v 94.313347 -133.823242 -69.663223
v 94.191368 -133.824371 -69.627892
v 94.191406 -78.592911 -48.521297
v 94.191444 -23.361462 -27.414701
v 94.101929 -23.365824 -27.320536
v 94.101952 -78.595726 -48.426601
v 94.101974 -133.825623 -69.532677
v 94.069313 -23.369602 -27.193836
v 94.069313 -78.598183 -48.298573
v 94.069313 -133.826767 -69.403305
v 94.069313 -136.623566 -62.956207
v 94.069313 -84.191818 -42.920654
v 94.069313 -31.760054 -22.885101
v 101.749283 -32.016376 -22.852467
v 101.749283 -84.362762 -42.855385
v 101.749283 -136.709152 -62.858303
v 101.781982 -133.826752 -69.403320
v 101.781982 -78.598183 -48.298595
v 101.781982 -23.369602 -27.193878
v 101.781982 -31.760054 -22.885105
v 101.781982 -84.191818 -42.920658
v 101.781982 -136.623581 -62.956207
v 101.749352 -23.365824 -27.320574
v 101.749329 -78.595726 -48.426632
v 101.749306 -133.825623 -69.532692
v 101.659836 -23.361462 -27.414740
v 101.659874 -78.592911 -48.521320
v 101.659912 -133.824371 -69.627907
v 101.537949 -133.823242 -69.663239
v 101.537949 -78.590485 -48.556911
v 101.537949 -23.357718 -27.450590
v -105.934006 -12.432808 20.824379
v -105.633041 -12.131863 20.850286
v -105.893692 -12.282341 20.837334
v -105.933960 -25.565664 26.071062
v -105.633003 -25.866621 26.100866
v -105.893616 -25.716131 26.085966
v -102.005142 -25.565664 -26.072346
v -102.306114 -25.866621 -26.102148
v -102.045464 -25.716131 -26.087246
v -102.005142 -12.432808 20.824383
v -102.306114 -12.131863 20.850286
v -102.045464 -12.282341 20.837334
v -102.005142 -14.426655 23.721167
v -102.306114 -14.294975 23.993034
v -102.045464 -14.360825 23.857101
v -102.306114 -12.296501 21.799456
v -102.005142 -12.585396 21.703951
v -102.045464 -12.440960 21.751703
v -102.306114 -12.765423 22.730015
v -102.005142 -13.015644 22.557789
v -102.045464 -12.890522 22.643902
v -102.306114 -13.467186 23.500298
v -102.005142 -13.659542 23.264555
v -102.045464 -13.563362 23.382423
v -102.005142 -23.783104 27.297985
v -102.306114 -23.703484 27.589746
v -102.045464 -23.743288 27.443867
v -102.005142 -25.565664 26.071064
v -102.306114 -25.866621 26.100866
v -102.045464 -25.716131 26.085966
v -102.306114 -24.531273 27.729919
v -102.005142 -24.507456 27.420639
v -102.045464 -24.519365 27.575277
v -102.306114 -25.233036 27.496191
v -102.005142 -25.055426 27.238136
v -102.045464 -25.144236 27.367161
v -102.306114 -25.701944 26.924141
v -102.005142 -25.421589 26.791447
v -102.045464 -25.561754 26.857796
v -105.933960 -23.783104 27.297985
v -105.633003 -23.703484 27.589746
v -105.893616 -23.743288 27.443867
v -105.933960 -25.421589 26.791447
v -105.633003 -25.701944 26.924141
v -105.893616 -25.561754 26.857796
v -105.933960 -25.055426 27.238136
v -105.633003 -25.233036 27.496191
v -105.893616 -25.144236 27.367161
v -105.933960 -24.507456 27.420639
v -105.633003 -24.531273 27.729919
v -105.893616 -24.519365 27.575277
v -105.933983 -14.426655 23.721167
v -105.633026 -14.294975 23.993034
v -105.893654 -14.360825 23.857101
v -105.934006 -13.659542 23.264555
v -105.633026 -13.467186 23.500298
v -105.893677 -13.563362 23.382423
v -105.933983 -13.015644 22.557789
v -105.633041 -12.765423 22.730015
v -105.893677 -12.890522 22.643902
v -105.934006 -12.585396 21.703951
v -105.633041 -12.296501 21.799456
v -105.893692 -12.440960 21.751703
v -102.005142 -14.426655 -23.722450
v -102.306114 -14.294975 -23.994312
v -102.045464 -14.360825 -23.858385
v -102.005142 -12.432808 -20.825659
v -102.306114 -12.131863 -20.851568
v -102.045464 -12.282341 -20.838615
v -102.306114 -13.467186 -23.501579
v -102.005142 -13.659542 -23.265831
v -102.045464 -13.563362 -23.383705
v -102.306114 -12.765423 -22.731291
v -102.005142 -13.015644 -22.559063
v -102.045464 -12.890522 -22.645180
v -102.306114 -12.296501 -21.800730
v -102.005142 -12.585396 -21.705233
v -102.045464 -12.440960 -21.752987
v -102.005142 -23.783104 -27.299265
v -102.306114 -23.703484 -27.591024
v -102.045464 -23.743288 -27.445141
v -102.005142 -25.421589 -26.792727
v -102.306114 -25.701944 -26.925419
v -102.045464 -25.561754 -26.859074
v -102.306114 -25.233036 -27.497469
v -102.005142 -25.055426 -27.239410
v -102.045464 -25.144236 -27.368443
v -102.306114 -24.531273 -27.731195
v -102.005142 -24.507456 -27.421919
v -102.045464 -24.519365 -27.576551
v -105.933960 -23.783104 -27.299265
v -105.633003 -23.703484 -27.591024
v -105.893616 -23.743288 -27.445141
v -105.633003 -25.866621 -26.102148
v -105.933960 -25.565664 -26.072348
v -105.893616 -25.716131 -26.087246
v -105.933960 -24.507456 -27.421919
v -105.633003 -24.531273 -27.731195
v -105.893616 -24.519365 -27.576551
v -105.933960 -25.055426 -27.239410
v -105.633003 -25.233036 -27.497469
v -105.893616 -25.144236 -27.368443
v -105.933960 -25.421589 -26.792727
v -105.633003 -25.701944 -26.925419
v -105.893616 -25.561754 -26.859074
v -105.934006 -12.432808 -20.825661
v -105.633041 -12.131863 -20.851568
v -105.893692 -12.282341 -20.838615
v -105.933983 -14.426655 -23.722450
v -105.633026 -14.294975 -23.994312
v -105.893654 -14.360825 -23.858385
v -105.934006 -12.585396 -21.705233
v -105.633041 -12.296501 -21.800730
v -105.893692 -12.440960 -21.752987
v -105.933983 -13.015644 -22.559063
v -105.633041 -12.765423 -22.731291
v -105.893677 -12.890522 -22.645180
v -105.934006 -13.659542 -23.265831
v -105.633026 -13.467186 -23.501579
v -105.893677 -13.563362 -23.383705
v 105.710831 -12.432808 20.824379
v 105.409866 -12.131863 20.850286
v 105.670517 -12.282341 20.837334
v 105.710785 -25.565664 26.071062
v 105.409828 -25.866621 26.100866
v 105.670441 -25.716131 26.085966
v 101.781967 -25.565664 -26.072346
v 102.082939 -25.866621 -26.102148
v 101.822289 -25.716131 -26.087246
v 101.781967 -12.432808 20.824383
v 102.082939 -12.131863 20.850286
v 101.822289 -12.282341 20.837334
v 101.781967 -14.426655 23.721167
v 102.082939 -14.294975 23.993034
v 101.822289 -14.360825 23.857101
v 102.082939 -12.296501 21.799456
v 101.781967 -12.585396 21.703951
v 101.822289 -12.440960 21.751703
v 102.082939 -12.765423 22.730015
v 101.781967 -13.015644 22.557789
v 101.822289 -12.890522 22.643902
v 102.082939 -13.467186 23.500298
v 101.781967 -13.659542 23.264555
v 101.822289 -13.563362 23.382423
v 101.781967 -23.783104 27.297985
v 102.082939 -23.703484 27.589746
v 101.822289 -23.743288 27.443867
v 101.781967 -25.565664 26.071064
v 102.082939 -25.866621 26.100866
v 101.822289 -25.716131 26.085966
v 102.082939 -24.531273 27.729919
v 101.781967 -24.507456 27.420639
v 101.822289 -24.519365 27.575277
v 102.082939 -25.233036 27.496191
v 101.781967 -25.055426 27.238136
v 101.822289 -25.144236 27.367161
v 102.082939 -25.701944 26.924141
v 101.781967 -25.421589 26.791447
v 101.822289 -25.561754 26.857796
v 105.710785 -23.783104 27.297985
v 105.409828 -23.703484 27.589746
v 105.670441 -23.743288 27.443867
v 105.710785 -25.421589 26.791447
v 105.409828 -25.701944 26.924141
v 105.670441 -25.561754 26.857796
v 105.710785 -25.055426 27.238136
v 105.409828 -25.233036 27.496191
v 105.670441 -25.144236 27.367161
v 105.710785 -24.507456 27.420639
v 105.409828 -24.531273 27.729919
v 105.670441 -24.519365 27.575277
v 105.710808 -14.426655 23.721167
v 105.409851 -14.294975 23.993034
v 105.670479 -14.360825 23.857101
v 105.710831 -13.659542 23.264555
v 105.409851 -13.467186 23.500298
v 105.670502 -13.563362 23.382423
v 105.710808 -13.015644 22.557789
v 105.409866 -12.765423 22.730015
v 105.670502 -12.890522 22.643902
v 105.710831 -12.585396 21.703951
v 105.409866 -12.296501 21.799456
v 105.670517 -12.440960 21.751703
v 101.781967 -14.426655 -23.722450
v 102.082939 -14.294975 -23.994312
v 101.822289 -14.360825 -23.858385
v 101.781967 -12.432808 -20.825659
v 102.082939 -12.131863 -20.851568
v 101.822289 -12.282341 -20.838615
v 102.082939 -13.467186 -23.501579
v 101.781967 -13.659542 -23.265831
v 101.822289 -13.563362 -23.383705
v 102.082939 -12.765423 -22.731291
v 101.781967 -13.015644 -22.559063
v 101.822289 -12.890522 -22.645180
v 102.082939 -12.296501 -21.800730
v 101.781967 -12.585396 -21.705233
v 101.822289 -12.440960 -21.752987
v 101.781967 -23.783104 -27.299265
v 102.082939 -23.703484 -27.591024
v 101.822289 -23.743288 -27.445141
v 101.781967 -25.421589 -26.792727
v 102.082939 -25.701944 -26.925419
v 101.822289 -25.561754 -26.859074
v 102.082939 -25.233036 -27.497469
v 101.781967 -25.055426 -27.239410
v 101.822289 -25.144236 -27.368443
v 102.082939 -24.531273 -27.731195
v 101.781967 -24.507456 -27.421919
v 101.822289 -24.519365 -27.576551
v 105.710785 -23.783104 -27.299265
v 105.409828 -23.703484 -27.591024
v 105.670441 -23.743288 -27.445141
v 105.409828 -25.866621 -26.102148
v 105.710785 -25.565664 -26.072348
v 105.670441 -25.716131 -26.087246
v 105.710785 -24.507456 -27.421919
v 105.409828 -24.531273 -27.731195
v 105.670441 -24.519365 -27.576551
v 105.710785 -25.055426 -27.239410
v 105.409828 -25.233036 -27.497469
v 105.670441 -25.144236 -27.368443
v 105.710785 -25.421589 -26.792727
v 105.409828 -25.701944 -26.925419
v 105.670441 -25.561754 -26.859074
v 105.710831 -12.432808 -20.825661
v 105.409866 -12.131863 -20.851568
v 105.670517 -12.282341 -20.838615
v 105.710808 -14.426655 -23.722450
v 105.409851 -14.294975 -23.994312
v 105.670479 -14.360825 -23.858385
v 105.710831 -12.585396 -21.705233
v 105.409866 -12.296501 -21.800730
v 105.670517 -12.440960 -21.752987
v 105.710808 -13.015644 -22.559063
v 105.409866 -12.765423 -22.731291
v 105.670502 -12.890522 -22.645180
v 105.710831 -13.659542 -23.265831
v 105.409851 -13.467186 -23.501579
v 105.670502 -13.563362 -23.383705
v -105.933960 -108.392052 22.637669
v -105.933960 -108.392052 -22.638956
v -105.933960 -112.142448 22.637672
v -105.933960 -112.847717 21.932400
v -105.933960 -112.412338 22.583984
v -105.933960 -112.641144 22.431101
v -105.933960 -112.794037 22.202293
v -105.933960 -112.847717 -21.933685
v -105.933960 -112.142448 -22.638962
v -105.933960 -112.794037 -22.203581
v -105.933960 -112.641144 -22.432384
v -105.933960 -112.412338 -22.585270
v -109.380692 -108.392052 22.269850
v -109.352707 -108.392052 22.410606
v -109.272980 -108.392052 22.529936
v -109.153633 -108.392052 22.609669
v -109.153633 -108.392052 -22.610954
v -109.272980 -108.392052 -22.531221
v -109.352707 -108.392052 -22.411892
v -109.380692 -112.479889 21.896179
v -109.012886 -112.847717 21.932400
v -109.352707 -112.620651 21.910038
v -109.272980 -112.739990 21.921791
v -109.153633 -112.819717 21.929644
v -109.380692 -112.106216 22.269854
v -109.012886 -112.142448 22.637672
v -109.352707 -112.120087 22.410610
v -109.272980 -112.131836 22.529942
v -109.153633 -112.139679 22.609674
v -109.380692 -112.447563 22.058762
v -109.012886 -112.794037 22.202293
v -109.352707 -112.580154 22.113689
v -109.272980 -112.692551 22.160255
v -109.153633 -112.767670 22.191370
v -109.380692 -112.375961 22.165924
v -109.012886 -112.641144 22.431101
v -109.352707 -112.477440 22.267395
v -109.272980 -112.563477 22.353424
v -109.153633 -112.620972 22.410910
v -109.380692 -112.268822 22.237505
v -109.012886 -112.412338 22.583984
v -109.352707 -112.323753 22.370100
v -109.272980 -112.370293 22.482504
v -109.153633 -112.401405 22.557615
v -109.380692 -112.106216 -22.271137
v -109.012886 -112.142448 -22.638962
v -109.352707 -112.120087 -22.411892
v -109.272980 -112.131836 -22.531227
v -109.153633 -112.139679 -22.610960
v -109.380692 -112.479889 -21.897463
v -109.012886 -112.847717 -21.933685
v -109.352707 -112.620651 -21.911327
v -109.272980 -112.739990 -21.923075
v -109.153633 -112.819717 -21.930925
v -109.380692 -112.268822 -22.238794
v -109.012886 -112.412338 -22.585270
v -109.352707 -112.323753 -22.371386
v -109.272980 -112.370293 -22.483788
v -109.153633 -112.401405 -22.558901
v -109.380692 -112.375961 -22.167210
v -109.012886 -112.641144 -22.432384
v -109.352707 -112.477440 -22.268681
v -109.272980 -112.563477 -22.354708
v -109.153633 -112.620972 -22.412197
v -109.380692 -112.447563 -22.060053
v -109.012886 -112.794037 -22.203581
v -109.352707 -112.580154 -22.114973
v -109.272980 -112.692551 -22.161541
v -109.153633 -112.767670 -22.192656
v -108.948509 -105.626007 33.691437
v -108.977997 -105.925369 33.990807
v -108.927673 -105.583893 -33.481037
v -108.966194 -105.745903 -33.872181
v -108.948509 -105.626007 -33.692715
v -109.949295 -105.583893 32.458088
v -110.502457 -106.137039 32.512611
v -110.160965 -105.626007 32.478951
v -110.340424 -105.745903 32.496635
v -110.460335 -105.925369 32.508457
v -108.927666 -105.583893 33.479755
v -108.982155 -106.137039 34.032917
v -108.966194 -105.745903 33.870892
v -109.865677 -105.583893 32.878601
v -110.386734 -106.137039 33.094406
v -110.065086 -105.626007 32.961189
v -110.234123 -105.745903 33.031204
v -110.347076 -105.925369 33.077976
v -109.658394 -105.583893 33.188816
v -110.057182 -106.137039 33.587627
v -109.811005 -105.626007 33.341438
v -109.940384 -105.745903 33.470821
v -110.026833 -105.925369 33.557278
v -109.348137 -105.583893 33.396122
v -109.563965 -106.137039 33.917191
v -109.430725 -105.626007 33.595528
v -109.500748 -105.745903 33.764572
v -109.547531 -105.925369 33.877525
v -108.982155 -106.137039 -34.034203
v -108.978004 -105.925369 -33.992085
v -109.949295 -105.583893 -32.459377
v -110.502457 -106.137039 -32.513897
v -110.160965 -105.626007 -32.480236
v -110.340424 -105.745903 -32.497929
v -110.460335 -105.925369 -32.509743
v -109.348137 -105.583893 -33.397404
v -109.563965 -106.137039 -33.918472
v -109.430725 -105.626007 -33.596806
v -109.500748 -105.745903 -33.765858
v -109.547539 -105.925369 -33.878815
v -109.658394 -105.583893 -33.190098
v -110.057182 -106.137039 -33.588921
v -109.811005 -105.626007 -33.342728
v -109.940384 -105.745903 -33.472107
v -110.026833 -105.925369 -33.558563
v -109.865677 -105.583893 -32.879887
v -110.386734 -106.137039 -33.095699
v -110.065086 -105.626007 -32.962475
v -110.234123 -105.745903 -33.032486
v -110.347076 -105.925369 -33.079266
v -109.012886 -108.392052 22.637669
v -109.012886 -108.392052 -22.638956
v -109.380692 -108.392052 -22.271137
v -108.943909 -108.392052 33.644772
v -108.977028 -108.197968 33.980930
v -110.502457 -108.003883 32.512630
v -110.114281 -108.392052 32.474407
v -110.450439 -108.197968 32.507511
v -110.308365 -108.340057 32.493519
v -109.412514 -108.392052 33.551559
v -109.563965 -108.003883 33.917210
v -109.488235 -108.340057 33.734383
v -109.543663 -108.197968 33.868217
v -109.777328 -108.392052 33.307796
v -110.057182 -108.003883 33.587646
v -109.917252 -108.340057 33.447723
v -110.019691 -108.197968 33.550156
v -110.021088 -108.392052 32.942966
v -110.386734 -108.003883 33.094421
v -110.203918 -108.340057 33.018696
v -110.337753 -108.197968 33.074135
v -110.114281 -108.392052 -32.475697
v -110.502457 -108.003883 -32.513916
v -110.308365 -108.340057 -32.494804
v -110.450439 -108.197968 -32.508801
v -108.982155 -108.003883 -34.034222
v -108.943924 -108.392052 -33.646057
v -108.963036 -108.340057 -33.840137
v -110.021088 -108.392052 -32.944267
v -110.386734 -108.003883 -33.095711
v -110.203918 -108.340057 -33.019989
v -110.337753 -108.197968 -33.075424
v -109.777328 -108.392052 -33.309082
v -110.057182 -108.003883 -33.588932
v -109.917252 -108.340057 -33.449017
v -110.019691 -108.197968 -33.551445
v -109.412498 -108.392052 -33.552849
v -109.563965 -108.003883 -33.918499
v -109.488235 -108.340057 -33.735672
v -109.543678 -108.197968 -33.869514
v -108.982155 -108.003883 34.032936
v -108.963036 -108.340057 33.838852
v -108.977028 -108.197968 -33.982216
v -102.005035 -108.392052 22.637669
v -102.005035 -108.392052 -22.638956
v -102.005035 -112.142448 22.637672
v -102.005035 -112.847717 21.932400
v -102.005035 -112.412338 22.583984
v -102.005035 -112.641144 22.431101
v -102.005035 -112.794037 22.202293
v -102.005035 -112.847717 -21.933685
v -102.005035 -112.142448 -22.638962
v -102.005035 -112.794037 -22.203581
v -102.005035 -112.641144 -22.432384
v -102.005035 -112.412338 -22.585270
v -98.558289 -108.392052 22.269850
v -98.586288 -108.392052 22.410606
v -98.666023 -108.392052 22.529936
v -98.785355 -108.392052 22.609669
v -98.785355 -108.392052 -22.610954
v -98.666023 -108.392052 -22.531221
v -98.586288 -108.392052 -22.411892
v -98.558289 -112.479889 21.896179
v -98.926109 -112.847717 21.932400
v -98.586288 -112.620651 21.910038
v -98.666023 -112.739990 21.921791
v -98.785355 -112.819717 21.929644
v -98.558289 -112.106216 22.269854
v -98.926109 -112.142448 22.637672
v -98.586288 -112.120087 22.410610
v -98.666023 -112.131836 22.529942
v -98.785355 -112.139679 22.609674
v -98.558289 -112.447563 22.058762
v -98.926109 -112.794037 22.202293
v -98.586288 -112.580154 22.113689
v -98.666023 -112.692551 22.160255
v -98.785355 -112.767670 22.191370
v -98.558289 -112.375961 22.165924
v -98.926109 -112.641144 22.431101
v -98.586288 -112.477440 22.267395
v -98.666023 -112.563477 22.353424
v -98.785355 -112.620972 22.410910
v -98.558289 -112.268822 22.237505
v -98.926109 -112.412338 22.583984
v -98.586288 -112.323753 22.370100
v -98.666023 -112.370293 22.482504
v -98.785355 -112.401405 22.557615
v -98.558289 -112.106216 -22.271137
v -98.926109 -112.142448 -22.638962
v -98.586288 -112.120087 -22.411892
v -98.666023 -112.131836 -22.531227
v -98.785355 -112.139679 -22.610960
v -98.558289 -112.479889 -21.897463
v -98.926109 -112.847717 -21.933685
v -98.586288 -112.620651 -21.911327
v -98.666023 -112.739990 -21.923075
v -98.785355 -112.819717 -21.930925
v -98.558289 -112.268822 -22.238794
v -98.926109 -112.412338 -22.585270
v -98.586288 -112.323753 -22.371386
v -98.666023 -112.370293 -22.483788
v -98.785355 -112.401405 -22.558901
v -98.558289 -112.375961 -22.167210
v -98.926109 -112.641144 -22.432384
v -98.586288 -112.477440 -22.268681
v -98.666023 -112.563477 -22.354708
v -98.785355 -112.620972 -22.412197
v -98.558289 -112.447563 -22.060053
v -98.926109 -112.794037 -22.203581
v -98.586288 -112.580154 -22.114973
v -98.666023 -112.692551 -22.161541
v -98.785355 -112.767670 -22.192656
v -98.990471 -105.626007 33.691437
v -98.960999 -105.925369 33.990807
v -99.011314 -105.583893 -33.481037
v -98.972801 -105.745903 -33.872181
v -98.990471 -105.626007 -33.692715
v -97.989693 -105.583893 32.458088
v -97.436539 -106.137039 32.512611
v -97.778023 -105.626007 32.478951
v -97.598557 -105.745903 32.496635
v -97.478653 -105.925369 32.508457
v -99.011337 -105.583893 33.479755
v -98.956841 -106.137039 34.032917
v -98.972801 -105.745903 33.870892
v -98.073326 -105.583893 32.878601
v -97.552254 -106.137039 33.094406
v -97.873901 -105.626007 32.961189
v -97.704865 -105.745903 33.031204
v -97.591911 -105.925369 33.077976
v -98.280602 -105.583893 33.188816
v -97.881805 -106.137039 33.587627
v -98.127983 -105.626007 33.341438
v -97.998604 -105.745903 33.470821
v -97.912155 -105.925369 33.557278
v -98.590851 -105.583893 33.396122
v -98.375031 -106.137039 33.917191
v -98.508263 -105.626007 33.595528
v -98.438240 -105.745903 33.764572
v -98.391464 -105.925369 33.877525
v -98.956841 -106.137039 -34.034203
v -98.960983 -105.925369 -33.992085
v -97.989693 -105.583893 -32.459377
v -97.436539 -106.137039 -32.513897
v -97.778023 -105.626007 -32.480236
v -97.598557 -105.745903 -32.497929
v -97.478653 -105.925369 -32.509743
v -98.590851 -105.583893 -33.397404
v -98.375031 -106.137039 -33.918472
v -98.508263 -105.626007 -33.596806
v -98.438240 -105.745903 -33.765858
v -98.391449 -105.925369 -33.878815
v -98.280602 -105.583893 -33.190098
v -97.881805 -106.137039 -33.588921
v -98.127983 -105.626007 -33.342728
v -97.998604 -105.745903 -33.472107
v -97.912155 -105.925369 -33.558563
v -98.073326 -105.583893 -32.879887
v -97.552254 -106.137039 -33.095699
v -97.873901 -105.626007 -32.962475
v -97.704865 -105.745903 -33.032486
v -97.591911 -105.925369 -33.079266
v -98.926109 -108.392052 22.637669
v -98.926109 -108.392052 -22.638956
v -98.558289 -108.392052 -22.271137
v -98.995079 -108.392052 33.644772
v -98.961967 -108.197968 33.980930
v -97.436539 -108.003883 32.512630
v -97.824707 -108.392052 32.474407
v -97.488541 -108.197968 32.507511
v -97.630623 -108.340057 32.493519
v -98.526482 -108.392052 33.551559
v -98.375031 -108.003883 33.917210
v -98.450760 -108.340057 33.734383
v -98.395325 -108.197968 33.868217
v -98.161667 -108.392052 33.307796
v -97.881805 -108.003883 33.587646
v -98.021729 -108.340057 33.447723
v -97.919296 -108.197968 33.550156
v -97.917908 -108.392052 32.942966
v -97.552254 -108.003883 33.094421
v -97.735077 -108.340057 33.018696
v -97.601234 -108.197968 33.074135
v -97.824707 -108.392052 -32.475697
v -97.436539 -108.003883 -32.513916
v -97.630623 -108.340057 -32.494804
v -97.488541 -108.197968 -32.508801
v -98.956841 -108.003883 -34.034222
v -98.995071 -108.392052 -33.646057
v -98.975960 -108.340057 -33.840137
v -97.917908 -108.392052 -32.944267
v -97.552254 -108.003883 -33.095711
v -97.735077 -108.340057 -33.019989
v -97.601234 -108.197968 -33.075424
v -98.161667 -108.392052 -33.309082
v -97.881805 -108.003883 -33.588932
v -98.021729 -108.340057 -33.449017
v -97.919296 -108.197968 -33.551445
v -98.526489 -108.392052 -33.552849
v -98.375031 -108.003883 -33.918499
v -98.450760 -108.340057 -33.735672
v -98.395317 -108.197968 -33.869514
v -98.956841 -108.003883 34.032936
v -98.975960 -108.340057 33.838852
v -98.961960 -108.197968 -33.982216
v -102.005142 -108.693031 57.623093
v -102.306114 -108.392059 57.649002
v -102.045464 -108.542557 57.636044
v -102.155624 -108.432388 57.645527
v -105.933945 -108.693031 57.623093
v -105.632980 -108.392059 57.649002
v -105.893646 -108.542557 57.636044
v -105.783470 -108.432388 57.645527
v -102.005142 -108.693031 -57.624359
v -102.306114 -108.392059 -57.650276
v -102.045464 -108.542557 -57.637318
v -102.155624 -108.432388 -57.646793
v -105.933945 -122.157623 -62.997871
v -105.632980 -122.458588 -63.027664
v -105.893646 -122.308121 -63.012775
v -105.783470 -122.418274 -63.023674
v -102.005142 -110.686859 60.519867
v -102.306061 -110.555214 60.791740
v -102.045464 -110.621040 60.655800
v -102.155624 -110.572845 60.755306
v -102.005142 -108.845619 58.502674
v -102.306114 -108.556732 58.598167
v -102.045464 -108.701157 58.550423
v -102.155624 -108.595428 58.585373
v -102.306114 -109.025635 59.528725
v -102.005142 -109.275871 59.356514
v -102.155624 -109.059174 59.505646
v -102.045464 -109.150757 59.442619
v -102.306114 -109.727417 60.299007
v -102.005142 -109.919769 60.063271
v -102.155624 -109.753189 60.267437
v -102.045464 -109.823593 60.181145
v -102.005142 -120.375061 64.223511
v -102.306114 -120.295441 64.515274
v -102.045464 -120.335251 64.369392
v -102.155624 -120.306122 64.476189
v -102.005142 -122.157623 62.996593
v -102.306114 -122.458588 63.026398
v -102.045464 -122.308121 63.011497
v -102.155624 -122.418274 63.022404
v -102.306114 -121.123260 64.655449
v -102.005142 -121.099442 64.346169
v -102.155624 -121.120071 64.614021
v -102.045464 -121.111343 64.500809
v -102.306114 -121.825027 64.421715
v -102.005142 -121.647385 64.163666
v -102.155624 -121.801224 64.387154
v -102.045464 -121.736206 64.292694
v -102.306114 -122.293930 63.849674
v -102.005142 -122.013550 63.716984
v -102.155624 -122.256363 63.831894
v -102.045464 -122.153732 63.783329
v -105.933945 -122.157623 62.996593
v -105.632980 -122.458588 63.026398
v -105.893646 -122.308121 63.011497
v -105.783470 -122.418274 63.022404
v -105.933945 -120.375061 64.223511
v -105.632980 -120.295441 64.515274
v -105.893646 -120.335251 64.369392
v -105.783470 -120.306122 64.476189
v -105.933945 -122.013550 63.716984
v -105.632980 -122.293930 63.849674
v -105.893646 -122.153732 63.783329
v -105.783470 -122.256363 63.831894
v -105.933945 -121.647385 64.163666
v -105.632980 -121.825027 64.421715
v -105.893646 -121.736206 64.292694
v -105.783470 -121.801224 64.387154
v -105.933945 -121.099442 64.346169
v -105.632980 -121.123260 64.655449
v -105.893646 -121.111343 64.500809
v -105.783470 -121.120071 64.614021
v -105.933945 -110.686859 60.519867
v -105.632935 -110.555214 60.791740
v -105.893646 -110.621040 60.655800
v -105.783470 -110.572845 60.755306
v -105.933945 -109.919769 60.063271
v -105.632980 -109.727417 60.299007
v -105.893646 -109.823593 60.181145
v -105.783470 -109.753189 60.267437
v -105.933945 -109.275871 59.356514
v -105.632980 -109.025635 59.528725
v -105.893646 -109.150757 59.442619
v -105.783470 -109.059174 59.505646
v -105.933945 -108.845619 58.502674
v -105.632980 -108.556732 58.598167
v -105.893646 -108.701157 58.550423
v -105.783470 -108.595428 58.585373
v -102.005142 -110.686905 -60.521152
v -102.306114 -110.555214 -60.793018
v -102.045464 -110.621048 -60.657089
v -102.155624 -110.572845 -60.756596
v -102.306114 -109.727417 -60.300285
v -102.005142 -109.919754 -60.064533
v -102.155624 -109.753189 -60.268696
v -102.045464 -109.823593 -60.182407
v -102.306114 -109.025635 -59.530003
v -102.005142 -109.275864 -59.357780
v -102.155624 -109.059158 -59.506931
v -102.045464 -109.150749 -59.443893
v -102.005142 -108.845619 -58.503952
v -102.306114 -108.556732 -58.599442
v -102.045464 -108.701172 -58.551693
v -102.155624 -108.595428 -58.586651
v -102.005142 -122.157623 -62.997871
v -102.306114 -122.458588 -63.027664
v -102.045464 -122.308121 -63.012775
v -102.155624 -122.418274 -63.023674
v -102.005142 -120.375061 -64.224800
v -102.306114 -120.295441 -64.516563
v -102.045464 -120.335251 -64.370682
v -102.155624 -120.306122 -64.477463
v -102.306114 -122.293930 -63.850945
v -102.005142 -122.013550 -63.718262
v -102.155624 -122.256363 -63.833172
v -102.045464 -122.153732 -63.784607
v -102.306114 -121.825027 -64.422997
v -102.005142 -121.647415 -64.164955
v -102.155624 -121.801224 -64.388435
v -102.045464 -121.736221 -64.293976
v -102.306114 -121.123260 -64.656738
v -102.005142 -121.099442 -64.347450
v -102.155624 -121.120056 -64.615288
v -102.045464 -121.111343 -64.502083
v -105.933945 -120.375061 -64.224800
v -105.632980 -120.295441 -64.516563
v -105.893646 -120.335251 -64.370682
v -105.783470 -120.306122 -64.477463
v -105.933945 -121.099442 -64.347450
v -105.632980 -121.123260 -64.656738
v -105.893646 -121.111343 -64.502083
v -105.783470 -121.120056 -64.615288
v -105.933945 -121.647415 -64.164955
v -105.632980 -121.825027 -64.422997
v -105.893646 -121.736221 -64.293976
v -105.783470 -121.801224 -64.388435
v -105.933945 -122.013550 -63.718262
v -105.632980 -122.293930 -63.850945
v -105.893646 -122.153732 -63.784607
v -105.783470 -122.256363 -63.833172
v -105.933945 -108.693031 -57.624359
v -105.632980 -108.392059 -57.650276
v -105.893646 -108.542557 -57.637318
v -105.783470 -108.432388 -57.646793
v -105.933945 -110.686905 -60.521152
v -105.632980 -110.555214 -60.793018
v -105.893646 -110.621048 -60.657089
v -105.783470 -110.572845 -60.756596
v -105.933945 -108.845619 -58.503952
v -105.632980 -108.556732 -58.599442
v -105.893646 -108.701172 -58.551693
v -105.783470 -108.595428 -58.586651
v -105.933945 -109.275864 -59.357780
v -105.632980 -109.025635 -59.530003
v -105.893646 -109.150749 -59.443893
v -105.783470 -109.059158 -59.506931
v -105.933945 -109.919754 -60.064533
v -105.632980 -109.727417 -60.300285
v -105.893646 -109.823593 -60.182407
v -105.783470 -109.753189 -60.268696
v 105.710785 -108.392052 22.637669
v 105.710785 -108.392052 -22.638956
v 105.710785 -112.142448 22.637672
v 105.710785 -112.847717 21.932400
v 105.710785 -112.412338 22.583984
v 105.710785 -112.641144 22.431101
v 105.710785 -112.794037 22.202293
v 105.710785 -112.847717 -21.933685
v 105.710785 -112.142448 -22.638962
v 105.710785 -112.794037 -22.203581
v 105.710785 -112.641144 -22.432384
v 105.710785 -112.412338 -22.585270
v 109.157516 -108.392052 22.269850
v 109.129532 -108.392052 22.410606
v 109.049805 -108.392052 22.529936
v 108.930458 -108.392052 22.609669
v 108.930458 -108.392052 -22.610954
v 109.049805 -108.392052 -22.531221
v 109.129532 -108.392052 -22.411892
v 109.157516 -112.479889 21.896179
v 108.789711 -112.847717 21.932400
v 109.129532 -112.620651 21.910038
v 109.049805 -112.739990 21.921791
v 108.930458 -112.819717 21.929644
v 109.157516 -112.106216 22.269854
v 108.789711 -112.142448 22.637672
v 109.129532 -112.120087 22.410610
v 109.049805 -112.131836 22.529942
v 108.930458 -112.139679 22.609674
v 109.157516 -112.447563 22.058762
v 108.789711 -112.794037 22.202293
v 109.129532 -112.580154 22.113689
v 109.049805 -112.692551 22.160255
v 108.930458 -112.767670 22.191370
v 109.157516 -112.375961 22.165924
v 108.789711 -112.641144 22.431101
v 109.129532 -112.477440 22.267395
v 109.049805 -112.563477 22.353424
v 108.930458 -112.620972 22.410910
v 109.157516 -112.268822 22.237505
v 108.789711 -112.412338 22.583984
v 109.129532 -112.323753 22.370100
v 109.049805 -112.370293 22.482504
v 108.930458 -112.401405 22.557615
v 109.157516 -112.106216 -22.271137
v 108.789711 -112.142448 -22.638962
v 109.129532 -112.120087 -22.411892
v 109.049805 -112.131836 -22.531227
v 108.930458 -112.139679 -22.610960
v 109.157516 -112.479889 -21.897463
v 108.789711 -112.847717 -21.933685
v 109.129532 -112.620651 -21.911327
v 109.049805 -112.739990 -21.923075
v 108.930458 -112.819717 -21.930925
v 109.157516 -112.268822 -22.238794
v 108.789711 -112.412338 -22.585270
v 109.129532 -112.323753 -22.371386
v 109.049805 -112.370293 -22.483788
v 108.930458 -112.401405 -22.558901
v 109.157516 -112.375961 -22.167210
v 108.789711 -112.641144 -22.432384
v 109.129532 -112.477440 -22.268681
v 109.049805 -112.563477 -22.354708
v 108.930458 -112.620972 -22.412197
v 109.157516 -112.447563 -22.060053
v 108.789711 -112.794037 -22.203581
v 109.129532 -112.580154 -22.114973
v 109.049805 -112.692551 -22.161541
v 108.930458 -112.767670 -22.192656
v 108.725334 -105.626007 33.691437
v 108.754822 -105.925369 33.990807
v 108.704498 -105.583893 -33.481037
v 108.743019 -105.745903 -33.872181
v 108.725334 -105.626007 -33.692715
v 109.726120 -105.583893 32.458088
v 110.279282 -106.137039 32.512611
v 109.937790 -105.626007 32.478951
v 110.117249 -105.745903 32.496635
v 110.237160 -105.925369 32.508457
v 108.704491 -105.583893 33.479755
v 108.758980 -106.137039 34.032917
v 108.743019 -105.745903 33.870892
v 109.642502 -105.583893 32.878601
v 110.163559 -106.137039 33.094406
v 109.841911 -105.626007 32.961189
v 110.010948 -105.745903 33.031204
v 110.123901 -105.925369 33.077976
v 109.435219 -105.583893 33.188816
v 109.834007 -106.137039 33.587627
v 109.587830 -105.626007 33.341438
v 109.717209 -105.745903 33.470821
v 109.803658 -105.925369 33.557278
v 109.124962 -105.583893 33.396122
v 109.340790 -106.137039 33.917191
v 109.207550 -105.626007 33.595528
v 109.277573 -105.745903 33.764572
v 109.324356 -105.925369 33.877525
v 108.758980 -106.137039 -34.034203
v 108.754829 -105.925369 -33.992085
v 109.726120 -105.583893 -32.459377
v 110.279282 -106.137039 -32.513897
v 109.937790 -105.626007 -32.480236
v 110.117249 -105.745903 -32.497929
v 110.237160 -105.925369 -32.509743
v 109.124962 -105.583893 -33.397404
v 109.340790 -106.137039 -33.918472
v 109.207550 -105.626007 -33.596806
v 109.277573 -105.745903 -33.765858
v 109.324364 -105.925369 -33.878815
v 109.435219 -105.583893 -33.190098
v 109.834007 -106.137039 -33.588921
v 109.587830 -105.626007 -33.342728
v 109.717209 -105.745903 -33.472107
v 109.803658 -105.925369 -33.558563
v 109.642502 -105.583893 -32.879887
v 110.163559 -106.137039 -33.095699
v 109.841911 -105.626007 -32.962475
v 110.010948 -105.745903 -33.032486
v 110.123901 -105.925369 -33.079266
v 108.789711 -108.392052 22.637669
v 108.789711 -108.392052 -22.638956
v 109.157516 -108.392052 -22.271137
v 108.720734 -108.392052 33.644772
v 108.753853 -108.197968 33.980930
v 110.279282 -108.003883 32.512630
v 109.891106 -108.392052 32.474407
v 110.227264 -108.197968 32.507511
v 110.085190 -108.340057 32.493519
v 109.189339 -108.392052 33.551559
v 109.340790 -108.003883 33.917210
v 109.265060 -108.340057 33.734383
v 109.320488 -108.197968 33.868217
v 109.554153 -108.392052 33.307796
v 109.834007 -108.003883 33.587646
v 109.694077 -108.340057 33.447723
v 109.796516 -108.197968 33.550156
v 109.797913 -108.392052 32.942966
v 110.163559 -108.003883 33.094421
v 109.980743 -108.340057 33.018696
v 110.114578 -108.197968 33.074135
v 109.891106 -108.392052 -32.475697
v 110.279282 -108.003883 -32.513916
v 110.085190 -108.340057 -32.494804
v 110.227264 -108.197968 -32.508801
v 108.758980 -108.003883 -34.034222
v 108.720749 -108.392052 -33.646057
v 108.739861 -108.340057 -33.840137
v 109.797913 -108.392052 -32.944267
v 110.163559 -108.003883 -33.095711
v 109.980743 -108.340057 -33.019989
v 110.114578 -108.197968 -33.075424
v 109.554153 -108.392052 -33.309082
v 109.834007 -108.003883 -33.588932
v 109.694077 -108.340057 -33.449017
v 109.796516 -108.197968 -33.551445
v 109.189323 -108.392052 -33.552849
v 109.340790 -108.003883 -33.918499
v 109.265060 -108.340057 -33.735672
v 109.320503 -108.197968 -33.869514
v 108.758980 -108.003883 34.032936
v 108.739861 -108.340057 33.838852
v 108.753853 -108.197968 -33.982216
v 101.781860 -108.392052 22.637669
v 101.781860 -108.392052 -22.638956
v 101.781860 -112.142448 22.637672
v 101.781860 -112.847717 21.932400
v 101.781860 -112.412338 22.583984
v 101.781860 -112.641144 22.431101
v 101.781860 -112.794037 22.202293
v 101.781860 -112.847717 -21.933685
v 101.781860 -112.142448 -22.638962
v 101.781860 -112.794037 -22.203581
v 101.781860 -112.641144 -22.432384
v 101.781860 -112.412338 -22.585270
v 98.335129 -108.392052 22.269850
v 98.363121 -108.392052 22.410606
v 98.442856 -108.392052 22.529936
v 98.562195 -108.392052 22.609669
v 98.562195 -108.392052 -22.610954
v 98.442856 -108.392052 -22.531221
v 98.363121 -108.392052 -22.411892
v 98.335129 -112.479889 21.896179
v 98.702950 -112.847717 21.932400
v 98.363121 -112.620651 21.910038
v 98.442856 -112.739990 21.921791
v 98.562195 -112.819717 21.929644
v 98.335129 -112.106216 22.269854
v 98.702950 -112.142448 22.637672
v 98.363121 -112.120087 22.410610
v 98.442856 -112.131836 22.529942
v 98.562195 -112.139679 22.609674
v 98.335129 -112.447563 22.058762
v 98.702950 -112.794037 22.202293
v 98.363121 -112.580154 22.113689
v 98.442856 -112.692551 22.160255
v 98.562195 -112.767670 22.191370
v 98.335129 -112.375961 22.165924
v 98.702950 -112.641144 22.431101
v 98.363121 -112.477440 22.267395
v 98.442856 -112.563477 22.353424
v 98.562195 -112.620972 22.410910
v 98.335129 -112.268822 22.237505
v 98.702950 -112.412338 22.583984
v 98.363121 -112.323753 22.370100
v 98.442856 -112.370293 22.482504
v 98.562195 -112.401405 22.557615
v 98.335129 -112.106216 -22.271137
v 98.702950 -112.142448 -22.638962
v 98.363121 -112.120087 -22.411892
v 98.442856 -112.131836 -22.531227
v 98.562195 -112.139679 -22.610960
v 98.335129 -112.479889 -21.897463
v 98.702950 -112.847717 -21.933685
v 98.363121 -112.620651 -21.911327
v 98.442856 -112.739990 -21.923075
v 98.562195 -112.819717 -21.930925
v 98.335129 -112.268822 -22.238794
v 98.702950 -112.412338 -22.585270
v 98.363121 -112.323753 -22.371386
v 98.442856 -112.370293 -22.483788
v 98.562195 -112.401405 -22.558901
v 98.335129 -112.375961 -22.167210
v 98.702950 -112.641144 -22.432384
v 98.363121 -112.477440 -22.268681
v 98.442856 -112.563477 -22.354708
v 98.562195 -112.620972 -22.412197
v 98.335129 -112.447563 -22.060053
v 98.702950 -112.794037 -22.203581
v 98.363121 -112.580154 -22.114973
v 98.442856 -112.692551 -22.161541
v 98.562195 -112.767670 -22.192656
v 98.767311 -105.626007 33.691437
v 98.737831 -105.925369 33.990807
v 98.788155 -105.583893 -33.481037
v 98.749634 -105.745903 -33.872181
v 98.767311 -105.626007 -33.692715
v 97.766525 -105.583893 32.458088
v 97.213371 -106.137039 32.512611
v 97.554863 -105.626007 32.478951
v 97.375397 -105.745903 32.496635
v 97.255493 -105.925369 32.508457
v 98.788170 -105.583893 33.479755
v 98.733681 -106.137039 34.032917
v 98.749634 -105.745903 33.870892
v 97.850159 -105.583893 32.878601
v 97.329094 -106.137039 33.094406
v 97.650742 -105.626007 32.961189
v 97.481705 -105.745903 33.031204
v 97.368752 -105.925369 33.077976
v 98.057434 -105.583893 33.188816
v 97.658646 -106.137039 33.587627
v 97.904816 -105.626007 33.341438
v 97.775436 -105.745903 33.470821
v 97.688995 -105.925369 33.557278
v 98.367691 -105.583893 33.396122
v 98.151871 -106.137039 33.917191
v 98.285103 -105.626007 33.595528
v 98.215080 -105.745903 33.764572
v 98.168297 -105.925369 33.877525
v 98.733681 -106.137039 -34.034203
v 98.737816 -105.925369 -33.992085
v 97.766525 -105.583893 -32.459377
v 97.213371 -106.137039 -32.513897
v 97.554863 -105.626007 -32.480236
v 97.375397 -105.745903 -32.497929
v 97.255493 -105.925369 -32.509743
v 98.367691 -105.583893 -33.397404
v 98.151871 -106.137039 -33.918472
v 98.285103 -105.626007 -33.596806
v 98.215080 -105.745903 -33.765858
v 98.168289 -105.925369 -33.878815
v 98.057434 -105.583893 -33.190098
v 97.658646 -106.137039 -33.588921
v 97.904816 -105.626007 -33.342728
v 97.775436 -105.745903 -33.472107
v 97.688995 -105.925369 -33.558563
v 97.850159 -105.583893 -32.879887
v 97.329094 -106.137039 -33.095699
v 97.650742 -105.626007 -32.962475
v 97.481705 -105.745903 -33.032486
v 97.368752 -105.925369 -33.079266
v 98.702950 -108.392052 22.637669
v 98.702950 -108.392052 -22.638956
v 98.335129 -108.392052 -22.271137
v 98.771919 -108.392052 33.644772
v 98.738808 -108.197968 33.980930
v 97.213371 -108.003883 32.512630
v 97.601540 -108.392052 32.474407
v 97.265381 -108.197968 32.507511
v 97.407455 -108.340057 32.493519
v 98.303314 -108.392052 33.551559
v 98.151871 -108.003883 33.917210
v 98.227592 -108.340057 33.734383
v 98.172165 -108.197968 33.868217
v 97.938499 -108.392052 33.307796
v 97.658646 -108.003883 33.587646
v 97.798569 -108.340057 33.447723
v 97.696136 -108.197968 33.550156
v 97.694740 -108.392052 32.942966
v 97.329094 -108.003883 33.094421
v 97.511917 -108.340057 33.018696
v 97.378075 -108.197968 33.074135
v 97.601540 -108.392052 -32.475697
v 97.213371 -108.003883 -32.513916
v 97.407455 -108.340057 -32.494804
v 97.265381 -108.197968 -32.508801
v 98.733681 -108.003883 -34.034222
v 98.771912 -108.392052 -33.646057
v 98.752792 -108.340057 -33.840137
v 97.694740 -108.392052 -32.944267
v 97.329094 -108.003883 -33.095711
v 97.511917 -108.340057 -33.019989
v 97.378075 -108.197968 -33.075424
v 97.938499 -108.392052 -33.309082
v 97.658646 -108.003883 -33.588932
v 97.798569 -108.340057 -33.449017
v 97.696136 -108.197968 -33.551445
v 98.303329 -108.392052 -33.552849
v 98.151871 -108.003883 -33.918499
v 98.227592 -108.340057 -33.735672
v 98.172157 -108.197968 -33.869514
v 98.733681 -108.003883 34.032936
v 98.752792 -108.340057 33.838852
v 98.738800 -108.197968 -33.982216
v 101.781967 -108.693031 57.623093
v 102.082939 -108.392059 57.649002
v 101.822289 -108.542557 57.636044
v 101.932449 -108.432388 57.645527
v 105.710770 -108.693031 57.623093
v 105.409805 -108.392059 57.649002
v 105.670471 -108.542557 57.636044
v 105.560295 -108.432388 57.645527
v 101.781967 -108.693031 -57.624359
v 102.082939 -108.392059 -57.650276
v 101.822289 -108.542557 -57.637318
v 101.932449 -108.432388 -57.646793
v 105.710770 -122.157623 -62.997871
v 105.409805 -122.458588 -63.027664
v 105.670471 -122.308121 -63.012775
v 105.560295 -122.418274 -63.023674
v 101.781967 -110.686859 60.519867
v 102.082886 -110.555214 60.791740
v 101.822289 -110.621040 60.655800
v 101.932449 -110.572845 60.755306
v 101.781967 -108.845619 58.502674
v 102.082939 -108.556732 58.598167
v 101.822289 -108.701157 58.550423
v 101.932449 -108.595428 58.585373
v 102.082939 -109.025635 59.528725
v 101.781967 -109.275871 59.356514
v 101.932449 -109.059174 59.505646
v 101.822289 -109.150757 59.442619
v 102.082939 -109.727417 60.299007
v 101.781967 -109.919769 60.063271
v 101.932449 -109.753189 60.267437
v 101.822289 -109.823593 60.181145
v 101.781967 -120.375061 64.223511
v 102.082939 -120.295441 64.515274
v 101.822289 -120.335251 64.369392
v 101.932449 -120.306122 64.476189
v 101.781967 -122.157623 62.996593
v 102.082939 -122.458588 63.026398
v 101.822289 -122.308121 63.011497
v 101.932449 -122.418274 63.022404
v 102.082939 -121.123260 64.655449
v 101.781967 -121.099442 64.346169
v 101.932449 -121.120071 64.614021
v 101.822289 -121.111343 64.500809
v 102.082939 -121.825027 64.421715
v 101.781967 -121.647385 64.163666
v 101.932449 -121.801224 64.387154
v 101.822289 -121.736206 64.292694
v 102.082939 -122.293930 63.849674
v 101.781967 -122.013550 63.716984
v 101.932449 -122.256363 63.831894
v 101.822289 -122.153732 63.783329
v 105.710770 -122.157623 62.996593
v 105.409805 -122.458588 63.026398
v 105.670471 -122.308121 63.011497
v 105.560295 -122.418274 63.022404
v 105.710770 -120.375061 64.223511
v 105.409805 -120.295441 64.515274
v 105.670471 -120.335251 64.369392
v 105.560295 -120.306122 64.476189
v 105.710770 -122.013550 63.716984
v 105.409805 -122.293930 63.849674
v 105.670471 -122.153732 63.783329
v 105.560295 -122.256363 63.831894
v 105.710770 -121.647385 64.163666
v 105.409805 -121.825027 64.421715
v 105.670471 -121.736206 64.292694
v 105.560295 -121.801224 64.387154
v 105.710770 -121.099442 64.346169
v 105.409805 -121.123260 64.655449
v 105.670471 -121.111343 64.500809
v 105.560295 -121.120071 64.614021
v 105.710770 -110.686859 60.519867
v 105.409760 -110.555214 60.791740
v 105.670471 -110.621040 60.655800
v 105.560295 -110.572845 60.755306
v 105.710770 -109.919769 60.063271
v 105.409805 -109.727417 60.299007
v 105.670471 -109.823593 60.181145
v 105.560295 -109.753189 60.267437
v 105.710770 -109.275871 59.356514
v 105.409805 -109.025635 59.528725
v 105.670471 -109.150757 59.442619
v 105.560295 -109.059174 59.505646
v 105.710770 -108.845619 58.502674
v 105.409805 -108.556732 58.598167
v 105.670471 -108.701157 58.550423
v 105.560295 -108.595428 58.585373
v 101.781967 -110.686905 -60.521152
v 102.082939 -110.555214 -60.793018
v 101.822289 -110.621048 -60.657089
v 101.932449 -110.572845 -60.756596
v 102.082939 -109.727417 -60.300285
v 101.781967 -109.919754 -60.064533
v 101.932449 -109.753189 -60.268696
v 101.822289 -109.823593 -60.182407
v 102.082939 -109.025635 -59.530003
v 101.781967 -109.275864 -59.357780
v 101.932449 -109.059158 -59.506931
v 101.822289 -109.150749 -59.443893
v 101.781967 -108.845619 -58.503952
v 102.082939 -108.556732 -58.599442
v 101.822289 -108.701172 -58.551693
v 101.932449 -108.595428 -58.586651
v 101.781967 -122.157623 -62.997871
v 102.082939 -122.458588 -63.027664
v 101.822289 -122.308121 -63.012775
v 101.932449 -122.418274 -63.023674
v 101.781967 -120.375061 -64.224800
v 102.082939 -120.295441 -64.516563
v 101.822289 -120.335251 -64.370682
v 101.932449 -120.306122 -64.477463
v 102.082939 -122.293930 -63.850945
v 101.781967 -122.013550 -63.718262
v 101.932449 -122.256363 -63.833172
v 101.822289 -122.153732 -63.784607
v 102.082939 -121.825027 -64.422997
v 101.781967 -121.647415 -64.164955
v 101.932449 -121.801224 -64.388435
v 101.822289 -121.736221 -64.293976
v 102.082939 -121.123260 -64.656738
v 101.781967 -121.099442 -64.347450
v 101.932449 -121.120056 -64.615288
v 101.822289 -121.111343 -64.502083
v 105.710770 -120.375061 -64.224800
v 105.409805 -120.295441 -64.516563
v 105.670471 -120.335251 -64.370682
v 105.560295 -120.306122 -64.477463
v 105.710770 -121.099442 -64.347450
v 105.409805 -121.123260 -64.656738
v 105.670471 -121.111343 -64.502083
v 105.560295 -121.120056 -64.615288
v 105.710770 -121.647415 -64.164955
v 105.409805 -121.825027 -64.422997
v 105.670471 -121.736221 -64.293976
v 105.560295 -121.801224 -64.388435
v 105.710770 -122.013550 -63.718262
v 105.409805 -122.293930 -63.850945
v 105.670471 -122.153732 -63.784607
v 105.560295 -122.256363 -63.833172
v 105.710770 -108.693031 -57.624359
v 105.409805 -108.392059 -57.650276
v 105.670471 -108.542557 -57.637318
v 105.560295 -108.432388 -57.646793
v 105.710770 -110.686905 -60.521152
v 105.409805 -110.555214 -60.793018
v 105.670471 -110.621048 -60.657089
v 105.560295 -110.572845 -60.756596
v 105.710770 -108.845619 -58.503952
v 105.409805 -108.556732 -58.599442
v 105.670471 -108.701172 -58.551693
v 105.560295 -108.595428 -58.586651
v 105.710770 -109.275864 -59.357780
v 105.409805 -109.025635 -59.530003
v 105.670471 -109.150749 -59.443893
v 105.560295 -109.059158 -59.506931
v 105.710770 -109.919754 -60.064533
v 105.409805 -109.727417 -60.300285
v 105.670471 -109.823593 -60.182407
v 105.560295 -109.753189 -60.268696
v -70.293037 36.660343 -0.909279
v -70.293037 36.776196 -0.909279
v -70.603806 36.660343 -0.854484
v -70.603806 36.776196 -0.854484
v -70.877098 36.660343 -0.696699
v -70.877098 36.776196 -0.696699
v -71.079933 36.660343 -0.454960
v -71.079933 36.776196 -0.454960
v -71.187866 36.660343 -0.158427
v -71.187866 36.776196 -0.158427
v -71.187866 36.660343 0.157141
v -71.187866 36.776196 0.157141
v -71.079933 36.660343 0.453677
v -71.079933 36.776196 0.453677
v -70.877098 36.660343 0.695415
v -70.877098 36.776196 0.695415
v -70.603806 36.660343 0.853198
v -70.603806 36.776196 0.853198
v -70.293037 36.660343 0.907992
v -70.293037 36.776196 0.907992
v -69.982262 36.660343 0.853198
v -69.982262 36.776196 0.853198
v -69.708977 36.660343 0.695415
v -69.708977 36.776196 0.695415
v -69.506134 36.660343 0.453677
v -69.506134 36.776196 0.453677
v -69.398201 36.660343 0.157141
v -69.398201 36.776196 0.157141
v -69.398201 36.660343 -0.158427
v -69.398201 36.776196 -0.158427
v -69.506134 36.660343 -0.454960
v -69.506134 36.776196 -0.454960
v -69.708977 36.660343 -0.696699
v -69.708977 36.776196 -0.696699
v -69.982262 36.660343 -0.854484
v -69.982262 36.776196 -0.854478
v -70.293037 36.774693 -0.697718
v -70.531448 36.774693 -0.655679
v -70.741104 36.774693 -0.534634
v -70.896713 36.774693 -0.349180
v -70.979523 36.774693 -0.121687
v -70.979523 36.774693 0.120403
v -70.896713 36.774693 0.347897
v -70.741104 36.774693 0.533350
v -70.531448 36.774693 0.654396
v -70.293037 36.774693 0.696432
v -70.054619 36.774693 0.654396
v -69.844963 36.774693 0.533350
v -69.689354 36.774693 0.347897
v -69.606552 36.774693 0.120403
v -69.606552 36.774693 -0.121687
v -69.689354 36.774693 -0.349180
v -69.844963 36.774693 -0.534631
v -70.054619 36.774693 -0.655679
v -69.782829 36.774715 -0.623194
v -69.671181 36.774715 -0.511695
v -69.765266 36.983662 -0.433839
v -69.860580 36.983662 -0.529007
v -69.583420 36.774715 -0.380556
v -69.690681 36.983189 -0.321434
v -69.613106 36.980396 -0.066976
v -69.914085 36.774715 -0.710765
v -69.973122 36.983166 -0.603453
v -70.227707 36.980373 -0.680665
v -70.097504 36.981922 -0.654645
v -69.639320 36.981922 -0.197152
v -70.915573 36.774715 -0.510845
v -70.821404 36.983662 -0.433088
v -70.726250 36.983662 -0.528399
v -71.003151 36.774693 -0.379587
v -70.895844 36.983166 -0.320531
v -71.094116 36.774715 -0.078986
v -70.973068 36.980373 -0.065971
v -70.672943 36.774715 -0.710247
v -70.613884 36.983189 -0.602976
v -70.372467 36.774715 -0.801618
v -70.359451 36.980396 -0.680552
v -70.527206 36.774715 -0.770728
v -70.489632 36.981922 -0.654326
v -71.063438 36.774715 -0.233767
v -70.947044 36.981922 -0.196148
v -69.670479 36.774715 0.509559
v -69.764679 36.983662 0.431835
v -69.781982 36.774715 0.621208
v -69.859833 36.983662 0.527125
v -69.582909 36.774715 0.378304
v -69.690247 36.983166 0.319340
v -69.491951 36.774715 0.077703
v -69.613022 36.980373 0.064777
v -69.972237 36.983189 0.601714
v -70.226700 36.980396 0.679278
v -70.096519 36.981922 0.653066
v -69.639061 36.981922 0.194993
v -70.820801 36.983662 0.432553
v -70.725510 36.983662 0.527715
v -71.002632 36.774715 0.379272
v -70.895378 36.983189 0.320145
v -70.972961 36.980396 0.065716
v -70.671974 36.774715 0.709479
v -70.613007 36.983166 0.602143
v -70.358452 36.980373 0.679367
v -70.526154 36.774715 0.769760
v -70.488655 36.981922 0.653329
v -70.946747 36.981922 0.195863
v -70.379250 37.074528 0.131129
v -70.424797 37.074528 0.085588
v -70.379265 37.074528 -0.132410
v -70.206802 37.074528 -0.132416
v -70.161263 37.074528 -0.086872
v -70.161263 37.074528 0.085582
v -70.206802 37.074528 0.131129
v -70.231995 36.747509 -0.202129
v -70.228920 36.747509 -0.165642
v -70.225792 36.747509 -0.133611
v -69.778152 37.038670 -0.018985
v -69.778145 37.038670 0.017684
v -69.833694 37.046276 0.051694
v -70.345383 37.046276 -0.459967
v -70.274719 37.038670 -0.515530
v -70.240700 37.046276 -0.459991
v -70.240685 37.046276 0.458690
v -70.274689 37.038670 0.514232
v -70.347969 36.747509 -0.279544
v -70.344612 36.747509 -0.316269
v -70.340645 36.747509 -0.349013
v -70.245415 36.747509 0.347736
v -70.241455 36.747509 0.314989
v -70.238098 36.747509 0.278263
v -70.641411 36.747509 0.046971
v -70.059906 36.774715 -0.771047
v -70.214676 36.774715 -0.801728
v -71.094009 36.774715 0.078799
v -71.063118 36.774715 0.233539
v -70.213585 36.774715 0.800332
v -70.058853 36.774715 0.769444
v -70.803230 36.774715 0.621908
v -70.804085 36.774715 -0.622494
v -69.492058 36.774715 -0.080083
v -70.371376 36.774715 0.800442
v -69.522629 36.774715 0.232484
v -70.914879 36.774715 0.510412
v -69.913124 36.774715 0.708958
v -69.522942 36.774715 -0.234822
v -70.608658 36.747509 0.050928
v -70.571938 36.747509 0.054290
v -70.300507 36.747509 -0.423882
v -70.293053 36.747509 -0.424794
v -70.285599 36.747509 -0.423894
v -70.687614 36.747509 0.036143
v -70.700623 36.747509 0.029304
v -70.708763 36.747509 0.021925
v -69.898445 36.747509 -0.037427
v -69.885437 36.747509 -0.030587
v -69.877296 36.747509 -0.023208
v -70.425995 36.747509 0.066592
v -70.458031 36.747509 0.063472
v -70.494507 36.747509 0.060399
v -70.752365 37.046276 0.051703
v -70.364052 37.064297 -0.294713
v -70.222008 37.064297 0.293424
v -70.587097 37.064297 0.070377
v -70.587112 37.064297 -0.071655
v -69.998955 37.064297 -0.071664
v -70.752380 37.046276 -0.052972
v -70.345360 37.046276 0.458699
v -69.833694 37.046276 -0.052986
v -70.807922 37.038670 -0.018955
v -70.311386 37.038670 -0.515512
v -70.807907 37.038670 0.017705
v -70.424805 37.074528 -0.086869
v -70.222015 37.064297 -0.294719
v -70.160065 36.747509 -0.067882
v -70.364044 37.064297 0.293436
v -70.128029 36.747509 -0.064755
v -70.091545 36.747509 -0.061686
v -69.998955 37.064297 0.070377
v -70.329826 36.747509 -0.395218
v -70.322983 36.747509 -0.408233
v -70.315605 36.747509 -0.416366
v -70.225792 36.747509 0.132324
v -70.228920 36.747509 0.164356
v -70.311356 37.038670 0.514241
v -69.617241 36.980686 -0.099806
v -69.622986 36.981068 -0.132487
v -69.630356 36.981495 -0.164960
v -69.667511 37.010387 -0.058887
v -69.693268 37.021214 -0.053985
v -69.701469 36.880833 -0.486801
v -69.646858 36.774715 -0.480563
v -69.624084 36.774715 -0.448278
v -69.602928 36.774715 -0.414918
v -69.617989 36.880550 -0.362051
v -69.707237 36.983356 -0.350882
v -69.725220 36.983494 -0.379492
v -69.744568 36.983593 -0.407172
v -69.846840 37.027439 -0.363837
v -69.813347 37.014774 -0.392867
v -69.742317 37.014111 -0.288830
v -69.773285 37.026249 -0.266711
v -70.129707 36.981495 -0.663564
v -70.162193 36.981068 -0.670884
v -70.194870 36.980686 -0.676588
v -70.240753 37.021191 -0.600533
v -70.235847 37.010387 -0.626276
v -69.932549 36.880550 -0.676171
v -69.887283 36.983593 -0.549669
v -69.915001 36.983494 -0.568990
v -69.943642 36.983356 -0.586931
v -70.027863 37.026218 -0.520811
v -70.005768 37.014111 -0.551797
v -69.901520 37.014774 -0.480879
v -69.930511 37.027462 -0.447352
v -69.787262 36.983685 -0.459410
v -69.810516 36.983715 -0.483827
v -69.834976 36.983685 -0.507043
v -69.649864 36.982304 -0.228993
v -69.661957 36.982662 -0.260387
v -69.675575 36.982952 -0.291238
v -70.003349 36.982922 -0.618515
v -70.034225 36.982639 -0.632087
v -70.065643 36.982304 -0.644145
v -70.968987 36.980686 -0.098793
v -70.963280 36.981068 -0.131474
v -70.955963 36.981495 -0.163946
v -71.025909 36.879879 -0.222413
v -71.055092 36.879070 -0.075171
v -71.089302 36.774715 -0.118200
v -71.082573 36.774715 -0.157131
v -71.073944 36.774715 -0.195683
v -70.773285 37.014774 -0.392131
v -70.739761 37.027462 -0.363133
v -70.813225 37.026218 -0.265736
v -70.844208 37.014111 -0.287859
v -70.879318 36.983356 -0.350014
v -70.861374 36.983494 -0.378660
v -70.842056 36.983593 -0.406382
v -70.885254 36.880833 -0.485990
v -70.968559 36.880550 -0.361128
v -70.983704 36.774715 -0.413973
v -70.962593 36.774715 -0.447367
v -70.939857 36.774715 -0.479681
v -70.351540 37.010418 -0.626124
v -70.346703 37.021214 -0.600366
v -70.457436 36.981495 -0.663290
v -70.424973 36.981068 -0.670663
v -70.392281 36.980686 -0.676421
v -70.368599 36.879070 -0.762598
v -70.515800 36.879879 -0.733215
v -70.489143 36.774715 -0.781290
v -70.450600 36.774715 -0.789971
v -70.411674 36.774715 -0.796751
v -70.581398 37.014111 -0.551293
v -70.559326 37.026249 -0.520314
v -70.656303 37.027439 -0.446800
v -70.685318 37.014774 -0.480298
v -70.699593 36.983593 -0.549094
v -70.671921 36.983494 -0.568447
v -70.643326 36.983356 -0.586418
v -70.654442 36.880550 -0.675676
v -70.799438 36.983685 -0.458697
v -70.776222 36.983715 -0.483150
v -70.751808 36.983685 -0.506402
v -70.936539 36.982304 -0.228007
v -70.924484 36.982639 -0.259427
v -70.910912 36.982922 -0.290302
v -71.051071 36.774715 -0.271288
v -71.036873 36.774715 -0.308157
v -71.020889 36.774715 -0.344286
v -70.583694 36.982952 -0.618074
v -70.552856 36.982662 -0.631688
v -70.521469 36.982304 -0.643782
v -70.637672 36.774715 -0.728030
v -70.601562 36.774715 -0.744063
v -70.564713 36.774715 -0.758306
v -69.617104 36.980686 0.097614
v -69.622818 36.981068 0.130304
v -69.630135 36.981495 0.162782
v -69.530975 36.879070 0.073888
v -69.812813 37.014774 0.390937
v -69.846352 37.027439 0.361966
v -69.772942 37.026218 0.264790
v -69.741936 37.014111 0.286838
v -69.706757 36.983356 0.348803
v -69.724701 36.983494 0.377437
v -69.744019 36.983593 0.405144
v -69.700806 36.880833 0.484704
v -69.617500 36.880550 0.359841
v -69.602364 36.774715 0.412687
v -69.623474 36.774715 0.446077
v -69.646202 36.774715 0.478398
v -70.234787 37.010387 0.624873
v -70.239685 37.021214 0.599127
v -70.128716 36.981495 0.662031
v -70.161186 36.981068 0.669395
v -70.193863 36.980686 0.675153
v -70.004837 37.014111 0.550064
v -70.026962 37.026249 0.519105
v -69.929840 37.027439 0.445559
v -69.900803 37.014774 0.479042
v -69.886505 36.983593 0.547822
v -69.914185 36.983494 0.567176
v -69.942795 36.983356 0.585153
v -69.806870 36.880833 0.590914
v -69.786636 36.983685 0.457438
v -69.809853 36.983715 0.481882
v -69.834267 36.983685 0.505131
v -69.696266 36.774715 0.539487
v -69.723488 36.774715 0.568121
v -69.752083 36.774715 0.595378
v -69.649551 36.982304 0.226845
v -69.661613 36.982639 0.258257
v -69.675179 36.982922 0.289120
v -70.002441 36.982952 0.616812
v -70.033287 36.982662 0.630429
v -70.064674 36.982304 0.642522
v -70.968834 36.980686 0.098535
v -70.963081 36.981068 0.131210
v -70.955711 36.981495 0.163673
v -70.918579 37.010387 0.057682
v -70.892838 37.021214 0.052800
v -70.968071 36.880550 0.360765
v -70.878830 36.983356 0.349595
v -70.860855 36.983494 0.378205
v -70.841492 36.983593 0.405889
v -70.739235 37.027439 0.362541
v -70.772720 37.014774 0.391575
v -70.843742 37.014111 0.287532
v -70.812782 37.026249 0.265404
v -70.514801 36.879879 0.732233
v -70.456451 36.981495 0.662248
v -70.423981 36.981068 0.669577
v -70.391289 36.980686 0.675284
v -70.345665 37.021191 0.599190
v -70.350487 37.010387 0.624942
v -70.653511 36.880550 0.674891
v -70.698814 36.983593 0.548377
v -70.671104 36.983494 0.567689
v -70.642479 36.983356 0.585624
v -70.558464 37.026218 0.519445
v -70.580513 37.014111 0.550445
v -70.684608 37.014774 0.479569
v -70.655640 37.027439 0.446042
v -70.798805 36.983685 0.458123
v -70.775551 36.983715 0.482534
v -70.751099 36.983685 0.505756
v -70.936195 36.982304 0.227704
v -70.924103 36.982662 0.259098
v -70.910484 36.982952 0.289946
v -70.563675 36.774715 0.757395
v -70.600548 36.774715 0.743204
v -70.636673 36.774715 0.727215
v -70.582794 36.982922 0.617202
v -70.551933 36.982639 0.630777
v -70.520515 36.982304 0.642826
v -70.326530 36.980206 -0.683046
v -70.293579 36.980114 -0.683896
v -70.260620 36.980183 -0.683103
v -70.325523 36.980183 0.681808
v -70.292572 36.980114 0.682606
v -70.259613 36.980206 0.681763
v -69.879700 36.774715 -0.691316
v -69.846306 36.774715 -0.670198
v -69.813995 36.774715 -0.647474
v -69.752899 36.774715 -0.597406
v -69.724266 36.774715 -0.570182
v -69.697006 36.774715 -0.541589
v -69.807686 36.880833 -0.592867
v -70.383720 37.075428 0.110116
v -70.390991 37.075718 0.097325
v -70.403793 37.075428 0.090050
v -70.202339 37.075428 -0.111402
v -70.195061 37.075718 -0.098611
v -70.182274 37.075428 -0.091336
v -70.182274 37.075428 0.090047
v -70.195061 37.075718 0.097325
v -70.202339 37.075428 0.110116
v -70.231987 36.747509 0.200834
v -70.340637 36.747509 0.347739
v -70.344597 36.747509 0.314995
v -70.347961 36.747509 0.278266
v -70.285568 36.747509 0.422602
v -70.293022 36.747509 0.423511
v -69.809906 37.043194 0.044390
v -69.793968 37.041004 0.036009
v -69.784019 37.039570 0.026970
v -70.248009 37.043194 -0.483776
v -70.256393 37.041004 -0.499711
v -70.265434 37.039570 -0.509671
v -70.300476 36.747509 0.422602
v -70.245422 36.747509 -0.349028
v -70.241463 36.747509 -0.316284
v -70.265404 37.039570 0.508370
v -70.256363 37.041004 0.498407
v -70.247993 37.043194 0.482472
v -70.238106 36.747509 -0.279556
v -70.360268 36.747509 -0.133608
v -70.357147 36.747509 -0.165639
v -69.951538 37.059841 0.066616
v -69.906578 37.055019 0.062498
v -69.866478 37.050350 0.057649
v -70.354073 36.747509 -0.202123
v -70.367104 36.747509 -0.091104
v -70.373047 36.747509 -0.080655
v -70.383492 36.747509 -0.074712
v -70.091545 36.747509 0.060399
v -70.128029 36.747509 0.063469
v -70.160065 36.747509 0.066592
v -70.354073 36.747509 0.200840
v -70.357140 36.747509 0.164359
v -69.496918 36.774715 -0.119291
v -69.503700 36.774715 -0.158212
v -69.512383 36.774715 -0.196753
v -70.889061 36.774715 0.540306
v -70.861794 36.774715 0.568902
v -70.833160 36.774715 0.596123
v -70.021347 36.774715 0.757023
v -69.984497 36.774715 0.742774
v -69.948387 36.774715 0.726747
v -70.331978 36.774715 0.803318
v -70.292480 36.774715 0.804259
v -70.252983 36.774715 0.803264
v -70.174385 36.774715 0.795468
v -70.135468 36.774715 0.788685
v -70.096916 36.774715 0.780006
v -71.089142 36.774715 0.118007
v -71.082352 36.774715 0.156929
v -71.073677 36.774715 0.195464
v -70.097992 36.774715 -0.781558
v -70.136543 36.774715 -0.790183
v -70.175468 36.774715 -0.796915
v -70.360260 36.747509 0.132327
v -69.944656 36.747509 -0.048257
v -69.977402 36.747509 -0.052218
v -70.014130 36.747509 -0.055579
v -70.716278 36.747509 -0.008080
v -70.717186 36.747509 -0.000630
v -70.716278 36.747509 0.006824
v -70.708778 36.747509 -0.023184
v -70.700638 36.747509 -0.030569
v -70.687630 36.747509 -0.037412
v -70.426003 36.747509 -0.067876
v -70.458031 36.747509 -0.064752
v -70.366066 37.067226 0.296234
v -70.371155 37.068134 0.302502
v -70.381737 37.067089 0.314756
v -69.943474 37.049633 0.277015
v -70.058159 37.067448 0.176062
v -69.996155 37.067226 0.072386
v -69.989883 37.068134 0.077476
v -69.977631 37.067089 0.088068
v -70.251740 37.034710 -0.561998
v -70.262535 37.040005 -0.541235
v -70.238815 37.048779 0.461503
v -70.235207 37.049709 0.465902
v -70.228813 37.049397 0.472372
v -69.560455 36.879879 -0.223414
v -70.218498 36.879070 -0.762702
v -69.565643 36.774715 -0.345282
v -69.549606 36.774715 -0.309173
v -69.535362 36.774715 -0.272326
v -69.560150 36.879879 0.221123
v -69.496758 36.774715 0.116920
v -69.503487 36.774715 0.155847
v -69.512115 36.774715 0.194403
v -70.217453 36.879070 0.761314
v -70.070259 36.879879 0.731932
v -69.931625 36.880550 0.674396
v -69.813103 36.774715 0.645529
v -69.845390 36.774715 0.668301
v -69.878754 36.774715 0.689461
v -69.534996 36.774715 0.270002
v -69.549194 36.774715 0.306874
v -69.565170 36.774715 0.343003
v -71.025604 36.879879 0.222128
v -71.054993 36.879070 0.074931
v -70.884590 36.880833 0.485518
v -70.939209 36.774715 0.479277
v -70.961975 36.774715 0.446992
v -70.983131 36.774715 0.413635
v -70.367561 36.879070 0.761419
v -70.410583 36.774715 0.795632
v -70.449524 36.774715 0.788899
v -70.488068 36.774715 0.780269
v -70.706360 36.774715 0.690030
v -70.739754 36.774715 0.668915
v -70.772064 36.774715 0.646188
v -70.778381 36.880833 0.591581
v -71.020416 36.774715 0.343995
v -71.036453 36.774715 0.307890
v -71.050697 36.774715 0.271042
v -70.333076 36.774715 -0.804547
v -70.293579 36.774715 -0.805543
v -70.254082 36.774715 -0.804601
v -70.022385 36.774715 -0.758682
v -69.985519 36.774715 -0.744484
v -69.949387 36.774715 -0.728504
v -70.707306 36.774715 -0.690747
v -70.740669 36.774715 -0.669587
v -70.772957 36.774715 -0.646819
v -70.833977 36.774715 -0.596667
v -70.862572 36.774715 -0.569404
v -70.889793 36.774715 -0.540773
v -69.531067 36.879070 -0.076214
v -70.071266 36.879879 -0.733519
v -70.779190 36.880833 -0.592200
v -69.610573 36.980183 0.031855
v -69.609772 36.980114 -0.001101
v -69.610619 36.980206 -0.034059
v -70.975456 36.980206 0.032814
v -70.976303 36.980114 -0.000126
v -70.975510 36.980183 -0.033067
v -70.494522 36.747509 -0.061683
v -70.315582 36.747509 0.415098
v -70.322968 36.747509 0.406959
v -69.774818 37.038143 0.008475
v -69.773712 37.037975 -0.000651
v -69.774818 37.038143 -0.009779
v -71.096939 36.774715 0.039401
v -71.097931 36.774715 -0.000093
v -71.096992 36.774715 -0.039587
v -69.489120 36.774715 -0.040687
v -69.488136 36.774715 -0.001193
v -69.489067 36.774715 0.038304
v -69.830872 37.048779 0.053560
v -69.826462 37.049709 0.057151
v -69.819977 37.049397 0.063511
v -69.693207 37.021191 0.051989
v -69.667442 37.010387 0.056811
v -70.642250 37.049633 0.277411
v -70.527748 37.067471 0.176253
v -70.892967 37.021168 -0.052939
v -70.918701 37.010387 -0.057838
v -70.158638 37.077908 -0.089101
v -70.151047 37.078915 -0.095711
v -70.134270 37.077480 -0.110445
v -70.204582 37.077908 -0.135044
v -70.197998 37.078915 -0.142650
v -70.183296 37.077480 -0.159452
v -70.634521 37.059841 -0.067894
v -70.679497 37.055019 -0.063778
v -70.719589 37.050350 -0.058929
v -70.338058 37.043194 0.482481
v -70.329689 37.041004 0.498416
v -70.320641 37.039570 0.508379
v -70.539726 37.067966 -0.075377
v -70.495056 37.070850 -0.079135
v -70.455833 37.073025 -0.082962
v -70.776169 37.043194 -0.045661
v -70.792099 37.041004 -0.037281
v -70.802063 37.039570 -0.028242
v -70.811241 37.038143 0.008502
v -70.812355 37.037975 -0.000624
v -70.811241 37.038143 -0.009749
v -69.951546 37.059841 -0.067905
v -69.906586 37.055019 -0.063787
v -69.866486 37.050350 -0.058941
v -69.692398 37.012325 -0.175009
v -69.719017 37.023525 -0.161005
v -69.718819 37.023502 0.159045
v -69.692177 37.012295 0.172969
v -70.132668 37.023525 0.573375
v -70.118668 37.012325 0.599988
v -70.452713 37.023502 0.573569
v -70.466637 37.012295 0.600206
v -70.419167 37.038692 -0.528178
v -70.382339 37.046223 -0.494669
v -70.893990 37.012295 -0.173888
v -70.867386 37.023502 -0.159858
v -70.893669 37.012295 0.173714
v -70.867058 37.023525 0.159713
v -70.119720 37.012295 -0.601582
v -70.133728 37.023502 -0.574968
v -70.467659 37.012325 -0.601200
v -70.453720 37.023525 -0.574560
v -70.375351 37.073025 0.162163
v -70.371521 37.070850 0.201382
v -70.367767 37.067966 0.246047
v -70.329811 36.747509 0.393947
v -70.641418 36.747509 -0.048248
v -70.608673 36.747509 -0.052209
v -70.130234 37.073025 0.081678
v -70.091011 37.070850 0.077852
v -70.046341 37.067966 0.074094
v -70.571945 36.747509 -0.055570
v -69.869789 36.747509 -0.008104
v -69.868881 36.747509 -0.000651
v -70.204567 37.077908 0.133749
v -70.197968 37.078915 0.141349
v -70.183228 37.077480 0.158115
v -69.774948 37.040981 -0.019912
v -69.770630 37.041912 -0.021423
v -69.765381 37.041813 -0.023750
v -70.250870 37.034710 0.560593
v -70.262032 37.040028 0.539856
v -70.571182 37.049633 -0.349824
v -70.469978 37.067448 -0.235335
v -70.403793 37.075428 -0.091330
v -70.390991 37.075718 -0.098608
v -70.383720 37.075428 -0.111399
v -70.367775 37.067966 -0.247327
v -70.371536 37.070850 -0.202660
v -70.375351 37.073025 -0.163440
v -70.225777 37.059841 -0.342135
v -70.229897 37.055019 -0.387106
v -70.234741 37.050350 -0.427196
v -70.302147 37.038143 0.517570
v -70.293022 37.037975 0.518676
v -70.283897 37.038143 0.517564
v -70.360291 37.059841 0.340845
v -70.356171 37.055019 0.385817
v -70.351318 37.050350 0.425907
v -70.218292 37.067966 0.246044
v -70.214531 37.070850 0.201376
v -70.210709 37.073025 0.162154
v -70.320671 37.039570 -0.509647
v -70.329704 37.041027 -0.499684
v -70.338081 37.043194 -0.483749
v -70.046341 37.067966 -0.075380
v -70.091011 37.070850 -0.079141
v -70.130234 37.073025 -0.082965
v -70.539719 37.067966 0.074097
v -70.495049 37.070850 0.077858
v -70.455826 37.073025 0.081678
v -70.570686 37.049633 0.348913
v -70.469742 37.067448 0.234228
v -69.731743 37.034710 0.041022
v -69.752495 37.040005 0.030091
v -70.820686 37.038670 0.125130
v -70.787140 37.046200 0.088473
v -70.168106 37.038670 -0.528551
v -70.204361 37.046200 -0.494913
v -69.784019 37.039570 -0.028268
v -69.793976 37.041004 -0.037307
v -69.809906 37.043194 -0.045682
v -70.802040 37.039570 0.026988
v -70.792084 37.041004 0.036021
v -70.776146 37.043194 0.044396
v -70.283928 37.038143 -0.518856
v -70.293053 37.037975 -0.519962
v -70.302177 37.038143 -0.518844
v -70.366074 37.067226 -0.297509
v -70.371185 37.068134 -0.303761
v -70.381836 37.067089 -0.315983
v -70.219986 37.067226 0.296225
v -70.214890 37.068134 0.302487
v -70.204269 37.067089 0.314715
v -70.589897 37.067226 0.072398
v -70.596161 37.068134 0.077500
v -70.608391 37.067089 0.088122
v -70.589912 37.067226 -0.073663
v -70.596199 37.068134 -0.078739
v -70.608452 37.067089 -0.089301
v -70.347237 37.048779 0.461521
v -70.350830 37.049709 0.465926
v -70.357178 37.049397 0.472420
v -70.854439 37.034687 -0.041948
v -70.833656 37.040005 -0.031153
v -70.811111 37.040981 0.018635
v -70.815437 37.041912 0.020154
v -70.820694 37.041813 0.022491
v -70.088692 37.045773 -0.445847
v -70.158165 37.059673 -0.367502
v -70.634514 37.059841 0.066619
v -70.679482 37.055019 0.062504
v -70.719574 37.050350 0.057652
v -70.225769 37.059841 0.340842
v -70.229889 37.055019 0.385808
v -70.234734 37.050350 0.425895
v -70.642632 37.049633 -0.278179
v -70.527931 37.067471 -0.177289
v -70.335548 37.034710 -0.561825
v -70.324249 37.040028 -0.541095
v -70.351334 37.050350 -0.427178
v -70.356178 37.055019 -0.387088
v -70.360291 37.059841 -0.342123
v -70.210716 37.073025 -0.163446
v -70.214539 37.070850 -0.202666
v -70.218300 37.067966 -0.247333
v -69.765381 37.038670 -0.126428
v -69.798927 37.046200 -0.089762
v -70.820969 37.038670 -0.125484
v -70.787323 37.046200 -0.089265
v -70.334694 37.034710 0.560643
v -70.323761 37.040005 0.539892
v -69.848152 37.045795 -0.205688
v -69.926338 37.059673 -0.135861
v -69.977676 37.067089 -0.089411
v -69.989906 37.068134 -0.078783
v -69.996162 37.067226 -0.073681
v -70.316032 37.041813 0.527044
v -70.313751 37.041889 0.521781
v -70.312271 37.040981 0.517451
v -70.766144 37.049397 -0.064711
v -70.759628 37.049709 -0.058396
v -70.755211 37.048779 -0.054828
v -69.820015 37.049397 -0.064866
v -69.826492 37.049709 -0.058467
v -69.830887 37.048779 -0.054861
v -70.316223 37.041813 -0.528274
v -70.313858 37.041912 -0.523029
v -70.312325 37.040981 -0.518713
v -70.451843 37.077480 -0.110377
v -70.435043 37.078915 -0.095681
v -70.427429 37.077908 -0.089089
v -70.204361 37.067089 -0.316058
v -70.214928 37.068134 -0.303800
v -70.220009 37.067226 -0.297526
v -70.833549 37.040005 0.030430
v -70.854309 37.034710 0.041630
v -70.820763 37.041813 -0.023554
v -70.815483 37.041889 -0.021313
v -70.811150 37.040981 -0.019852
v -70.381920 37.046200 0.493543
v -70.418350 37.038670 0.527143
v -70.659904 37.059673 -0.135467
v -70.738258 37.045773 -0.204910
v -70.659721 37.059673 0.134569
v -70.737915 37.045795 0.204383
v -70.157814 37.059673 0.366046
v -70.087990 37.045795 0.444236
v -70.428375 37.059673 -0.367288
v -70.498306 37.045773 -0.445447
v -70.228951 37.049397 -0.473742
v -70.235275 37.049709 -0.467236
v -70.238846 37.048779 -0.462816
v -70.766052 37.049397 0.063579
v -70.759575 37.049709 0.057184
v -70.755180 37.048779 0.053575
v -69.765343 37.041813 0.022360
v -69.770599 37.041889 0.020077
v -69.774933 37.040981 0.018596
v -70.402786 37.077480 0.158163
v -70.388077 37.078915 0.141360
v -70.381477 37.077908 0.133752
v -70.402847 37.077480 -0.159399
v -70.388107 37.078915 -0.142626
v -70.381485 37.077908 -0.135032
v -70.269920 37.041813 0.527017
v -70.272247 37.041912 0.521763
v -70.273758 37.040981 0.517439
v -69.752541 37.040028 -0.031648
v -69.731789 37.034710 -0.042806
v -70.116127 37.067471 0.234076
v -70.014969 37.049633 0.348576
v -70.357315 37.049419 -0.473622
v -70.350883 37.049709 -0.467161
v -70.347260 37.048779 -0.462774
v -70.116371 37.067471 -0.235532
v -70.015465 37.049633 -0.350229
v -70.058327 37.067471 -0.177548
v -69.943817 37.049633 -0.278709
v -70.451790 37.077480 0.109162
v -70.435013 37.078915 0.094422
v -70.427422 37.077908 0.087812
v -69.798843 37.046200 0.088253
v -69.765251 37.038670 0.124683
v -70.203911 37.046200 0.493460
v -70.167244 37.038670 0.526997
v -70.270126 37.041813 -0.528360
v -70.272362 37.041889 -0.523088
v -70.273827 37.040981 -0.518752
v -69.926224 37.059673 0.134369
v -69.847916 37.045773 0.203966
v -70.134232 37.077480 0.109108
v -70.151024 37.078915 0.094404
v -70.158630 37.077908 0.087806
v -70.428047 37.059673 0.366162
v -70.497643 37.045773 0.444471
v -69.869789 36.747509 0.006806
v -69.944649 36.747509 0.046968
v -69.977402 36.747509 0.050928
v -70.014122 36.747509 0.054290
v -70.256248 36.747509 0.393938
v -70.263084 36.747509 0.406953
v -70.270470 36.747509 0.415089
v -70.270485 36.747509 -0.416390
v -70.263100 36.747509 -0.408254
v -70.256256 36.747509 -0.395239
v -69.877289 36.747509 0.021913
v -69.885422 36.747509 0.029292
v -69.898438 36.747509 0.036134
v -70.218956 36.747509 0.089820
v -70.213013 36.747509 0.079372
v -70.202568 36.747509 0.073429
v -70.202576 36.747509 -0.074712
v -70.213020 36.747509 -0.080658
v -70.218964 36.747509 -0.091107
v -70.383492 36.747509 0.073429
v -70.373039 36.747509 0.079372
v -70.367104 36.747509 0.089820
v -70.307999 36.747509 0.419884
v -70.052849 36.747509 0.057360
v -70.351036 36.747509 0.239541
v -70.235031 36.747509 -0.240830
v -70.400658 36.747509 -0.071065
v -70.713554 36.747509 0.014343
v -70.308029 36.747509 -0.421158
v -70.713562 36.747509 -0.015596
v -69.917870 36.747509 -0.043393
v -70.335770 36.747509 0.374522
v -70.668205 36.747509 -0.043384
v -70.052849 36.747509 -0.058649
v -70.533226 36.747509 -0.058643
v -70.533211 36.747509 0.057366
v -70.235031 36.747509 0.239535
v -70.351044 36.747509 -0.240822
v -70.668190 36.747509 0.042110
v -70.278053 36.747509 0.419881
v -70.250282 36.747509 0.374516
v -70.250290 36.747509 -0.375814
v -70.278076 36.747509 -0.421176
v -70.335785 36.747509 -0.375793
v -69.917862 36.747509 0.042104
v -69.872505 36.747509 0.014325
v -69.872513 36.747509 -0.015623
v -70.222603 36.747509 0.106981
v -70.185410 36.747509 0.069781
v -70.185410 36.747509 -0.071070
v -70.222603 36.747509 -0.108267
v -70.363457 36.747509 -0.108264
v -70.400650 36.747509 0.069787
v -70.363457 36.747509 0.106984
v -69.550407 36.879642 -0.187198
v -69.542145 36.879429 -0.150535
v -69.535698 36.879215 -0.113509
v -69.678329 36.880810 -0.457186
v -69.656670 36.880741 -0.426475
v -69.636543 36.880665 -0.394739
v -69.793892 37.014683 -0.368209
v -69.775520 37.014561 -0.342570
v -69.758301 37.014370 -0.316072
v -69.827362 37.027271 -0.340805
v -69.808464 37.027035 -0.316856
v -69.790375 37.026699 -0.292114
v -70.181198 36.879215 -0.758127
v -70.144165 36.879429 -0.751726
v -70.107491 36.879642 -0.743518
v -69.899834 36.880665 -0.657670
v -69.868073 36.880741 -0.637583
v -69.837326 36.880810 -0.615967
v -69.978470 37.014347 -0.535847
v -69.951920 37.014561 -0.518657
v -69.926231 37.014683 -0.500307
v -70.002403 37.026699 -0.503747
v -69.977608 37.027035 -0.485677
v -69.953598 37.027271 -0.466810
v -69.779205 36.880878 -0.568334
v -69.751976 36.880878 -0.542439
v -69.726036 36.880878 -0.515238
v -69.877892 37.014828 -0.460435
v -69.855331 37.014851 -0.438968
v -69.833832 37.014828 -0.416456
v -69.908432 37.027531 -0.427456
v -69.887245 37.027554 -0.407017
v -69.866768 37.027531 -0.385866
v -69.601074 36.880428 -0.328494
v -69.585823 36.880260 -0.294144
v -69.572273 36.880093 -0.259090
v -69.727669 37.013752 -0.260971
v -69.714409 37.013325 -0.232623
v -69.702629 37.012844 -0.203923
v -69.757408 37.025646 -0.240768
v -69.742943 37.024982 -0.214420
v -69.730080 37.024265 -0.187788
v -70.035576 36.880070 -0.721753
v -70.000496 36.880260 -0.708250
v -69.966125 36.880428 -0.693045
v -71.035904 36.879642 -0.186185
v -71.044113 36.879429 -0.149510
v -71.050514 36.879215 -0.112475
v -70.759209 37.027271 -0.340036
v -70.778076 37.027035 -0.316022
v -70.796150 37.026699 -0.291211
v -70.792709 37.014683 -0.367416
v -70.811050 37.014561 -0.341717
v -70.828247 37.014347 -0.315157
v -70.908356 36.880810 -0.456346
v -70.929977 36.880741 -0.425605
v -70.950058 36.880665 -0.393836
v -70.148735 37.011753 -0.610147
v -70.160561 37.022785 -0.584061
v -70.177795 37.011227 -0.617103
v -70.187370 37.022144 -0.591276
v -70.206848 37.010746 -0.622470
v -70.214111 37.021595 -0.596730
v -70.405899 36.879215 -0.757972
v -70.442932 36.879429 -0.751520
v -70.479584 36.879642 -0.743262
v -70.584702 37.026699 -0.503240
v -70.609398 37.027035 -0.485156
v -70.633308 37.027271 -0.466276
v -70.608604 37.014347 -0.535325
v -70.635078 37.014561 -0.518120
v -70.660683 37.014683 -0.499750
v -70.687126 36.880665 -0.657130
v -70.718864 36.880741 -0.637005
v -70.749573 36.880810 -0.615344
v -70.678307 37.027531 -0.426880
v -70.699440 37.027554 -0.406409
v -70.719872 37.027531 -0.385217
v -70.708885 37.014828 -0.459824
v -70.731384 37.014851 -0.438324
v -70.752846 37.014828 -0.415767
v -70.807625 36.880878 -0.567631
v -70.834831 36.880878 -0.541700
v -70.860725 36.880878 -0.514463
v -70.829079 37.025646 -0.239734
v -70.843513 37.024982 -0.213332
v -70.856354 37.024242 -0.186662
v -70.858833 37.013729 -0.259946
v -70.872055 37.013302 -0.231553
v -70.883804 37.012821 -0.202821
v -70.985435 36.880428 -0.327546
v -71.000641 36.880260 -0.293175
v -71.014145 36.880070 -0.258104
v -70.551483 36.880093 -0.721402
v -70.586525 36.880260 -0.707851
v -70.620888 36.880428 -0.692598
v -70.213043 37.021618 0.595265
v -70.186295 37.022167 0.589763
v -70.159492 37.022816 0.582503
v -70.205772 37.010769 0.621014
v -70.176720 37.011250 0.615596
v -70.147675 37.011776 0.608598
v -69.550156 36.879642 0.184902
v -69.541954 36.879429 0.148227
v -69.535545 36.879215 0.111189
v -69.826912 37.027271 0.338923
v -69.808052 37.027035 0.314959
v -69.789993 37.026699 0.290205
v -69.793396 37.014683 0.366261
v -69.775055 37.014561 0.340607
v -69.757881 37.014347 0.314092
v -69.677704 36.880810 0.455060
v -69.656090 36.880741 0.424316
v -69.636002 36.880665 0.392552
v -70.180161 36.879215 0.756686
v -70.143135 36.879429 0.750234
v -70.106476 36.879642 0.741979
v -70.001556 37.026699 0.502016
v -69.976814 37.027035 0.483923
v -69.952873 37.027271 0.465032
v -69.977600 37.014370 0.534090
v -69.951103 37.014561 0.516873
v -69.925468 37.014683 0.498497
v -69.898933 36.880665 0.655847
v -69.867203 36.880741 0.635718
v -69.836487 36.880810 0.614058
v -69.907814 37.027531 0.425642
v -69.886665 37.027554 0.405183
v -69.866234 37.027531 0.384011
v -69.877228 37.014828 0.458570
v -69.854713 37.014851 0.437083
v -69.833260 37.014828 0.414546
v -69.778435 36.880878 0.566351
v -69.751228 36.880878 0.540414
v -69.725334 36.880878 0.513177
v -69.757111 37.025646 0.238838
v -69.742676 37.024982 0.212478
v -69.729851 37.024265 0.185837
v -69.727325 37.013729 0.258963
v -69.714104 37.013302 0.230607
v -69.702362 37.012821 0.201895
v -69.600624 36.880428 0.326260
v -69.585419 36.880260 0.291892
v -69.571922 36.880070 0.256821
v -70.034584 36.880093 0.720119
v -69.999527 36.880260 0.706568
v -69.965179 36.880428 0.691312
v -71.035652 36.879642 0.185915
v -71.043907 36.879429 0.149252
v -71.050362 36.879215 0.112229
v -70.902565 37.011753 -0.144873
v -70.876480 37.022785 -0.133041
v -70.909523 37.011204 -0.115834
v -70.883698 37.022144 -0.106255
v -70.914886 37.010746 -0.086812
v -70.889160 37.021595 -0.079540
v -70.907730 36.880810 0.455903
v -70.929382 36.880741 0.425189
v -70.949524 36.880665 0.393452
v -70.792168 37.014683 0.366916
v -70.810547 37.014561 0.341274
v -70.827766 37.014370 0.314777
v -70.758705 37.027271 0.339513
v -70.777603 37.027035 0.315558
v -70.795692 37.026699 0.290813
v -70.404861 36.879215 0.756841
v -70.441895 36.879429 0.750443
v -70.478569 36.879642 0.742232
v -69.683609 37.011776 0.143947
v -69.709717 37.022785 0.132214
v -69.676643 37.011227 0.114887
v -69.702499 37.022167 0.105398
v -69.671265 37.010769 0.085827
v -69.697021 37.021595 0.078644
v -70.686226 36.880665 0.656383
v -70.717995 36.880741 0.636303
v -70.748734 36.880810 0.614678
v -70.607765 37.014347 0.534510
v -70.634277 37.014561 0.517329
v -70.659927 37.014683 0.498991
v -70.583885 37.026699 0.502395
v -70.608635 37.027035 0.484338
v -70.632599 37.027271 0.465482
v -70.806854 36.880878 0.567051
v -70.834084 36.880878 0.541153
v -70.860016 36.880878 0.513955
v -70.708221 37.014828 0.459134
v -70.730759 37.014851 0.437673
v -70.752243 37.014828 0.415160
v -70.677689 37.027531 0.426151
v -70.698860 37.027554 0.405716
v -70.719315 37.027531 0.384574
v -70.984993 36.880428 0.327208
v -71.000237 36.880260 0.292858
v -71.013794 36.880093 0.257807
v -70.858406 37.013752 0.259670
v -70.871658 37.013325 0.231325
v -70.883446 37.012844 0.202622
v -70.828651 37.025646 0.239464
v -70.843117 37.024982 0.213113
v -70.855988 37.024265 0.186487
v -70.550491 36.880070 0.720473
v -70.585564 36.880260 0.706967
v -70.619934 36.880428 0.691762
v -70.267273 37.020931 -0.602786
v -70.293724 37.020855 -0.603507
v -70.320175 37.020954 -0.602699
v -70.264786 37.010174 -0.628541
v -70.293694 37.010105 -0.629268
v -70.322586 37.010197 -0.628463
v -70.255981 36.878971 -0.765441
v -70.293556 36.878925 -0.766335
v -70.331131 36.878971 -0.765390
v -70.254936 36.878971 0.764104
v -70.292511 36.878925 0.765052
v -70.330078 36.878971 0.764155
v -70.263725 37.010197 0.627192
v -70.292633 37.010105 0.627976
v -70.321541 37.010174 0.627228
v -70.266212 37.020954 0.601431
v -70.292671 37.020878 0.602212
v -70.319130 37.020954 0.601467
v -70.362305 37.062649 -0.344909
v -70.367050 37.063557 -0.350616
v -70.376633 37.062702 -0.361190
v -70.358170 37.057743 -0.389860
v -70.362564 37.058643 -0.395040
v -70.371078 37.058002 -0.404013
v -70.353287 37.052921 -0.429950
v -70.357307 37.053875 -0.434671
v -70.364761 37.053402 -0.442232
v -70.031250 37.066273 -0.167377
v -69.921677 37.049084 -0.261287
v -69.998978 37.064632 -0.157017
v -69.897758 37.048275 -0.243238
v -69.963364 37.062435 -0.146500
v -69.872955 37.047176 -0.224672
v -70.126297 37.066273 0.261136
v -70.032387 37.049084 0.370719
v -70.136658 37.064632 0.293418
v -70.050430 37.048275 0.394627
v -70.147171 37.062435 0.329020
v -70.069000 37.047176 0.419431
v -70.696335 37.056355 0.123789
v -70.761856 37.044102 0.185066
v -70.730850 37.052784 0.112685
v -70.784142 37.042240 0.165420
v -70.761665 37.049297 0.100993
v -70.804008 37.040386 0.145449
v -70.479996 37.068134 0.213661
v -70.587555 37.049969 0.329169
v -70.491867 37.068371 0.198366
v -70.604538 37.050091 0.311240
v -70.507164 37.068134 0.186508
v -70.622490 37.049969 0.294264
v -70.438683 37.062435 0.329145
v -70.516632 37.047176 0.419696
v -70.449203 37.064632 0.293555
v -70.535202 37.048252 0.394919
v -70.459572 37.066273 0.261285
v -70.553253 37.049061 0.371029
v -70.622871 37.062435 -0.146143
v -70.713455 37.047176 -0.223959
v -70.587265 37.064632 -0.156696
v -70.688667 37.048275 -0.242589
v -70.554993 37.066273 -0.167088
v -70.664757 37.049084 -0.260700
v -70.217438 37.043819 0.512447
v -70.187897 37.037258 0.539937
v -70.231796 37.042049 0.525700
v -70.208786 37.036137 0.549479
v -70.246742 37.040813 0.534426
v -70.229820 37.035305 0.556179
v -69.963242 37.062435 0.145014
v -69.872688 37.047176 0.222959
v -69.998833 37.064632 0.155529
v -69.897461 37.048252 0.241532
v -70.031105 37.066273 0.165894
v -69.921356 37.049061 0.259586
v -70.168587 37.056355 0.402658
v -70.107307 37.044102 0.468173
v -70.179688 37.052784 0.437175
v -70.126945 37.042240 0.490456
v -70.191391 37.049297 0.467985
v -70.146927 37.040386 0.510325
v -71.057831 36.878971 -0.037692
v -71.058723 36.878925 -0.000117
v -71.057777 36.878971 0.037452
v -70.895233 37.020931 -0.026465
v -70.895958 37.020855 -0.000069
v -70.895164 37.020931 0.026329
v -70.920967 37.010151 -0.028936
v -70.921700 37.010105 -0.000078
v -70.920914 37.010174 0.028779
v -69.665192 37.010197 -0.029946
v -69.664406 37.010105 -0.001041
v -69.665161 37.010174 0.027864
v -69.690948 37.020954 -0.027458
v -69.690170 37.020878 -0.001002
v -69.690926 37.020954 0.025459
v -69.528282 36.878971 -0.038735
v -69.527344 36.878925 -0.001166
v -69.528229 36.878971 0.036406
v -69.749367 37.039547 0.014677
v -69.748337 37.039379 -0.000782
v -69.749397 37.039547 -0.016237
v -69.729172 37.034374 0.020035
v -69.728317 37.034229 -0.000898
v -69.729195 37.034374 -0.021831
v -70.836761 37.039524 -0.015775
v -70.837776 37.039379 -0.000358
v -70.836700 37.039547 0.015058
v -70.856987 37.034328 -0.021026
v -70.857826 37.034229 -0.000159
v -70.856926 37.034351 0.020709
v -70.247238 37.040813 -0.535838
v -70.230705 37.035282 -0.557629
v -70.232277 37.042027 -0.527129
v -70.209679 37.036114 -0.550971
v -70.217903 37.043797 -0.513894
v -70.188774 37.037235 -0.541464
v -69.779938 37.043819 -0.076238
v -69.752441 37.037258 -0.105772
v -69.766693 37.042049 -0.061876
v -69.742905 37.036137 -0.084881
v -69.757965 37.040813 -0.046931
v -69.736214 37.035305 -0.063852
v -69.771347 37.042721 0.033703
v -69.781319 37.044201 0.044580
v -69.796967 37.046345 0.054636
v -69.776634 37.042812 0.030353
v -69.786751 37.044315 0.040217
v -69.802765 37.046535 0.049277
v -69.780891 37.041912 0.028237
v -69.790970 37.043385 0.037547
v -69.807007 37.045605 0.046121
v -70.653671 37.062702 -0.084085
v -70.643066 37.063557 -0.074599
v -70.637321 37.062649 -0.069890
v -70.696503 37.057980 -0.078509
v -70.687485 37.058643 -0.070099
v -70.682281 37.057720 -0.065754
v -70.734734 37.053402 -0.072179
v -70.727127 37.053852 -0.064830
v -70.722382 37.052921 -0.060863
v -70.209579 37.062702 -0.361280
v -70.219063 37.063557 -0.350664
v -70.223778 37.062649 -0.344933
v -70.215157 37.057980 -0.404111
v -70.223572 37.058643 -0.395096
v -70.227921 37.057743 -0.389890
v -70.221481 37.053402 -0.442342
v -70.228836 37.053852 -0.434736
v -70.232811 37.052921 -0.429986
v -70.281624 37.041264 -0.531773
v -70.282738 37.041340 -0.526513
v -70.283470 37.040432 -0.522132
v -70.293175 37.041096 -0.532893
v -70.293121 37.041172 -0.527639
v -70.293083 37.040264 -0.523252
v -70.304726 37.041264 -0.531725
v -70.303497 37.041340 -0.526480
v -70.302689 37.040432 -0.522111
v -70.459824 37.066273 -0.262395
v -70.553795 37.049061 -0.371961
v -70.449486 37.064632 -0.294671
v -70.535782 37.048252 -0.395865
v -70.438995 37.062435 -0.330267
v -70.517258 37.047176 -0.420655
v -70.177368 37.078388 0.136965
v -70.193031 37.079868 0.120168
v -70.200012 37.078861 0.112643
v -70.168922 37.078724 0.123417
v -70.185326 37.080196 0.107046
v -70.192635 37.079197 0.099745
v -70.155373 37.078388 0.114968
v -70.172203 37.079868 0.099339
v -70.179741 37.078861 0.092365
v -70.814766 37.042721 -0.034890
v -70.804794 37.044201 -0.045771
v -70.789146 37.046345 -0.055830
v -70.809464 37.042812 -0.031588
v -70.799339 37.044315 -0.041453
v -70.783340 37.046535 -0.050516
v -70.805183 37.041912 -0.029496
v -70.795113 37.043385 -0.038806
v -70.779076 37.045605 -0.047384
v -70.554810 37.066273 0.166087
v -70.664398 37.049084 0.259989
v -70.587097 37.064632 0.155731
v -70.688301 37.048275 0.241940
v -70.622696 37.062435 0.145208
v -70.713112 37.047176 0.223376
v -70.376534 37.062702 0.359966
v -70.367020 37.063557 0.349369
v -70.362282 37.062649 0.343641
v -70.370972 37.057980 0.402792
v -70.362518 37.058643 0.393792
v -70.358154 37.057743 0.388595
v -70.364647 37.053402 0.441017
v -70.357254 37.053852 0.433426
v -70.353264 37.052921 0.428691
v -69.932419 37.062702 0.082859
v -69.943016 37.063557 0.073340
v -69.948746 37.062649 0.068613
v -69.889595 37.057980 0.077291
v -69.898598 37.058643 0.068845
v -69.903793 37.057743 0.064479
v -69.851372 37.053402 0.070973
v -69.858955 37.053852 0.063582
v -69.863693 37.052921 0.059595
v -70.806129 37.043819 0.074955
v -70.833633 37.037258 0.104495
v -70.819382 37.042049 0.060608
v -70.843170 37.036137 0.083621
v -70.828110 37.040813 0.045683
v -70.849884 37.035305 0.062629
v -70.281418 37.041264 0.530454
v -70.292969 37.041096 0.531607
v -70.304535 37.041264 0.530469
v -70.282616 37.041340 0.525203
v -70.292999 37.041172 0.526353
v -70.303375 37.041340 0.525211
v -70.283409 37.040432 0.520833
v -70.293015 37.040264 0.521966
v -70.302628 37.040432 0.520836
v -69.709885 37.022816 -0.134186
v -69.683792 37.011776 -0.145999
v -69.702621 37.022167 -0.107382
v -69.676788 37.011250 -0.116948
v -69.697121 37.021618 -0.080631
v -69.671371 37.010769 -0.087897
v -70.437614 37.011776 0.608780
v -70.425888 37.022785 0.582667
v -70.408562 37.011227 0.615742
v -70.399071 37.022167 0.589894
v -70.379494 37.010769 0.621121
v -70.372314 37.021595 0.595360
v -70.089752 37.012844 0.589763
v -70.105881 37.024265 0.562303
v -70.061050 37.013325 0.577979
v -70.079254 37.024982 0.549438
v -70.032707 37.013752 0.564723
v -70.052902 37.025646 0.534975
v -70.327553 37.042744 -0.522260
v -70.324127 37.042843 -0.516991
v -70.321960 37.041912 -0.512747
v -70.338409 37.044201 -0.512273
v -70.333977 37.044338 -0.506867
v -70.331268 37.043385 -0.502674
v -70.348457 37.046368 -0.496624
v -70.343025 37.046558 -0.490860
v -70.339828 37.045628 -0.486634
v -70.479515 37.024265 0.562536
v -70.495567 37.012821 0.590026
v -70.506149 37.024982 0.549709
v -70.524277 37.013302 0.578283
v -70.532516 37.025646 0.535282
v -70.552635 37.013729 0.565063
v -70.507362 37.068134 -0.187565
v -70.622887 37.049969 -0.295077
v -70.492065 37.068371 -0.199441
v -70.604958 37.050091 -0.312088
v -70.480217 37.068134 -0.214753
v -70.588005 37.049969 -0.330053
v -70.876198 37.022816 0.132903
v -70.902283 37.011776 0.144716
v -70.883461 37.022167 0.106122
v -70.909286 37.011250 0.115686
v -70.888969 37.021618 0.079407
v -70.914711 37.010769 0.086658
v -70.373360 37.021641 -0.596488
v -70.400108 37.022167 -0.590969
v -70.426910 37.022839 -0.583697
v -70.380539 37.010769 -0.622252
v -70.409599 37.011250 -0.616820
v -70.438652 37.011776 -0.609813
v -70.106926 37.024242 -0.563932
v -70.090782 37.012821 -0.591395
v -70.080261 37.024982 -0.551099
v -70.062057 37.013302 -0.579647
v -70.053864 37.025646 -0.536660
v -70.033669 37.013729 -0.566421
v -69.889732 37.056355 -0.125090
v -69.824211 37.044102 -0.186370
v -69.855217 37.052784 -0.113980
v -69.801926 37.042240 -0.166724
v -69.824402 37.049297 -0.102288
v -69.782059 37.040386 -0.146750
v -70.496559 37.012844 -0.590972
v -70.480492 37.024265 -0.563494
v -70.525246 37.013325 -0.579194
v -70.507095 37.024982 -0.550635
v -70.553566 37.013752 -0.565944
v -70.533417 37.025646 -0.536177
v -70.155426 37.078388 -0.116304
v -70.172226 37.079868 -0.100646
v -70.179741 37.078861 -0.093655
v -70.168976 37.078724 -0.124756
v -70.185349 37.080196 -0.108353
v -70.192642 37.079197 -0.101040
v -70.177429 37.078388 -0.138302
v -70.193047 37.079868 -0.121475
v -70.200027 37.078861 -0.113932
v -70.147499 37.062435 -0.330476
v -70.069656 37.047176 -0.421051
v -70.136955 37.064632 -0.294874
v -70.051041 37.048275 -0.396261
v -70.126564 37.066273 -0.262595
v -70.032936 37.049084 -0.372357
v -70.327370 37.042721 0.521045
v -70.338249 37.044201 0.511064
v -70.348305 37.046345 0.495421
v -70.324028 37.042812 0.515755
v -70.333885 37.044315 0.505637
v -70.342949 37.046535 0.489627
v -70.321907 37.041912 0.511496
v -70.331215 37.043385 0.501423
v -70.339798 37.045605 0.485381
v -70.127533 37.076336 -0.085110
v -70.120064 37.077290 -0.091336
v -70.103859 37.075909 -0.105090
v -70.088264 37.074047 -0.081230
v -70.081078 37.075001 -0.087074
v -70.065910 37.073711 -0.099809
v -70.043556 37.071041 -0.077427
v -70.036797 37.071949 -0.082896
v -70.022995 37.070782 -0.094585
v -70.208565 37.076336 0.164857
v -70.202332 37.077290 0.172325
v -70.188583 37.075909 0.188526
v -70.212440 37.074047 0.204130
v -70.206596 37.075001 0.211307
v -70.193863 37.073711 0.226479
v -70.216248 37.071041 0.248828
v -70.210777 37.071949 0.255593
v -70.199089 37.070782 0.269397
v -70.637306 37.062649 0.068622
v -70.643028 37.063557 0.073364
v -70.653610 37.062702 0.082915
v -70.682259 37.057743 0.064488
v -70.687439 37.058643 0.068869
v -70.696434 37.058002 0.077351
v -70.722351 37.052921 0.059607
v -70.727074 37.053875 0.063609
v -70.734650 37.053402 0.071036
v -70.386032 37.078861 0.112646
v -70.393013 37.079868 0.120189
v -70.408646 37.078388 0.137009
v -70.393417 37.079197 0.099750
v -70.400726 37.080196 0.107064
v -70.417091 37.078724 0.123467
v -70.406311 37.078861 0.092371
v -70.413841 37.079868 0.099360
v -70.430641 37.078388 0.115015
v -70.369812 37.071041 0.248837
v -70.375259 37.071949 0.255611
v -70.386917 37.070782 0.269433
v -70.373611 37.074047 0.204136
v -70.379440 37.075001 0.211324
v -70.392136 37.073711 0.226515
v -70.377495 37.076336 0.164857
v -70.383705 37.077290 0.172343
v -70.397423 37.075909 0.188567
v -70.542519 37.071041 -0.077412
v -70.549294 37.071949 -0.082860
v -70.563126 37.070782 -0.094489
v -70.497810 37.074047 -0.081215
v -70.505005 37.075001 -0.087039
v -70.520203 37.073711 -0.099722
v -70.458534 37.076336 -0.085101
v -70.466019 37.077290 -0.091306
v -70.482254 37.075909 -0.105015
v -70.246254 37.045605 0.485366
v -70.243073 37.046558 0.489601
v -70.237671 37.046368 0.495376
v -70.254814 37.043385 0.501405
v -70.252121 37.044338 0.505610
v -70.247719 37.044201 0.511029
v -70.264130 37.041912 0.511482
v -70.261978 37.042843 0.515728
v -70.258591 37.042721 0.521009
v -70.043556 37.071041 0.076135
v -70.036774 37.071949 0.081589
v -70.022957 37.070782 0.093245
v -70.088249 37.074047 0.079938
v -70.081070 37.075001 0.085767
v -70.065872 37.073711 0.098469
v -70.127525 37.076336 0.083818
v -70.120049 37.077290 0.090032
v -70.103821 37.075909 0.103756
v -70.223763 37.062649 0.343632
v -70.219025 37.063557 0.349348
v -70.209473 37.062702 0.359931
v -70.227898 37.057743 0.388583
v -70.223518 37.058643 0.393768
v -70.215034 37.058002 0.402757
v -70.232780 37.052921 0.428679
v -70.228775 37.053875 0.433405
v -70.221352 37.053402 0.440978
v -69.771545 37.040432 0.008949
v -69.770424 37.040264 -0.000660
v -69.771553 37.040432 -0.010268
v -69.767174 37.041340 0.009709
v -69.766037 37.041172 -0.000677
v -69.767181 37.041340 -0.011061
v -69.761925 37.041264 0.010856
v -69.760780 37.041096 -0.000698
v -69.761940 37.041264 -0.012253
v -70.814529 37.040432 -0.010208
v -70.815651 37.040264 -0.000606
v -70.814507 37.040432 0.008999
v -70.818916 37.041340 -0.010950
v -70.820038 37.041149 -0.000573
v -70.818886 37.041340 0.009798
v -70.824181 37.041241 -0.012062
v -70.825302 37.041096 -0.000525
v -70.824142 37.041264 0.011011
v -70.264183 37.041912 -0.512794
v -70.262085 37.042812 -0.517068
v -70.258781 37.042721 -0.522370
v -70.254868 37.043385 -0.502724
v -70.252220 37.044315 -0.506950
v -70.247887 37.044201 -0.512395
v -70.246284 37.045605 -0.486682
v -70.243149 37.046535 -0.490940
v -70.237831 37.046345 -0.496749
v -69.807022 37.045605 -0.047425
v -69.802788 37.046558 -0.050602
v -69.797012 37.046368 -0.055996
v -69.790985 37.043385 -0.038854
v -69.786781 37.044338 -0.041548
v -69.781364 37.044201 -0.045953
v -69.780914 37.041912 -0.029550
v -69.776665 37.042843 -0.031696
v -69.771378 37.042721 -0.035084
v -69.736137 37.035282 0.062074
v -69.742813 37.036137 0.083109
v -69.752327 37.037235 0.104018
v -69.757904 37.040813 0.045385
v -69.766617 37.042049 0.060340
v -69.779861 37.043819 0.074717
v -70.762184 37.044102 -0.185535
v -70.696518 37.056355 -0.124664
v -70.784462 37.042240 -0.165842
v -70.731041 37.052784 -0.113527
v -70.804314 37.040386 -0.145827
v -70.761848 37.049297 -0.101809
v -70.108063 37.044102 -0.469772
v -70.168968 37.056355 -0.404114
v -70.127747 37.042240 -0.492046
v -70.180099 37.052784 -0.438634
v -70.147751 37.040386 -0.511894
v -70.191811 37.049297 -0.469441
v -70.272713 37.034351 -0.564543
v -70.277946 37.039524 -0.544331
v -70.293640 37.034229 -0.565360
v -70.293396 37.039379 -0.545339
v -70.314568 37.034374 -0.564454
v -70.308846 37.039547 -0.544254
v -70.377502 37.076336 -0.166140
v -70.383736 37.077290 -0.173608
v -70.397491 37.075909 -0.189806
v -70.373619 37.074047 -0.205410
v -70.379471 37.075001 -0.212590
v -70.392220 37.073711 -0.227750
v -70.369820 37.071041 -0.250111
v -70.375298 37.071949 -0.256870
v -70.387001 37.070782 -0.270669
v -69.998116 37.049969 0.328814
v -70.105873 37.068134 0.213494
v -69.981148 37.050091 0.310861
v -70.094025 37.068371 0.198188
v -69.963211 37.049969 0.293880
v -70.078728 37.068134 0.186326
v -70.850067 37.035282 -0.062949
v -70.843399 37.036114 -0.083945
v -70.833885 37.037235 -0.104831
v -70.828255 37.040813 -0.046424
v -70.819550 37.042027 -0.061361
v -70.806305 37.043797 -0.075726
v -70.458527 37.076336 0.083827
v -70.466003 37.077290 0.090053
v -70.482193 37.075909 0.103804
v -70.497803 37.074047 0.079944
v -70.504982 37.075001 0.085791
v -70.520149 37.073711 0.098523
v -70.542503 37.071041 0.076141
v -70.549263 37.071949 0.081613
v -70.563065 37.070782 0.093298
v -70.478317 37.044102 0.468390
v -70.417259 37.056355 0.402769
v -70.458672 37.042240 0.490647
v -70.406158 37.052784 0.437274
v -70.438683 37.040386 0.510489
v -70.394455 37.049297 0.468077
v -69.824005 37.044102 0.184645
v -69.889626 37.056355 0.123592
v -69.801735 37.042240 0.164994
v -69.855110 37.052784 0.112482
v -69.781898 37.040386 0.145014
v -69.824310 37.049297 0.100785
v -70.779037 37.045605 0.046142
v -70.783272 37.046558 0.049319
v -70.789055 37.046368 0.054716
v -70.795082 37.043385 0.037574
v -70.799278 37.044338 0.040268
v -70.804703 37.044201 0.044676
v -70.805145 37.041912 0.028270
v -70.809402 37.042843 0.030421
v -70.814682 37.042721 0.033816
v -70.271843 37.034374 0.563195
v -70.292778 37.034229 0.564065
v -70.313713 37.034374 0.563221
v -70.277435 37.039547 0.542994
v -70.292892 37.039379 0.544047
v -70.308350 37.039547 0.543012
v -70.356583 37.035328 -0.557385
v -70.339523 37.040836 -0.535653
v -70.377617 37.036137 -0.550673
v -70.354477 37.042049 -0.526915
v -70.398514 37.037281 -0.541125
v -70.368828 37.043819 -0.513659
v -70.406319 37.078861 -0.093649
v -70.413864 37.079868 -0.100622
v -70.430695 37.078388 -0.116242
v -70.393425 37.079197 -0.101028
v -70.400742 37.080196 -0.108329
v -70.417152 37.078724 -0.124697
v -70.386047 37.078861 -0.113926
v -70.393036 37.079868 -0.121451
v -70.408699 37.078388 -0.138245
v -69.948761 37.062649 -0.069908
v -69.943039 37.063557 -0.074653
v -69.932457 37.062702 -0.084201
v -69.903801 37.057743 -0.065775
v -69.898621 37.058643 -0.070153
v -69.889633 37.058002 -0.078640
v -69.863708 37.052921 -0.060890
v -69.858978 37.053875 -0.064895
v -69.851410 37.053402 -0.072322
v -69.963593 37.049969 -0.295562
v -70.078903 37.068134 -0.187800
v -69.981567 37.050091 -0.312535
v -70.094223 37.068371 -0.199656
v -69.998573 37.049969 -0.330476
v -70.106094 37.068134 -0.214959
v -70.216255 37.071041 -0.250129
v -70.210815 37.071949 -0.256903
v -70.199173 37.070782 -0.270734
v -70.212456 37.074047 -0.205422
v -70.206635 37.075001 -0.212614
v -70.193947 37.073711 -0.227813
v -70.208572 37.076336 -0.166146
v -70.202370 37.077290 -0.173632
v -70.188652 37.075909 -0.189863
v -70.355743 37.035282 0.556254
v -70.376785 37.036137 0.549575
v -70.397697 37.037235 0.540056
v -70.339058 37.040813 0.534483
v -70.354019 37.042049 0.525763
v -70.368385 37.043819 0.512525
v -70.417625 37.056355 -0.403885
v -70.479027 37.044102 -0.469373
v -70.406525 37.052784 -0.438399
v -70.459412 37.042240 -0.491647
v -70.394859 37.049297 -0.469200
v -70.439461 37.040386 -0.511507
v -70.293037 36.747509 -0.000642
v -69.980003 -20.400482 0.203993
v -70.053024 -20.175758 0.203993
v -70.016510 -20.288113 0.235649
v -69.697670 -20.256618 0.203993
v -69.836555 -20.065456 0.203993
v -69.767105 -20.161037 0.235649
v -69.473602 -20.032555 0.203993
v -69.664764 -19.893661 0.203993
v -69.569183 -19.963116 0.235649
v 70.069534 36.660343 -0.909279
v 70.069534 36.776196 -0.909279
v 70.380310 36.660343 -0.854484
v 70.380310 36.776196 -0.854484
v 70.653595 36.660343 -0.696699
v 70.653595 36.776196 -0.696699
v 70.856438 36.660343 -0.454960
v 70.856438 36.776196 -0.454960
v 70.964371 36.660343 -0.158427
v 70.964371 36.776196 -0.158427
v 70.964371 36.660343 0.157141
v 70.964371 36.776196 0.157141
v 70.856438 36.660343 0.453677
v 70.856438 36.776196 0.453677
v 70.653595 36.660343 0.695415
v 70.653595 36.776196 0.695415
v 70.380310 36.660343 0.853198
v 70.380310 36.776196 0.853198
v 70.069534 36.660343 0.907992
v 70.069534 36.776196 0.907992
v 69.758766 36.660343 0.853198
v 69.758766 36.776196 0.853198
v 69.485481 36.660343 0.695415
v 69.485481 36.776196 0.695415
v 69.282639 36.660343 0.453677
v 69.282639 36.776196 0.453677
v 69.174706 36.660343 0.157141
v 69.174706 36.776196 0.157141
v 69.174706 36.660343 -0.158427
v 69.174706 36.776196 -0.158427
v 69.282639 36.660343 -0.454960
v 69.282639 36.776196 -0.454960
v 69.485481 36.660343 -0.696699
v 69.485481 36.776196 -0.696699
v 69.758766 36.660343 -0.854484
v 69.758766 36.776196 -0.854478
v 70.069534 36.774693 -0.697718
v 70.307953 36.774693 -0.655679
v 70.517609 36.774693 -0.534634
v 70.673218 36.774693 -0.349180
v 70.756020 36.774693 -0.121687
v 70.756020 36.774693 0.120403
v 70.673218 36.774693 0.347897
v 70.517609 36.774693 0.533350
v 70.307953 36.774693 0.654396
v 70.069534 36.774693 0.696432
v 69.831123 36.774693 0.654396
v 69.621468 36.774693 0.533350
v 69.465858 36.774693 0.347897
v 69.383057 36.774693 0.120403
v 69.383057 36.774693 -0.121687
v 69.465858 36.774693 -0.349180
v 69.621468 36.774693 -0.534631
v 69.831123 36.774693 -0.655679
v 69.559334 36.774715 -0.623194
v 69.447685 36.774715 -0.511695
v 69.541771 36.983662 -0.433839
v 69.637085 36.983662 -0.529007
v 69.359924 36.774715 -0.380556
v 69.467186 36.983189 -0.321434
v 69.389610 36.980396 -0.066976
v 69.690590 36.774715 -0.710765
v 69.749626 36.983166 -0.603453
v 70.004211 36.980373 -0.680665
v 69.874008 36.981922 -0.654645
v 69.415825 36.981922 -0.197152
v 70.692078 36.774715 -0.510845
v 70.597900 36.983662 -0.433088
v 70.502754 36.983662 -0.528399
v 70.779655 36.774693 -0.379587
v 70.672340 36.983166 -0.320531
v 70.870621 36.774715 -0.078986
v 70.749573 36.980373 -0.065971
v 70.449448 36.774715 -0.710247
v 70.390388 36.983189 -0.602976
v 70.148972 36.774715 -0.801618
v 70.135956 36.980396 -0.680552
v 70.303711 36.774715 -0.770728
v 70.266129 36.981922 -0.654326
v 70.839943 36.774715 -0.233767
v 70.723541 36.981922 -0.196148
v 69.446983 36.774715 0.509559
v 69.541176 36.983662 0.431835
v 69.558487 36.774715 0.621208
v 69.636337 36.983662 0.527125
v 69.359413 36.774715 0.378304
v 69.466751 36.983166 0.319340
v 69.268448 36.774715 0.077703
v 69.389526 36.980373 0.064777
v 69.748741 36.983189 0.601714
v 70.003204 36.980396 0.679278
v 69.873024 36.981922 0.653066
v 69.415558 36.981922 0.194993
v 70.597298 36.983662 0.432553
v 70.502014 36.983662 0.527715
v 70.779137 36.774715 0.379272
v 70.671883 36.983189 0.320145
v 70.749466 36.980396 0.065716
v 70.448479 36.774715 0.709479
v 70.389511 36.983166 0.602143
v 70.134956 36.980373 0.679367
v 70.302658 36.774715 0.769760
v 70.265160 36.981922 0.653329
v 70.723251 36.981922 0.195863
v 70.155754 37.074528 0.131129
v 70.201302 37.074528 0.085588
v 70.155769 37.074528 -0.132410
v 69.983307 37.074528 -0.132416
v 69.937767 37.074528 -0.086872
v 69.937767 37.074528 0.085582
v 69.983299 37.074528 0.131129
v 70.008499 36.747509 -0.202129
v 70.005424 36.747509 -0.165642
v 70.002296 36.747509 -0.133611
v 69.554657 37.038670 -0.018985
v 69.554649 37.038670 0.017684
v 69.610191 37.046276 0.051694
v 70.121880 37.046276 -0.459967
v 70.051224 37.038670 -0.515530
v 70.017204 37.046276 -0.459991
v 70.017189 37.046276 0.458690
v 70.051193 37.038670 0.514232
v 70.124466 36.747509 -0.279544
v 70.121117 36.747509 -0.316269
v 70.117149 36.747509 -0.349013
v 70.021919 36.747509 0.347736
v 70.017960 36.747509 0.314989
v 70.014603 36.747509 0.278263
v 70.417915 36.747509 0.046971
v 69.836411 36.774715 -0.771047
v 69.991180 36.774715 -0.801728
v 70.870514 36.774715 0.078799
v 70.839622 36.774715 0.233539
v 69.990089 36.774715 0.800332
v 69.835358 36.774715 0.769444
v 70.579735 36.774715 0.621908
v 70.580589 36.774715 -0.622494
v 69.268562 36.774715 -0.080083
v 70.147881 36.774715 0.800442
v 69.299133 36.774715 0.232484
v 70.691383 36.774715 0.510412
v 69.689621 36.774715 0.708958
v 69.299446 36.774715 -0.234822
v 70.385162 36.747509 0.050928
v 70.348442 36.747509 0.054290
v 70.077003 36.747509 -0.423882
v 70.069557 36.747509 -0.424794
v 70.062096 36.747509 -0.423894
v 70.464111 36.747509 0.036143
v 70.477127 36.747509 0.029304
v 70.485268 36.747509 0.021925
v 69.674950 36.747509 -0.037427
v 69.661934 36.747509 -0.030587
v 69.653801 36.747509 -0.023208
v 70.202499 36.747509 0.066592
v 70.234535 36.747509 0.063472
v 70.271011 36.747509 0.060399
v 70.528870 37.046276 0.051703
v 70.140556 37.064297 -0.294713
v 69.998512 37.064297 0.293424
v 70.363602 37.064297 0.070377
v 70.363617 37.064297 -0.071655
v 69.775459 37.064297 -0.071664
v 70.528885 37.046276 -0.052972
v 70.121864 37.046276 0.458699
v 69.610191 37.046276 -0.052986
v 70.584427 37.038670 -0.018955
v 70.087891 37.038670 -0.515512
v 70.584412 37.038670 0.017705
v 70.201309 37.074528 -0.086869
v 69.998520 37.064297 -0.294719
v 69.936569 36.747509 -0.067882
v 70.140549 37.064297 0.293436
v 69.904533 36.747509 -0.064755
v 69.868050 36.747509 -0.061686
v 69.775459 37.064297 0.070377
v 70.106323 36.747509 -0.395218
v 70.099487 36.747509 -0.408233
v 70.092110 36.747509 -0.416366
v 70.002296 36.747509 0.132324
v 70.005424 36.747509 0.164356
v 70.087860 37.038670 0.514241
v 69.393738 36.980686 -0.099806
v 69.399490 36.981068 -0.132487
v 69.406860 36.981495 -0.164960
v 69.444016 37.010387 -0.058887
v 69.469772 37.021214 -0.053985
v 69.477974 36.880833 -0.486801
v 69.423355 36.774715 -0.480563
v 69.400589 36.774715 -0.448278
v 69.379433 36.774715 -0.414918
v 69.394493 36.880550 -0.362051
v 69.483734 36.983356 -0.350882
v 69.501717 36.983494 -0.379492
v 69.521072 36.983593 -0.407172
v 69.623344 37.027439 -0.363837
v 69.589851 37.014774 -0.392867
v 69.518822 37.014111 -0.288830
v 69.549789 37.026249 -0.266711
v 69.906212 36.981495 -0.663564
v 69.938690 36.981068 -0.670884
v 69.971375 36.980686 -0.676588
v 70.017258 37.021191 -0.600533
v 70.012352 37.010387 -0.626276
v 69.709045 36.880550 -0.676171
v 69.663788 36.983593 -0.549669
v 69.691498 36.983494 -0.568990
v 69.720146 36.983356 -0.586931
v 69.804367 37.026218 -0.520811
v 69.782265 37.014111 -0.551797
v 69.678024 37.014774 -0.480879
v 69.707016 37.027462 -0.447352
v 69.563766 36.983685 -0.459410
v 69.587021 36.983715 -0.483827
v 69.611473 36.983685 -0.507043
v 69.426369 36.982304 -0.228993
v 69.438461 36.982662 -0.260387
v 69.452072 36.982952 -0.291238
v 69.779854 36.982922 -0.618515
v 69.810730 36.982639 -0.632087
v 69.842148 36.982304 -0.644145
v 70.745491 36.980686 -0.098793
v 70.739777 36.981068 -0.131474
v 70.732468 36.981495 -0.163946
v 70.802414 36.879879 -0.222413
v 70.831596 36.879070 -0.075171
v 70.865807 36.774715 -0.118200
v 70.859077 36.774715 -0.157131
v 70.850449 36.774715 -0.195683
v 70.549782 37.014774 -0.392131
v 70.516266 37.027462 -0.363133
v 70.589722 37.026218 -0.265736
v 70.620705 37.014111 -0.287859
v 70.655823 36.983356 -0.350014
v 70.637878 36.983494 -0.378660
v 70.618561 36.983593 -0.406382
v 70.661758 36.880833 -0.485990
v 70.745064 36.880550 -0.361128
v 70.760208 36.774715 -0.413973
v 70.739098 36.774715 -0.447367
v 70.716362 36.774715 -0.479681
v 70.128036 37.010418 -0.626124
v 70.123207 37.021214 -0.600366
v 70.233940 36.981495 -0.663290
v 70.201469 36.981068 -0.670663
v 70.168785 36.980686 -0.676421
v 70.145103 36.879070 -0.762598
v 70.292305 36.879879 -0.733215
v 70.265640 36.774715 -0.781290
v 70.227104 36.774715 -0.789971
v 70.188179 36.774715 -0.796751
v 70.357903 37.014111 -0.551293
v 70.335831 37.026249 -0.520314
v 70.432808 37.027439 -0.446800
v 70.461823 37.014774 -0.480298
v 70.476097 36.983593 -0.549094
v 70.448418 36.983494 -0.568447
v 70.419830 36.983356 -0.586418
v 70.430946 36.880550 -0.675676
v 70.575943 36.983685 -0.458697
v 70.552727 36.983715 -0.483150
v 70.528313 36.983685 -0.506402
v 70.713043 36.982304 -0.228007
v 70.700989 36.982639 -0.259427
v 70.687408 36.982922 -0.290302
v 70.827576 36.774715 -0.271288
v 70.813377 36.774715 -0.308157
v 70.797394 36.774715 -0.344286
v 70.360199 36.982952 -0.618074
v 70.329361 36.982662 -0.631688
v 70.297974 36.982304 -0.643782
v 70.414169 36.774715 -0.728030
v 70.378067 36.774715 -0.744063
v 70.341217 36.774715 -0.758306
v 69.393608 36.980686 0.097614
v 69.399323 36.981068 0.130304
v 69.406639 36.981495 0.162782
v 69.307472 36.879070 0.073888
v 69.589317 37.014774 0.390937
v 69.622856 37.027439 0.361966
v 69.549446 37.026218 0.264790
v 69.518440 37.014111 0.286838
v 69.483261 36.983356 0.348803
v 69.501205 36.983494 0.377437
v 69.520523 36.983593 0.405144
v 69.477310 36.880833 0.484704
v 69.394005 36.880550 0.359841
v 69.378860 36.774715 0.412687
v 69.399979 36.774715 0.446077
v 69.422699 36.774715 0.478398
v 70.011284 37.010387 0.624873
v 70.016190 37.021214 0.599127
v 69.905220 36.981495 0.662031
v 69.937683 36.981068 0.669395
v 69.970367 36.980686 0.675153
v 69.781342 37.014111 0.550064
v 69.803467 37.026249 0.519105
v 69.706345 37.027439 0.445559
v 69.677307 37.014774 0.479042
v 69.663010 36.983593 0.547822
v 69.690681 36.983494 0.567176
v 69.719292 36.983356 0.585153
v 69.583374 36.880833 0.590914
v 69.563133 36.983685 0.457438
v 69.586349 36.983715 0.481882
v 69.610764 36.983685 0.505131
v 69.472771 36.774715 0.539487
v 69.499992 36.774715 0.568121
v 69.528587 36.774715 0.595378
v 69.426056 36.982304 0.226845
v 69.438118 36.982639 0.258257
v 69.451683 36.982922 0.289120
v 69.778938 36.982952 0.616812
v 69.809784 36.982662 0.630429
v 69.841179 36.982304 0.642522
v 70.745338 36.980686 0.098535
v 70.739586 36.981068 0.131210
v 70.732216 36.981495 0.163673
v 70.695084 37.010387 0.057682
v 70.669342 37.021214 0.052800
v 70.744576 36.880550 0.360765
v 70.655334 36.983356 0.349595
v 70.637352 36.983494 0.378205
v 70.617996 36.983593 0.405889
v 70.515739 37.027439 0.362541
v 70.549225 37.014774 0.391575
v 70.620247 37.014111 0.287532
v 70.589287 37.026249 0.265404
v 70.291306 36.879879 0.732233
v 70.232956 36.981495 0.662248
v 70.200485 36.981068 0.669577
v 70.167793 36.980686 0.675284
v 70.122169 37.021191 0.599190
v 70.126991 37.010387 0.624942
v 70.430016 36.880550 0.674891
v 70.475319 36.983593 0.548377
v 70.447609 36.983494 0.567689
v 70.418983 36.983356 0.585624
v 70.334969 37.026218 0.519445
v 70.357018 37.014111 0.550445
v 70.461113 37.014774 0.479569
v 70.432144 37.027439 0.446042
v 70.575310 36.983685 0.458123
v 70.552055 36.983715 0.482534
v 70.527603 36.983685 0.505756
v 70.712700 36.982304 0.227704
v 70.700607 36.982662 0.259098
v 70.686989 36.982952 0.289946
v 70.340179 36.774715 0.757395
v 70.377052 36.774715 0.743204
v 70.413177 36.774715 0.727215
v 70.359291 36.982922 0.617202
v 70.328438 36.982639 0.630777
v 70.297020 36.982304 0.642826
v 70.103035 36.980206 -0.683046
v 70.070084 36.980114 -0.683896
v 70.037125 36.980183 -0.683103
v 70.102028 36.980183 0.681808
v 70.069077 36.980114 0.682606
v 70.036118 36.980206 0.681763
v 69.656204 36.774715 -0.691316
v 69.622810 36.774715 -0.670198
v 69.590492 36.774715 -0.647474
v 69.529404 36.774715 -0.597406
v 69.500771 36.774715 -0.570182
v 69.473511 36.774715 -0.541589
v 69.584190 36.880833 -0.592867
v 70.160217 37.075428 0.110116
v 70.167496 37.075718 0.097325
v 70.180298 37.075428 0.090050
v 69.978844 37.075428 -0.111402
v 69.971565 37.075718 -0.098611
v 69.958771 37.075428 -0.091336
v 69.958771 37.075428 0.090047
v 69.971565 37.075718 0.097325
v 69.978844 37.075428 0.110116
v 70.008492 36.747509 0.200834
v 70.117142 36.747509 0.347739
v 70.121101 36.747509 0.314995
v 70.124466 36.747509 0.278266
v 70.062073 36.747509 0.422602
v 70.069527 36.747509 0.423511
v 69.586403 37.043194 0.044390
v 69.570473 37.041004 0.036009
v 69.560516 37.039570 0.026970
v 70.024513 37.043194 -0.483776
v 70.032890 37.041004 -0.499711
v 70.041931 37.039570 -0.509671
v 70.076981 36.747509 0.422602
v 70.021927 36.747509 -0.349028
v 70.017967 36.747509 -0.316284
v 70.041908 37.039570 0.508370
v 70.032867 37.041004 0.498407
v 70.024498 37.043194 0.482472
v 70.014603 36.747509 -0.279556
v 70.136772 36.747509 -0.133608
v 70.133652 36.747509 -0.165639
v 69.728043 37.059841 0.066616
v 69.683083 37.055019 0.062498
v 69.642982 37.050350 0.057649
v 70.130577 36.747509 -0.202123
v 70.143608 36.747509 -0.091104
v 70.149551 36.747509 -0.080655
v 70.159996 36.747509 -0.074712
v 69.868050 36.747509 0.060399
v 69.904533 36.747509 0.063469
v 69.936569 36.747509 0.066592
v 70.130577 36.747509 0.200840
v 70.133644 36.747509 0.164359
v 69.273422 36.774715 -0.119291
v 69.280205 36.774715 -0.158212
v 69.288887 36.774715 -0.196753
v 70.665558 36.774715 0.540306
v 70.638298 36.774715 0.568902
v 70.609665 36.774715 0.596123
v 69.797852 36.774715 0.757023
v 69.761002 36.774715 0.742774
v 69.724892 36.774715 0.726747
v 70.108475 36.774715 0.803318
v 70.068985 36.774715 0.804259
v 70.029488 36.774715 0.803264
v 69.950890 36.774715 0.795468
v 69.911964 36.774715 0.788685
v 69.873421 36.774715 0.780006
v 70.865646 36.774715 0.118007
v 70.858856 36.774715 0.156929
v 70.850182 36.774715 0.195464
v 69.874496 36.774715 -0.781558
v 69.913048 36.774715 -0.790183
v 69.951973 36.774715 -0.796915
v 70.136765 36.747509 0.132327
v 69.721161 36.747509 -0.048257
v 69.753899 36.747509 -0.052218
v 69.790627 36.747509 -0.055579
v 70.492783 36.747509 -0.008080
v 70.493690 36.747509 -0.000630
v 70.492775 36.747509 0.006824
v 70.485283 36.747509 -0.023184
v 70.477142 36.747509 -0.030569
v 70.464134 36.747509 -0.037412
v 70.202507 36.747509 -0.067876
v 70.234535 36.747509 -0.064752
v 70.142563 37.067226 0.296234
v 70.147659 37.068134 0.302502
v 70.158241 37.067089 0.314756
v 69.719971 37.049633 0.277015
v 69.834663 37.067448 0.176062
v 69.772659 37.067226 0.072386
v 69.766388 37.068134 0.077476
v 69.754135 37.067089 0.088068
v 70.028244 37.034710 -0.561998
v 70.039040 37.040005 -0.541235
v 70.015312 37.048779 0.461503
v 70.011711 37.049709 0.465902
v 70.005310 37.049397 0.472372
v 69.336960 36.879879 -0.223414
v 69.995003 36.879070 -0.762702
v 69.342148 36.774715 -0.345282
v 69.326111 36.774715 -0.309173
v 69.311867 36.774715 -0.272326
v 69.336655 36.879879 0.221123
v 69.273262 36.774715 0.116920
v 69.279991 36.774715 0.155847
v 69.288612 36.774715 0.194403
v 69.993958 36.879070 0.761314
v 69.846764 36.879879 0.731932
v 69.708122 36.880550 0.674396
v 69.589607 36.774715 0.645529
v 69.621895 36.774715 0.668301
v 69.655258 36.774715 0.689461
v 69.311501 36.774715 0.270002
v 69.325699 36.774715 0.306874
v 69.341667 36.774715 0.343003
v 70.802109 36.879879 0.222128
v 70.831497 36.879070 0.074931
v 70.661095 36.880833 0.485518
v 70.715714 36.774715 0.479277
v 70.738480 36.774715 0.446992
v 70.759636 36.774715 0.413635
v 70.144058 36.879070 0.761419
v 70.187088 36.774715 0.795632
v 70.226021 36.774715 0.788899
v 70.264572 36.774715 0.780269
v 70.482864 36.774715 0.690030
v 70.516258 36.774715 0.668915
v 70.548569 36.774715 0.646188
v 70.554878 36.880833 0.591581
v 70.796921 36.774715 0.343995
v 70.812958 36.774715 0.307890
v 70.827202 36.774715 0.271042
v 70.109581 36.774715 -0.804547
v 70.070084 36.774715 -0.805543
v 70.030586 36.774715 -0.804601
v 69.798889 36.774715 -0.758682
v 69.762016 36.774715 -0.744484
v 69.725891 36.774715 -0.728504
v 70.483810 36.774715 -0.690747
v 70.517174 36.774715 -0.669587
v 70.549454 36.774715 -0.646819
v 70.610481 36.774715 -0.596667
v 70.639069 36.774715 -0.569404
v 70.666298 36.774715 -0.540773
v 69.307571 36.879070 -0.076214
v 69.847763 36.879879 -0.733519
v 70.555695 36.880833 -0.592200
v 69.387077 36.980183 0.031855
v 69.386276 36.980114 -0.001101
v 69.387123 36.980206 -0.034059
v 70.751961 36.980206 0.032814
v 70.752808 36.980114 -0.000126
v 70.752014 36.980183 -0.033067
v 70.271027 36.747509 -0.061683
v 70.092087 36.747509 0.415098
v 70.099472 36.747509 0.406959
v 69.551323 37.038143 0.008475
v 69.550217 37.037975 -0.000651
v 69.551323 37.038143 -0.009779
v 70.873444 36.774715 0.039401
v 70.874435 36.774715 -0.000093
v 70.873497 36.774715 -0.039587
v 69.265625 36.774715 -0.040687
v 69.264633 36.774715 -0.001193
v 69.265572 36.774715 0.038304
v 69.607376 37.048779 0.053560
v 69.602966 37.049709 0.057151
v 69.596481 37.049397 0.063511
v 69.469704 37.021191 0.051989
v 69.443947 37.010387 0.056811
v 70.418755 37.049633 0.277411
v 70.304253 37.067471 0.176253
v 70.669472 37.021168 -0.052939
v 70.695206 37.010387 -0.057838
v 69.935143 37.077908 -0.089101
v 69.927551 37.078915 -0.095711
v 69.910774 37.077480 -0.110445
v 69.981087 37.077908 -0.135044
v 69.974495 37.078915 -0.142650
v 69.959801 37.077480 -0.159452
v 70.411026 37.059841 -0.067894
v 70.455994 37.055019 -0.063778
v 70.496094 37.050350 -0.058929
v 70.114563 37.043194 0.482481
v 70.106186 37.041004 0.498416
v 70.097145 37.039570 0.508379
v 70.316231 37.067966 -0.075377
v 70.271561 37.070850 -0.079135
v 70.232338 37.073025 -0.082962
v 70.552666 37.043194 -0.045661
v 70.568604 37.041004 -0.037281
v 70.578568 37.039570 -0.028242
v 70.587746 37.038143 0.008502
v 70.588852 37.037975 -0.000624
v 70.587746 37.038143 -0.009749
v 69.728050 37.059841 -0.067905
v 69.683083 37.055019 -0.063787
v 69.642990 37.050350 -0.058941
v 69.468903 37.012325 -0.175009
v 69.495522 37.023525 -0.161005
v 69.495316 37.023502 0.159045
v 69.468681 37.012295 0.172969
v 69.909172 37.023525 0.573375
v 69.895172 37.012325 0.599988
v 70.229218 37.023502 0.573569
v 70.243141 37.012295 0.600206
v 70.195663 37.038692 -0.528178
v 70.158844 37.046223 -0.494669
v 70.670494 37.012295 -0.173888
v 70.643890 37.023502 -0.159858
v 70.670174 37.012295 0.173714
v 70.643562 37.023525 0.159713
v 69.896225 37.012295 -0.601582
v 69.910233 37.023502 -0.574968
v 70.244164 37.012325 -0.601200
v 70.230225 37.023525 -0.574560
v 70.151855 37.073025 0.162163
v 70.148026 37.070850 0.201382
v 70.144272 37.067966 0.246047
v 70.106316 36.747509 0.393947
v 70.417923 36.747509 -0.048248
v 70.385178 36.747509 -0.052209
v 69.906731 37.073025 0.081678
v 69.867516 37.070850 0.077852
v 69.822845 37.067966 0.074094
v 70.348450 36.747509 -0.055570
v 69.646294 36.747509 -0.008104
v 69.645386 36.747509 -0.000651
v 69.981071 37.077908 0.133749
v 69.974472 37.078915 0.141349
v 69.959732 37.077480 0.158115
v 69.551453 37.040981 -0.019912
v 69.547134 37.041912 -0.021423
v 69.541885 37.041813 -0.023750
v 70.027374 37.034710 0.560593
v 70.038528 37.040028 0.539856
v 70.347687 37.049633 -0.349824
v 70.246483 37.067448 -0.235335
v 70.180298 37.075428 -0.091330
v 70.167496 37.075718 -0.098608
v 70.160225 37.075428 -0.111399
v 70.144279 37.067966 -0.247327
v 70.148041 37.070850 -0.202660
v 70.151855 37.073025 -0.163440
v 70.002281 37.059841 -0.342135
v 70.006401 37.055019 -0.387106
v 70.011246 37.050350 -0.427196
v 70.078651 37.038143 0.517570
v 70.069527 37.037975 0.518676
v 70.060402 37.038143 0.517564
v 70.136795 37.059841 0.340845
v 70.132668 37.055019 0.385817
v 70.127823 37.050350 0.425907
v 69.994797 37.067966 0.246044
v 69.991035 37.070850 0.201376
v 69.987213 37.073025 0.162154
v 70.097168 37.039570 -0.509647
v 70.106209 37.041027 -0.499684
v 70.114578 37.043194 -0.483749
v 69.822845 37.067966 -0.075380
v 69.867516 37.070850 -0.079141
v 69.906731 37.073025 -0.082965
v 70.316223 37.067966 0.074097
v 70.271553 37.070850 0.077858
v 70.232330 37.073025 0.081678
v 70.347191 37.049633 0.348913
v 70.246239 37.067448 0.234228
v 69.508247 37.034710 0.041022
v 69.528992 37.040005 0.030091
v 70.597191 37.038670 0.125130
v 70.563644 37.046200 0.088473
v 69.944603 37.038670 -0.528551
v 69.980865 37.046200 -0.494913
v 69.560516 37.039570 -0.028268
v 69.570480 37.041004 -0.037307
v 69.586411 37.043194 -0.045682
v 70.578545 37.039570 0.026988
v 70.568581 37.041004 0.036021
v 70.552650 37.043194 0.044396
v 70.060432 37.038143 -0.518856
v 70.069557 37.037975 -0.519962
v 70.078682 37.038143 -0.518844
v 70.142578 37.067226 -0.297509
v 70.147690 37.068134 -0.303761
v 70.158340 37.067089 -0.315983
v 69.996490 37.067226 0.296225
v 69.991394 37.068134 0.302487
v 69.980766 37.067089 0.314715
v 70.366402 37.067226 0.072398
v 70.372665 37.068134 0.077500
v 70.384895 37.067089 0.088122
v 70.366417 37.067226 -0.073663
v 70.372696 37.068134 -0.078739
v 70.384956 37.067089 -0.089301
v 70.123734 37.048779 0.461521
v 70.127327 37.049709 0.465926
v 70.133682 37.049397 0.472420
v 70.630943 37.034687 -0.041948
v 70.610161 37.040005 -0.031153
v 70.587616 37.040981 0.018635
v 70.591942 37.041912 0.020154
v 70.597191 37.041813 0.022491
v 69.865196 37.045773 -0.445847
v 69.934669 37.059673 -0.367502
v 70.411018 37.059841 0.066619
v 70.455986 37.055019 0.062504
v 70.496078 37.050350 0.057652
v 70.002274 37.059841 0.340842
v 70.006393 37.055019 0.385808
v 70.011238 37.050350 0.425895
v 70.419136 37.049633 -0.278179
v 70.304436 37.067471 -0.177289
v 70.112045 37.034710 -0.561825
v 70.100754 37.040028 -0.541095
v 70.127838 37.050350 -0.427178
v 70.132683 37.055019 -0.387088
v 70.136795 37.059841 -0.342123
v 69.987221 37.073025 -0.163446
v 69.991035 37.070850 -0.202666
v 69.994797 37.067966 -0.247333
v 69.541885 37.038670 -0.126428
v 69.575432 37.046200 -0.089762
v 70.597473 37.038670 -0.125484
v 70.563828 37.046200 -0.089265
v 70.111198 37.034710 0.560643
v 70.100266 37.040005 0.539892
v 69.624657 37.045795 -0.205688
v 69.702843 37.059673 -0.135861
v 69.754173 37.067089 -0.089411
v 69.766403 37.068134 -0.078783
v 69.772667 37.067226 -0.073681
v 70.092537 37.041813 0.527044
v 70.090248 37.041889 0.521781
v 70.088776 37.040981 0.517451
v 70.542641 37.049397 -0.064711
v 70.536133 37.049709 -0.058396
v 70.531715 37.048779 -0.054828
v 69.596512 37.049397 -0.064866
v 69.602997 37.049709 -0.058467
v 69.607384 37.048779 -0.054861
v 70.092728 37.041813 -0.528274
v 70.090363 37.041912 -0.523029
v 70.088829 37.040981 -0.518713
v 70.228340 37.077480 -0.110377
v 70.211548 37.078915 -0.095681
v 70.203926 37.077908 -0.089089
v 69.980865 37.067089 -0.316058
v 69.991432 37.068134 -0.303800
v 69.996513 37.067226 -0.297526
v 70.610054 37.040005 0.030430
v 70.630814 37.034710 0.041630
v 70.597267 37.041813 -0.023554
v 70.591988 37.041889 -0.021313
v 70.587654 37.040981 -0.019852
v 70.158424 37.046200 0.493543
v 70.194855 37.038670 0.527143
v 70.436401 37.059673 -0.135467
v 70.514763 37.045773 -0.204910
v 70.436226 37.059673 0.134569
v 70.514412 37.045795 0.204383
v 69.934319 37.059673 0.366046
v 69.864494 37.045795 0.444236
v 70.204880 37.059673 -0.367288
v 70.274811 37.045773 -0.445447
v 70.005447 37.049397 -0.473742
v 70.011772 37.049709 -0.467236
v 70.015343 37.048779 -0.462816
v 70.542557 37.049397 0.063579
v 70.536072 37.049709 0.057184
v 70.531685 37.048779 0.053575
v 69.541847 37.041813 0.022360
v 69.547104 37.041889 0.020077
v 69.551437 37.040981 0.018596
v 70.179291 37.077480 0.158163
v 70.164581 37.078915 0.141360
v 70.157982 37.077908 0.133752
v 70.179344 37.077480 -0.159399
v 70.164604 37.078915 -0.142626
v 70.157990 37.077908 -0.135032
v 70.046425 37.041813 0.527017
v 70.048744 37.041912 0.521763
v 70.050262 37.040981 0.517439
v 69.529045 37.040028 -0.031648
v 69.508293 37.034710 -0.042806
v 69.892632 37.067471 0.234076
v 69.791473 37.049633 0.348576
v 70.133812 37.049419 -0.473622
v 70.127388 37.049709 -0.467161
v 70.123764 37.048779 -0.462774
v 69.892876 37.067471 -0.235532
v 69.791969 37.049633 -0.350229
v 69.834824 37.067471 -0.177548
v 69.720322 37.049633 -0.278709
v 70.228294 37.077480 0.109162
v 70.211517 37.078915 0.094422
v 70.203926 37.077908 0.087812
v 69.575348 37.046200 0.088253
v 69.541748 37.038670 0.124683
v 69.980408 37.046200 0.493460
v 69.943748 37.038670 0.526997
v 70.046623 37.041813 -0.528360
v 70.048866 37.041889 -0.523088
v 70.050323 37.040981 -0.518752
v 69.702728 37.059673 0.134369
v 69.624420 37.045773 0.203966
v 69.910736 37.077480 0.109108
v 69.927528 37.078915 0.094404
v 69.935135 37.077908 0.087806
v 70.204552 37.059673 0.366162
v 70.274139 37.045773 0.444471
v 69.646294 36.747509 0.006806
v 69.721153 36.747509 0.046968
v 69.753899 36.747509 0.050928
v 69.790627 36.747509 0.054290
v 70.032753 36.747509 0.393938
v 70.039589 36.747509 0.406953
v 70.046974 36.747509 0.415089
v 70.046989 36.747509 -0.416390
v 70.039604 36.747509 -0.408254
v 70.032761 36.747509 -0.395239
v 69.653793 36.747509 0.021913
v 69.661926 36.747509 0.029292
v 69.674942 36.747509 0.036134
v 69.995461 36.747509 0.089820
v 69.989517 36.747509 0.079372
v 69.979073 36.747509 0.073429
v 69.979073 36.747509 -0.074712
v 69.989525 36.747509 -0.080658
v 69.995468 36.747509 -0.091107
v 70.159996 36.747509 0.073429
v 70.149544 36.747509 0.079372
v 70.143608 36.747509 0.089820
v 70.084496 36.747509 0.419884
v 69.829346 36.747509 0.057360
v 70.127541 36.747509 0.239541
v 70.011536 36.747509 -0.240830
v 70.177162 36.747509 -0.071065
v 70.490059 36.747509 0.014343
v 70.084526 36.747509 -0.421158
v 70.490067 36.747509 -0.015596
v 69.694374 36.747509 -0.043393
v 70.112274 36.747509 0.374522
v 70.444710 36.747509 -0.043384
v 69.829346 36.747509 -0.058649
v 70.309723 36.747509 -0.058643
v 70.309715 36.747509 0.057366
v 70.011528 36.747509 0.239535
v 70.127548 36.747509 -0.240822
v 70.444695 36.747509 0.042110
v 70.054558 36.747509 0.419881
v 70.026787 36.747509 0.374516
v 70.026794 36.747509 -0.375814
v 70.054581 36.747509 -0.421176
v 70.112289 36.747509 -0.375793
v 69.694366 36.747509 0.042104
v 69.649010 36.747509 0.014325
v 69.649017 36.747509 -0.015623
v 69.999100 36.747509 0.106981
v 69.961906 36.747509 0.069781
v 69.961906 36.747509 -0.071070
v 69.999107 36.747509 -0.108267
v 70.139961 36.747509 -0.108264
v 70.177155 36.747509 0.069787
v 70.139961 36.747509 0.106984
v 69.326912 36.879642 -0.187198
v 69.318649 36.879429 -0.150535
v 69.312202 36.879215 -0.113509
v 69.454834 36.880810 -0.457186
v 69.433174 36.880741 -0.426475
v 69.413048 36.880665 -0.394739
v 69.570396 37.014683 -0.368209
v 69.552017 37.014561 -0.342570
v 69.534798 37.014370 -0.316072
v 69.603867 37.027271 -0.340805
v 69.584969 37.027035 -0.316856
v 69.566879 37.026699 -0.292114
v 69.957703 36.879215 -0.758127
v 69.920670 36.879429 -0.751726
v 69.883995 36.879642 -0.743518
v 69.676338 36.880665 -0.657670
v 69.644577 36.880741 -0.637583
v 69.613831 36.880810 -0.615967
v 69.754974 37.014347 -0.535847
v 69.728424 37.014561 -0.518657
v 69.702728 37.014683 -0.500307
v 69.778908 37.026699 -0.503747
v 69.754112 37.027035 -0.485677
v 69.730103 37.027271 -0.466810
v 69.555710 36.880878 -0.568334
v 69.528473 36.880878 -0.542439
v 69.502541 36.880878 -0.515238
v 69.654396 37.014828 -0.460435
v 69.631836 37.014851 -0.438968
v 69.610329 37.014828 -0.416456
v 69.684937 37.027531 -0.427456
v 69.663750 37.027554 -0.407017
v 69.643272 37.027531 -0.385866
v 69.377579 36.880428 -0.328494
v 69.362320 36.880260 -0.294144
v 69.348778 36.880093 -0.259090
v 69.504173 37.013752 -0.260971
v 69.490913 37.013325 -0.232623
v 69.479134 37.012844 -0.203923
v 69.533913 37.025646 -0.240768
v 69.519447 37.024982 -0.214420
v 69.506584 37.024265 -0.187788
v 69.812073 36.880070 -0.721753
v 69.777000 36.880260 -0.708250
v 69.742630 36.880428 -0.693045
v 70.812408 36.879642 -0.186185
v 70.820618 36.879429 -0.149510
v 70.827019 36.879215 -0.112475
v 70.535713 37.027271 -0.340036
v 70.554581 37.027035 -0.316022
v 70.572655 37.026699 -0.291211
v 70.569206 37.014683 -0.367416
v 70.587555 37.014561 -0.341717
v 70.604752 37.014347 -0.315157
v 70.684860 36.880810 -0.456346
v 70.706482 36.880741 -0.425605
v 70.726562 36.880665 -0.393836
v 69.925240 37.011753 -0.610147
v 69.937065 37.022785 -0.584061
v 69.954300 37.011227 -0.617103
v 69.963867 37.022144 -0.591276
v 69.983353 37.010746 -0.622470
v 69.990616 37.021595 -0.596730
v 70.182404 36.879215 -0.757972
v 70.219429 36.879429 -0.751520
v 70.256088 36.879642 -0.743262
v 70.361198 37.026699 -0.503240
v 70.385902 37.027035 -0.485156
v 70.409805 37.027271 -0.466276
v 70.385109 37.014347 -0.535325
v 70.411575 37.014561 -0.518120
v 70.437187 37.014683 -0.499750
v 70.463623 36.880665 -0.657130
v 70.495369 36.880741 -0.637005
v 70.526077 36.880810 -0.615344
v 70.454811 37.027531 -0.426880
v 70.475945 37.027554 -0.406409
v 70.496376 37.027531 -0.385217
v 70.485390 37.014828 -0.459824
v 70.507889 37.014851 -0.438324
v 70.529343 37.014828 -0.415767
v 70.584129 36.880878 -0.567631
v 70.611336 36.880878 -0.541700
v 70.637230 36.880878 -0.514463
v 70.605583 37.025646 -0.239734
v 70.620018 37.024982 -0.213332
v 70.632858 37.024242 -0.186662
v 70.635338 37.013729 -0.259946
v 70.648560 37.013302 -0.231553
v 70.660309 37.012821 -0.202821
v 70.761932 36.880428 -0.327546
v 70.777138 36.880260 -0.293175
v 70.790649 36.880070 -0.258104
v 70.327980 36.880093 -0.721402
v 70.363029 36.880260 -0.707851
v 70.397385 36.880428 -0.692598
v 69.989540 37.021618 0.595265
v 69.962799 37.022167 0.589763
v 69.935997 37.022816 0.582503
v 69.982277 37.010769 0.621014
v 69.953224 37.011250 0.615596
v 69.924179 37.011776 0.608598
v 69.326660 36.879642 0.184902
v 69.318451 36.879429 0.148227
v 69.312050 36.879215 0.111189
v 69.603409 37.027271 0.338923
v 69.584549 37.027035 0.314959
v 69.566498 37.026699 0.290205
v 69.569901 37.014683 0.366261
v 69.551559 37.014561 0.340607
v 69.534386 37.014347 0.314092
v 69.454208 36.880810 0.455060
v 69.432594 36.880741 0.424316
v 69.412506 36.880665 0.392552
v 69.956665 36.879215 0.756686
v 69.919640 36.879429 0.750234
v 69.882973 36.879642 0.741979
v 69.778061 37.026699 0.502016
v 69.753319 37.027035 0.483923
v 69.729378 37.027271 0.465032
v 69.754105 37.014370 0.534090
v 69.727600 37.014561 0.516873
v 69.701965 37.014683 0.498497
v 69.675438 36.880665 0.655847
v 69.643707 36.880741 0.635718
v 69.612991 36.880810 0.614058
v 69.684319 37.027531 0.425642
v 69.663170 37.027554 0.405183
v 69.642738 37.027531 0.384011
v 69.653732 37.014828 0.458570
v 69.631218 37.014851 0.437083
v 69.609756 37.014828 0.414546
v 69.554932 36.880878 0.566351
v 69.527733 36.880878 0.540414
v 69.501839 36.880878 0.513177
v 69.533615 37.025646 0.238838
v 69.519180 37.024982 0.212478
v 69.506355 37.024265 0.185837
v 69.503830 37.013729 0.258963
v 69.490608 37.013302 0.230607
v 69.478867 37.012821 0.201895
v 69.377129 36.880428 0.326260
v 69.361923 36.880260 0.291892
v 69.348419 36.880070 0.256821
v 69.811089 36.880093 0.720119
v 69.776031 36.880260 0.706568
v 69.741684 36.880428 0.691312
v 70.812157 36.879642 0.185915
v 70.820412 36.879429 0.149252
v 70.826866 36.879215 0.112229
v 70.679070 37.011753 -0.144873
v 70.652985 37.022785 -0.133041
v 70.686020 37.011204 -0.115834
v 70.660202 37.022144 -0.106255
v 70.691391 37.010746 -0.086812
v 70.665665 37.021595 -0.079540
v 70.684235 36.880810 0.455903
v 70.705887 36.880741 0.425189
v 70.726028 36.880665 0.393452
v 70.568672 37.014683 0.366916
v 70.587051 37.014561 0.341274
v 70.604271 37.014370 0.314777
v 70.535210 37.027271 0.339513
v 70.554108 37.027035 0.315558
v 70.572197 37.026699 0.290813
v 70.181366 36.879215 0.756841
v 70.218399 36.879429 0.750443
v 70.255066 36.879642 0.742232
v 69.460114 37.011776 0.143947
v 69.486221 37.022785 0.132214
v 69.453148 37.011227 0.114887
v 69.478996 37.022167 0.105398
v 69.447769 37.010769 0.085827
v 69.473526 37.021595 0.078644
v 70.462723 36.880665 0.656383
v 70.494492 36.880741 0.636303
v 70.525238 36.880810 0.614678
v 70.384270 37.014347 0.534510
v 70.410782 37.014561 0.517329
v 70.436432 37.014683 0.498991
v 70.360382 37.026699 0.502395
v 70.385139 37.027035 0.484338
v 70.409103 37.027271 0.465482
v 70.583359 36.880878 0.567051
v 70.610588 36.880878 0.541153
v 70.636520 36.880878 0.513955
v 70.484726 37.014828 0.459134
v 70.507263 37.014851 0.437673
v 70.528748 37.014828 0.415160
v 70.454193 37.027531 0.426151
v 70.475365 37.027554 0.405716
v 70.495819 37.027531 0.384574
v 70.761497 36.880428 0.327208
v 70.776741 36.880260 0.292858
v 70.790298 36.880093 0.257807
v 70.634903 37.013752 0.259670
v 70.648163 37.013325 0.231325
v 70.659943 37.012844 0.202622
v 70.605156 37.025646 0.239464
v 70.619621 37.024982 0.213113
v 70.632492 37.024265 0.186487
v 70.326996 36.880070 0.720473
v 70.362068 36.880260 0.706967
v 70.396431 36.880428 0.691762
v 70.043777 37.020931 -0.602786
v 70.070229 37.020855 -0.603507
v 70.096680 37.020954 -0.602699
v 70.041290 37.010174 -0.628541
v 70.070190 37.010105 -0.629268
v 70.099091 37.010197 -0.628463
v 70.032486 36.878971 -0.765441
v 70.070053 36.878925 -0.766335
v 70.107628 36.878971 -0.765390
v 70.031441 36.878971 0.764104
v 70.069016 36.878925 0.765052
v 70.106583 36.878971 0.764155
v 70.040230 37.010197 0.627192
v 70.069138 37.010105 0.627976
v 70.098038 37.010174 0.627228
v 70.042717 37.020954 0.601431
v 70.069176 37.020878 0.602212
v 70.095634 37.020954 0.601467
v 70.138809 37.062649 -0.344909
v 70.143555 37.063557 -0.350616
v 70.153137 37.062702 -0.361190
v 70.134674 37.057743 -0.389860
v 70.139069 37.058643 -0.395040
v 70.147575 37.058002 -0.404013
v 70.129784 37.052921 -0.429950
v 70.133812 37.053875 -0.434671
v 70.141266 37.053402 -0.442232
v 69.807755 37.066273 -0.167377
v 69.698174 37.049084 -0.261287
v 69.775482 37.064632 -0.157017
v 69.674263 37.048275 -0.243238
v 69.739868 37.062435 -0.146500
v 69.649460 37.047176 -0.224672
v 69.902802 37.066273 0.261136
v 69.808884 37.049084 0.370719
v 69.913162 37.064632 0.293418
v 69.826935 37.048275 0.394627
v 69.923676 37.062435 0.329020
v 69.845505 37.047176 0.419431
v 70.472832 37.056355 0.123789
v 70.538361 37.044102 0.185066
v 70.507355 37.052784 0.112685
v 70.560646 37.042240 0.165420
v 70.538170 37.049297 0.100993
v 70.580513 37.040386 0.145449
v 70.256500 37.068134 0.213661
v 70.364059 37.049969 0.329169
v 70.268364 37.068371 0.198366
v 70.381035 37.050091 0.311240
v 70.283669 37.068134 0.186508
v 70.398987 37.049969 0.294264
v 70.215187 37.062435 0.329145
v 70.293137 37.047176 0.419696
v 70.225708 37.064632 0.293555
v 70.311707 37.048252 0.394919
v 70.236076 37.066273 0.261285
v 70.329758 37.049061 0.371029
v 70.399368 37.062435 -0.146143
v 70.489960 37.047176 -0.223959
v 70.363770 37.064632 -0.156696
v 70.465172 37.048275 -0.242589
v 70.331497 37.066273 -0.167088
v 70.441261 37.049084 -0.260700
v 69.993942 37.043819 0.512447
v 69.964401 37.037258 0.539937
v 70.008301 37.042049 0.525700
v 69.985291 37.036137 0.549479
v 70.023239 37.040813 0.534426
v 70.006325 37.035305 0.556179
v 69.739746 37.062435 0.145014
v 69.649193 37.047176 0.222959
v 69.775337 37.064632 0.155529
v 69.673965 37.048252 0.241532
v 69.807602 37.066273 0.165894
v 69.697861 37.049061 0.259586
v 69.945091 37.056355 0.402658
v 69.883812 37.044102 0.468173
v 69.956192 37.052784 0.437175
v 69.903450 37.042240 0.490456
v 69.967896 37.049297 0.467985
v 69.923431 37.040386 0.510325
v 70.834328 36.878971 -0.037692
v 70.835228 36.878925 -0.000117
v 70.834274 36.878971 0.037452
v 70.671738 37.020931 -0.026465
v 70.672462 37.020855 -0.000069
v 70.671661 37.020931 0.026329
v 70.697472 37.010151 -0.028936
v 70.698204 37.010105 -0.000078
v 70.697411 37.010174 0.028779
v 69.441696 37.010197 -0.029946
v 69.440910 37.010105 -0.001041
v 69.441666 37.010174 0.027864
v 69.467453 37.020954 -0.027458
v 69.466675 37.020878 -0.001002
v 69.467430 37.020954 0.025459
v 69.304787 36.878971 -0.038735
v 69.303848 36.878925 -0.001166
v 69.304733 36.878971 0.036406
v 69.525871 37.039547 0.014677
v 69.524841 37.039379 -0.000782
v 69.525902 37.039547 -0.016237
v 69.505669 37.034374 0.020035
v 69.504822 37.034229 -0.000898
v 69.505699 37.034374 -0.021831
v 70.613266 37.039524 -0.015775
v 70.614273 37.039379 -0.000358
v 70.613205 37.039547 0.015058
v 70.633492 37.034328 -0.021026
v 70.634331 37.034229 -0.000159
v 70.633430 37.034351 0.020709
v 70.023743 37.040813 -0.535838
v 70.007210 37.035282 -0.557629
v 70.008781 37.042027 -0.527129
v 69.986183 37.036114 -0.550971
v 69.994408 37.043797 -0.513894
v 69.965279 37.037235 -0.541464
v 69.556442 37.043819 -0.076238
v 69.528946 37.037258 -0.105772
v 69.543190 37.042049 -0.061876
v 69.519409 37.036137 -0.084881
v 69.534470 37.040813 -0.046931
v 69.512718 37.035305 -0.063852
v 69.547852 37.042721 0.033703
v 69.557823 37.044201 0.044580
v 69.573471 37.046345 0.054636
v 69.553139 37.042812 0.030353
v 69.563255 37.044315 0.040217
v 69.579269 37.046535 0.049277
v 69.557396 37.041912 0.028237
v 69.567467 37.043385 0.037547
v 69.583511 37.045605 0.046121
v 70.430176 37.062702 -0.084085
v 70.419563 37.063557 -0.074599
v 70.413826 37.062649 -0.069890
v 70.473007 37.057980 -0.078509
v 70.463989 37.058643 -0.070099
v 70.458786 37.057720 -0.065754
v 70.511238 37.053402 -0.072179
v 70.503632 37.053852 -0.064830
v 70.498878 37.052921 -0.060863
v 69.986076 37.062702 -0.361280
v 69.995567 37.063557 -0.350664
v 70.000282 37.062649 -0.344933
v 69.991661 37.057980 -0.404111
v 70.000076 37.058643 -0.395096
v 70.004425 37.057743 -0.389890
v 69.997986 37.053402 -0.442342
v 70.005341 37.053852 -0.434736
v 70.009315 37.052921 -0.429986
v 70.058128 37.041264 -0.531773
v 70.059235 37.041340 -0.526513
v 70.059975 37.040432 -0.522132
v 70.069679 37.041096 -0.532893
v 70.069618 37.041172 -0.527639
v 70.069588 37.040264 -0.523252
v 70.081230 37.041264 -0.531725
v 70.080002 37.041340 -0.526480
v 70.079193 37.040432 -0.522111
v 70.236328 37.066273 -0.262395
v 70.330299 37.049061 -0.371961
v 70.225990 37.064632 -0.294671
v 70.312286 37.048252 -0.395865
v 70.215500 37.062435 -0.330267
v 70.293762 37.047176 -0.420655
v 69.953873 37.078388 0.136965
v 69.969536 37.079868 0.120168
v 69.976517 37.078861 0.112643
v 69.945419 37.078724 0.123417
v 69.961823 37.080196 0.107046
v 69.969139 37.079197 0.099745
v 69.931877 37.078388 0.114968
v 69.948708 37.079868 0.099339
v 69.956238 37.078861 0.092365
v 70.591270 37.042721 -0.034890
v 70.581299 37.044201 -0.045771
v 70.565651 37.046345 -0.055830
v 70.585968 37.042812 -0.031588
v 70.575844 37.044315 -0.041453
v 70.559837 37.046535 -0.050516
v 70.581688 37.041912 -0.029496
v 70.571617 37.043385 -0.038806
v 70.555580 37.045605 -0.047384
v 70.331306 37.066273 0.166087
v 70.440895 37.049084 0.259989
v 70.363594 37.064632 0.155731
v 70.464806 37.048275 0.241940
v 70.399200 37.062435 0.145208
v 70.489616 37.047176 0.223376
v 70.153038 37.062702 0.359966
v 70.143517 37.063557 0.349369
v 70.138786 37.062649 0.343641
v 70.147469 37.057980 0.402792
v 70.139023 37.058643 0.393792
v 70.134659 37.057743 0.388595
v 70.141144 37.053402 0.441017
v 70.133759 37.053852 0.433426
v 70.129768 37.052921 0.428691
v 69.708923 37.062702 0.082859
v 69.719521 37.063557 0.073340
v 69.725250 37.062649 0.068613
v 69.666100 37.057980 0.077291
v 69.675102 37.058643 0.068845
v 69.680298 37.057743 0.064479
v 69.627876 37.053402 0.070973
v 69.635460 37.053852 0.063582
v 69.640198 37.052921 0.059595
v 70.582634 37.043819 0.074955
v 70.610138 37.037258 0.104495
v 70.595886 37.042049 0.060608
v 70.619675 37.036137 0.083621
v 70.604614 37.040813 0.045683
v 70.626389 37.035305 0.062629
v 70.057922 37.041264 0.530454
v 70.069473 37.041096 0.531607
v 70.081039 37.041264 0.530469
v 70.059120 37.041340 0.525203
v 70.069504 37.041172 0.526353
v 70.079880 37.041340 0.525211
v 70.059914 37.040432 0.520833
v 70.069511 37.040264 0.521966
v 70.079132 37.040432 0.520836
v 69.486382 37.022816 -0.134186
v 69.460297 37.011776 -0.145999
v 69.479126 37.022167 -0.107382
v 69.453293 37.011250 -0.116948
v 69.473625 37.021618 -0.080631
v 69.447876 37.010769 -0.087897
v 70.214119 37.011776 0.608780
v 70.202393 37.022785 0.582667
v 70.185066 37.011227 0.615742
v 70.175575 37.022167 0.589894
v 70.155998 37.010769 0.621121
v 70.148819 37.021595 0.595360
v 69.866257 37.012844 0.589763
v 69.882385 37.024265 0.562303
v 69.837547 37.013325 0.577979
v 69.855751 37.024982 0.549438
v 69.809212 37.013752 0.564723
v 69.829399 37.025646 0.534975
v 70.104057 37.042744 -0.522260
v 70.100632 37.042843 -0.516991
v 70.098465 37.041912 -0.512747
v 70.114914 37.044201 -0.512273
v 70.110481 37.044338 -0.506867
v 70.107765 37.043385 -0.502674
v 70.124962 37.046368 -0.496624
v 70.119530 37.046558 -0.490860
v 70.116333 37.045628 -0.486634
v 70.256020 37.024265 0.562536
v 70.272072 37.012821 0.590026
v 70.282654 37.024982 0.549709
v 70.300781 37.013302 0.578283
v 70.309021 37.025646 0.535282
v 70.329140 37.013729 0.565063
v 70.283867 37.068134 -0.187565
v 70.399391 37.049969 -0.295077
v 70.268570 37.068371 -0.199441
v 70.381462 37.050091 -0.312088
v 70.256721 37.068134 -0.214753
v 70.364510 37.049969 -0.330053
v 70.652695 37.022816 0.132903
v 70.678787 37.011776 0.144716
v 70.659966 37.022167 0.106122
v 70.685791 37.011250 0.115686
v 70.665474 37.021618 0.079407
v 70.691216 37.010769 0.086658
v 70.149864 37.021641 -0.596488
v 70.176613 37.022167 -0.590969
v 70.203415 37.022839 -0.583697
v 70.157043 37.010769 -0.622252
v 70.186104 37.011250 -0.616820
v 70.215157 37.011776 -0.609813
v 69.883430 37.024242 -0.563932
v 69.867287 37.012821 -0.591395
v 69.856758 37.024982 -0.551099
v 69.838554 37.013302 -0.579647
v 69.830368 37.025646 -0.536660
v 69.810165 37.013729 -0.566421
v 69.666237 37.056355 -0.125090
v 69.600716 37.044102 -0.186370
v 69.631721 37.052784 -0.113980
v 69.578430 37.042240 -0.166724
v 69.600906 37.049297 -0.102288
v 69.558563 37.040386 -0.146750
v 70.273064 37.012844 -0.590972
v 70.256996 37.024265 -0.563494
v 70.301743 37.013325 -0.579194
v 70.283600 37.024982 -0.550635
v 70.330070 37.013752 -0.565944
v 70.309921 37.025646 -0.536177
v 69.931931 37.078388 -0.116304
v 69.948723 37.079868 -0.100646
v 69.956245 37.078861 -0.093655
v 69.945480 37.078724 -0.124756
v 69.961853 37.080196 -0.108353
v 69.969147 37.079197 -0.101040
v 69.953926 37.078388 -0.138302
v 69.969551 37.079868 -0.121475
v 69.976532 37.078861 -0.113932
v 69.924004 37.062435 -0.330476
v 69.846161 37.047176 -0.421051
v 69.913460 37.064632 -0.294874
v 69.827545 37.048275 -0.396261
v 69.903069 37.066273 -0.262595
v 69.809441 37.049084 -0.372357
v 70.103874 37.042721 0.521045
v 70.114754 37.044201 0.511064
v 70.124809 37.046345 0.495421
v 70.100533 37.042812 0.515755
v 70.110390 37.044315 0.505637
v 70.119453 37.046535 0.489627
v 70.098412 37.041912 0.511496
v 70.107719 37.043385 0.501423
v 70.116295 37.045605 0.485381
v 69.904037 37.076336 -0.085110
v 69.896568 37.077290 -0.091336
v 69.880363 37.075909 -0.105090
v 69.864769 37.074047 -0.081230
v 69.857582 37.075001 -0.087074
v 69.842415 37.073711 -0.099809
v 69.820053 37.071041 -0.077427
v 69.813301 37.071949 -0.082896
v 69.799500 37.070782 -0.094585
v 69.985069 37.076336 0.164857
v 69.978836 37.077290 0.172325
v 69.965088 37.075909 0.188526
v 69.988945 37.074047 0.204130
v 69.983101 37.075001 0.211307
v 69.970367 37.073711 0.226479
v 69.992752 37.071041 0.248828
v 69.987282 37.071949 0.255593
v 69.975586 37.070782 0.269397
v 70.413811 37.062649 0.068622
v 70.419533 37.063557 0.073364
v 70.430107 37.062702 0.082915
v 70.458763 37.057743 0.064488
v 70.463943 37.058643 0.068869
v 70.472939 37.058002 0.077351
v 70.498856 37.052921 0.059607
v 70.503578 37.053875 0.063609
v 70.511154 37.053402 0.071036
v 70.162537 37.078861 0.112646
v 70.169510 37.079868 0.120189
v 70.185150 37.078388 0.137009
v 70.169922 37.079197 0.099750
v 70.177223 37.080196 0.107064
v 70.193596 37.078724 0.123467
v 70.182816 37.078861 0.092371
v 70.190346 37.079868 0.099360
v 70.207138 37.078388 0.115015
v 70.146317 37.071041 0.248837
v 70.151764 37.071949 0.255611
v 70.163422 37.070782 0.269433
v 70.150108 37.074047 0.204136
v 70.155937 37.075001 0.211324
v 70.168640 37.073711 0.226515
v 70.153999 37.076336 0.164857
v 70.160210 37.077290 0.172343
v 70.173927 37.075909 0.188567
v 70.319016 37.071041 -0.077412
v 70.325798 37.071949 -0.082860
v 70.339630 37.070782 -0.094489
v 70.274315 37.074047 -0.081215
v 70.281509 37.075001 -0.087039
v 70.296700 37.073711 -0.099722
v 70.235039 37.076336 -0.085101
v 70.242523 37.077290 -0.091306
v 70.258759 37.075909 -0.105015
v 70.022751 37.045605 0.485366
v 70.019577 37.046558 0.489601
v 70.014175 37.046368 0.495376
v 70.031319 37.043385 0.501405
v 70.028625 37.044338 0.505610
v 70.024223 37.044201 0.511029
v 70.040627 37.041912 0.511482
v 70.038475 37.042843 0.515728
v 70.035095 37.042721 0.521009
v 69.820053 37.071041 0.076135
v 69.813278 37.071949 0.081589
v 69.799461 37.070782 0.093245
v 69.864754 37.074047 0.079938
v 69.857574 37.075001 0.085767
v 69.842377 37.073711 0.098469
v 69.904030 37.076336 0.083818
v 69.896553 37.077290 0.090032
v 69.880325 37.075909 0.103756
v 70.000267 37.062649 0.343632
v 69.995529 37.063557 0.349348
v 69.985977 37.062702 0.359931
v 70.004402 37.057743 0.388583
v 70.000023 37.058643 0.393768
v 69.991539 37.058002 0.402757
v 70.009285 37.052921 0.428679
v 70.005280 37.053875 0.433405
v 69.997849 37.053402 0.440978
v 69.548050 37.040432 0.008949
v 69.546921 37.040264 -0.000660
v 69.548058 37.040432 -0.010268
v 69.543678 37.041340 0.009709
v 69.542534 37.041172 -0.000677
v 69.543686 37.041340 -0.011061
v 69.538422 37.041264 0.010856
v 69.537285 37.041096 -0.000698
v 69.538445 37.041264 -0.012253
v 70.591034 37.040432 -0.010208
v 70.592148 37.040264 -0.000606
v 70.591011 37.040432 0.008999
v 70.595421 37.041340 -0.010950
v 70.596542 37.041149 -0.000573
v 70.595390 37.041340 0.009798
v 70.600677 37.041241 -0.012062
v 70.601807 37.041096 -0.000525
v 70.600647 37.041264 0.011011
v 70.040680 37.041912 -0.512794
v 70.038582 37.042812 -0.517068
v 70.035286 37.042721 -0.522370
v 70.031364 37.043385 -0.502724
v 70.028717 37.044315 -0.506950
v 70.024391 37.044201 -0.512395
v 70.022789 37.045605 -0.486682
v 70.019653 37.046535 -0.490940
v 70.014336 37.046345 -0.496749
v 69.583527 37.045605 -0.047425
v 69.579292 37.046558 -0.050602
v 69.573517 37.046368 -0.055996
v 69.567490 37.043385 -0.038854
v 69.563286 37.044338 -0.041548
v 69.557869 37.044201 -0.045953
v 69.557411 37.041912 -0.029550
v 69.553162 37.042843 -0.031696
v 69.547882 37.042721 -0.035084
v 69.512642 37.035282 0.062074
v 69.519318 37.036137 0.083109
v 69.528831 37.037235 0.104018
v 69.534409 37.040813 0.045385
v 69.543121 37.042049 0.060340
v 69.556366 37.043819 0.074717
v 70.538689 37.044102 -0.185535
v 70.473022 37.056355 -0.124664
v 70.560966 37.042240 -0.165842
v 70.507545 37.052784 -0.113527
v 70.580818 37.040386 -0.145827
v 70.538353 37.049297 -0.101809
v 69.884567 37.044102 -0.469772
v 69.945473 37.056355 -0.404114
v 69.904251 37.042240 -0.492046
v 69.956604 37.052784 -0.438634
v 69.924255 37.040386 -0.511894
v 69.968315 37.049297 -0.469441
v 70.049217 37.034351 -0.564543
v 70.054443 37.039524 -0.544331
v 70.070145 37.034229 -0.565360
v 70.069901 37.039379 -0.545339
v 70.091064 37.034374 -0.564454
v 70.085350 37.039547 -0.544254
v 70.154007 37.076336 -0.166140
v 70.160240 37.077290 -0.173608
v 70.173996 37.075909 -0.189806
v 70.150124 37.074047 -0.205410
v 70.155975 37.075001 -0.212590
v 70.168724 37.073711 -0.227750
v 70.146324 37.071041 -0.250111
v 70.151802 37.071949 -0.256870
v 70.163506 37.070782 -0.270669
v 69.774620 37.049969 0.328814
v 69.882378 37.068134 0.213494
v 69.757652 37.050091 0.310861
v 69.870529 37.068371 0.198188
v 69.739716 37.049969 0.293880
v 69.855232 37.068134 0.186326
v 70.626564 37.035282 -0.062949
v 70.619904 37.036114 -0.083945
v 70.610390 37.037235 -0.104831
v 70.604759 37.040813 -0.046424
v 70.596046 37.042027 -0.061361
v 70.582802 37.043797 -0.075726
v 70.235031 37.076336 0.083827
v 70.242508 37.077290 0.090053
v 70.258698 37.075909 0.103804
v 70.274307 37.074047 0.079944
v 70.281487 37.075001 0.085791
v 70.296654 37.073711 0.098523
v 70.319008 37.071041 0.076141
v 70.325768 37.071949 0.081613
v 70.339569 37.070782 0.093298
v 70.254822 37.044102 0.468390
v 70.193764 37.056355 0.402769
v 70.235176 37.042240 0.490647
v 70.182663 37.052784 0.437274
v 70.215187 37.040386 0.510489
v 70.170959 37.049297 0.468077
v 69.600510 37.044102 0.184645
v 69.666130 37.056355 0.123592
v 69.578239 37.042240 0.164994
v 69.631615 37.052784 0.112482
v 69.558403 37.040386 0.145014
v 69.600815 37.049297 0.100785
v 70.555542 37.045605 0.046142
v 70.559776 37.046558 0.049319
v 70.565559 37.046368 0.054716
v 70.571579 37.043385 0.037574
v 70.575783 37.044338 0.040268
v 70.581200 37.044201 0.044676
v 70.581650 37.041912 0.028270
v 70.585907 37.042843 0.030421
v 70.591187 37.042721 0.033816
v 70.048340 37.034374 0.563195
v 70.069283 37.034229 0.564065
v 70.090218 37.034374 0.563221
v 70.053940 37.039547 0.542994
v 70.069397 37.039379 0.544047
v 70.084854 37.039547 0.543012
v 70.133087 37.035328 -0.557385
v 70.116028 37.040836 -0.535653
v 70.154121 37.036137 -0.550673
v 70.130981 37.042049 -0.526915
v 70.175011 37.037281 -0.541125
v 70.145332 37.043819 -0.513659
v 70.182823 37.078861 -0.093649
v 70.190369 37.079868 -0.100622
v 70.207199 37.078388 -0.116242
v 70.169930 37.079197 -0.101028
v 70.177246 37.080196 -0.108329
v 70.193649 37.078724 -0.124697
v 70.162552 37.078861 -0.113926
v 70.169540 37.079868 -0.121451
v 70.185204 37.078388 -0.138245
v 69.725258 37.062649 -0.069908
v 69.719543 37.063557 -0.074653
v 69.708961 37.062702 -0.084201
v 69.680305 37.057743 -0.065775
v 69.675125 37.058643 -0.070153
v 69.666130 37.058002 -0.078640
v 69.640213 37.052921 -0.060890
v 69.635483 37.053875 -0.064895
v 69.627907 37.053402 -0.072322
v 69.740097 37.049969 -0.295562
v 69.855408 37.068134 -0.187800
v 69.758064 37.050091 -0.312535
v 69.870728 37.068371 -0.199656
v 69.775078 37.049969 -0.330476
v 69.882599 37.068134 -0.214959
v 69.992760 37.071041 -0.250129
v 69.987320 37.071949 -0.256903
v 69.975677 37.070782 -0.270734
v 69.988960 37.074047 -0.205422
v 69.983131 37.075001 -0.212614
v 69.970451 37.073711 -0.227813
v 69.985077 37.076336 -0.166146
v 69.978874 37.077290 -0.173632
v 69.965157 37.075909 -0.189863
v 70.132248 37.035282 0.556254
v 70.153290 37.036137 0.549575
v 70.174194 37.037235 0.540056
v 70.115555 37.040813 0.534483
v 70.130516 37.042049 0.525763
v 70.144890 37.043819 0.512525
v 70.194130 37.056355 -0.403885
v 70.255531 37.044102 -0.469373
v 70.183029 37.052784 -0.438399
v 70.235916 37.042240 -0.491647
v 70.171364 37.049297 -0.469200
v 70.215965 37.040386 -0.511507
v 70.069534 36.747509 -0.000642
v 70.760139 -18.720654 -0.118787
v 70.728584 -18.723133 -0.000642
v 70.760139 -18.720654 0.117504
v 70.760139 -19.421188 -0.118787
v 70.728584 -19.418697 -0.000642
v 70.760139 -19.421188 0.117504
v 70.725739 -19.650475 -0.118787
v 70.695633 -19.640690 -0.000642
v 70.725739 -19.650475 0.117504
v 69.345688 -19.963116 0.235649
v 69.413223 -19.650475 0.117504
v 69.330971 -19.677204 0.203993
v 69.218613 -19.713703 0.235649
v 69.378822 -19.421188 0.117504
v 69.292603 -19.427971 0.203993
v 69.174820 -19.437233 0.235649
v 69.511238 -19.842831 0.117504
v 69.441269 -19.893661 0.203993
vn -0.8345 0.4823 -0.2666
vn -0.8332 0.0072 -0.5530
vn -0.9477 0.0079 -0.3192
vn -0.8654 0.5011 -0.0024
vn -0.5009 0.8655 0.0010
vn -0.5009 0.8655 -0.0010
vn -0.5651 0.0691 0.8222
vn -0.7299 0.4818 0.4849
vn -0.8332 0.0072 0.5530
vn -0.4899 0.8492 0.1971
vn -0.8252 0.5594 0.0779
vn -0.8307 0.4816 0.2792
vn -0.3045 0.8713 0.3847
vn 0.0007 1.0000 -0.0007
vn -0.4544 0.8377 0.3029
vn -1.0000 -0.0011 -0.0008
vn -0.8958 0.1343 0.4236
vn -0.1287 0.9868 -0.0983
vn -0.4780 0.0292 -0.8779
vn -0.2062 0.4876 -0.8484
vn -0.2362 0.0076 -0.9717
vn 0.0631 0.0608 0.9962
vn -0.2061 0.4876 0.8484
vn -0.2363 0.0071 0.9717
vn -0.0243 0.4551 0.8901
vn -0.1243 0.8496 0.5126
vn -0.0128 0.8470 0.5314
vn -0.0040 1.0000 -0.0006
vn -0.3524 0.4924 0.7958
vn 0.0008 1.0000 -0.0019
vn -0.2161 0.8497 0.4810
vn -0.0128 0.8470 -0.5314
vn -0.0037 1.0000 0.0021
vn -0.0013 1.0000 -0.0015
vn -0.5067 0.4462 0.7377
vn -0.6502 0.4816 0.5877
vn -0.3060 0.8660 0.3955
vn -0.2010 0.9795 0.0153
vn -0.1353 0.9795 0.1493
vn -0.0004 1.0000 -0.0001
vn -0.4464 0.0580 0.8929
vn -0.3059 0.8660 -0.3955
vn 0.0002 1.0000 0.0002
vn 0.0005 1.0000 0.0006
vn -0.7229 -0.0179 -0.6908
vn -0.7155 0.4892 -0.4988
vn -0.5326 0.4997 -0.6832
vn -0.1344 -0.0008 -0.9909
vn -0.0003 0.5000 -0.8660
vn -0.5503 -0.1414 -0.8229
vn -0.6133 -0.0004 -0.7898
vn -0.6133 0.0005 -0.7898
vn -0.9959 0.0693 0.0573
vn -0.4542 0.8379 -0.3028
vn -0.3865 0.8533 -0.3501
vn 0.0008 1.0000 0.0002
vn -0.5178 0.8378 -0.1730
vn 0.0013 1.0000 0.0010
vn -0.2236 0.8499 -0.4772
vn -0.0994 0.8575 -0.5048
vn -0.2964 0.1336 0.9457
vn -0.3517 0.4942 -0.7950
vn -0.5257 0.4559 -0.7182
vn 0.0634 0.9790 -0.1937
vn -0.4061 -0.0073 -0.9138
vn -0.2362 -0.0076 -0.9717
vn -0.0028 0.0022 1.0000
vn -0.2362 -0.0076 0.9717
vn -0.4092 -0.0071 0.9124
vn -0.6126 0.0010 0.7904
vn -0.6132 0.0001 0.7899
vn -0.8840 -0.1359 0.4474
vn -0.8316 -0.0071 -0.5553
vn -0.9949 0.0285 -0.0963
vn -0.8957 -0.1359 -0.4233
vn 0.0004 0.0007 -1.0000
vn -0.9486 -0.0077 0.3164
vn -0.9747 -0.0405 0.2197
vn -0.8307 -0.4816 -0.2792
vn -0.5018 -0.8650 -0.0012
vn -0.8663 -0.4995 0.0029
vn -0.8663 -0.4996 -0.0015
vn -0.7300 -0.4817 0.4849
vn -0.5326 -0.4997 0.6831
vn -0.5201 -0.8408 0.1499
vn -0.5465 -0.8365 0.0407
vn -0.3497 -0.8404 0.4140
vn 0.0007 -1.0000 -0.0006
vn 0.0002 -1.0000 -0.0002
vn -0.8226 -0.5043 0.2625
vn 0.0068 -0.9977 0.0670
vn -0.0015 -1.0000 0.0001
vn -0.2062 -0.4876 -0.8484
vn -0.3573 -0.4875 -0.7966
vn -0.2062 -0.4876 0.8484
vn -0.0003 -0.5000 0.8660
vn -0.1244 -0.8496 0.5126
vn -0.0001 -0.8660 0.5000
vn -0.0000 -1.0000 -0.0007
vn -0.0000 -1.0000 0.0002
vn -0.3573 -0.4875 0.7966
vn 0.0008 -1.0000 -0.0019
vn -0.0058 -0.8722 -0.4890
vn 0.0003 -1.0000 0.0020
vn -0.1244 -0.8496 -0.5125
vn -0.5296 -0.5006 0.6848
vn -0.3063 -0.8657 0.3958
vn -0.0000 -1.0000 0.0001
vn -0.3083 -0.8449 -0.4372
vn -0.0001 -1.0000 -0.0001
vn -0.3076 -0.8656 -0.3950
vn -0.7154 -0.4892 -0.4988
vn -0.5804 -0.4387 -0.6860
vn -0.4543 -0.8378 -0.3029
vn 0.0022 -1.0000 0.0006
vn -0.0015 -1.0000 -0.0001
vn -0.4575 -0.8769 -0.1475
vn 0.0004 -1.0000 0.0012
vn -0.2159 -0.8498 -0.4809
vn -0.4481 -0.8565 0.2560
vn -0.1967 -0.8688 0.4544
vn -0.5299 -0.4997 -0.6852
vn -0.1929 -0.9803 -0.0430
vn -0.0243 -0.4551 -0.8901
vn -0.2093 -0.9775 0.0278
vn 0.7905 0.0257 -0.6119
vn 0.8307 0.4817 -0.2792
vn 0.9477 0.0079 -0.3192
vn 0.5018 0.8650 -0.0012
vn 0.8663 0.4995 0.0029
vn 0.8663 0.4996 -0.0015
vn 0.7229 -0.0179 0.6908
vn 0.7299 0.4817 0.4850
vn 0.5326 0.4997 0.6831
vn 0.5202 0.8408 0.1499
vn 0.5466 0.8364 0.0407
vn 0.3498 0.8404 0.4141
vn -0.0008 1.0000 -0.0007
vn -0.0001 1.0000 -0.0002
vn 0.7905 0.0257 0.6119
vn 0.8226 0.5044 0.2625
vn 1.0000 -0.0011 -0.0008
vn -0.0066 0.9977 0.0670
vn 0.0003 1.0000 -0.0000
vn 0.1607 0.0292 -0.9866
vn 0.3574 0.4875 -0.7966
vn 0.4092 0.0077 -0.9124
vn 0.1342 -0.0005 0.9909
vn 0.2061 0.4876 0.8484
vn 0.0003 0.5000 0.8660
vn 0.1243 0.8496 0.5126
vn -0.0002 0.8653 0.5012
vn 0.0039 1.0000 -0.0013
vn 0.0012 1.0000 0.0015
vn 0.1607 0.0292 0.9866
vn 0.3574 0.4875 0.7966
vn -0.0008 1.0000 -0.0019
vn 0.0054 0.8717 -0.4900
vn 0.0038 1.0000 0.0013
vn 0.1242 0.8497 -0.5125
vn 0.5296 0.5006 0.6848
vn 0.3064 0.8657 0.3959
vn 0.0001 1.0000 0.0001
vn 0.0004 1.0000 -0.0001
vn 0.6154 0.0006 0.7882
vn 0.3083 0.8448 -0.4373
vn 0.0001 1.0000 -0.0001
vn 0.3077 0.8656 -0.3950
vn 0.5651 0.0692 -0.8221
vn 0.7154 0.4892 -0.4989
vn -0.0634 0.0606 -0.9961
vn 0.1925 0.4904 -0.8500
vn 0.5518 -0.0165 -0.8338
vn 0.6126 0.0010 -0.7904
vn 0.6133 0.0005 -0.7898
vn 0.9889 -0.0175 -0.1474
vn 0.5804 0.4387 -0.6860
vn 0.4540 0.8380 -0.3027
vn -0.0010 1.0000 0.0004
vn 0.4572 0.8771 -0.1474
vn 0.1468 0.9873 0.0607
vn -0.0006 1.0000 0.0011
vn 0.2160 0.8496 -0.4811
vn 0.4481 0.8565 0.2560
vn 0.1966 0.8688 0.4545
vn 0.5300 0.4997 -0.6851
vn 0.1930 0.9803 -0.0431
vn 0.0243 0.4551 -0.8901
vn 0.4092 -0.0077 -0.9124
vn 0.2363 -0.0071 -0.9717
vn -0.0005 0.0010 1.0000
vn 0.2362 -0.0076 0.9717
vn 0.4101 0.2503 0.8770
vn 0.4091 -0.0071 0.9124
vn 0.5503 -0.1414 0.8229
vn 0.6132 0.0001 0.7899
vn 0.8332 -0.0072 0.5529
vn -0.0066 0.9626 0.2709
vn -0.0000 0.8653 0.5013
vn -0.0000 1.0000 0.0012
vn -0.0004 0.0017 -1.0000
vn -0.0000 0.5000 -0.8660
vn -0.0000 0.8653 -0.5013
vn -0.0000 0.0017 1.0000
vn -0.0000 0.5000 0.8660
vn -0.0000 1.0000 -0.0014
vn 0.8332 -0.0072 -0.5529
vn 1.0000 0.0007 0.0005
vn 0.9477 -0.0079 -0.3191
vn -0.0001 0.0003 -1.0000
vn -0.0125 0.0023 -0.9999
vn -0.0000 -0.0017 -1.0000
vn -0.0000 -0.0017 1.0000
vn 0.9477 -0.0079 0.3191
vn 0.9747 -0.0405 0.2197
vn 0.8344 -0.4823 -0.2666
vn 0.4687 -0.8815 -0.0564
vn 0.8663 -0.4995 0.0029
vn 0.5008 -0.8655 0.0010
vn 0.7299 -0.4817 0.4850
vn 0.4898 -0.8493 0.1971
vn 0.8307 -0.4816 0.2793
vn 0.3045 -0.8714 0.3846
vn -0.0009 -1.0000 -0.0006
vn 0.4543 -0.8378 0.3029
vn 0.1285 -0.9868 -0.0987
vn 0.3651 -0.4866 -0.7936
vn 0.2062 -0.4876 0.8484
vn 0.0243 -0.4551 0.8901
vn 0.1244 -0.8496 0.5125
vn 0.0123 -0.8480 0.5298
vn -0.0002 -1.0000 -0.0011
vn 0.2160 -0.8496 0.4811
vn 0.0123 -0.8480 -0.5298
vn -0.0004 -1.0000 0.0020
vn -0.0000 -1.0000 -0.0011
vn 0.5067 -0.4462 0.7377
vn 0.6502 -0.4816 0.5876
vn 0.3059 -0.8660 0.3955
vn 0.2008 -0.9795 0.0153
vn 0.3059 -0.8660 -0.3955
vn -0.0001 -1.0000 0.0002
vn -0.0005 -1.0000 0.0006
vn -0.0586 -0.9972 0.0469
vn 0.7154 -0.4892 -0.4989
vn 0.5326 -0.4997 -0.6831
vn 0.1924 -0.4904 -0.8500
vn 0.0003 -0.5000 -0.8660
vn 0.4542 -0.8379 -0.3028
vn 0.3864 -0.8533 -0.3500
vn -0.0017 -1.0000 0.0005
vn 0.5176 -0.8379 -0.1730
vn -0.0008 -1.0000 0.0006
vn 0.8265 -0.5517 -0.1119
vn 0.3521 -0.4996 0.7915
vn 0.1160 -0.8499 -0.5140
vn -0.0005 -1.0000 0.0011
vn 0.2311 -0.8575 -0.4598
vn 0.5257 -0.4559 -0.7182
vn -0.0000 -0.8660 0.5000
vn -0.0000 -1.0000 0.0013
vn 0.1289 -0.1304 -0.9830
vn -0.0000 -0.5000 -0.8660
vn -0.0000 -0.5000 0.8660
vn -0.0000 -0.8660 -0.5000
vn -0.1437 -0.9805 -0.1339
vn 0.9741 0.1199 0.1915
vn 0.1351 -0.9798 -0.1476
vn -0.1240 0.9838 -0.1291
vn -0.1346 0.9633 0.2321
vn 0.1292 -0.9831 -0.1294
vn -0.1263 -0.9841 0.1246
vn 0.1346 -0.9634 0.2320
vn 0.1598 -0.9796 -0.1222
vn 0.1225 -0.9885 0.0885
vn 0.1232 -0.9885 0.0882
vn -0.1292 -0.9831 -0.1294
vn -0.1300 -0.9830 -0.1294
vn -0.1238 0.9883 0.0896
vn -0.0000 1.0000 -0.0013
vn 0.1320 0.9826 -0.1309
vn 0.1247 0.9882 0.0893
vn -0.0000 -0.8661 0.5000
vn -0.0000 -0.8661 -0.5000
vn -0.0000 -0.0022 1.0000
vn 0.1289 -0.1295 0.9832
vn -0.0000 -0.0022 -1.0000
vn -0.1283 0.1170 0.9848
vn -0.1278 0.1171 0.9849
vn 0.1278 0.1171 -0.9849
vn 0.1283 0.1170 -0.9848
vn -1.0000 -0.0000 0.0010
vn -1.0000 0.0003 0.0007
vn -1.0000 0.0001 -0.0003
vn 0.0010 -1.0000 -0.0013
vn 0.2434 -0.9699 -0.0020
vn 0.2435 -0.9699 0.0020
vn -0.9064 -0.1830 -0.3806
vn -0.9803 -0.1976 -0.0020
vn -0.9352 -0.0104 -0.3541
vn -0.6969 -0.1408 -0.7032
vn -0.7245 -0.0074 -0.6892
vn -0.3835 -0.0775 -0.9203
vn -0.3970 -0.0024 -0.9178
vn 0.0006 0.0001 -1.0000
vn -0.9400 -0.3412 -0.0012
vn -0.8695 -0.3149 -0.3806
vn -0.6685 -0.2415 -0.7034
vn -0.3668 -0.1311 -0.9210
vn -0.8130 -0.4408 -0.3805
vn -0.8789 -0.4770 -0.0019
vn -0.6252 -0.3388 -0.7031
vn -0.3439 -0.1865 -0.9203
vn 0.0005 0.0003 -1.0000
vn -0.7674 -0.6412 0.0001
vn -0.7548 -0.5647 -0.3337
vn -0.5885 -0.4428 -0.6764
vn -0.3235 -0.2477 -0.9132
vn 0.0429 -0.0785 -0.9960
vn -0.2935 -0.2459 -0.9238
vn 0.0001 0.0001 -1.0000
vn -0.2299 -0.3177 -0.9199
vn -0.5421 -0.4542 -0.7070
vn -0.4180 -0.5739 -0.7042
vn -0.7082 -0.5932 -0.3827
vn -0.5442 -0.7463 -0.3833
vn -0.7676 -0.6409 0.0005
vn -0.1691 -0.3557 -0.9192
vn -0.0000 -0.0000 -1.0000
vn -0.3028 -0.6448 -0.7018
vn -0.3922 -0.8379 -0.3796
vn -0.4710 -0.8820 -0.0172
vn 0.0724 -0.0621 -0.9954
vn -0.0943 -0.3837 -0.9186
vn -0.1728 -0.6927 -0.7003
vn -0.2247 -0.8987 -0.3767
vn -0.0035 -0.4011 -0.9160
vn -0.0000 -0.0009 -1.0000
vn -0.0094 -0.7291 -0.6844
vn -0.0126 -0.9377 -0.3471
vn -0.0714 -0.9972 0.0211
vn -1.0000 -0.0000 -0.0011
vn -0.9239 -0.0000 -0.3826
vn -0.7072 -0.0000 -0.7071
vn -0.3826 -0.0000 -0.9239
vn -0.1005 -0.1062 -0.9893
vn -0.7297 -0.6668 0.1512
vn -0.5870 -0.8096 0.0020
vn -0.4235 -0.9059 0.0013
vn -0.9532 -0.2844 0.1027
vn -0.0000 -0.7071 -0.7072
vn -0.0000 -0.3827 -0.9239
vn 0.9976 -0.0679 0.0143
vn 0.9066 -0.1829 -0.3803
vn 0.9240 -0.0012 -0.3825
vn 0.6970 -0.1407 -0.7031
vn 0.7071 -0.0008 -0.7071
vn 0.3835 -0.0774 -0.9203
vn 0.3827 -0.0005 -0.9239
vn -0.0006 0.0001 -1.0000
vn 0.0001 -0.0000 -1.0000
vn 0.9082 -0.4160 -0.0456
vn 0.9912 -0.0959 -0.0912
vn 0.8697 -0.3150 -0.3800
vn 0.6688 -0.2420 -0.7030
vn 0.3680 -0.1322 -0.9204
vn 0.8130 -0.4408 -0.3804
vn 0.6251 -0.3390 -0.7031
vn 0.3438 -0.1866 -0.9203
vn -0.0005 0.0003 -1.0000
vn 0.1374 0.0591 -0.9888
vn 0.7270 -0.6814 -0.0839
vn 0.9139 -0.3929 -0.1024
vn 0.7239 -0.5918 -0.3545
vn 0.5607 -0.4590 -0.6892
vn 0.3062 -0.2527 -0.9178
vn 0.0775 0.0198 -0.9968
vn 0.2934 -0.2458 -0.9238
vn 0.2318 -0.3186 -0.9191
vn 0.5421 -0.4541 -0.7071
vn 0.4188 -0.5759 -0.7022
vn 0.7082 -0.5932 -0.3827
vn 0.5440 -0.7482 -0.3798
vn 0.7676 -0.6409 0.0005
vn 0.5881 -0.8088 -0.0018
vn 0.1672 -0.3575 -0.9188
vn 0.3018 -0.6454 -0.7017
vn 0.3917 -0.8380 -0.3800
vn 0.4235 -0.9059 -0.0014
vn 0.0731 -0.0084 -0.9973
vn 0.0960 -0.3823 -0.9190
vn 0.1734 -0.6907 -0.7021
vn 0.2253 -0.8972 -0.3798
vn 0.0003 -0.3828 -0.9238
vn 0.0001 -0.0009 -1.0000
vn 0.0005 -0.7070 -0.7072
vn 0.0007 -0.9239 -0.3825
vn 0.1640 -0.9860 -0.0293
vn 1.0000 -0.0000 -0.0010
vn 0.9240 -0.0000 -0.3825
vn 0.7071 -0.0000 -0.7071
vn 0.3826 -0.0000 -0.9239
vn 0.0078 -0.1484 -0.9889
vn 0.1459 0.0178 -0.9891
vn -0.2434 -0.9699 0.0019
vn -0.9400 -0.3412 0.0013
vn -0.5101 -0.8537 -0.1047
vn 0.9803 -0.1976 0.0019
vn 0.9401 -0.3410 0.0014
vn 0.4235 -0.9059 0.0012
vn -0.9064 -0.1831 0.3806
vn -0.9241 -0.0013 0.3822
vn -0.6969 -0.1408 0.7032
vn -0.7072 -0.0009 0.7071
vn -0.3835 -0.0776 0.9203
vn -0.3828 -0.0005 0.9238
vn 0.0006 0.0001 1.0000
vn -0.0006 -0.0000 1.0000
vn -0.8693 -0.3154 0.3806
vn -0.6689 -0.2420 0.7028
vn -0.3680 -0.1322 0.9204
vn -0.8130 -0.4408 0.3804
vn -0.6251 -0.3388 0.7032
vn -0.3439 -0.1865 0.9203
vn 0.0006 0.0003 1.0000
vn -0.1372 0.0592 0.9888
vn -0.8220 -0.5619 0.0926
vn -0.7240 -0.5918 0.3543
vn -0.5607 -0.4589 0.6892
vn -0.3061 -0.2527 0.9178
vn -0.0775 0.0198 0.9968
vn -0.2935 -0.2459 0.9238
vn -0.2319 -0.3187 0.9190
vn -0.5422 -0.4541 0.7070
vn -0.4188 -0.5759 0.7021
vn -0.7082 -0.5932 0.3828
vn -0.5439 -0.7481 0.3801
vn -0.6508 -0.7586 0.0306
vn -0.1673 -0.3577 0.9187
vn -0.0000 -0.0000 1.0000
vn -0.3018 -0.6454 0.7017
vn -0.3917 -0.8379 0.3801
vn -0.0732 -0.0083 0.9973
vn -0.0960 -0.3824 0.9190
vn -0.1734 -0.6907 0.7021
vn -0.2253 -0.8972 0.3798
vn -0.0003 -0.3828 0.9238
vn -0.0000 -0.0008 1.0000
vn -0.0005 -0.7070 0.7072
vn -0.0007 -0.9239 0.3826
vn 0.0003 -1.0000 -0.0004
vn -0.9239 -0.0000 0.3826
vn -0.7072 -0.0000 0.7070
vn -0.3826 -0.0000 0.9239
vn 0.0003 -0.0000 1.0000
vn -0.0078 -0.1483 0.9889
vn -0.1459 0.0178 0.9891
vn 0.6654 -0.7410 0.0904
vn -0.0000 -0.9239 -0.3826
vn -0.0000 -0.0004 -1.0000
vn 1.0000 -0.0000 0.0009
vn 0.9799 -0.1662 0.1104
vn 0.9065 -0.1830 0.3804
vn 0.9351 -0.0103 0.3543
vn 0.6970 -0.1407 0.7031
vn 0.7244 -0.0073 0.6893
vn 0.3834 -0.0774 0.9203
vn 0.3969 -0.0024 0.9179
vn -0.0006 0.0001 1.0000
vn 0.8694 -0.3153 0.3805
vn 0.6684 -0.2414 0.7035
vn 0.3668 -0.1309 0.9211
vn 0.8129 -0.4409 0.3805
vn 0.8790 -0.4769 0.0018
vn 0.6251 -0.3389 0.7031
vn 0.3438 -0.1865 0.9203
vn -0.0005 0.0003 1.0000
vn 0.7673 -0.6413 -0.0002
vn 0.7547 -0.5647 0.3340
vn 0.5885 -0.4429 0.6763
vn 0.3235 -0.2476 0.9133
vn -0.0429 -0.0785 0.9960
vn 0.2934 -0.2458 0.9238
vn -0.0001 0.0001 1.0000
vn 0.2299 -0.3176 0.9199
vn 0.5421 -0.4540 0.7071
vn 0.4181 -0.5738 0.7042
vn 0.7083 -0.5932 0.3827
vn 0.5442 -0.7463 0.3831
vn 0.7676 -0.6410 -0.0004
vn 0.1691 -0.3557 0.9192
vn 0.3024 -0.6447 0.7021
vn 0.3917 -0.8380 0.3800
vn -0.0724 -0.0621 0.9954
vn 0.0943 -0.3835 0.9187
vn 0.1728 -0.6926 0.7003
vn 0.2247 -0.8986 0.3768
vn 0.0036 -0.4011 0.9160
vn 0.0001 -0.0008 1.0000
vn 0.0094 -0.7291 0.6844
vn 0.0126 -0.9378 0.3470
vn 0.9240 -0.0000 0.3825
vn 0.7073 -0.0000 0.7069
vn 0.3826 -0.0000 0.9239
vn 0.1005 -0.1067 0.9892
vn -0.0000 -0.7071 0.7072
vn -0.1416 -0.9855 -0.0932
vn -0.0000 -0.0003 -1.0000
vn 0.0003 -0.0000 -1.0000
vn -0.0000 -0.9239 0.3826
vn -0.0000 -0.3827 0.9239
vn -0.0000 -0.0007 1.0000
vn 0.1978 -0.0347 0.9796
vn -0.0968 -0.9904 -0.0982
vn 0.1821 -0.0600 0.9815
vn 0.0965 -0.9905 0.0982
vn -0.1821 -0.0599 -0.9815
vn -0.1977 -0.0347 -0.9797
vn -0.0000 -1.0000 0.0008
vn 0.0156 -0.1937 0.9809
vn -0.0000 -0.7071 0.7071
vn -0.0000 -0.7071 -0.7071
vn -0.8250 0.5651 -0.0035
vn -0.8378 0.5460 0.0026
vn -0.8378 0.5460 0.0015
vn 0.0654 -0.1933 0.9790
vn -0.0002 0.0001 1.0000
vn 0.0014 -0.0009 1.0000
vn 0.7550 -0.6463 -0.1113
vn 0.8369 -0.5473 0.0012
vn 0.8369 -0.5474 -0.0001
vn 0.0402 0.0386 -0.9984
vn -0.0002 0.0001 -1.0000
vn -0.0008 0.0005 -1.0000
vn 0.7259 -0.4747 -0.4978
vn 0.7248 -0.4740 -0.5000
vn 0.4205 -0.2750 -0.8646
vn 0.4189 -0.2740 -0.8657
vn 0.0014 -0.0009 -1.0000
vn 0.8372 -0.5469 0.0021
vn 0.7254 -0.4745 0.4986
vn 0.7248 -0.4740 0.5000
vn 0.4201 -0.2748 0.8649
vn 0.4189 -0.2740 0.8657
vn 0.0017 -0.0011 1.0000
vn 0.0006 -0.0004 1.0000
vn -0.8378 0.5460 -0.0025
vn -0.7256 0.4728 -0.5000
vn -0.8378 0.5460 -0.0007
vn -0.7250 0.4724 -0.5013
vn -0.4189 0.2730 -0.8660
vn -0.4172 0.2719 -0.8672
vn -0.0015 0.0010 -1.0000
vn -0.0011 0.0016 1.0000
vn -0.4172 0.2719 0.8672
vn -0.4189 0.2730 0.8660
vn -0.7250 0.4725 0.5011
vn -0.7255 0.4728 0.5001
vn -0.8378 0.5460 0.0018
vn -0.8378 0.5460 0.0008
vn -0.7253 0.4732 0.5000
vn -0.7246 0.4722 0.5020
vn -0.4168 0.2716 0.8675
vn -0.0012 -0.0001 1.0000
vn -0.4167 0.2716 -0.8675
vn -0.4189 0.2738 -0.8657
vn -0.7246 0.4722 -0.5020
vn -0.7254 0.4733 -0.4998
vn -0.8378 0.5460 -0.0019
vn 0.4184 -0.2729 0.8663
vn 0.4205 -0.2750 0.8646
vn 0.7249 -0.4737 0.5002
vn 0.7258 -0.4747 0.4978
vn 0.8366 -0.5478 0.0016
vn 0.4184 -0.2737 -0.8660
vn 0.0017 -0.0011 -1.0000
vn 0.4201 -0.2747 -0.8649
vn 0.1869 0.0325 -0.9818
vn 0.7254 -0.4744 -0.4987
vn 0.7530 -0.6458 -0.1263
vn 0.8369 -0.5473 -0.0014
vn 0.8378 0.5460 0.0026
vn 0.8378 0.5460 -0.0015
vn 0.8378 0.5460 0.0015
vn -0.0402 0.0386 0.9984
vn 0.0002 0.0001 1.0000
vn 0.0007 0.0005 1.0000
vn -0.8468 -0.5319 -0.0028
vn -0.8369 -0.5473 0.0012
vn -0.8369 -0.5473 0.0015
vn 0.0002 0.0001 -1.0000
vn -0.0006 -0.0004 -1.0000
vn 0.0007 0.0005 -1.0000
vn -0.7258 -0.4747 -0.4979
vn -0.8369 -0.5473 -0.0001
vn -0.7248 -0.4740 -0.4999
vn -0.4205 -0.2750 -0.8646
vn -0.4185 -0.2737 -0.8660
vn -0.0014 -0.0009 -1.0000
vn -0.7530 -0.6458 0.1263
vn -0.7254 -0.4744 0.4987
vn -0.8369 -0.5473 0.0001
vn -0.7251 -0.4742 0.4994
vn -0.4201 -0.2748 0.8649
vn -0.4184 -0.2737 0.8660
vn -0.0017 -0.0011 1.0000
vn 0.7253 0.4726 -0.5006
vn 0.8378 0.5460 -0.0025
vn 0.8378 0.5460 -0.0007
vn 0.4189 0.2730 -0.8660
vn 0.7250 0.4724 -0.5012
vn 0.0011 0.0016 -1.0000
vn 0.4173 0.2719 -0.8671
vn 0.1699 -0.0425 0.9845
vn 0.4173 0.2719 0.8672
vn 0.0005 0.0003 1.0000
vn 0.4189 0.2730 0.8660
vn 0.7250 0.4725 0.5011
vn 0.7256 0.4728 0.5000
vn 0.8378 0.5460 0.0018
vn 0.7246 0.4722 0.5021
vn 0.4168 0.2716 0.8675
vn 0.4167 0.2716 -0.8675
vn 0.7246 0.4722 -0.5020
vn 0.7256 0.4728 -0.5000
vn 0.8378 0.5460 -0.0019
vn -0.0014 -0.0009 1.0000
vn -0.4189 -0.2740 0.8657
vn -0.4205 -0.2750 0.8646
vn -0.7248 -0.4740 0.5000
vn -0.7258 -0.4747 0.4978
vn -0.0017 -0.0011 -1.0000
vn -0.4187 -0.2738 -0.8659
vn -0.4201 -0.2748 -0.8649
vn -0.7248 -0.4740 -0.5000
vn -0.7254 -0.4745 -0.4986
vn -0.8369 -0.5473 -0.0021
vn -0.8369 -0.5473 -0.0013
vn -0.0451 -0.1843 -0.9818
vn 0.0163 -0.0384 0.9991
vn 0.8502 0.5264 0.0028
vn -0.8378 0.5460 -0.0026
vn -0.8378 0.5460 -0.0015
vn -0.0007 0.0005 -1.0000
vn 0.8468 -0.5319 0.0029
vn 0.8369 -0.5473 -0.0012
vn 0.8369 -0.5473 -0.0015
vn -0.0007 0.0005 1.0000
vn 0.7259 -0.4747 0.4978
vn 0.8369 -0.5473 0.0001
vn 0.4187 -0.2739 0.8658
vn 0.7530 -0.6458 -0.1264
vn 0.7254 -0.4745 -0.4986
vn 0.8369 -0.5473 -0.0001
vn 0.7250 -0.4741 -0.4996
vn 0.4201 -0.2748 -0.8649
vn -0.7256 0.4728 0.5000
vn -0.8378 0.5460 0.0025
vn -0.4185 0.2727 0.8663
vn -0.7250 0.4724 0.5013
vn -0.1699 -0.0425 -0.9845
vn -0.7250 0.4724 -0.5011
vn -0.7255 0.4728 -0.5001
vn -0.8378 0.5460 -0.0018
vn -0.7254 0.4727 -0.5004
vn -0.4185 0.2727 -0.8663
vn -0.4168 0.2716 -0.8675
vn -0.4167 0.2716 0.8675
vn -0.7253 0.4726 0.5006
vn -0.8378 0.5460 0.0019
vn 0.4184 -0.2737 0.8660
vn 0.4201 -0.2747 0.8649
vn 0.7251 -0.4742 0.4994
vn 0.7254 -0.4744 0.4987
vn 0.8369 -0.5474 0.0020
vn 0.8369 -0.5473 0.0014
vn 0.0451 -0.1843 0.9818
vn -0.0164 -0.0384 -0.9991
vn -0.8502 0.5264 -0.0029
vn 0.8250 0.5651 0.0035
vn 0.8378 0.5460 -0.0026
vn -0.0654 -0.1933 -0.9790
vn -0.7549 -0.6463 0.1112
vn -0.8369 -0.5473 -0.0012
vn -0.7258 -0.4747 0.4979
vn -0.8372 -0.5469 -0.0021
vn -0.7254 -0.4744 -0.4987
vn -0.4184 -0.2737 -0.8660
vn 0.8378 0.5460 0.0025
vn 0.7255 0.4728 0.5000
vn 0.8378 0.5460 0.0007
vn 0.7250 0.4724 0.5012
vn 0.4186 0.2728 0.8662
vn 0.4173 0.2719 0.8671
vn 0.0015 0.0010 1.0000
vn 0.4173 0.2719 -0.8672
vn 0.7250 0.4725 -0.5011
vn 0.7255 0.4728 -0.5000
vn 0.8378 0.5460 -0.0018
vn 0.8378 0.5460 -0.0008
vn 0.7255 0.4728 -0.5001
vn 0.4168 0.2716 -0.8675
vn 0.0011 -0.0002 -1.0000
vn 0.4189 0.2733 0.8659
vn 0.7246 0.4722 0.5020
vn 0.7255 0.4731 0.4999
vn 0.8378 0.5460 0.0019
vn -0.7250 -0.4734 -0.5003
vn -0.7258 -0.4747 -0.4978
vn -0.8366 -0.5478 -0.0016
vn -0.4182 -0.2742 0.8660
vn -0.1869 0.0325 0.9818
vn -0.7254 -0.4745 0.4986
vn -0.7530 -0.6458 0.1264
vn -0.8369 -0.5473 0.0014
vn -1.0000 -0.0005 -0.0007
vn -1.0000 0.0004 0.0001
vn -1.0000 -0.0000 -0.0001
vn -0.5007 -0.3089 -0.8086
vn -0.8662 -0.1784 -0.4668
vn -0.5000 -0.3091 -0.8090
vn 0.5000 -0.3091 -0.8090
vn 0.0027 -0.3570 -0.9341
vn 0.0009 -0.3569 -0.9341
vn 0.8660 -0.1785 -0.4671
vn 0.5008 -0.3090 -0.8085
vn 0.9838 0.1547 -0.0911
vn 0.7716 0.5240 0.3607
vn 0.8635 0.1819 0.4704
vn 0.8883 0.4578 0.0366
vn 0.4051 0.8510 0.3342
vn 0.0551 0.8776 0.4762
vn 0.5634 0.8188 0.1104
vn 0.0009 1.0000 -0.0015
vn 0.0194 0.6426 0.7659
vn 0.5579 0.3280 0.7623
vn -0.0006 0.3558 0.9346
vn 0.4712 0.6340 0.6132
vn -0.7716 0.5240 0.3606
vn -0.8643 0.5030 0.0094
vn -0.8899 0.1903 0.4147
vn -0.4053 0.6161 0.6754
vn -0.0552 0.7582 0.6497
vn -0.5686 0.3968 0.7206
vn 0.0002 0.3560 0.9345
vn -0.4050 0.8510 0.3342
vn -0.5523 0.8328 0.0379
vn -0.1503 0.8595 0.4886
vn -0.0017 1.0000 -0.0008
vn -1.0000 0.0005 0.0012
vn -0.8636 0.1800 0.4710
vn -0.0027 -0.3570 -0.9341
vn 0.0015 -0.3569 -0.9341
vn -0.0015 -0.3570 -0.9341
vn -0.0019 -0.3569 -0.9341
vn -0.0009 -0.3570 -0.9341
vn -1.0000 -0.0004 -0.0010
vn -1.0000 0.0006 0.0017
vn -1.0000 -0.0006 -0.0017
vn 0.8636 0.1800 0.4709
vn 0.5071 0.3077 0.8051
vn 0.0029 0.3416 0.9399
vn -0.0018 0.3570 0.9341
vn -0.5071 0.3076 0.8051
vn 1.0000 -0.0009 -0.0015
vn 0.8668 -0.1780 -0.4659
vn 0.5007 0.8656 0.0003
vn -0.0055 1.0000 -0.0000
vn 0.8659 0.5001 0.0005
vn 1.0000 0.0004 0.0001
vn -0.5009 0.8655 0.0004
vn -0.8659 0.5001 0.0005
vn 0.9999 0.0158 -0.0030
vn 1.0000 -0.0004 -0.0010
vn 0.0061 1.0000 -0.0003
vn 1.0000 -0.0000 -0.0001
vn -0.8667 -0.1780 -0.4660
vn 1.0000 0.0007 0.0011
vn 0.0015 -1.0000 -0.0014
vn 0.0001 -1.0000 -0.0001
vn -0.0000 -1.0000 -0.0000
vn -0.0015 -1.0000 -0.0014
vn -0.0013 -1.0000 -0.0014
vn 0.0001 -1.0000 -0.0000
vn -0.0001 -1.0000 0.0001
vn 0.0014 -1.0000 0.0014
vn 0.0013 -1.0000 0.0014
vn 0.0013 -1.0000 -0.0014
vn -0.0013 -1.0000 0.0014
vn -0.0014 -1.0000 0.0014
vn 1.0000 0.0006 0.0016
vn 0.8652 0.1790 0.4685
vn 0.8651 0.1790 0.4685
vn 0.8644 0.1795 0.4697
vn 0.9771 -0.0532 0.2059
vn -0.8672 -0.1778 -0.4651
vn -1.0000 -0.0003 -0.0009
vn -0.8660 -0.1785 -0.4671
vn -1.0000 -0.0004 -0.0011
vn 1.0000 -0.0003 -0.0009
vn 1.0000 -0.0005 -0.0012
vn 0.8672 -0.1777 -0.4652
vn 0.8660 -0.1785 -0.4672
vn -0.1439 0.4730 0.8692
vn -0.4991 0.3093 0.8095
vn -0.0001 0.3569 0.9341
vn -0.1455 0.4749 0.8679
vn -0.5024 0.3087 0.8077
vn -0.5048 0.3082 0.8064
vn 0.4992 0.3093 0.8094
vn 0.0022 0.3570 0.9341
vn -0.0012 0.3569 0.9341
vn 0.5024 0.3087 0.8076
vn 0.0018 0.3570 0.9341
vn 0.5047 0.3082 0.8064
vn -0.8651 0.1790 0.4686
vn -0.8655 0.1798 0.4675
vn -0.8651 0.1805 0.4680
vn -1.0000 0.0005 0.0014
vn -0.4999 -0.3091 -0.8090
vn -0.5020 -0.3087 -0.8079
vn -0.1650 -0.2336 -0.9582
vn 0.1294 -0.2305 -0.9644
vn -1.0000 0.0006 0.0015
vn 0.5021 -0.3087 -0.8078
vn 0.4999 -0.3091 -0.8090
vn 0.4999 -0.3092 -0.8090
vn 0.0019 -0.3570 -0.9341
vn 1.0000 -0.0005 -0.0007
vn 0.5007 -0.3090 -0.8086
vn -0.0027 -0.3569 -0.9341
vn -0.5007 -0.3090 -0.8086
vn -0.8660 -0.1785 -0.4670
vn -0.8667 -0.1780 -0.4659
vn -0.9838 -0.0300 0.1765
vn -0.7716 0.5240 0.3607
vn -0.8643 0.5029 0.0094
vn -0.4051 0.8510 0.3342
vn -0.5062 0.8624 0.0076
vn -0.0031 0.9179 0.3969
vn -0.0009 1.0000 -0.0015
vn -0.0032 0.6985 0.7156
vn -0.5085 0.3077 0.8042
vn 0.0006 0.3558 0.9346
vn -0.4824 0.6043 0.6341
vn -0.8961 0.2653 0.3559
vn 0.7716 0.5240 0.3606
vn 0.8635 0.1820 0.4704
vn 0.4053 0.6161 0.6754
vn 0.5085 0.3077 0.8042
vn 0.0032 0.6985 0.7156
vn -0.0003 0.3560 0.9345
vn 0.4050 0.8510 0.3342
vn 0.0040 0.9179 0.3968
vn 0.5063 0.8624 0.0077
vn 0.0017 1.0000 -0.0008
vn 0.8928 0.4337 0.1219
vn 0.8636 0.1800 0.4710
vn -0.0025 -0.3722 -0.9282
vn 0.0015 -0.3570 -0.9341
vn 0.0009 -0.3570 -0.9341
vn 1.0000 -0.0006 -0.0017
vn -0.8653 0.1813 0.4674
vn -0.1211 0.4779 0.8700
vn 0.5067 0.3077 0.8053
vn -0.5071 0.3077 0.8051
vn 0.1274 0.4782 0.8690
vn -0.9889 0.0824 -0.1236
vn -0.5007 0.8656 0.0003
vn 0.0055 1.0000 -0.0002
vn 0.5008 0.8656 0.0004
vn -0.0061 1.0000 -0.0000
vn -1.0000 0.0007 0.0018
vn 0.8667 -0.1780 -0.4660
vn -0.9770 -0.0545 0.2061
vn -0.0002 -1.0000 -0.0001
vn 0.0004 -1.0000 0.0005
vn -0.0000 -1.0000 -0.0001
vn -0.8653 0.1789 0.4682
vn -0.8645 0.1794 0.4696
vn -1.0000 0.0005 0.0013
vn 0.8671 -0.1778 -0.4652
vn 1.0000 -0.0003 -0.0008
vn 1.0000 -0.0004 -0.0012
vn -0.9735 -0.1719 -0.1511
vn -0.9778 -0.1752 -0.1147
vn -0.8671 -0.1778 -0.4653
vn -0.8657 -0.1789 -0.4674
vn 0.0012 0.3570 0.9341
vn 0.0001 0.3569 0.9341
vn 0.5024 0.3086 0.8077
vn 0.5048 0.3082 0.8064
vn -0.4992 0.3093 0.8094
vn -0.0021 0.3570 0.9341
vn -0.5024 0.3086 0.8077
vn -0.5042 0.3083 0.8067
vn 0.8651 0.1791 0.4685
vn 0.8658 0.1796 0.4671
vn 0.8655 0.1804 0.4673
vn -0.8651 0.1791 0.4685
vn 1.0000 0.0005 0.0014
vn 0.0016 -0.3570 -0.9341
vn -0.2569 -0.3295 -0.9085
vn -0.1132 -0.2322 -0.9661
vn 1.0000 0.0006 0.0015
vn -0.4999 -0.3092 -0.8090
vn -0.0019 -0.3570 -0.9341
vn 0.5020 -0.3087 -0.8079
vn -1.0000 -0.0005 0.0007
vn -1.0000 -0.0000 0.0001
vn -1.0000 0.0004 -0.0001
vn -0.8664 -0.1783 0.4664
vn -0.5007 -0.3089 0.8086
vn -0.5000 -0.3091 0.8090
vn 0.5000 -0.3091 0.8090
vn 0.0026 -0.3570 0.9341
vn 0.5008 -0.3090 0.8085
vn 0.8661 -0.1777 0.4672
vn 0.8668 -0.1780 0.4659
vn 0.9838 -0.0300 -0.1765
vn 0.7716 0.5240 -0.3607
vn 0.8643 0.5029 -0.0094
vn 0.4051 0.8510 -0.3342
vn 0.5062 0.8624 -0.0076
vn 0.0031 0.9179 -0.3969
vn 0.0009 1.0000 0.0015
vn 0.0032 0.6985 -0.7156
vn 0.5085 0.3077 -0.8042
vn -0.0005 0.3558 -0.9346
vn 0.4825 0.6043 -0.6341
vn 0.8960 0.2653 -0.3560
vn -0.7716 0.5240 -0.3606
vn -0.8635 0.1820 -0.4704
vn -0.4054 0.6161 -0.6754
vn -0.5085 0.3077 -0.8042
vn -0.0032 0.6985 -0.7156
vn 0.0003 0.3560 -0.9345
vn -0.4051 0.8510 -0.3343
vn -0.0041 0.9179 -0.3968
vn -0.5063 0.8624 -0.0077
vn -0.0017 1.0000 0.0008
vn -0.8928 0.4337 -0.1219
vn -1.0000 0.0007 -0.0011
vn -0.8636 0.1800 -0.4710
vn 0.0026 -0.3722 0.9281
vn -0.0027 -0.3570 0.9341
vn -0.0015 -0.3569 0.9341
vn -0.0019 -0.3570 0.9341
vn -0.0009 -0.3570 0.9341
vn -0.9999 0.0158 0.0030
vn -1.0000 -0.0004 0.0010
vn -1.0000 -0.0006 0.0016
vn 0.8653 0.1813 -0.4673
vn 0.1211 0.4779 -0.8700
vn -0.5071 0.3077 -0.8051
vn 0.5071 0.3077 -0.8051
vn -0.1274 0.4782 -0.8690
vn 0.9889 0.0824 0.1236
vn 1.0000 -0.0004 0.0010
vn 0.5008 0.8655 -0.0003
vn -0.0055 1.0000 0.0003
vn 0.8659 0.5001 -0.0005
vn 1.0000 0.0004 -0.0001
vn -0.5008 0.8656 -0.0004
vn 0.0061 1.0000 -0.0000
vn -0.8659 0.5001 -0.0005
vn 1.0000 0.0007 -0.0017
vn 1.0000 -0.0000 0.0001
vn -0.8667 -0.1780 0.4659
vn 0.9770 -0.0545 -0.2061
vn -0.0001 -1.0000 -0.0000
vn 0.0002 -1.0000 -0.0001
vn 1.0000 0.0006 -0.0016
vn 0.8652 0.1790 -0.4683
vn 0.8645 0.1794 -0.4696
vn 1.0000 0.0005 -0.0014
vn -0.8672 -0.1778 0.4651
vn -1.0000 -0.0003 0.0009
vn -0.8660 -0.1785 0.4671
vn -1.0000 -0.0004 0.0011
vn -0.8663 -0.1784 0.4667
vn 0.9735 -0.1719 0.1511
vn 0.9778 -0.1752 0.1147
vn 0.8672 -0.1778 0.4651
vn 0.8660 -0.1785 0.4672
vn 0.8660 -0.1785 0.4671
vn -0.4991 0.3093 -0.8095
vn -0.0013 0.3570 -0.9341
vn -0.0001 0.3569 -0.9341
vn -0.5024 0.3086 -0.8077
vn -0.0018 0.3570 -0.9341
vn -0.5048 0.3082 -0.8064
vn 0.4992 0.3093 -0.8094
vn 0.0022 0.3570 -0.9341
vn 0.5021 0.3087 -0.8078
vn 0.0018 0.3570 -0.9341
vn 0.5047 0.3082 -0.8064
vn -0.8651 0.1790 -0.4686
vn -0.8658 0.1794 -0.4672
vn -0.8655 0.1803 -0.4673
vn -0.0012 0.3570 -0.9341
vn 0.8651 0.1790 -0.4685
vn -1.0000 0.0005 -0.0014
vn -0.4999 -0.3091 0.8090
vn -0.0016 -0.3570 0.9341
vn 0.2569 -0.3295 0.9085
vn 0.1132 -0.2323 0.9660
vn -1.0000 0.0006 -0.0016
vn 0.5021 -0.3087 0.8078
vn 0.4999 -0.3091 0.8090
vn 0.4999 -0.3092 0.8090
vn 0.0019 -0.3570 0.9341
vn -0.5020 -0.3087 0.8079
vn 1.0000 -0.0005 0.0007
vn 0.5008 -0.3089 0.8086
vn 0.8662 -0.1784 0.4668
vn 0.5000 -0.3091 0.8089
vn -0.0026 -0.3570 0.9341
vn -0.8660 -0.1785 0.4670
vn -0.5007 -0.3090 0.8086
vn -0.9838 0.1547 0.0911
vn -0.7716 0.5240 -0.3607
vn -0.8635 0.1820 -0.4703
vn -0.8883 0.4578 -0.0365
vn -0.4051 0.8510 -0.3342
vn -0.0552 0.8776 -0.4762
vn -0.5634 0.8188 -0.1104
vn -0.0009 1.0000 0.0015
vn -0.0194 0.6426 -0.7660
vn -0.5579 0.3281 -0.7623
vn 0.0006 0.3558 -0.9346
vn -0.4711 0.6340 -0.6133
vn 0.7716 0.5240 -0.3606
vn 0.8643 0.5030 -0.0094
vn 0.8899 0.1903 -0.4146
vn 0.4053 0.6161 -0.6754
vn 0.0552 0.7582 -0.6497
vn 0.5686 0.3968 -0.7206
vn -0.0002 0.3560 -0.9345
vn 0.4050 0.8510 -0.3342
vn 0.5523 0.8328 -0.0379
vn 0.1503 0.8595 -0.4886
vn 0.0017 1.0000 0.0008
vn 1.0000 0.0005 -0.0012
vn 0.8636 0.1800 -0.4710
vn 0.0027 -0.3570 0.9341
vn 0.0015 -0.3570 0.9341
vn 0.0019 -0.3569 0.9341
vn 0.0009 -0.3569 0.9341
vn 1.0000 -0.0004 0.0011
vn 1.0000 0.0006 -0.0018
vn 1.0000 -0.0006 0.0017
vn -0.8636 0.1799 -0.4709
vn -0.0029 0.3416 -0.9399
vn 0.0018 0.3569 -0.9341
vn 0.5071 0.3076 -0.8051
vn -1.0000 -0.0009 0.0016
vn -0.5005 0.8657 -0.0003
vn 0.0055 1.0000 -0.0000
vn 0.5006 0.8657 -0.0004
vn -0.0061 1.0000 0.0002
vn 0.8667 -0.1780 0.4660
vn 0.0005 -1.0000 -0.0005
vn -1.0000 0.0006 -0.0015
vn -0.8653 0.1789 -0.4683
vn -0.8651 0.1790 -0.4685
vn -0.8645 0.1794 -0.4696
vn -0.9771 -0.0532 -0.2059
vn 0.8671 -0.1778 0.4653
vn 1.0000 -0.0003 0.0008
vn 1.0000 -0.0004 0.0012
vn -1.0000 -0.0003 0.0008
vn -1.0000 -0.0005 0.0012
vn -0.8671 -0.1777 0.4653
vn -0.8660 -0.1785 0.4672
vn 0.1439 0.4729 -0.8693
vn 0.4991 0.3093 -0.8094
vn 0.0001 0.3569 -0.9341
vn 0.1455 0.4748 -0.8680
vn 0.5024 0.3086 -0.8077
vn 0.5048 0.3082 -0.8064
vn -0.4992 0.3093 -0.8094
vn -0.0021 0.3569 -0.9341
vn 0.0012 0.3570 -0.9341
vn 0.8651 0.1791 -0.4685
vn 0.8655 0.1797 -0.4676
vn 0.8651 0.1807 -0.4680
vn 0.5020 -0.3087 0.8079
vn 0.1650 -0.2336 0.9582
vn -0.1294 -0.2305 0.9644
vn 1.0000 0.0006 -0.0015
vn -0.5021 -0.3087 0.8079
vn -0.4999 -0.3092 0.8090
vn -0.0019 -0.3569 0.9341
vn 0.1912 0.6714 0.7160
vn -0.0396 0.9469 0.3192
vn -0.0415 0.8230 0.5665
vn -0.1945 -0.7760 0.6000
vn -0.0023 -1.0000 -0.0009
vn 0.0392 -0.9100 0.4128
vn -0.2827 -0.9424 0.1786
vn 0.0391 -0.9100 -0.4128
vn 0.0032 -1.0000 -0.0012
vn 0.2608 0.1625 0.9516
vn -0.0382 0.6363 0.7705
vn -0.0025 0.3578 0.9338
vn 0.2608 0.9469 0.1881
vn -0.0396 0.9469 -0.3192
vn -0.0022 1.0000 -0.0007
vn 0.0018 0.3577 0.9338
vn -0.0000 0.3571 0.9341
vn 0.0391 -0.0606 0.9974
vn -0.0035 0.9998 0.0206
vn -0.0001 1.0000 0.0001
vn -0.0410 -0.1088 0.9932
vn 0.0405 -0.5665 0.8231
vn -0.0456 -0.6048 0.7951
vn -0.3319 -0.9286 -0.1657
vn 0.2021 0.7682 -0.6074
vn -0.0000 0.3571 -0.9341
vn -0.0396 0.6362 -0.7705
vn 0.1916 0.9081 -0.3725
vn -0.0399 0.8231 -0.5665
vn -0.1945 -0.2833 -0.9391
vn -0.0023 0.3579 -0.9338
vn 0.0392 -0.0606 -0.9974
vn 0.0516 0.9230 -0.3814
vn -0.2678 0.5056 -0.8201
vn 0.3343 0.1702 -0.9270
vn -0.2191 -0.7161 -0.6627
vn 0.0405 -0.5665 -0.8231
vn -0.0410 -0.8889 -0.4563
vn 0.7064 0.6708 0.2259
vn 0.2627 0.8249 0.5005
vn 0.7054 0.7085 0.0228
vn 1.0000 0.0001 -0.0000
vn 1.0000 0.0001 -0.0001
vn 0.7082 0.4266 0.5625
vn 0.4567 0.5579 0.6929
vn 0.7070 0.5915 0.3877
vn 1.0000 0.0002 0.0003
vn 0.9776 0.2089 -0.0255
vn 0.7068 -0.0743 0.7035
vn 0.7050 0.2810 0.6512
vn 0.7102 -0.4292 0.5581
vn 0.7600 0.0512 0.6479
vn 1.0000 0.0002 0.0007
vn 1.0000 0.0002 -0.0002
vn 0.7886 -0.5893 0.1758
vn 0.7101 0.4717 -0.5228
vn 0.7024 -0.7113 0.0259
vn 0.9734 -0.1012 0.2055
vn 0.7640 0.3843 -0.5182
vn 1.0000 0.0002 -0.0003
vn 1.0000 0.0003 -0.0008
vn 0.7082 0.6778 -0.1976
vn 0.7070 0.5734 -0.4140
vn 0.9776 0.0508 -0.2042
vn 0.7102 -0.3680 -0.6002
vn 0.7033 0.7105 -0.0221
vn 0.7857 -0.5121 -0.3471
vn 1.0000 0.0002 0.0002
vn 1.0000 0.0005 0.0003
vn 0.7886 0.0462 -0.6132
vn -0.7064 0.4505 0.5459
vn -0.7089 0.2625 0.6546
vn 0.7029 0.2221 -0.6757
vn 0.9735 -0.1552 -0.1678
vn -0.9997 -0.0168 0.0168
vn -0.7062 0.5832 0.4014
vn -1.0000 -0.0003 -0.0002
vn -0.7064 0.6708 0.2259
vn -0.9998 -0.0051 0.0215
vn -0.7672 0.0496 0.6394
vn -0.7085 0.2412 0.6632
vn -0.9778 -0.1572 0.1386
vn -1.0000 0.0003 0.0009
vn -0.7556 -0.2898 0.5874
vn -0.9774 -0.2073 0.0404
vn -0.7061 -0.6459 0.2903
vn -0.7064 0.6708 -0.2259
vn -0.7099 0.7042 -0.0044
vn -0.9997 0.0095 0.0218
vn -0.7062 0.5832 -0.4014
vn -1.0000 -0.0003 0.0002
vn -0.7064 0.4505 -0.5459
vn -0.9998 0.0184 0.0123
vn -0.7089 0.2625 -0.6546
vn -1.0000 0.0004 -0.0007
vn -0.7672 -0.6150 -0.1820
vn -0.7079 -0.7063 -0.0027
vn -0.9777 -0.0731 -0.1969
vn -1.0000 -0.0002 -0.0000
vn -0.7556 -0.4451 -0.4805
vn -0.9774 0.0364 -0.2080
vn -0.7061 -0.0405 -0.7070
vn -0.7085 0.2412 -0.6632
vn -0.9778 -0.1572 -0.1385
vn 0.9797 0.1864 0.0733
vn -0.9797 0.1863 0.0734
vn 0.9792 -0.0922 -0.1805
vn -0.9795 -0.0930 -0.1786
vn -0.7098 -0.7044 0.0041
vn -1.0000 0.0010 -0.0001
vn -0.7080 0.7062 0.0033
vn 0.9798 0.1351 -0.1476
vn -0.9799 0.1346 0.1476
vn -0.9796 0.1350 -0.1486
vn 0.7548 -0.6293 -0.1851
vn 1.0000 0.0010 0.0001
vn -0.9777 -0.0730 0.1969
vn 0.9624 -0.2718 0.0004
vn 0.0516 0.9230 0.3814
vn -0.0388 0.8231 0.5665
vn 0.0415 0.8230 0.5665
vn 0.0186 -0.9976 0.0674
vn -0.0392 -0.9100 0.4128
vn -0.0497 -0.9304 -0.3631
vn -0.0002 -1.0000 0.0001
vn -0.0032 -1.0000 -0.0012
vn 0.0454 0.5864 0.8087
vn -0.0003 0.3572 0.9340
vn 0.0025 0.3578 0.9338
vn 0.0468 0.9647 -0.2593
vn -0.0001 1.0000 -0.0001
vn 0.0022 1.0000 -0.0007
vn -0.0193 0.2782 0.9603
vn -0.0001 0.3571 0.9341
vn -0.0497 -0.0069 0.9987
vn -0.2627 0.7608 0.5935
vn -0.0022 1.0000 0.0007
vn -0.0456 -0.5267 0.8488
vn 0.2469 -0.2896 0.9248
vn 0.2652 -0.7106 0.6517
vn 0.3471 -0.9241 -0.1601
vn -0.0134 0.4280 -0.9037
vn -0.0396 0.6363 -0.7705
vn 0.0396 0.6363 -0.7705
vn -0.0400 0.8231 -0.5665
vn 0.0399 0.8231 -0.5665
vn 0.0185 0.2932 -0.9559
vn -0.0392 -0.0606 -0.9974
vn -0.2627 0.8249 -0.5005
vn -0.5043 0.3899 -0.7705
vn 0.3475 0.4807 -0.8050
vn -0.0405 -0.5665 -0.8231
vn 0.2469 -0.7604 -0.6007
vn -0.7968 0.6004 -0.0683
vn -1.0000 0.0001 0.0001
vn -0.7089 0.2625 0.6547
vn -1.0000 0.0002 0.0003
vn -0.7061 -0.0405 0.7069
vn -0.7054 -0.4019 0.5839
vn -0.7029 0.2221 0.6757
vn -1.0000 -0.0000 -0.0000
vn -1.0000 0.0002 -0.0002
vn -0.7090 -0.7052 0.0035
vn -0.9777 -0.0732 0.1968
vn -0.7049 0.2810 -0.6512
vn -1.0000 0.0002 -0.0003
vn -0.7080 0.7062 -0.0033
vn -1.0000 0.0001 -0.0000
vn -0.7054 -0.4019 -0.5839
vn -0.7061 -0.0405 -0.7069
vn -0.7058 -0.6364 -0.3113
vn -1.0000 0.0002 0.0002
vn 0.7596 0.3241 0.5639
vn 0.7089 0.2625 0.6546
vn -0.9778 -0.1571 -0.1384
vn 0.9806 0.1953 0.0169
vn 1.0000 0.0004 0.0008
vn 0.7920 0.4350 0.4283
vn 1.0000 -0.0003 -0.0002
vn 0.7660 0.5682 0.3006
vn 0.9803 0.1754 -0.0904
vn 1.0000 0.0002 0.0009
vn 0.7102 -0.4292 0.5580
vn 1.0000 0.0001 -0.0002
vn 0.7061 -0.6459 0.2903
vn 1.0000 0.0005 -0.0002
vn 0.7596 0.6424 -0.1013
vn 0.7099 0.7042 -0.0045
vn 0.9806 0.0854 -0.1765
vn 1.0000 0.0004 -0.0000
vn 0.7920 0.5554 -0.2534
vn 1.0000 -0.0003 0.0002
vn 0.7659 0.4838 -0.4235
vn 0.9804 -0.0216 -0.1960
vn 0.7640 0.3842 -0.5183
vn 0.7068 -0.6306 -0.3206
vn 0.7548 -0.6294 -0.1850
vn 1.0000 0.0005 0.0002
vn 1.0000 0.0001 0.0002
vn 0.7062 -0.0405 -0.7069
vn 0.7085 0.2412 -0.6632
vn 1.0000 0.0002 -0.0008
vn -0.9792 -0.0922 0.1806
vn -0.9795 -0.0929 -0.1786
vn 0.8223 -0.5670 -0.0479
vn 0.9792 -0.1354 0.1513
vn 0.7080 0.7062 0.0033
vn -0.9799 0.1345 -0.1476
vn -0.7024 -0.7113 -0.0259
vn -0.9734 -0.1012 -0.2055
vn -0.9792 -0.1357 0.1512
vn -0.9790 -0.1357 -0.1524
vn -0.2514 0.9637 0.0903
vn -0.9630 0.0947 -0.2524
vn -0.9776 0.2090 0.0255
vn -0.9795 0.1870 0.0750
vn -0.9686 0.2467 0.0321
vn -0.9627 0.2705 -0.0000
vn 0.0006 0.0006 1.0000
vn 0.0408 -0.0845 -0.9956
vn 0.0069 -1.0000 0.0068
vn -0.0000 -1.0000 0.0005
vn -0.0921 -0.8817 0.4627
vn -0.0000 -0.9239 0.3827
vn -0.0922 -0.6380 0.7645
vn -0.0922 -0.2963 0.9507
vn -0.0921 -0.4622 -0.8820
vn -0.0921 -0.7649 -0.6375
vn -0.0921 -0.9507 -0.2962
vn -0.0000 -0.9239 -0.3827
vn 0.0088 -0.9999 -0.0088
vn -0.9937 -0.1112 0.0164
vn -0.9235 -0.0042 0.3835
vn -0.9168 -0.1500 0.3700
vn -0.7068 -0.0086 0.7073
vn -0.7021 -0.2685 0.6595
vn -0.3826 -0.0120 0.9238
vn -0.3816 -0.3514 0.8549
vn -0.9943 -0.1021 -0.0293
vn -0.7015 -0.5040 0.5040
vn -0.3812 -0.6532 0.6542
vn -0.9943 -0.0831 -0.0661
vn -0.9174 -0.2776 0.2851
vn -0.7036 -0.6577 0.2689
vn -0.9239 -0.3827 0.0005
vn -0.9162 -0.3703 0.1530
vn -0.7070 -0.7072 0.0013
vn -0.3827 -0.9239 0.0008
vn -0.3789 -0.8560 0.3517
vn -0.9937 -0.0165 -0.1112
vn -0.9238 -0.3828 -0.0005
vn -1.0000 -0.0008 -0.0001
vn -0.9169 -0.3700 -0.1500
vn -0.7070 -0.7072 -0.0005
vn -0.7022 -0.6594 -0.2685
vn -0.3826 -0.9239 -0.0017
vn -0.3815 -0.8549 -0.3515
vn -0.9157 -0.2842 -0.2842
vn -0.7015 -0.5039 -0.5040
vn -0.3815 -0.6536 -0.6536
vn -0.9944 -0.1020 0.0292
vn -0.9176 -0.1484 -0.3686
vn -0.3825 -0.3523 -0.8542
vn -0.9937 -0.1112 -0.0165
vn -0.9235 -0.0042 -0.3835
vn -0.7068 -0.0086 -0.7073
vn -0.6995 -0.2704 -0.6616
vn -0.3826 -0.0119 -0.9238
vn -0.9882 -0.1024 0.1136
vn -0.9237 -0.0000 0.3831
vn -1.0000 -0.0000 -0.0005
vn -0.7067 -0.0000 0.7075
vn -0.0010 0.0001 1.0000
vn -0.9886 -0.1135 -0.0984
vn -0.7071 -0.0000 -0.7072
vn -0.0010 -0.0000 -1.0000
vn 1.0000 -0.0000 -0.0000
vn -0.7234 0.0239 -0.6900
vn -0.9236 -0.0252 -0.3826
vn -0.9237 0.0199 -0.3826
vn 0.0008 -1.0000 -0.0000
vn -0.0001 -1.0000 0.0006
vn -0.7717 -0.1010 0.6279
vn -0.3826 0.0199 0.9237
vn -0.7070 0.0204 0.7070
vn -0.9740 -0.2238 -0.0362
vn -1.0000 -0.0002 0.0002
vn -1.0000 0.0004 0.0003
vn -0.1021 0.9883 -0.1134
vn -0.3828 0.9238 0.0008
vn 0.0006 1.0000 -0.0000
vn -0.9535 -0.1009 0.2842
vn -0.9237 0.0199 0.3826
vn -0.0340 -0.0257 -0.9991
vn -0.3826 -0.0246 -0.9236
vn -0.3826 0.0199 -0.9237
vn -0.6216 -0.1328 -0.7720
vn -0.0276 0.9989 -0.0391
vn -0.3607 0.9211 0.1468
vn -0.7071 0.7071 0.0015
vn -0.6541 0.7071 0.2686
vn -0.9239 0.3827 0.0023
vn -0.8532 0.3844 0.3524
vn -0.9617 0.1961 0.1916
vn -0.2771 0.9200 0.2771
vn 0.0002 1.0000 -0.0002
vn -0.5008 0.7060 0.5008
vn -0.6530 0.3838 0.6530
vn -0.0506 0.9987 -0.0081
vn -0.1468 0.9210 0.3607
vn -0.2686 0.7071 0.6541
vn -0.3524 0.3845 0.8532
vn -0.0040 0.9236 0.3833
vn -0.0000 1.0000 0.0001
vn -0.0074 0.7069 0.7072
vn -0.0101 0.3827 0.9238
vn 0.0006 -0.0005 1.0000
vn 0.0391 0.9989 -0.0275
vn -0.0040 0.9236 -0.3833
vn -0.1468 0.9211 -0.3607
vn -0.0071 0.7070 -0.7072
vn -0.2686 0.7072 -0.6541
vn -0.0104 0.3827 -0.9238
vn -0.3524 0.3845 -0.8532
vn 0.0270 0.9987 -0.0436
vn -0.2771 0.9200 -0.2771
vn -0.5008 0.7060 -0.5008
vn -0.6529 0.3838 -0.6529
vn 0.0079 0.9987 -0.0506
vn -0.3607 0.9211 -0.1468
vn -0.6541 0.7071 -0.2686
vn -0.8532 0.3845 -0.3524
vn -0.3542 0.9342 -0.0426
vn -0.7072 0.7071 -0.0015
vn -0.9239 0.3827 -0.0014
vn -0.3526 -0.0296 0.9353
vn -0.0528 -0.9832 0.1749
vn -0.5002 -0.8659 0.0013
vn -0.0006 -1.0000 -0.0000
vn -0.4705 -0.8621 0.1883
vn -0.8661 -0.4999 0.0022
vn -0.8018 -0.4997 0.3279
vn 0.0193 -0.9834 0.1802
vn -0.3621 -0.8611 0.3568
vn -0.6146 -0.4990 0.6110
vn 0.0868 -0.9834 0.1591
vn -0.3304 -0.5004 0.8003
vn -0.0051 -0.8657 0.5006
vn -0.1852 -0.8562 0.4824
vn -0.0098 -0.4998 0.8661
vn -0.2272 -0.0328 0.9733
vn -0.1748 -0.9832 -0.0528
vn -0.0055 -0.8656 -0.5006
vn 0.0001 -1.0000 0.0006
vn -0.1883 -0.8621 -0.4705
vn -0.0102 -0.4998 -0.8661
vn -0.3279 -0.4997 -0.8018
vn -0.2249 -0.0294 -0.9739
vn -0.1801 -0.9835 0.0194
vn -0.3568 -0.8612 -0.3621
vn -0.6110 -0.4989 -0.6146
vn -0.1591 -0.9834 0.0870
vn -0.4662 -0.8626 -0.1964
vn -0.7992 -0.5002 -0.3332
vn -0.5002 -0.8659 -0.0013
vn -0.8661 -0.4999 -0.0022
vn -0.0408 -0.0845 0.9956
vn -0.0006 0.0006 -1.0000
vn -0.0003 -1.0000 -0.0003
vn 0.0084 -0.9238 0.3827
vn 0.0090 -0.7071 0.7071
vn 0.0084 -0.3827 0.9238
vn 0.0091 -0.3827 -0.9238
vn 0.0083 -0.7071 -0.7071
vn 0.0084 -0.9238 -0.3827
vn -0.0000 -0.9807 -0.1957
vn 0.9146 -0.0073 0.4044
vn 1.0000 0.0002 -0.0005
vn 0.6824 -0.0165 0.7308
vn 0.9162 -0.1530 0.3703
vn 0.3461 -0.0216 0.9379
vn 0.6994 -0.2703 0.6616
vn 0.3790 -0.3516 0.8560
vn 1.0000 0.0004 -0.0004
vn 0.7015 -0.5040 0.5040
vn 0.9174 -0.2850 0.2777
vn 0.3802 -0.6530 0.6551
vn 0.9193 -0.3640 0.1497
vn 0.7041 -0.6551 0.2741
vn 0.3815 -0.8531 0.3560
vn 0.9238 -0.3828 0.0005
vn 1.0000 -0.0001 -0.0000
vn 0.7070 -0.7072 0.0009
vn 0.3827 -0.9239 0.0013
vn 0.9139 -0.4058 -0.0038
vn 1.0000 -0.0008 -0.0001
vn 0.6796 -0.7336 -0.0099
vn 0.9162 -0.3704 -0.1530
vn 0.3412 -0.9399 -0.0122
vn 0.6994 -0.6616 -0.2703
vn 0.3790 -0.8560 -0.3517
vn 0.9157 -0.2842 -0.2842
vn 1.0000 0.0004 0.0004
vn 0.3812 -0.6537 -0.6537
vn 0.7016 -0.5045 -0.5033
vn 0.9176 -0.1485 -0.3687
vn 1.0000 0.0002 0.0005
vn 0.3825 -0.3523 -0.8542
vn 0.7040 -0.2740 -0.6552
vn 0.9235 -0.0042 -0.3836
vn 0.7068 -0.0086 -0.7074
vn 0.3826 -0.0119 -0.9238
vn 0.9239 -0.0000 0.3827
vn 1.0000 -0.0000 -0.0005
vn 0.7071 -0.0000 0.7071
vn 0.3827 -0.0000 0.9239
vn 0.0009 -0.0000 1.0000
vn 0.9237 -0.0000 -0.3830
vn 0.7068 -0.0000 -0.7075
vn 0.3827 -0.0000 -0.9239
vn 0.0010 -0.0000 -1.0000
vn 0.6495 0.0762 -0.7566
vn 0.9236 -0.0246 -0.3825
vn 0.7069 -0.0252 -0.7069
vn 0.1509 -0.9803 0.1277
vn -0.0008 -1.0000 -0.0000
vn 0.4044 0.0235 0.9143
vn 0.7069 -0.0246 0.7069
vn 0.7070 0.0198 0.7070
vn 0.9740 -0.2236 0.0359
vn 1.0000 -0.0002 -0.0002
vn 1.0000 0.0007 -0.0005
vn 0.3827 0.9239 0.0009
vn 0.0006 1.0000 -0.0001
vn 0.0004 1.0000 -0.0000
vn 0.9236 -0.0252 0.3826
vn 0.9237 0.0204 0.3826
vn 0.9324 0.0235 -0.3606
vn -0.0259 0.1619 -0.9865
vn 0.3825 -0.0246 -0.9236
vn 0.4042 0.0240 -0.9143
vn 0.0340 0.9912 0.1281
vn 0.3632 0.9204 0.1445
vn 0.7072 0.7070 0.0018
vn 0.6560 0.7062 0.2664
vn 0.9239 0.3827 0.0014
vn 0.8541 0.3839 0.3510
vn 0.2757 0.9198 0.2793
vn -0.0002 1.0000 -0.0001
vn 0.4992 0.7056 0.5029
vn 0.6520 0.3835 0.6541
vn -0.0665 0.9916 0.1114
vn 0.2662 0.7060 0.6562
vn 0.1597 0.9181 0.3628
vn 0.3585 0.3806 0.8524
vn 0.0038 0.9176 0.3975
vn -0.0000 1.0000 0.0008
vn 0.0109 0.6895 0.7242
vn 0.0149 0.3557 0.9345
vn 0.0398 -0.0284 0.9988
vn 0.1278 0.9912 -0.0344
vn 0.0036 0.9237 -0.3832
vn -0.0000 1.0000 -0.0005
vn 0.1445 0.9204 -0.3632
vn 0.0077 0.7069 -0.7072
vn 0.2664 0.7062 -0.6560
vn 0.0097 0.3827 -0.9238
vn 0.3510 0.3839 -0.8541
vn 0.2793 0.9198 -0.2756
vn -0.0001 1.0000 0.0002
vn 0.6541 0.3834 -0.6520
vn 0.4999 0.7008 -0.5088
vn 0.1114 0.9915 0.0669
vn 0.6562 0.7060 -0.2662
vn 0.3628 0.9181 -0.1596
vn 0.8541 0.3839 -0.3509
vn 0.3561 0.9341 -0.0260
vn 0.7258 0.6879 -0.0049
vn 0.9355 0.3531 -0.0076
vn 0.9630 0.2232 -0.1509
vn 0.2789 -0.1329 0.9511
vn 0.5161 -0.8565 0.0007
vn -0.0003 -1.0000 -0.0002
vn 0.0006 -1.0000 -0.0000
vn 0.8797 -0.4755 0.0061
vn 0.4824 -0.8562 0.1852
vn 0.8075 -0.4925 0.3247
vn 0.3590 -0.8615 0.3590
vn -0.0001 -1.0000 -0.0002
vn 0.6205 -0.4932 0.6096
vn 0.1920 -0.8628 0.4677
vn 0.3304 -0.5004 0.8003
vn 0.0058 -0.8656 0.5007
vn 0.0098 -0.4998 0.8661
vn 0.2250 -0.0293 0.9739
vn 0.0052 -0.8571 -0.5152
vn 0.0001 -1.0000 -0.0009
vn 0.0123 -0.4773 -0.8787
vn 0.1851 -0.8562 -0.4824
vn 0.3247 -0.4925 -0.8075
vn -0.0002 -1.0000 0.0002
vn 0.3569 -0.8568 -0.3722
vn 0.6097 -0.4932 -0.6205
vn -0.0003 -1.0000 0.0001
vn 0.4698 -0.8578 -0.2086
vn 0.7998 -0.4942 -0.3408
vn 0.5002 -0.8659 -0.0017
vn 0.8661 -0.4999 -0.0015
vn -0.1132 0.9882 -0.1033
vn 0.0959 0.7497 0.6548
vn -0.0113 0.9476 0.3194
vn -0.0111 0.8237 0.5670
vn 0.0144 0.9577 0.2875
vn 0.0004 1.0000 -0.0002
vn 0.0958 0.8794 -0.4664
vn -0.0114 0.6367 -0.7710
vn -0.0110 0.8237 -0.5670
vn 0.1759 0.9823 0.0643
vn -0.0114 0.9476 -0.3194
vn -0.0006 1.0000 -0.0004
vn 0.0189 0.3939 0.9190
vn 0.0111 0.6367 0.7710
vn -0.0117 0.6367 0.7710
vn -0.0239 0.3155 0.9486
vn 0.0004 0.3574 0.9340
vn 0.0111 -0.0609 0.9981
vn 0.2109 0.9764 -0.0469
vn -0.0902 -0.8452 0.5268
vn -0.0002 -1.0000 -0.0002
vn 0.0111 -0.9105 0.4133
vn -0.1107 -0.4619 0.8800
vn 0.0122 -0.5669 0.8237
vn -0.0105 -0.0870 0.9962
vn 0.0145 0.6105 -0.7919
vn 0.0001 0.3570 -0.9341
vn -0.1936 -0.9797 0.0531
vn 0.0110 -0.9105 -0.4133
vn -0.0902 -0.1903 -0.9776
vn -0.0004 0.3574 -0.9340
vn 0.0112 -0.0609 -0.9981
vn 0.0185 0.9355 -0.3527
vn -0.1845 0.4031 -0.8964
vn 0.2148 0.3065 -0.9273
vn -0.2241 -0.9740 -0.0346
vn -0.1106 -0.6571 -0.7456
vn 0.0122 -0.5669 -0.8237
vn -0.0105 -0.8994 -0.4370
vn 0.5017 0.8198 0.2762
vn 0.5009 0.7122 0.4918
vn 0.8659 0.4740 0.1596
vn 0.8654 0.4115 0.2859
vn 0.5017 0.5507 0.6671
vn 0.8659 0.3183 0.3858
vn -0.0115 0.3776 0.9259
vn 0.4916 0.3235 0.8085
vn 0.8629 0.1868 0.4697
vn 0.5062 -0.0508 0.8609
vn 0.5001 0.2968 0.8136
vn 0.8671 -0.0277 0.4973
vn 0.8658 0.1716 0.4701
vn 0.5085 -0.4882 0.7093
vn 0.8676 -0.2820 0.4097
vn 0.5029 -0.7890 0.3529
vn 0.8654 -0.4596 0.1996
vn 0.4862 -0.8738 0.0022
vn 0.8610 -0.5086 0.0004
vn 0.5017 0.5506 -0.6671
vn 0.5000 0.3216 -0.8041
vn 0.8659 0.3183 -0.3858
vn 0.8659 0.1857 -0.4645
vn 1.0000 0.0003 -0.0003
vn 1.0000 0.0004 -0.0007
vn 0.5009 0.7137 -0.4897
vn 0.8654 0.4140 -0.2823
vn 0.5017 0.8198 -0.2762
vn 0.8659 0.4740 -0.1596
vn 0.5062 -0.7860 -0.3548
vn 0.4999 -0.8661 -0.0026
vn 0.8671 -0.4547 -0.2035
vn 0.8659 -0.5001 -0.0014
vn 1.0000 0.0010 0.0002
vn 0.5085 -0.4882 -0.7093
vn 0.8676 -0.2820 -0.4097
vn 0.5029 -0.0479 -0.8630
vn 0.8654 -0.0224 -0.5006
vn 0.4882 0.2987 -0.8200
vn 0.8615 0.1752 -0.4766
vn -0.9997 -0.0169 0.0168
vn -0.8658 0.1858 0.4645
vn -0.8660 0.3183 0.3857
vn -0.5000 0.3216 0.8041
vn -0.5017 0.5507 0.6671
vn -0.8655 0.4127 0.2840
vn -0.5010 0.7129 0.4907
vn -0.8660 0.4740 0.1596
vn -0.5017 0.8198 0.2762
vn -0.9779 -0.1569 0.1384
vn -0.8658 0.1716 0.4700
vn -1.0000 0.0002 0.0008
vn -0.8659 -0.0235 0.4997
vn -0.5000 0.2967 0.8136
vn -0.5035 -0.0483 0.8627
vn -0.9775 -0.2070 0.0403
vn -0.8672 -0.2775 0.4134
vn -0.5081 -0.4853 0.7115
vn -0.8671 -0.4547 0.2035
vn -0.5062 -0.7860 0.3548
vn -0.9778 -0.0729 0.1966
vn -0.8659 -0.5001 0.0013
vn -0.4999 -0.8661 0.0022
vn -0.8660 0.5001 -0.0014
vn -0.8659 0.4740 -0.1596
vn -0.5000 0.8660 -0.0022
vn -0.5017 0.8198 -0.2762
vn -0.8654 0.4127 -0.2840
vn -0.5010 0.7129 -0.4907
vn -0.9998 0.0184 0.0122
vn -0.8659 0.3183 -0.3858
vn -0.5017 0.5507 -0.6671
vn -0.8659 0.1857 -0.4645
vn -1.0000 0.0004 -0.0006
vn -0.5000 0.3216 -0.8041
vn -0.9775 0.0363 -0.2078
vn -0.8671 -0.4546 -0.2035
vn -1.0000 0.0005 0.0002
vn -0.8672 -0.2870 -0.4069
vn -0.5062 -0.7860 -0.3548
vn -0.5081 -0.4913 -0.7074
vn -0.8671 -0.0277 -0.4973
vn -0.5062 -0.0508 -0.8609
vn -0.9779 -0.1570 -0.1384
vn -0.8658 0.1716 -0.4701
vn -0.5000 0.2968 -0.8136
vn 0.9798 0.1863 0.0733
vn -0.9798 0.1862 0.0733
vn 0.9798 0.1349 -0.1473
vn 0.8659 0.5002 0.0017
vn 0.5000 0.8660 -0.0027
vn 0.5000 0.8660 0.0016
vn -0.9792 -0.1354 -0.1513
vn -0.9791 -0.1356 0.1515
vn -0.8659 -0.5002 -0.0013
vn -0.4998 -0.8661 -0.0021
vn 0.9624 -0.2715 0.0002
vn 0.8605 0.5020 -0.0870
vn -0.8659 0.5002 0.0014
vn -1.0000 0.0010 0.0001
vn -0.5000 0.8660 0.0022
vn -0.9797 0.1583 0.1226
vn 0.0084 -0.7071 0.7071
vn 0.0091 -0.3827 0.9238
vn 0.0084 -0.3827 -0.9238
vn 0.0090 -0.7071 -0.7071
vn -0.0000 -0.9806 -0.1958
vn 0.9146 -0.0073 0.4043
vn 0.6994 -0.2704 0.6616
vn 0.3789 -0.3517 0.8560
vn 0.7021 -0.5035 0.5035
vn 0.9174 -0.2851 0.2776
vn 0.3801 -0.6530 0.6550
vn 0.7036 -0.6577 0.2689
vn 0.9193 -0.3641 0.1497
vn 0.3815 -0.8530 0.3560
vn 0.9239 -0.3827 0.0005
vn 0.9140 -0.4058 -0.0039
vn 1.0000 -0.0008 -0.0000
vn 0.9163 -0.3702 -0.1530
vn 0.3412 -0.9399 -0.0123
vn 0.6995 -0.6615 -0.2703
vn 0.3789 -0.8560 -0.3516
vn 1.0000 0.0003 0.0003
vn 0.7018 -0.5037 -0.5037
vn 0.3813 -0.6537 -0.6537
vn 0.9176 -0.1484 -0.3686
vn 0.3824 -0.3523 -0.8542
vn 0.7040 -0.2741 -0.6552
vn 0.9235 -0.0042 -0.3835
vn 0.9239 -0.0000 0.3826
vn 1.0000 -0.0000 -0.0004
vn 0.7071 -0.0000 0.7072
vn 0.0010 -0.0000 1.0000
vn 0.9239 -0.0000 -0.3826
vn 0.7071 -0.0000 -0.7072
vn 0.3818 -0.0000 -0.9243
vn 0.0010 0.0001 -1.0000
vn 0.7069 -0.0251 -0.7069
vn 0.7070 0.0204 0.7070
vn 0.9740 -0.2236 0.0360
vn 1.0000 0.0007 -0.0006
vn 0.0002 1.0000 -0.0000
vn -0.0006 1.0000 -0.0000
vn 0.9236 -0.0245 0.3826
vn 0.9237 0.0199 0.3826
vn -0.0260 0.1620 -0.9865
vn -0.0002 0.0002 -1.0000
vn 0.0346 0.9912 0.1277
vn 0.3632 0.9204 0.1446
vn 0.9239 0.3827 0.0019
vn 0.8541 0.3839 0.3509
vn 0.2756 0.9198 0.2793
vn -0.0003 1.0000 -0.0002
vn -0.0664 0.9916 0.1113
vn 0.3584 0.3806 0.8525
vn 0.0042 0.9176 0.3974
vn 0.0397 -0.0285 0.9988
vn 0.0040 0.9236 -0.3833
vn 0.0071 0.7070 -0.7072
vn 0.0104 0.3827 -0.9238
vn 0.2793 0.9198 -0.2757
vn -0.0002 1.0000 0.0003
vn 0.5028 0.7056 -0.4993
vn 0.6541 0.3835 -0.6520
vn 0.3638 0.9203 -0.1442
vn 0.0001 1.0000 -0.0000
vn 0.3562 0.9341 -0.0260
vn 0.9356 0.3530 -0.0073
vn 0.2795 -0.1329 0.9509
vn 0.5161 -0.8566 0.0012
vn 0.8798 -0.4754 0.0057
vn 0.6127 -0.4993 0.6127
vn 0.3722 -0.8568 0.3569
vn 0.2086 -0.8578 0.4698
vn 0.3408 -0.4942 0.7997
vn 0.0092 -0.4998 0.8661
vn 0.2247 -0.0296 0.9740
vn 0.0056 -0.8571 -0.5151
vn 0.0128 -0.4774 -0.8786
vn 0.6096 -0.4932 -0.6205
vn -0.0004 -1.0000 0.0002
vn 0.5002 -0.8659 -0.0013
vn 0.8661 -0.4999 -0.0022
vn -0.0000 -1.0000 0.0006
vn 0.0409 -0.0845 -0.9956
vn -0.0000 -1.0000 0.0004
vn -0.0001 -1.0000 0.0008
vn -0.0922 -0.6379 0.7645
vn -0.0921 -0.2963 0.9507
vn -0.0921 -0.4627 -0.8817
vn -0.0921 -0.7645 -0.6380
vn -0.0921 -0.9507 -0.2963
vn 0.0087 -0.9999 -0.0087
vn -0.9937 -0.1112 0.0165
vn -0.9235 -0.0042 0.3836
vn -0.9168 -0.1500 0.3702
vn -0.7068 -0.0086 0.7074
vn -0.3815 -0.3515 0.8549
vn -0.9943 -0.1021 -0.0292
vn -0.7017 -0.5038 0.5038
vn -0.3810 -0.6533 0.6542
vn -0.9174 -0.2777 0.2851
vn -0.9185 -0.3665 0.1481
vn -0.7045 -0.6562 0.2704
vn -0.9238 -0.3828 0.0005
vn -0.7070 -0.7072 0.0010
vn -0.3827 -0.9239 0.0013
vn -0.9937 -0.0167 -0.1110
vn -0.9168 -0.3701 -0.1499
vn -0.7070 -0.7072 -0.0010
vn -0.7022 -0.6595 -0.2685
vn -0.3826 -0.9239 -0.0013
vn -0.3814 -0.8549 -0.3516
vn -0.9943 0.0294 -0.1021
vn -0.9160 -0.2815 -0.2857
vn -0.3811 -0.6537 -0.6538
vn -0.9176 -0.1485 -0.3687
vn -0.7016 -0.5033 -0.5045
vn -0.9937 -0.1112 -0.0164
vn -0.9235 -0.0042 -0.3836
vn -0.7068 -0.0086 -0.7074
vn -0.6994 -0.2703 -0.6617
vn -0.9882 -0.1024 0.1135
vn -0.9238 -0.0000 0.3830
vn -0.7071 -0.0000 0.7071
vn -0.3823 -0.0000 0.9240
vn -0.0009 -0.0000 1.0000
vn -0.9887 -0.1135 -0.0983
vn -0.7071 -0.0000 -0.7071
vn -0.3827 -0.0000 -0.9239
vn -0.7235 0.0234 -0.6899
vn -0.9236 -0.0251 -0.3826
vn -0.3826 0.0204 0.9237
vn -0.7070 0.0198 0.7070
vn -1.0000 -0.0002 0.0003
vn -0.1021 0.9883 -0.1131
vn -0.0004 1.0000 -0.0000
vn -0.9534 -0.1009 0.2842
vn -0.0341 -0.0255 -0.9991
vn -0.3826 0.0204 -0.9237
vn -0.0271 0.9988 -0.0396
vn -0.3607 0.9210 0.1468
vn -0.7072 0.7070 0.0018
vn -0.9239 0.3827 0.0014
vn -0.8532 0.3845 0.3524
vn -0.9617 0.1960 0.1915
vn -0.0506 0.9987 -0.0082
vn -0.1468 0.9211 0.3607
vn -0.0036 0.9237 0.3832
vn -0.0001 1.0000 0.0008
vn 0.0004 -0.0004 1.0000
vn 0.0392 0.9989 -0.0275
vn -0.0036 0.9236 -0.3832
vn -0.0077 0.7069 -0.7073
vn -0.2686 0.7071 -0.6541
vn -0.0097 0.3827 -0.9238
vn -0.3524 0.3846 -0.8532
vn -0.6530 0.3838 -0.6529
vn 0.0007 1.0000 0.0003
vn -0.7071 0.7071 -0.0011
vn -0.9239 0.3827 -0.0022
vn -0.3526 -0.0295 0.9353
vn -0.0528 -0.9832 0.1750
vn -0.5001 -0.8660 0.0008
vn -0.8661 -0.4999 0.0027
vn 0.0195 -0.9834 0.1803
vn -0.1920 -0.8628 0.4677
vn -0.1748 -0.9832 0.0528
vn -0.0102 -0.4998 0.8661
vn -0.3248 -0.4925 0.8075
vn -0.2274 -0.0326 0.9733
vn -0.0051 -0.8657 -0.5006
vn -0.0000 -1.0000 -0.0002
vn -0.0098 -0.4998 -0.8661
vn -0.3279 -0.4996 -0.8018
vn -0.2248 -0.0295 -0.9740
vn -0.1803 -0.9834 0.0196
vn -0.6127 -0.4993 -0.6127
vn -0.4677 -0.8628 -0.1920
vn -0.3722 -0.8568 -0.3569
vn -0.7992 -0.5002 -0.3331
vn -0.0527 -0.9832 -0.1750
vn -0.5003 -0.8659 -0.0017
vn -0.8661 -0.4999 -0.0015
vn 0.0910 0.9883 -0.1226
vn 0.0185 0.9355 0.3528
vn -0.0111 0.8237 0.5669
vn 0.0111 0.8237 0.5669
vn -0.0187 0.9990 0.0398
vn -0.1259 0.9725 0.1961
vn 0.0186 0.6636 -0.7479
vn -0.0110 0.8237 -0.5669
vn 0.0110 0.8237 -0.5670
vn 0.0144 0.9577 -0.2875
vn 0.0004 1.0000 0.0002
vn 0.0004 1.0000 -0.0003
vn 0.1758 0.2909 0.9405
vn -0.0111 0.6367 0.7710
vn -0.0005 0.3573 0.9340
vn -0.1844 0.4031 0.8964
vn -0.0185 -0.0323 0.9993
vn 0.0320 0.1344 0.9904
vn 0.1374 0.7135 0.6870
vn -0.2146 0.9757 -0.0445
vn 0.0206 -0.9992 0.0348
vn 0.0110 -0.9105 0.4133
vn -0.0111 -0.9105 0.4133
vn 0.0123 -0.5669 0.8237
vn -0.0122 -0.5669 0.8237
vn 0.1188 -0.1964 0.9733
vn -0.0188 0.3939 -0.9190
vn -0.1259 0.5304 -0.8384
vn -0.0184 -0.9219 -0.3869
vn -0.0004 -1.0000 0.0003
vn -0.0004 -1.0000 -0.0003
vn 0.0206 0.3243 -0.9457
vn 0.0111 -0.0609 -0.9981
vn -0.0111 -0.0609 -0.9981
vn -0.1374 0.8963 -0.4215
vn -0.2755 0.4596 -0.8443
vn 0.2279 0.3780 -0.8973
vn 0.2274 -0.9733 -0.0321
vn 0.0122 -0.5670 -0.8237
vn -0.0122 -0.5669 -0.8237
vn 0.1188 -0.8390 -0.5310
vn -0.5010 0.8197 0.2777
vn -0.8656 0.4737 0.1620
vn -0.4930 0.7118 0.5003
vn -0.9998 -0.0052 0.0215
vn -0.8572 0.4160 0.3037
vn -0.8659 0.3183 0.3858
vn -0.4411 0.3875 0.8095
vn -0.8417 0.2274 0.4897
vn -0.5062 -0.0508 0.8609
vn -0.4882 0.2987 0.8200
vn -0.8671 -0.0277 0.4973
vn -0.8615 0.1752 0.4766
vn -1.0000 -0.0001 0.0001
vn -0.5085 -0.4882 0.7093
vn -0.8676 -0.2820 0.4097
vn -1.0000 0.0001 -0.0002
vn -0.4777 -0.7998 0.3635
vn -0.8464 -0.4904 0.2079
vn -0.4203 -0.9034 0.0854
vn -0.9777 -0.0730 0.1967
vn -0.8339 -0.5501 0.0447
vn -0.5018 0.5506 -0.6671
vn -0.4915 0.3235 -0.8086
vn -0.8629 0.1867 -0.4697
vn -1.0000 0.0002 -0.0004
vn -0.4930 0.7216 -0.4861
vn -0.8572 0.4322 -0.2800
vn -0.4863 -0.8738 -0.0029
vn -0.8610 -0.5086 -0.0004
vn -0.5085 -0.4882 -0.7093
vn -0.8675 -0.2820 -0.4097
vn -0.4777 -0.0539 -0.8769
vn -0.8464 -0.0191 -0.5323
vn -0.4304 0.2416 -0.8697
vn -0.8373 0.1532 -0.5249
vn 0.9806 0.1951 0.0167
vn 0.8659 0.1858 0.4645
vn 0.8661 0.3161 0.3873
vn 0.5000 0.3216 0.8041
vn 0.5022 0.5492 0.6679
vn 0.8654 0.4141 0.2823
vn 1.0000 -0.0002 -0.0003
vn 0.5009 0.7137 0.4897
vn 0.9804 0.1753 -0.0904
vn 0.8657 0.4737 0.1620
vn 0.5009 0.8197 0.2776
vn 0.8615 0.1752 0.4766
vn 1.0000 0.0002 0.0006
vn 0.4881 0.2987 0.8201
vn 0.8517 -0.0141 0.5238
vn 0.4809 -0.0500 0.8753
vn 0.8571 -0.2705 0.4383
vn 0.4955 -0.4783 0.7251
vn 0.8671 -0.4547 0.2035
vn 0.5062 -0.7860 0.3548
vn 0.8659 -0.5001 0.0014
vn 1.0000 0.0010 -0.0001
vn 0.4999 -0.8661 0.0021
vn 0.9806 0.0853 -0.1765
vn 0.8660 0.5001 -0.0014
vn 0.8661 0.4746 -0.1570
vn 0.5000 0.8660 -0.0026
vn 0.5023 0.8200 -0.2745
vn 0.8654 0.4115 -0.2859
vn 0.5009 0.7122 -0.4918
vn 0.9804 -0.0216 -0.1959
vn 0.8657 0.3205 -0.3846
vn 0.5010 0.5520 -0.6665
vn 0.8629 0.1867 -0.4697
vn 0.4914 0.3234 -0.8086
vn 0.8654 -0.4596 -0.1996
vn 1.0000 0.0002 0.0001
vn 0.5029 -0.7890 -0.3529
vn 0.8571 -0.3128 -0.4093
vn 0.4955 -0.5065 -0.7056
vn 0.8671 -0.0277 -0.4973
vn 0.5063 -0.0508 -0.8609
vn 0.8658 0.1716 -0.4701
vn 0.5000 0.2968 -0.8136
vn -0.9792 -0.0922 0.1805
vn -0.9795 -0.0929 -0.1787
vn -0.8659 0.5002 0.0017
vn -1.0000 0.0014 -0.0001
vn -0.5000 0.8660 -0.0027
vn -0.8390 0.5432 -0.0315
vn -0.4305 0.8996 0.0734
vn 1.0000 -0.0005 -0.0000
vn 0.8351 -0.5489 -0.0364
vn 0.4210 -0.9038 -0.0773
vn -0.9792 -0.1358 0.1509
vn -0.9790 -0.1356 -0.1524
vn 0.8624 0.5062 0.0005
vn 1.0000 0.0014 0.0001
vn 0.4899 0.8718 0.0019
vn -0.9686 0.2467 -0.0321
vn -0.9686 0.2467 0.0320
vn -0.9795 0.1869 0.0750
vn -0.3420 -0.0000 -0.9397
vn -0.6428 -0.0000 -0.7660
vn -0.8660 -0.0000 -0.5000
vn -0.9848 -0.0000 -0.1737
vn -0.9848 -0.0000 0.1737
vn -0.8660 -0.0000 0.5000
vn -0.9848 -0.0000 0.1736
vn -0.6428 -0.0000 0.7660
vn -0.3420 -0.0000 0.9397
vn 0.3420 -0.0000 0.9397
vn 0.6428 -0.0000 0.7660
vn 0.8660 -0.0000 0.5000
vn 0.9848 -0.0000 0.1737
vn 0.9848 -0.0000 -0.1737
vn 0.8660 -0.0000 -0.5000
vn 0.9848 -0.0000 -0.1736
vn 0.6428 -0.0000 -0.7660
vn 0.3420 -0.0000 -0.9397
vn -0.0046 1.0000 0.0054
vn -0.0062 1.0000 0.0036
vn -0.0046 1.0000 -0.0054
vn -0.0024 1.0000 -0.0067
vn 0.0062 1.0000 -0.0036
vn 0.0070 1.0000 -0.0012
vn -0.0000 1.0000 0.0071
vn -0.0024 1.0000 0.0067
vn -0.0070 1.0000 -0.0012
vn -0.0061 1.0000 -0.0036
vn 0.0024 1.0000 0.0067
vn 0.0024 1.0000 -0.0067
vn 0.0046 1.0000 -0.0054
vn 0.0062 1.0000 0.0036
vn 0.0046 1.0000 0.0054
vn 0.0061 1.0000 0.0036
vn -0.0070 1.0000 0.0012
vn -0.0000 1.0000 -0.0071
vn 0.0070 1.0000 0.0012
vn 0.9260 0.3514 -0.1377
vn 0.8637 0.4969 -0.0841
vn 0.9315 0.3518 -0.0923
vn 0.8429 0.4959 -0.2087
vn 0.8964 0.3496 -0.2724
vn 0.8318 0.4956 -0.2499
vn 0.7531 0.3467 -0.5591
vn 0.7236 0.4930 -0.4831
vn 0.7795 0.3469 -0.5215
vn 0.9183 0.3509 -0.1832
vn 0.8588 0.4966 -0.1257
vn 0.6345 0.7679 -0.0881
vn 0.6385 0.7674 -0.0587
vn 0.6287 0.7687 -0.1175
vn 0.5056 0.7790 -0.3707
vn 0.5243 0.7785 -0.3451
vn 0.6990 0.4928 -0.5182
vn 0.4857 0.7792 -0.3961
vn 0.6115 0.7713 -0.1769
vn 0.6210 0.7698 -0.1474
vn 0.7463 0.4935 -0.4467
vn 0.8041 0.3472 -0.4826
vn 0.5418 0.7777 -0.3190
vn 0.7673 0.4939 -0.4091
vn 0.8267 0.3476 -0.4425
vn 0.7248 0.3466 -0.5954
vn 0.6727 0.4925 -0.5522
vn 0.1245 0.4966 -0.8590
vn 0.1819 0.3510 -0.9185
vn 0.1367 0.3516 -0.9261
vn 0.5582 0.7767 -0.2919
vn 0.1166 0.7688 -0.6288
vn 0.1661 0.4963 -0.8521
vn 0.0829 0.4969 -0.8638
vn 0.0869 0.7680 -0.6346
vn 0.2268 0.3503 -0.9088
vn 0.1464 0.7699 -0.6212
vn 0.2076 0.4959 -0.8432
vn 0.3064 0.9297 -0.2042
vn 0.3212 0.9274 -0.1916
vn 0.3367 0.9246 -0.1779
vn 0.1821 0.9732 -0.1405
vn 0.2924 0.9315 -0.2165
vn 0.1943 0.9714 -0.1364
vn 0.3179 0.7778 -0.5422
vn 0.2035 0.9298 -0.3068
vn 0.3443 0.7785 -0.5247
vn 0.2792 0.9326 -0.2286
vn 0.2088 0.9691 -0.1316
vn 0.1235 0.9876 -0.0971
vn 0.1137 0.9885 -0.0993
vn 0.1064 0.9893 -0.1000
vn 0.1718 0.9744 -0.1448
vn 0.1022 0.9898 -0.0993
vn 0.0998 0.9893 -0.1065
vn 0.1446 0.9744 -0.1721
vn 0.1399 0.9732 -0.1827
vn 0.2712 0.3497 -0.8968
vn 0.4455 0.4936 -0.7469
vn 0.5205 0.3469 -0.7802
vn 0.4815 0.3472 -0.8047
vn 0.1764 0.7713 -0.6115
vn 0.2489 0.4957 -0.8321
vn 0.4820 0.4931 -0.7242
vn 0.4079 0.4940 -0.7678
vn 0.5580 0.3467 -0.7539
vn 0.3700 0.7791 -0.5061
vn 0.5173 0.4928 -0.6997
vn 0.5945 0.3466 -0.7256
vn 0.5839 0.4924 -0.6455
vn 0.6629 0.3465 -0.6638
vn 0.6295 0.3465 -0.6955
vn 0.3953 0.7793 -0.4862
vn 0.5514 0.4925 -0.6734
vn 0.4426 0.7794 -0.4434
vn 0.6151 0.4923 -0.6159
vn 0.4194 0.7793 -0.4656
vn 0.6947 0.3465 -0.6304
vn 0.6447 0.4924 -0.5848
vn 0.4649 0.7793 -0.4203
vn 0.2160 0.9314 -0.2929
vn 0.2282 0.9326 -0.2797
vn 0.1911 0.9274 -0.3216
vn 0.1359 0.9714 -0.1947
vn 0.2533 0.9335 -0.2537
vn 0.2908 0.7767 -0.5587
vn 0.1772 0.9247 -0.3369
vn 0.0992 0.9885 -0.1138
vn 0.0968 0.9876 -0.1239
vn 0.1310 0.9691 -0.2092
vn 0.0929 0.9863 -0.1365
vn 0.1247 0.9662 -0.2257
vn 0.1629 0.9752 -0.1498
vn 0.8474 0.3480 -0.4011
vn 0.8035 0.4948 -0.3311
vn 0.8658 0.3485 -0.3591
vn 0.5735 0.7755 -0.2640
vn 0.5875 0.7742 -0.2355
vn 0.7864 0.4944 -0.3704
vn 0.8186 0.4953 -0.2909
vn 0.8821 0.3490 -0.3163
vn 0.6002 0.7727 -0.2067
vn 0.2662 0.9333 -0.2411
vn 0.2405 0.9333 -0.2666
vn 0.1555 0.9755 -0.1558
vn 0.3524 0.9215 -0.1632
vn 0.1002 0.9901 -0.0986
vn 0.0985 0.9901 -0.1004
vn 0.0989 0.9902 -0.0991
vn 0.1497 0.9752 -0.1631
vn 0.0992 0.9898 -0.1023
vn -0.1066 0.9893 -0.0998
vn -0.1721 0.9744 -0.1445
vn -0.1826 0.9732 -0.1398
vn 0.2898 0.4953 -0.8190
vn 0.3580 0.3485 -0.8663
vn 0.3150 0.3491 -0.8826
vn 0.2350 0.7741 -0.5878
vn 0.3298 0.4949 -0.8039
vn 0.2061 0.7727 -0.6004
vn 0.4001 0.3479 -0.8479
vn 0.2631 0.7755 -0.5740
vn 0.3693 0.4945 -0.7868
vn 0.3680 0.9179 -0.1481
vn 0.3833 0.9141 -0.1318
vn 0.3975 0.9105 -0.1136
vn 0.2435 0.9627 -0.1183
vn 0.2617 0.9590 -0.1084
vn -0.2929 0.9315 -0.2159
vn -0.5247 0.7786 -0.3443
vn -0.3068 0.9298 -0.2034
vn 0.2778 0.9555 -0.0995
vn 0.1696 0.9819 -0.0837
vn 0.1510 0.9846 -0.0879
vn 0.2255 0.9662 -0.1253
vn 0.1362 0.9863 -0.0929
vn 0.0881 0.9505 0.2980
vn 0.0828 0.9785 0.1889
vn 0.0744 0.9748 0.2102
vn 0.4414 0.3476 -0.8273
vn -0.8521 0.4963 -0.1662
vn -0.9088 0.3503 -0.2267
vn -0.9186 0.3509 -0.1818
vn -0.6211 0.7699 -0.1465
vn -0.6288 0.7688 -0.1166
vn -0.6115 0.7713 -0.1765
vn -0.8432 0.4959 -0.2075
vn -0.8590 0.4966 -0.1246
vn -0.6346 0.7680 -0.0870
vn -0.8638 0.4969 -0.0829
vn -0.6387 0.7673 -0.0577
vn -0.7470 0.4936 -0.4454
vn -0.5422 0.7778 -0.3180
vn -0.5062 0.7791 -0.3698
vn -0.7242 0.4931 -0.4820
vn -0.9262 0.3515 -0.1367
vn -0.9316 0.3518 -0.0909
vn -0.8968 0.3496 -0.2712
vn -0.4863 0.7793 -0.3951
vn -0.6996 0.4928 -0.5174
vn -0.7538 0.3467 -0.5582
vn -0.7803 0.3470 -0.5204
vn -0.1947 0.9714 -0.1360
vn -0.3216 0.9274 -0.1910
vn -0.2092 0.9691 -0.1310
vn -0.5586 0.7767 -0.2910
vn -0.3369 0.9247 -0.1772
vn -0.1139 0.9885 -0.0992
vn -0.1239 0.9876 -0.0968
vn -0.1365 0.9863 -0.0929
vn -0.2257 0.9662 -0.1247
vn -0.0929 0.9863 -0.1361
vn -0.1317 0.9690 -0.2089
vn -0.0972 0.9876 -0.1234
vn -0.2796 0.9326 -0.2282
vn 0.0937 0.9073 -0.4098
vn -0.7678 0.4940 -0.4079
vn -0.1473 0.7699 -0.6210
vn -0.1673 0.4964 -0.8518
vn -0.2088 0.4959 -0.8429
vn -0.1176 0.7688 -0.6286
vn -0.1257 0.4966 -0.8588
vn -0.8049 0.3472 -0.4813
vn -0.8274 0.3475 -0.4412
vn -0.7256 0.3466 -0.5945
vn -0.0882 0.7680 -0.6344
vn -0.0841 0.4969 -0.8637
vn -0.1831 0.3509 -0.9184
vn 0.0739 0.9048 -0.4195
vn 0.0741 0.9454 -0.3173
vn 0.1130 0.9105 -0.3976
vn 0.0547 0.9029 -0.4264
vn 0.0593 0.9410 -0.3332
vn 0.0576 0.7673 -0.6386
vn 0.0877 0.9504 -0.2984
vn 0.0641 0.9709 -0.2309
vn 0.0520 0.9664 -0.2518
vn 0.0441 0.9376 -0.3450
vn 0.0390 0.9624 -0.2690
vn 0.0293 0.9353 -0.3527
vn 0.0255 0.9593 -0.2811
vn -0.0832 0.9785 -0.1886
vn -0.0884 0.9505 -0.2979
vn -0.0995 0.9555 -0.2778
vn 0.0365 0.9016 -0.4311
vn -0.2042 0.9297 -0.3066
vn -0.3189 0.7776 -0.5418
vn -0.3452 0.7784 -0.5243
vn -0.1773 0.7712 -0.6114
vn -0.2499 0.4956 -0.8318
vn -0.3708 0.7790 -0.5057
vn -0.4830 0.4931 -0.7236
vn -0.5183 0.4928 -0.6989
vn -0.4465 0.4935 -0.7464
vn -0.2280 0.3503 -0.9085
vn -0.2724 0.3496 -0.8964
vn -0.1378 0.3514 -0.9260
vn -0.4090 0.4939 -0.7673
vn -0.5215 0.3469 -0.7795
vn -0.1918 0.9273 -0.3213
vn -0.1364 0.9714 -0.1944
vn -0.1405 0.9732 -0.1821
vn -0.2166 0.9314 -0.2925
vn -0.2287 0.9326 -0.2792
vn -0.3961 0.7792 -0.4858
vn -0.0996 0.9886 -0.1133
vn -0.0999 0.9893 -0.1065
vn -0.1448 0.9744 -0.1718
vn -0.0992 0.9898 -0.1024
vn -0.1499 0.9752 -0.1629
vn -0.0987 0.9901 -0.1002
vn -0.2920 0.7767 -0.5582
vn -0.1783 0.9246 -0.3366
vn -0.2538 0.9335 -0.2532
vn -0.4203 0.7792 -0.4649
vn -0.4434 0.7794 -0.4427
vn -0.1253 0.9662 -0.2254
vn -0.5522 0.4924 -0.6727
vn -0.6455 0.4924 -0.5839
vn -0.4655 0.7793 -0.4195
vn -0.5847 0.4924 -0.6448
vn -0.6159 0.4923 -0.6151
vn -0.5592 0.3467 -0.7530
vn -0.5957 0.3467 -0.7245
vn -0.4827 0.3473 -0.8040
vn -0.6305 0.3465 -0.6945
vn -0.6638 0.3464 -0.6628
vn -0.2411 0.9333 -0.2662
vn -0.1559 0.9755 -0.1555
vn -0.2667 0.9333 -0.2405
vn -0.1631 0.9752 -0.1497
vn -0.0991 0.9902 -0.0989
vn -0.1004 0.9901 -0.0984
vn -0.1024 0.9898 -0.0992
vn -0.3173 0.9454 -0.0742
vn -0.2108 0.9747 -0.0741
vn -0.2984 0.9504 -0.0877
vn -0.3528 0.9215 -0.1626
vn -0.5877 0.7742 -0.2348
vn -0.3684 0.9179 -0.1477
vn -0.6734 0.4924 -0.5514
vn -0.8190 0.4952 -0.2899
vn -0.6003 0.7728 -0.2061
vn -0.5739 0.7755 -0.2631
vn -0.8039 0.4948 -0.3300
vn -0.6955 0.3465 -0.6294
vn -0.7868 0.4944 -0.3694
vn -0.8479 0.3480 -0.4000
vn -0.8663 0.3485 -0.3579
vn -0.2437 0.9626 -0.1184
vn -0.2623 0.9589 -0.1079
vn -0.3835 0.9142 -0.1311
vn -0.2783 0.9554 -0.0989
vn -0.1700 0.9819 -0.0837
vn -0.1510 0.9846 -0.0881
vn -0.1892 0.9784 -0.0829
vn -0.2685 0.9625 0.0390
vn -0.3527 0.9353 0.0298
vn -0.3448 0.9376 0.0449
vn -0.3976 0.9105 -0.1130
vn 0.0746 0.9047 0.4194
vn 0.0881 0.7679 0.6345
vn 0.1176 0.7688 0.6286
vn -0.8322 0.4957 -0.2487
vn -0.2640 0.7754 -0.5736
vn -0.3311 0.4948 -0.8035
vn -0.3704 0.4943 -0.7864
vn -0.2356 0.7741 -0.5876
vn -0.2909 0.4952 -0.8186
vn -0.8826 0.3490 -0.3150
vn -0.2067 0.7727 -0.6002
vn -0.3591 0.3484 -0.8658
vn 0.6288 0.7688 0.1167
vn 0.8590 0.4966 0.1246
vn 0.6346 0.7680 0.0870
vn 0.6211 0.7699 0.1464
vn 0.8521 0.4963 0.1661
vn -0.4012 0.3479 -0.8473
vn -0.4425 0.3476 -0.8267
vn -0.3162 0.3489 -0.8822
vn 0.6115 0.7713 0.1762
vn 0.8432 0.4959 0.2075
vn 0.9087 0.3503 0.2269
vn 0.9185 0.3509 0.1820
vn 0.0552 0.9029 0.4264
vn 0.0597 0.9411 0.3329
vn 0.0447 0.9376 0.3449
vn 0.0746 0.9455 0.3169
vn 0.0942 0.9073 0.4099
vn 0.1473 0.7699 0.6210
vn 0.1136 0.9105 0.3975
vn 0.1773 0.7712 0.6114
vn 0.0524 0.9665 0.2514
vn 0.0646 0.9710 0.2302
vn -0.1248 0.9662 0.2257
vn -0.0881 0.9846 0.1509
vn -0.0929 0.9863 0.1364
vn 0.0587 0.7674 0.6384
vn 0.0373 0.9015 0.4311
vn 0.2928 0.9314 0.2161
vn 0.5247 0.7785 0.3445
vn 0.3068 0.9297 0.2037
vn 0.0300 0.9353 0.3527
vn 0.8638 0.4969 0.0830
vn 0.6386 0.7674 0.0576
vn 0.7469 0.4935 0.4457
vn 0.5423 0.7777 0.3180
vn 0.5062 0.7790 0.3700
vn 0.7242 0.4930 0.4821
vn 0.9262 0.3515 0.1366
vn 0.9316 0.3518 0.0910
vn 0.8968 0.3496 0.2713
vn 0.4863 0.7792 0.3953
vn 0.6997 0.4928 0.5173
vn 0.7540 0.3468 0.5579
vn 0.7803 0.3469 0.5204
vn 0.1823 0.9732 0.1402
vn 0.1946 0.9714 0.1361
vn 0.3216 0.9274 0.1912
vn 0.2092 0.9690 0.1311
vn 0.5587 0.7767 0.2909
vn 0.3370 0.9246 0.1774
vn 0.1135 0.9885 0.0994
vn 0.1236 0.9876 0.0970
vn 0.1365 0.9863 0.0929
vn 0.2260 0.9661 0.1248
vn 0.0930 0.9863 0.1362
vn 0.1315 0.9691 0.2088
vn 0.0971 0.9876 0.1234
vn 0.2795 0.9326 0.2283
vn 0.2043 0.9297 0.3063
vn 0.3189 0.7777 0.5418
vn 0.3451 0.7785 0.5242
vn 0.1720 0.9744 0.1445
vn 0.7678 0.4939 0.4081
vn 0.1672 0.4964 0.8519
vn 0.2087 0.4959 0.8429
vn 0.1258 0.4966 0.8588
vn 0.8048 0.3472 0.4815
vn 0.8273 0.3476 0.4413
vn 0.7256 0.3467 0.5944
vn 0.0841 0.4969 0.8637
vn 0.1831 0.3509 0.9183
vn 0.2499 0.4956 0.8318
vn 0.3707 0.7790 0.5057
vn 0.4830 0.4931 0.7236
vn 0.5183 0.4928 0.6990
vn 0.4465 0.4935 0.7464
vn 0.2279 0.3503 0.9085
vn 0.2724 0.3496 0.8964
vn 0.1379 0.3515 0.9260
vn 0.4090 0.4939 0.7673
vn 0.5216 0.3470 0.7795
vn 0.1916 0.9274 0.3212
vn 0.1364 0.9714 0.1944
vn 0.1405 0.9732 0.1822
vn 0.2164 0.9315 0.2925
vn 0.2285 0.9326 0.2793
vn 0.3960 0.7792 0.4858
vn 0.0992 0.9886 0.1136
vn 0.1000 0.9893 0.1064
vn 0.1447 0.9744 0.1718
vn 0.0993 0.9898 0.1023
vn 0.1498 0.9752 0.1629
vn 0.2918 0.7766 0.5583
vn 0.1779 0.9246 0.3368
vn 0.2537 0.9335 0.2534
vn 0.4202 0.7793 0.4649
vn 0.4433 0.7794 0.4427
vn 0.1253 0.9662 0.2255
vn 0.5522 0.4924 0.6727
vn 0.6455 0.4924 0.5838
vn 0.4655 0.7793 0.4196
vn 0.5847 0.4923 0.6448
vn 0.6159 0.4923 0.6150
vn 0.5592 0.3467 0.7531
vn 0.5956 0.3466 0.7247
vn 0.4825 0.3472 0.8041
vn 0.6304 0.3465 0.6947
vn 0.6637 0.3464 0.6629
vn 0.2410 0.9333 0.2663
vn 0.1558 0.9755 0.1556
vn 0.2666 0.9333 0.2407
vn 0.1632 0.9752 0.1496
vn 0.0985 0.9901 0.1003
vn 0.1003 0.9901 0.0985
vn 0.0990 0.9902 0.0989
vn 0.1025 0.9898 0.0990
vn 0.3170 0.9455 0.0743
vn 0.2108 0.9747 0.0741
vn 0.2984 0.9504 0.0874
vn 0.3529 0.9214 0.1628
vn 0.5877 0.7742 0.2349
vn 0.3684 0.9178 0.1478
vn 0.6734 0.4924 0.5514
vn 0.8190 0.4952 0.2898
vn 0.6004 0.7727 0.2061
vn 0.5740 0.7755 0.2630
vn 0.8040 0.4948 0.3298
vn 0.6955 0.3465 0.6295
vn 0.7868 0.4944 0.3694
vn 0.8479 0.3479 0.4000
vn 0.8663 0.3484 0.3580
vn 0.2436 0.9626 0.1185
vn 0.2622 0.9589 0.1082
vn 0.3837 0.9141 0.1313
vn 0.2784 0.9554 0.0990
vn 0.3977 0.9105 0.1132
vn 0.1699 0.9819 0.0836
vn 0.1510 0.9846 0.0881
vn 0.1891 0.9785 0.0827
vn 0.0388 0.9625 0.2686
vn -0.4099 0.9073 -0.0935
vn 0.8321 0.4956 0.2489
vn 0.2639 0.7755 0.5735
vn 0.3311 0.4948 0.8035
vn 0.3705 0.4944 0.7863
vn 0.2356 0.7742 0.5875
vn 0.2909 0.4952 0.8186
vn 0.8825 0.3490 0.3152
vn 0.2067 0.7727 0.6002
vn 0.3591 0.3483 0.8659
vn -0.8588 0.4965 0.1260
vn -0.6287 0.7687 0.1175
vn -0.6345 0.7679 0.0880
vn -0.8519 0.4963 0.1674
vn -0.6209 0.7699 0.1473
vn 0.4012 0.3479 0.8474
vn 0.4424 0.3475 0.8268
vn 0.3162 0.3489 0.8822
vn -0.8429 0.4959 0.2087
vn -0.6113 0.7712 0.1774
vn -0.9085 0.3503 0.2278
vn -0.9184 0.3509 0.1829
vn -0.9260 0.3515 0.1378
vn -0.8637 0.4969 0.0842
vn -0.9315 0.3518 0.0922
vn -0.8964 0.3496 0.2724
vn -0.8318 0.4956 0.2499
vn -0.7531 0.3467 0.5592
vn -0.7236 0.4931 0.4831
vn -0.7796 0.3470 0.5214
vn -0.6385 0.7674 0.0589
vn -0.5056 0.7790 0.3707
vn -0.5242 0.7785 0.3452
vn -0.6990 0.4927 0.5182
vn -0.4858 0.7793 0.3959
vn -0.7463 0.4935 0.4466
vn -0.8041 0.3472 0.4825
vn -0.5418 0.7777 0.3189
vn -0.4196 0.9047 -0.0741
vn -0.4266 0.9028 -0.0552
vn -0.3333 0.9409 -0.0596
vn -0.2309 0.9709 -0.0641
vn -0.3451 0.9375 -0.0441
vn -0.2517 0.9664 -0.0520
vn -0.3528 0.9353 -0.0291
vn -0.2691 0.9623 -0.0385
vn 0.1067 0.9893 0.0997
vn -0.4310 0.9016 -0.0362
vn -0.2925 0.9315 0.2164
vn -0.7673 0.4939 0.4090
vn -0.8267 0.3475 0.4425
vn -0.7247 0.3466 0.5955
vn -0.6727 0.4924 0.5523
vn -0.1245 0.4966 0.8590
vn -0.1819 0.3509 0.9186
vn -0.1367 0.3515 0.9262
vn -0.5582 0.7767 0.2918
vn -0.1167 0.7688 0.6288
vn -0.1661 0.4963 0.8521
vn -0.0829 0.4970 0.8638
vn -0.0870 0.7680 0.6345
vn -0.2268 0.3503 0.9088
vn -0.1466 0.7699 0.6210
vn -0.2076 0.4960 0.8432
vn -0.3064 0.9297 0.2043
vn -0.3212 0.9274 0.1915
vn -0.3367 0.9246 0.1779
vn -0.1822 0.9732 0.1405
vn -0.1944 0.9714 0.1364
vn 0.4096 0.9074 0.0937
vn -0.2792 0.9326 0.2285
vn -0.2088 0.9691 0.1315
vn -0.1235 0.9876 0.0971
vn -0.1136 0.9885 0.0993
vn -0.1064 0.9893 0.1000
vn -0.1719 0.9744 0.1447
vn -0.1022 0.9898 0.0994
vn -0.0997 0.9893 0.1067
vn -0.1445 0.9744 0.1721
vn -0.1402 0.9732 0.1823
vn -0.2711 0.3496 0.8968
vn -0.4455 0.4935 0.7470
vn -0.5205 0.3469 0.7802
vn -0.4815 0.3472 0.8048
vn -0.1764 0.7714 0.6114
vn -0.2489 0.4956 0.8321
vn -0.3444 0.7785 0.5247
vn -0.4820 0.4931 0.7243
vn -0.4080 0.4939 0.7678
vn -0.3179 0.7777 0.5424
vn -0.5582 0.3467 0.7538
vn -0.3700 0.7790 0.5062
vn -0.5174 0.4927 0.6997
vn 0.4195 0.9047 0.0742
vn 0.4263 0.9029 0.0548
vn 0.3330 0.9410 0.0596
vn 0.2307 0.9709 0.0647
vn 0.3448 0.9377 0.0438
vn 0.2518 0.9664 0.0522
vn 0.3526 0.9353 0.0298
vn 0.2692 0.9623 0.0385
vn -0.1362 0.9863 0.0930
vn 0.4309 0.9017 0.0365
vn -0.2037 0.9297 0.3068
vn -0.5945 0.3466 0.7256
vn -0.5839 0.4924 0.6455
vn -0.6628 0.3465 0.6638
vn -0.6295 0.3465 0.6955
vn -0.3954 0.7792 0.4863
vn -0.5513 0.4924 0.6734
vn -0.4427 0.7794 0.4434
vn -0.6151 0.4923 0.6159
vn -0.4196 0.7793 0.4654
vn -0.6446 0.4924 0.5848
vn -0.6945 0.3465 0.6305
vn -0.4649 0.7793 0.4201
vn -0.2161 0.9314 0.2928
vn -0.2282 0.9326 0.2795
vn -0.1913 0.9273 0.3217
vn -0.1361 0.9714 0.1946
vn -0.2534 0.9335 0.2538
vn -0.2909 0.7766 0.5588
vn -0.1774 0.9247 0.3370
vn -0.0995 0.9886 0.1134
vn -0.0971 0.9876 0.1235
vn -0.1311 0.9690 0.2092
vn -0.1630 0.9752 0.1497
vn -0.1003 0.9901 0.0986
vn -0.8474 0.3479 0.4011
vn -0.8034 0.4948 0.3312
vn -0.8659 0.3485 0.3590
vn -0.5735 0.7755 0.2640
vn -0.5875 0.7742 0.2355
vn -0.7864 0.4944 0.3704
vn -0.8186 0.4952 0.2909
vn -0.8822 0.3490 0.3161
vn -0.6002 0.7727 0.2068
vn -0.2663 0.9333 0.2410
vn -0.2406 0.9333 0.2666
vn -0.1556 0.9755 0.1557
vn -0.3524 0.9215 0.1633
vn -0.0990 0.9901 0.0990
vn -0.0985 0.9901 0.1004
vn -0.1496 0.9752 0.1631
vn -0.0990 0.9898 0.1026
vn 0.0145 0.9340 -0.3570
vn -0.2898 0.4951 0.8191
vn -0.3580 0.3485 0.8663
vn -0.3149 0.3490 0.8826
vn -0.2350 0.7742 0.5877
vn -0.3299 0.4948 0.8040
vn -0.2061 0.7728 0.6002
vn -0.4001 0.3479 0.8478
vn -0.2632 0.7755 0.5739
vn -0.3693 0.4945 0.7868
vn -0.3680 0.9180 0.1481
vn -0.3834 0.9142 0.1315
vn -0.3977 0.9104 0.1138
vn -0.2435 0.9627 0.1182
vn -0.2616 0.9591 0.1084
vn 0.0181 0.9009 -0.4336
vn -0.0003 0.7668 -0.6419
vn -0.0002 0.9007 -0.4345
vn -0.2779 0.9554 0.0995
vn -0.1697 0.9819 0.0837
vn -0.1510 0.9846 0.0879
vn -0.2255 0.9661 0.1253
vn -0.2814 0.9593 -0.0252
vn -0.3572 0.9339 -0.0150
vn -0.2883 0.9575 -0.0133
vn -0.4414 0.3476 0.8273
vn -0.0006 0.4972 -0.8676
vn 0.0451 0.3520 -0.9349
vn -0.0006 0.3521 -0.9359
vn 0.0286 0.7669 -0.6411
vn 0.0410 0.4971 -0.8667
vn -0.0422 0.4970 -0.8667
vn -0.0294 0.7670 -0.6410
vn -0.0002 0.9336 -0.3584
vn -0.0152 0.9341 -0.3567
vn -0.0187 0.9010 -0.4335
vn -0.0374 0.9016 -0.4309
vn -0.0590 0.7674 -0.6385
vn 0.0126 0.9575 -0.2881
vn -0.0137 0.9575 -0.2880
vn -0.0001 0.9568 -0.2907
vn -0.0259 0.9594 -0.2808
vn -0.0153 0.9339 0.3572
vn -0.0261 0.9594 0.2808
vn -0.0299 0.9353 0.3527
vn -0.0295 0.9353 -0.3527
vn 0.0188 0.9009 0.4335
vn 0.0001 0.7667 0.6420
vn 0.0293 0.7670 0.6410
vn 0.0005 0.4971 0.8677
vn -0.0287 0.7669 0.6411
vn -0.0410 0.4971 0.8667
vn -0.0465 0.3521 -0.9348
vn -0.0923 0.3518 -0.9315
vn 0.0910 0.3518 -0.9316
vn 0.0422 0.4971 0.8667
vn 0.0465 0.3521 0.9348
vn 0.0006 0.3522 0.9359
vn -0.0452 0.3521 0.9349
vn -0.0910 0.3518 0.9316
vn 0.0923 0.3519 0.9315
vn -0.8677 0.4971 0.0005
vn -0.9349 0.3521 -0.0450
vn -0.9359 0.3521 0.0005
vn -0.0577 0.7674 0.6386
vn -0.6412 0.7669 -0.0285
vn -0.6420 0.7667 0.0003
vn 0.8667 0.4971 -0.0420
vn -0.9348 0.3521 0.0463
vn -0.8667 0.4970 0.0422
vn -0.6410 0.7670 0.0295
vn -0.0185 0.9008 0.4338
vn -0.0364 0.9016 0.4309
vn 0.0153 0.9340 0.3568
vn -0.0000 0.9006 0.4347
vn -0.4339 0.9008 -0.0183
vn -0.4347 0.9006 0.0001
vn 0.0003 0.9335 0.3587
vn -0.0132 0.9576 0.2879
vn 0.0133 0.9575 0.2880
vn 0.0002 0.9569 0.2905
vn 0.0261 0.9594 0.2807
vn 0.0740 0.9747 -0.2108
vn -0.0907 0.0544 -0.9944
vn -0.1086 0.0534 -0.9927
vn -0.0877 0.0533 -0.9947
vn -0.9885 0.0574 -0.1401
vn -0.9922 0.0561 -0.1114
vn -0.9926 0.0535 -0.1086
vn -0.1114 0.0561 -0.9922
vn -0.1641 0.0574 -0.9848
vn -0.9944 0.0544 -0.0909
vn -0.9947 0.0533 -0.0877
vn -0.9953 0.0537 -0.0810
vn -0.9955 0.0528 -0.0782
vn -0.9955 0.0539 -0.0784
vn -0.9957 0.0545 -0.0747
vn -0.9396 0.0672 -0.3355
vn -0.9840 0.0598 -0.1677
vn 0.9697 0.0941 -0.2254
vn 0.9867 0.0736 -0.1448
vn 0.9681 0.0951 -0.2316
vn -0.7138 0.0749 -0.6963
vn -0.9311 0.0693 -0.3581
vn 0.9869 0.0715 -0.1443
vn 0.9931 0.0597 -0.1013
vn -0.3580 0.0693 -0.9311
vn -0.3523 0.0667 -0.9335
vn 0.9928 0.0607 -0.1032
vn 0.9952 0.0553 -0.0813
vn 0.9955 0.0539 -0.0782
vn 0.9956 0.0525 -0.0778
vn 0.9957 0.0540 -0.0748
vn -0.1678 0.0598 -0.9840
vn 0.9949 0.0557 -0.0841
vn 0.9953 0.0537 -0.0810
vn 0.9947 0.0534 -0.0877
vn -0.3355 0.0672 0.9396
vn -0.1675 0.0598 0.9840
vn -0.1640 0.0574 0.9848
vn -0.4406 0.2784 -0.8535
vn -0.2257 0.3035 -0.9257
vn -0.2272 0.2994 -0.9267
vn 0.9944 0.0544 -0.0909
vn 0.9926 0.0535 -0.1087
vn -0.6965 0.0754 0.7136
vn -0.3581 0.0693 0.9311
vn -0.0000 0.3111 -0.9504
vn -0.0004 0.3162 -0.9487
vn 0.9922 0.0561 -0.1117
vn 0.9847 0.0579 -0.1641
vn -0.9310 0.0693 0.3584
vn -0.9335 0.0670 0.3523
vn -0.9955 0.0539 0.0784
vn -0.9956 0.0531 0.0778
vn -0.9957 0.0539 0.0752
vn 0.2270 0.2994 -0.9268
vn -0.8531 0.2787 0.4410
vn -0.9258 0.3036 0.2252
vn -0.9264 0.2997 0.2280
vn -0.9840 0.0598 0.1677
vn -0.9848 0.0572 0.1640
vn -0.9952 0.0537 0.0813
vn -0.9948 0.0524 0.0876
vn 0.2257 0.3035 -0.9257
vn 0.4319 0.2793 -0.8576
vn -0.9503 0.3112 -0.0000
vn -0.9488 0.3158 -0.0001
vn 0.3354 0.0671 -0.9397
vn 0.1678 0.0598 -0.9840
vn 0.1641 0.0572 -0.9848
vn -0.9944 0.0544 0.0909
vn -0.9926 0.0537 0.1087
vn -0.9697 0.0941 0.2256
vn -0.9867 0.0734 0.1448
vn -0.9681 0.0946 0.2319
vn -0.9265 0.2997 -0.2273
vn 0.4411 0.2784 0.8532
vn 0.2261 0.3033 0.9257
vn 0.2276 0.2996 0.9265
vn 0.6963 0.0753 -0.7138
vn 0.3581 0.0694 -0.9311
vn -0.9922 0.0561 0.1112
vn -0.9869 0.0715 0.1443
vn -0.9930 0.0601 0.1015
vn -0.9257 0.3035 -0.2255
vn -0.8578 0.2791 -0.4316
vn 0.0007 0.3114 0.9503
vn 0.0006 0.3163 0.9487
vn 0.5679 0.8225 -0.0314
vn 0.0176 0.9950 -0.0982
vn 0.5694 0.8214 -0.0332
vn 0.0434 0.9886 -0.1443
vn -0.0086 0.9945 -0.1045
vn 0.5578 0.8298 -0.0143
vn 0.0613 0.9872 -0.1474
vn 0.0043 0.9935 -0.1135
vn 0.8785 0.4229 -0.2223
vn 0.5663 0.8238 -0.0261
vn 0.9957 0.0546 0.0749
vn -0.0006 0.9963 -0.0855
vn -0.0236 0.9955 -0.0922
vn -0.0545 0.9920 -0.1136
vn 0.0146 0.9927 -0.1200
vn -0.0467 0.9911 -0.1245
vn 0.0236 0.9923 -0.1212
vn -0.0408 0.9901 -0.1344
vn 0.1792 0.9829 0.0423
vn 0.5336 0.8454 0.0260
vn 0.8805 0.4493 -0.1510
vn 0.9867 0.0738 0.1446
vn 0.9931 0.0597 0.1012
vn 0.0892 0.9934 -0.0725
vn 0.0802 0.9937 -0.0781
vn 0.0752 0.9940 -0.0798
vn 0.0728 0.9942 -0.0791
vn 0.0694 0.9965 -0.0462
vn 0.0632 0.9967 -0.0516
vn 0.1010 0.9928 -0.0638
vn 0.0781 0.9937 0.0802
vn 0.0798 0.9940 0.0751
vn 0.0515 0.9967 0.0633
vn 0.0791 0.9942 0.0727
vn 0.0536 0.9968 0.0599
vn 0.0922 0.9955 -0.0234
vn 0.0794 0.9962 -0.0363
vn 0.0725 0.9934 0.0892
vn 0.0461 0.9965 0.0695
vn 0.0638 0.9928 0.1011
vn -0.1246 0.9911 0.0467
vn -0.1136 0.9920 0.0544
vn -0.1042 0.9945 0.0088
vn -0.1011 0.9928 0.0638
vn -0.0922 0.9955 0.0235
vn 0.0231 0.9954 0.0925
vn 0.0367 0.9962 0.0793
vn -0.1346 0.9901 0.0405
vn -0.1139 0.9935 -0.0047
vn -0.1467 0.9885 0.0363
vn -0.1889 0.9785 0.0828
vn -0.0765 0.9944 0.0729
vn -0.0538 0.9968 0.0599
vn -0.0790 0.9942 0.0728
vn -0.1217 0.9923 -0.0227
vn -0.1201 0.9927 -0.0148
vn -0.0725 0.9944 0.0769
vn -0.0742 0.9945 0.0743
vn -0.0533 0.9969 0.0586
vn -0.0727 0.9942 0.0791
vn -0.0726 0.9934 0.0893
vn -0.0234 0.9955 0.0922
vn -0.0638 0.9928 0.1012
vn -0.0599 0.9968 0.0536
vn -0.0586 0.9969 0.0533
vn -0.0553 0.9969 0.0553
vn -0.0782 0.9937 0.0803
vn -0.0363 0.9962 0.0793
vn -0.0801 0.9940 0.0749
vn -0.0893 0.9934 -0.0725
vn -0.0922 0.9955 -0.0234
vn -0.1012 0.9928 -0.0639
vn -0.0519 0.9967 0.0630
vn -0.0462 0.9965 0.0695
vn -0.0803 0.9937 -0.0781
vn -0.0793 0.9962 -0.0363
vn -0.0752 0.9940 -0.0798
vn 0.0339 0.9866 0.1595
vn -0.0287 0.9925 0.1191
vn 0.0363 0.9885 0.1467
vn -0.0232 0.9923 0.1216
vn -0.0633 0.9967 -0.0516
vn -0.0728 0.9942 -0.0790
vn -0.0695 0.9965 -0.0461
vn 0.9311 0.0693 -0.3581
vn 0.9338 0.0660 -0.3516
vn 0.9949 0.0557 0.0840
vn -0.9928 0.0606 0.1030
vn -0.9951 0.0568 0.0810
vn -0.2268 0.2995 0.9268
vn 0.9840 0.0598 -0.1678
vn 0.9928 0.0606 0.1032
vn -0.9949 0.0557 0.0840
vn -0.2257 0.0941 -0.9696
vn -0.1446 0.0739 -0.9867
vn -0.2315 0.0949 -0.9682
vn -0.2251 0.3036 0.9258
vn -0.4316 0.2791 0.8578
vn 0.9869 0.0715 0.1443
vn 0.9884 0.0573 0.1407
vn 0.9922 0.0561 0.1115
vn 0.9926 0.0545 0.1085
vn -0.1442 0.0715 -0.9870
vn -0.1015 0.0600 -0.9930
vn 0.9697 0.0941 0.2256
vn 0.9944 0.0544 0.0905
vn 0.9948 0.0528 0.0876
vn -0.1031 0.0606 -0.9928
vn -0.0810 0.0562 -0.9951
vn 0.2110 0.0917 -0.9732
vn 0.3631 0.1338 -0.9221
vn 0.3730 0.1365 -0.9177
vn 0.9953 0.0537 0.0811
vn 0.9955 0.0533 0.0781
vn -0.0840 0.0557 -0.9949
vn -0.0750 0.0536 -0.9957
vn 0.5467 0.1883 -0.8159
vn 0.5573 0.1885 -0.8086
vn 0.9955 0.0539 0.0784
vn 0.7316 0.2441 -0.6366
vn 0.7367 0.2422 -0.6313
vn 0.8575 0.2824 -0.4301
vn 0.8577 0.2796 -0.4315
vn -0.2107 0.0922 0.9732
vn -0.3634 0.1339 0.9220
vn -0.3726 0.1363 0.9180
vn 0.9398 0.0675 0.3351
vn 0.9840 0.0599 0.1678
vn -0.5469 0.1884 0.8157
vn -0.5578 0.1885 0.8083
vn 0.7138 0.0753 0.6963
vn 0.9311 0.0693 0.3581
vn -0.9731 0.0920 -0.2111
vn -0.9221 0.1338 -0.3630
vn -0.9179 0.1363 -0.3726
vn -0.7316 0.2441 0.6365
vn -0.7365 0.2424 0.6315
vn 0.3583 0.0693 0.9310
vn 0.3522 0.0665 0.9336
vn -0.1174 0.0709 0.9905
vn -0.2258 0.0942 0.9696
vn -0.8156 0.1885 -0.5470
vn -0.8089 0.1885 -0.5569
vn -0.8575 0.2824 0.4300
vn 0.1679 0.0599 0.9840
vn 0.1640 0.0570 0.9848
vn -0.0699 0.0577 0.9959
vn -0.1442 0.0715 0.9870
vn -0.6362 0.2443 -0.7318
vn -0.6317 0.2422 -0.7364
vn -0.9905 0.0718 -0.1174
vn -0.9697 0.0941 -0.2256
vn -0.0467 0.0545 0.9974
vn -0.1031 0.0606 0.9928
vn -0.4300 0.2825 -0.8575
vn -0.9959 0.0575 -0.0700
vn -0.9869 0.0715 -0.1443
vn -0.0397 0.0529 0.9978
vn -0.0840 0.0557 0.9949
vn -0.9974 0.0545 -0.0467
vn -0.9928 0.0606 -0.1030
vn 0.9258 0.3035 0.2253
vn 0.8575 0.2796 0.4319
vn 0.9265 0.2998 0.2273
vn -0.9949 0.0557 -0.0840
vn 0.9503 0.3112 -0.0000
vn 0.9488 0.3160 -0.0002
vn 0.1174 0.0715 -0.9905
vn 0.2257 0.0941 -0.9696
vn 0.9248 0.2990 -0.2352
vn 0.0700 0.0573 -0.9959
vn 0.1441 0.0715 -0.9870
vn 0.9257 0.3035 -0.2259
vn 0.0468 0.0544 -0.9974
vn 0.1031 0.0606 -0.9928
vn 0.0266 0.9844 0.1740
vn -0.0319 0.9929 0.1144
vn 0.0182 0.9825 0.1855
vn 0.0893 0.9934 0.0726
vn 0.0922 0.9955 0.0234
vn 0.1011 0.9928 0.0638
vn -0.0309 0.9940 0.1053
vn 0.0112 0.9814 0.1914
vn 0.8578 0.2825 0.4294
vn 0.7367 0.2422 0.6314
vn -0.4289 0.2824 0.8581
vn -0.6318 0.2421 0.7364
vn 0.0398 0.0530 -0.9978
vn 0.0841 0.0557 -0.9949
vn 0.7316 0.2441 0.6365
vn 0.5574 0.1885 0.8086
vn -0.6352 0.2441 0.7327
vn -0.8085 0.1892 0.5572
vn 0.5473 0.1885 0.8155
vn 0.3729 0.1362 0.9178
vn -0.8154 0.1885 0.5473
vn -0.9177 0.1364 0.3731
vn 0.0803 0.9937 0.0782
vn 0.0793 0.9962 0.0363
vn 0.0749 0.9940 0.0801
vn 0.0467 0.9911 0.1245
vn 0.0879 0.9846 0.1510
vn 0.0544 0.9920 0.1136
vn 0.0086 0.9945 0.1045
vn 0.0633 0.9967 0.0517
vn 0.0729 0.9942 0.0790
vn 0.0694 0.9965 0.0461
vn 0.0405 0.9901 0.1346
vn 0.0838 0.9819 0.1697
vn -0.0046 0.9935 0.1136
vn -0.0743 0.9455 0.3169
vn -0.0740 0.9747 0.2108
vn -0.0876 0.9504 0.2984
vn 0.1182 0.9627 0.2435
vn 0.1084 0.9590 0.2617
vn 0.0995 0.9555 0.2778
vn 0.1943 0.9809 0.0050
vn 0.2905 0.9569 -0.0002
vn 0.1954 0.9807 -0.0001
vn 0.1942 0.9810 -0.0047
vn 0.0928 0.9954 0.0245
vn 0.0830 0.9964 0.0153
vn -0.0147 0.9926 0.1201
vn 0.3638 0.1340 0.9218
vn 0.2320 0.0950 0.9681
vn -0.8667 0.4971 -0.0412
vn 0.6410 0.7670 -0.0293
vn 0.8677 0.4971 -0.0006
vn 0.9348 0.3521 -0.0466
vn 0.9359 0.3521 -0.0005
vn 0.6410 0.7670 0.0286
vn 0.6420 0.7667 -0.0003
vn -0.3585 0.9335 0.0004
vn -0.3569 0.9340 0.0152
vn -0.4337 0.9009 0.0189
vn -0.4311 0.9015 0.0372
vn -0.2909 0.9568 -0.0001
vn -0.2881 0.9575 0.0138
vn -0.2805 0.9595 0.0256
vn 0.2686 0.9625 -0.0388
vn 0.3526 0.9353 -0.0300
vn 0.3449 0.9376 -0.0447
vn 0.4336 0.9009 -0.0189
vn 0.4337 0.9009 0.0186
vn 0.3568 0.9340 -0.0152
vn 0.4347 0.9006 -0.0000
vn 0.3572 0.9339 0.0154
vn 0.4098 0.9073 -0.0943
vn 0.4310 0.9016 -0.0373
vn 0.2879 0.9576 0.0132
vn 0.3587 0.9335 -0.0001
vn 0.2879 0.9576 -0.0134
vn 0.2807 0.9594 -0.0261
vn -0.2981 0.9504 0.0883
vn 0.8667 0.4971 0.0410
vn 0.9349 0.3521 0.0450
vn 0.1913 0.9815 -0.0112
vn -0.1943 0.9809 0.0057
vn -0.0927 0.9954 -0.0241
vn -0.0835 0.9964 -0.0152
vn 0.0913 0.9955 -0.0247
vn 0.0826 0.9965 -0.0152
vn 0.0798 0.9968 -0.0001
vn 0.1918 0.9814 0.0115
vn -0.1944 0.9809 -0.0049
vn -0.1951 0.9808 -0.0004
vn -0.1916 0.9814 0.0113
vn -0.0322 0.9941 -0.1037
vn 0.0102 0.9813 -0.1920
vn -0.0252 0.9955 -0.0914
vn -0.0907 0.9955 0.0258
vn -0.0826 0.9965 0.0153
vn -0.0779 0.9970 -0.0015
vn -0.1923 0.9813 -0.0104
vn 0.0271 0.9843 -0.1742
vn 0.0180 0.9824 -0.1857
vn 0.0337 0.9865 -0.1600
vn -0.0330 0.9930 -0.1132
vn 0.0359 0.9885 -0.1471
vn 0.1595 0.9866 -0.0338
vn 0.2514 0.9665 -0.0523
vn 0.2303 0.9710 -0.0646
vn 0.1190 0.9925 0.0288
vn 0.1467 0.9885 -0.0363
vn 0.1216 0.9923 0.0228
vn -0.0296 0.9925 -0.1187
vn 0.1741 0.9844 -0.0265
vn 0.2103 0.9748 -0.0745
vn 0.1146 0.9929 0.0320
vn 0.1855 0.9825 -0.0182
vn 0.3169 0.9455 -0.0746
vn 0.2979 0.9505 -0.0880
vn 0.3329 0.9411 -0.0597
vn -0.0782 0.9937 -0.0802
vn -0.0801 0.9940 -0.0748
vn 0.1186 0.9925 -0.0295
vn 0.1469 0.9885 0.0360
vn 0.1594 0.9866 0.0340
vn 0.1053 0.9940 0.0309
vn 0.0803 0.9908 -0.1094
vn 0.1127 0.9931 -0.0333
vn 0.1035 0.9941 -0.0324
vn -0.0591 0.9943 -0.0891
vn -0.2556 0.9123 -0.3201
vn -0.1741 0.8922 -0.4168
vn 0.1650 0.9684 -0.1869
vn -0.1046 0.9945 -0.0084
vn 0.1859 0.9824 0.0178
vn 0.1744 0.9843 0.0264
vn 0.1219 0.9923 -0.0234
vn -0.0909 0.8679 -0.4883
vn 0.1965 0.9684 -0.1536
vn -0.4174 0.1483 -0.8965
vn -0.0265 0.8449 -0.5343
vn -0.6126 0.2071 -0.7627
vn -0.7916 0.2675 -0.5494
vn -0.3233 0.9198 -0.2223
vn 0.0341 0.9981 -0.0506
vn -0.1081 0.9935 0.0354
vn -0.0985 0.9950 0.0180
vn -0.0302 0.8204 0.5710
vn -0.0332 0.8197 0.5718
vn -0.1140 0.9935 0.0045
vn -0.1130 0.9922 0.0518
vn -0.0134 0.8285 0.5598
vn -0.1137 0.9920 -0.0544
vn -0.0853 0.9964 -0.0001
vn -0.0255 0.8227 0.5679
vn 0.0810 0.0560 0.9951
vn 0.0751 0.0540 0.9957
vn 0.1013 0.0605 0.9930
vn 0.1447 0.0731 0.9868
vn 0.0271 0.8441 0.5355
vn -0.1195 0.9927 0.0162
vn -0.1906 0.9725 0.1341
vn 0.0639 0.9928 -0.1012
vn 0.0082 0.9945 -0.1046
vn 0.0235 0.9955 -0.0922
vn -0.1347 0.9901 -0.0405
vn -0.1218 0.9923 0.0238
vn -0.1245 0.9911 -0.0466
vn -0.0342 0.9935 -0.1083
vn -0.0193 0.9950 -0.0981
vn -0.5709 0.8205 -0.0304
vn -0.5717 0.8198 -0.0331
vn -0.0045 0.9935 -0.1140
vn -0.0517 0.9923 -0.1129
vn -0.5608 0.8279 -0.0137
vn 0.0544 0.9920 -0.1137
vn 0.0006 0.9964 -0.0854
vn -0.5677 0.8228 -0.0254
vn -0.5361 0.8437 0.0271
vn -0.0159 0.9927 -0.1195
vn -0.1337 0.9725 -0.1908
vn 0.0049 0.9808 -0.1949
vn 0.0405 0.9901 -0.1347
vn -0.0239 0.9923 -0.1217
vn 0.0466 0.9911 -0.1244
vn -0.0151 0.9964 -0.0835
vn -0.0000 0.9999 -0.0128
vn -0.0288 0.9994 -0.0186
vn 0.0006 0.9241 0.3821
vn -0.1169 0.9230 0.3666
vn -0.0003 0.9968 -0.0795
vn 0.0287 0.9994 -0.0199
vn 0.0001 0.9807 -0.1956
vn -0.0504 0.9981 -0.0343
vn -0.2220 0.9196 0.3241
vn 0.1181 0.9232 0.3658
vn 0.2231 0.9190 0.3252
vn -0.0081 0.9985 0.0550
vn 0.0150 0.9964 -0.0837
vn -0.0517 0.9967 -0.0633
vn -0.0791 0.9942 -0.0727
vn -0.0537 0.9968 -0.0599
vn -0.0049 0.9809 -0.1942
vn 0.0254 0.9953 -0.0931
vn -0.0726 0.9934 -0.0892
vn -0.0459 0.9965 -0.0695
vn -0.0638 0.9928 -0.1011
vn -0.0803 0.9937 0.0781
vn -0.0752 0.9940 0.0798
vn 0.0770 0.9944 0.0725
vn -0.0359 0.9962 -0.0794
vn 0.0553 0.9969 0.0553
vn 0.0404 0.9979 0.0510
vn 0.0533 0.9969 0.0586
vn -0.0111 0.9973 0.0724
vn -0.4762 0.8682 -0.1395
vn 0.0511 0.9979 0.0402
vn -0.1397 0.8682 -0.4762
vn -0.3341 0.8813 -0.3343
vn 0.0743 0.9945 0.0742
vn 0.0361 0.9979 0.0541
vn -0.5237 0.8506 -0.0462
vn -0.0463 0.8502 -0.5244
vn 0.0586 0.9969 0.0533
vn 0.1354 0.9905 -0.0234
vn -0.1187 0.9925 0.0298
vn -0.1471 0.9885 -0.0359
vn -0.1599 0.9866 -0.0337
vn 0.0729 0.9944 0.0766
vn 0.0599 0.9968 0.0536
vn -0.0791 0.9909 0.1093
vn -0.1128 0.9931 0.0333
vn -0.1031 0.9941 0.0327
vn 0.0600 0.9941 0.0905
vn 0.2565 0.9118 0.3207
vn 0.1746 0.8918 0.4174
vn -0.1649 0.9684 0.1873
vn -0.0633 0.9967 0.0516
vn -0.1858 0.9824 -0.0181
vn -0.1742 0.9843 -0.0272
vn 0.0913 0.8676 0.4888
vn 0.3230 0.9200 0.2221
vn -0.0353 0.9981 0.0512
vn -0.0892 0.9934 0.0725
vn -0.0694 0.9965 0.0462
vn -0.1594 0.9866 0.0339
vn -0.2514 0.9665 0.0523
vn -0.2302 0.9710 0.0646
vn -0.0084 0.9945 0.1046
vn -0.0793 0.9962 0.0363
vn 0.0338 0.9935 0.1085
vn 0.0185 0.9950 0.0984
vn 0.5701 0.8210 0.0306
vn 0.5719 0.8197 0.0329
vn 0.0042 0.9935 0.1141
vn 0.0518 0.9923 0.1129
vn 0.5584 0.8295 0.0137
vn -0.0543 0.9920 0.1136
vn -0.0001 0.9964 0.0852
vn 0.5680 0.8227 0.0258
vn 0.5336 0.8453 -0.0260
vn 0.0158 0.9927 0.1195
vn 0.1335 0.9726 0.1903
vn 0.1046 0.9945 0.0084
vn -0.0405 0.9901 0.1347
vn 0.0235 0.9923 0.1218
vn -0.0466 0.9911 0.1244
vn 0.1085 0.9935 -0.0341
vn 0.0984 0.9950 -0.0185
vn 0.0306 0.8214 -0.5695
vn 0.0331 0.8199 -0.5715
vn 0.1141 0.9935 -0.0043
vn 0.1128 0.9923 -0.0521
vn 0.0141 0.8292 -0.5587
vn 0.1136 0.9920 0.0543
vn 0.0855 0.9963 0.0002
vn 0.0256 0.8228 -0.5678
vn 0.1197 0.9927 -0.0163
vn -0.1191 0.9925 -0.0289
vn 0.1347 0.9901 0.0404
vn 0.1244 0.9911 0.0466
vn -0.1740 0.9844 0.0266
vn -0.2102 0.9748 0.0745
vn -0.1145 0.9929 -0.0320
vn -0.1857 0.9825 0.0173
vn 0.0881 0.9846 -0.1510
vn -0.3169 0.9455 0.0747
vn -0.3328 0.9411 0.0598
vn -0.0725 0.9944 -0.0769
vn -0.0050 0.9809 0.1943
vn 0.0247 0.9955 0.0914
vn -0.0110 0.9814 0.1917
vn -0.1055 0.9939 -0.0309
vn 0.0107 0.9999 0.0005
vn 0.0001 0.9968 0.0801
vn -0.0148 0.9964 0.0832
vn 0.0298 0.9994 0.0184
vn 0.0151 0.9964 0.0831
vn -0.0001 0.9241 -0.3821
vn 0.0994 0.9902 -0.0976
vn -0.0108 0.9814 -0.1918
vn 0.0315 0.9940 -0.1043
vn -0.0245 0.9954 0.0928
vn 0.0047 0.9810 0.1942
vn 0.0001 0.9807 0.1955
vn 0.0507 0.9981 0.0347
vn 0.1174 0.9229 -0.3666
vn 0.2220 0.9198 -0.3235
vn -0.1177 0.9230 -0.3663
vn -0.2231 0.9189 -0.3255
vn 0.0088 0.9984 -0.0554
vn 0.4193 0.9047 -0.0747
vn 0.4263 0.9029 -0.0554
vn -0.0937 0.9074 0.4096
vn -0.0742 0.9047 0.4195
vn -0.1132 0.9105 0.3978
vn -0.0547 0.9030 0.4262
vn -0.0597 0.9410 0.3330
vn -0.0646 0.9709 0.2307
vn -0.0438 0.9377 0.3448
vn -0.0521 0.9664 0.2518
vn -0.0386 0.9623 0.2692
vn 0.2808 0.9594 0.0262
vn 0.1482 0.9180 0.3679
vn 0.1318 0.9142 0.3832
vn 0.1633 0.9215 0.3524
vn -0.1478 0.9178 0.3685
vn -0.1312 0.9141 0.3837
vn 0.0315 0.9930 -0.1140
vn 0.0654 0.9959 -0.0622
vn 0.1000 0.9889 -0.1097
vn 0.3215 0.9113 0.2573
vn 0.0287 0.9924 -0.1196
vn 0.0874 0.9879 -0.1284
vn 0.4151 0.8931 0.1731
vn -0.0183 0.9825 -0.1854
vn 0.8164 0.4435 0.3698
vn 0.4865 0.8691 0.0899
vn 0.9184 0.3484 0.1876
vn 0.9649 0.2605 0.0341
vn -0.0599 0.9968 -0.0536
vn -0.0363 0.9885 -0.1467
vn -0.0335 0.9866 -0.1598
vn -0.0271 0.9844 -0.1736
vn -0.1081 0.9589 0.2622
vn -0.0990 0.9554 0.2784
vn -0.1627 0.9214 0.3528
vn -0.1185 0.9626 0.2437
vn -0.4098 0.9072 0.0949
vn -0.0836 0.9819 0.1699
vn -0.0827 0.9785 0.1891
vn -0.0767 0.9944 -0.0728
vn -0.0743 0.9945 -0.0742
vn -0.0586 0.9969 -0.0533
vn 0.1245 0.9911 -0.0467
vn 0.1136 0.9920 -0.0544
vn 0.1045 0.9945 -0.0086
vn -0.0534 0.9969 -0.0586
vn -0.0553 0.9969 -0.0553
vn -0.4195 0.9047 0.0748
vn -0.4264 0.9029 0.0554
vn -0.0746 0.9047 -0.4194
vn -0.0558 0.9028 -0.4264
vn -0.0597 0.9410 -0.3330
vn -0.0452 0.9376 -0.3448
vn -0.0748 0.9454 -0.3171
vn -0.0945 0.9072 -0.4099
vn -0.1136 0.9105 -0.3976
vn -0.0523 0.9665 -0.2512
vn -0.0390 0.9626 -0.2682
vn -0.0641 0.9710 -0.2303
vn -0.0749 0.9748 -0.2099
vn 0.1477 0.9179 -0.3684
vn 0.1311 0.9142 -0.3835
vn 0.1079 0.9589 -0.2623
vn 0.0989 0.9554 -0.2783
vn 0.1626 0.9215 -0.3528
vn 0.1184 0.9626 -0.2437
vn -0.1481 0.9179 -0.3680
vn -0.1318 0.9141 -0.3833
vn 0.0836 0.9819 -0.1699
vn 0.0828 0.9784 -0.1892
vn 0.1346 0.9901 -0.0405
vn 0.1139 0.9935 0.0047
vn 0.1889 0.9785 -0.0828
vn 0.0725 0.9934 -0.0893
vn 0.0725 0.9944 -0.0770
vn 0.0599 0.9968 -0.0536
vn 0.1202 0.9926 0.0148
vn -0.1633 0.9215 -0.3525
vn -0.1085 0.9590 -0.2617
vn -0.1183 0.9627 -0.2435
vn -0.0837 0.9819 -0.1697
vn -0.0881 0.9846 -0.1507
vn -0.9222 0.1339 0.3627
vn 0.1115 0.0561 0.9922
vn 0.1085 0.0537 0.9926
vn 0.0907 0.0544 0.9944
vn 0.0877 0.0531 0.9947
vn 0.0810 0.0537 0.9953
vn 0.0780 0.0525 0.9956
vn -0.8576 0.2824 -0.4299
vn 0.1115 0.0561 -0.9922
vn 0.1084 0.0537 -0.9927
vn 0.0783 0.0539 0.9955
vn -0.7328 0.2445 -0.6350
vn 0.0906 0.0544 -0.9944
vn 0.0878 0.0531 -0.9947
vn -0.5473 0.1885 -0.8154
vn 0.4293 0.2825 -0.8579
vn 0.6321 0.2427 -0.7359
vn 0.0810 0.0537 -0.9953
vn 0.0780 0.0526 -0.9956
vn -0.3633 0.1338 -0.9220
vn 0.6353 0.2440 -0.7327
vn 0.8088 0.1882 -0.5571
vn 0.0783 0.0539 -0.9955
vn 0.8152 0.1884 -0.5476
vn 0.9178 0.1365 -0.3729
vn -0.1115 0.0561 0.9922
vn -0.1085 0.0534 0.9927
vn 0.9221 0.1338 -0.3630
vn -0.0907 0.0544 0.9944
vn -0.0878 0.0533 0.9947
vn 0.2259 0.0942 0.9696
vn -0.0810 0.0537 0.9953
vn -0.0779 0.0527 0.9956
vn 0.1442 0.0715 0.9870
vn -0.0783 0.0539 0.9955
vn 0.1031 0.0606 0.9928
vn 0.9221 0.1338 0.3630
vn 0.0840 0.0557 0.9949
vn 0.8158 0.1885 0.5468
vn 0.6363 0.2441 0.7318
vn 0.0553 0.9969 -0.0553
vn 0.0514 0.9979 -0.0402
vn 0.0587 0.9969 -0.0533
vn 0.0723 0.9973 0.0109
vn -0.1394 0.8683 0.4761
vn 0.0400 0.9979 -0.0511
vn -0.4766 0.8679 0.1396
vn -0.3342 0.8815 0.3336
vn 0.0742 0.9945 -0.0743
vn 0.0543 0.9979 -0.0359
vn -0.0462 0.8506 0.5238
vn -0.5247 0.8500 0.0466
vn 0.0534 0.9969 -0.0586
vn -0.0234 0.9906 -0.1351
vn 0.0768 0.9944 -0.0726
vn 0.0536 0.9968 -0.0599
vn 0.0782 0.9937 -0.0803
vn 0.0367 0.9962 -0.0791
vn 0.0799 0.9940 -0.0752
vn 0.0294 0.9925 0.1186
vn -0.0361 0.9885 0.1469
vn -0.0340 0.9866 0.1594
vn 0.0515 0.9967 -0.0633
vn 0.0790 0.9942 -0.0728
vn 0.0461 0.9965 -0.0695
vn 0.1093 0.9908 0.0800
vn 0.0332 0.9931 0.1128
vn 0.0323 0.9941 0.1035
vn 0.0893 0.9943 -0.0589
vn 0.3203 0.9122 -0.2555
vn 0.4166 0.8922 -0.1746
vn 0.1865 0.9684 0.1653
vn -0.0178 0.9824 0.1859
vn -0.0265 0.9843 0.1743
vn 0.4874 0.8685 -0.0899
vn 0.0004 0.8327 0.5537
vn 0.0588 0.9977 -0.0326
vn -0.0154 0.8398 0.5426
vn 0.1255 0.9921 -0.0020
vn 0.0139 0.8281 0.5604
vn 0.1242 0.9923 -0.0001
vn -0.0442 0.9838 0.1739
vn 0.0258 0.8235 0.5667
vn -0.5537 0.8327 0.0004
vn 0.0321 0.9978 0.0587
vn -0.5426 0.8398 -0.0154
vn 0.0015 0.9921 0.1254
vn -0.5610 0.8277 0.0136
vn 0.0007 0.9922 0.1245
vn -0.1745 0.9836 -0.0451
vn -0.5665 0.8236 0.0261
vn -0.0308 0.8217 -0.5691
vn -0.0982 0.9950 -0.0185
vn -0.0333 0.8206 -0.5705
vn -0.1444 0.9886 -0.0435
vn -0.0137 0.8291 -0.5589
vn -0.1476 0.9871 -0.0622
vn -0.0259 0.8237 -0.5664
vn -0.0855 0.9963 0.0002
vn 0.0432 0.9828 -0.1793
vn 0.0260 0.8452 -0.5338
vn 0.4772 0.8676 -0.1397
vn -0.0450 0.9980 0.0455
vn -0.0401 0.9979 0.0510
vn 0.1397 0.8682 -0.4762
vn 0.3340 0.8813 -0.3342
vn -0.1209 0.9915 -0.0486
vn 0.5238 0.8506 -0.0463
vn -0.0360 0.9979 0.0542
vn 0.0493 0.9988 -0.0053
vn 0.0464 0.8503 -0.5243
vn 0.5615 0.8274 0.0137
vn -0.0242 0.9977 0.0637
vn -0.0136 0.9972 0.0733
vn 0.5534 0.8329 0.0007
vn -0.0320 0.9978 0.0586
vn 0.5430 0.8396 -0.0154
vn -0.0137 0.8272 0.5617
vn -0.0638 0.9977 -0.0248
vn -0.0734 0.9972 -0.0146
vn -0.0005 0.8319 0.5550
vn -0.0588 0.9977 -0.0325
vn 0.0156 0.8395 0.5431
vn -0.1302 0.9914 0.0140
vn 0.0465 0.8499 0.5249
vn -0.4169 0.8920 -0.1746
vn -0.0711 0.9922 0.1021
vn -0.4878 0.8682 -0.0911
vn -0.1074 0.9875 0.1152
vn -0.3214 0.9112 -0.2577
vn -0.1088 0.9905 0.0842
vn -0.5342 0.8450 -0.0263
vn -0.0620 0.9917 0.1128
vn 0.0137 0.8276 -0.5612
vn 0.0636 0.9977 0.0248
vn 0.0732 0.9972 0.0144
vn 0.0004 0.8324 -0.5542
vn 0.0586 0.9977 0.0326
vn -0.0156 0.8395 -0.5431
vn 0.2032 0.4136 -0.8875
vn -0.5687 0.8220 0.0308
vn -0.0189 0.9950 0.0982
vn -0.5696 0.8213 0.0335
vn -0.0434 0.9886 0.1444
vn -0.5586 0.8293 0.0137
vn -0.0621 0.9871 0.1475
vn 0.0185 0.9974 -0.0692
vn -0.3824 0.9240 -0.0001
vn -0.3662 0.9232 -0.1168
vn 0.0194 0.9994 0.0290
vn -0.3662 0.9231 0.1177
vn -0.0755 0.9922 -0.0992
vn -0.3253 0.9189 0.2231
vn 0.0382 0.9981 0.0492
vn -0.0214 0.9974 0.0695
vn 0.3799 0.9250 -0.0007
vn 0.3658 0.9233 0.1168
vn -0.0185 0.9994 -0.0294
vn 0.3664 0.9230 -0.1179
vn 0.0750 0.9926 0.0955
vn 0.3253 0.9189 -0.2230
vn -0.0375 0.9981 -0.0492
vn -0.3210 0.9117 0.2563
vn -0.0761 0.9937 -0.0829
vn -0.0667 0.9959 -0.0604
vn -0.4164 0.8923 0.1744
vn -0.0722 0.9922 -0.1020
vn -0.4887 0.8677 0.0914
vn -0.1750 0.8921 0.4167
vn 0.1020 0.9922 0.0713
vn -0.0910 0.8679 0.4883
vn 0.1156 0.9873 0.1085
vn -0.2573 0.9113 0.3216
vn 0.0854 0.9904 0.1088
vn -0.0258 0.8452 0.5337
vn 0.1127 0.9917 0.0616
vn 0.5543 0.8323 -0.0003
vn -0.0330 0.9977 -0.0586
vn 0.5423 0.8400 0.0153
vn -0.0018 0.9921 -0.1255
vn 0.5610 0.8277 -0.0131
vn 0.0007 0.9923 -0.1235
vn 0.5244 0.8502 0.0465
vn -0.0361 0.9979 -0.0541
vn -0.0004 0.8326 -0.5539
vn -0.0587 0.9977 0.0325
vn 0.0153 0.8400 -0.5424
vn -0.1258 0.9921 0.0018
vn -0.0138 0.8280 -0.5606
vn -0.1241 0.9923 0.0001
vn 0.1745 0.8919 -0.4172
vn -0.1021 0.9922 -0.0716
vn 0.0909 0.8681 -0.4880
vn -0.1151 0.9874 -0.1087
vn 0.2577 0.9114 -0.3210
vn -0.0842 0.9906 -0.1081
vn 0.1398 0.8681 0.4763
vn -0.0453 0.9979 -0.0455
vn -0.0509 0.9979 -0.0402
vn 0.4757 0.8686 0.1386
vn 0.3339 0.8815 0.3340
vn 0.0488 0.9915 -0.1209
vn 0.0308 0.8220 0.5686
vn 0.0981 0.9950 0.0185
vn 0.0334 0.8207 0.5704
vn 0.1442 0.9886 0.0435
vn 0.0135 0.8288 0.5593
vn 0.1474 0.9871 0.0620
vn -0.5615 0.8273 -0.0136
vn 0.0246 0.9977 -0.0638
vn 0.0149 0.9972 -0.0733
vn -0.5545 0.8322 -0.0003
vn 0.0320 0.9978 -0.0586
vn -0.5429 0.8397 0.0155
vn -0.0783 0.0539 -0.9955
vn 0.4298 0.2823 0.8577
vn -0.0810 0.0537 -0.9953
vn 0.8519 0.4963 -0.1671
vn 0.9085 0.3502 -0.2281
vn 0.0009 1.0000 -0.0000
vn -0.0000 1.0000 -0.0000
vn -0.0009 1.0000 -0.0000
vn -0.0005 1.0000 -0.0000
vn -0.0010 1.0000 -0.0000
vn 0.0019 1.0000 -0.0000
vn -0.0016 1.0000 -0.0000
vn -0.0012 1.0000 -0.0000
vn -0.0008 1.0000 -0.0000
vn 0.0013 1.0000 -0.0000
vn -0.0002 1.0000 -0.0000
vn -0.0003 1.0000 -0.0000
vn 0.0005 1.0000 -0.0000
vn 0.0007 1.0000 -0.0000
vn -0.0001 1.0000 -0.0000
vn -0.0015 1.0000 -0.0000
vn 0.0012 1.0000 -0.0000
vn 0.0011 1.0000 -0.0000
vn -0.0011 1.0000 -0.0000
vn -0.0020 1.0000 -0.0000
vn -0.0007 1.0000 -0.0000
vn 0.0023 1.0000 -0.0000
vn 0.0014 1.0000 -0.0000
vn 0.0015 1.0000 -0.0000
vn -0.0022 1.0000 -0.0000
vn -0.0013 1.0000 -0.0000
vn 0.0008 1.0000 -0.0000
vn 0.0010 1.0000 -0.0000
vn 0.3051 -0.4200 0.8547
vn 0.0080 -0.0246 0.9997
vn 0.1603 -0.4934 0.8549
vn -0.2820 0.3881 0.8774
vn -0.1484 0.4566 0.8772
vn 0.4197 -0.3050 0.8549
vn 0.0152 -0.0209 0.9997
vn -0.3884 0.2822 0.8772
vn 0.6428 -0.0000 0.7661
vn -0.9848 -0.0000 -0.1736
vn -0.0062 1.0000 -0.0036
vn -0.9260 0.3514 -0.1378
vn -0.8637 0.4969 -0.0840
vn -0.8588 0.4966 -0.1255
vn -0.8429 0.4959 -0.2088
vn -0.8965 0.3496 -0.2723
vn -0.9085 0.3502 -0.2280
vn -0.7531 0.3467 -0.5592
vn -0.7236 0.4931 -0.4830
vn -0.6990 0.4928 -0.5182
vn -0.9183 0.3509 -0.1832
vn -0.8519 0.4963 -0.1670
vn -0.6345 0.7679 -0.0883
vn -0.6287 0.7687 -0.1177
vn -0.5056 0.7790 -0.3708
vn -0.4857 0.7792 -0.3960
vn -0.6727 0.4925 -0.5522
vn -0.6114 0.7712 -0.1775
vn -0.8318 0.4956 -0.2500
vn -0.7796 0.3469 -0.5215
vn -0.7463 0.4935 -0.4466
vn -0.5242 0.7785 -0.3452
vn -0.8041 0.3472 -0.4826
vn -0.7673 0.4939 -0.4091
vn -0.7247 0.3466 -0.5955
vn -0.1819 0.3509 -0.9186
vn -0.1245 0.4965 -0.8590
vn -0.1367 0.3515 -0.9261
vn -0.5418 0.7776 -0.3190
vn -0.1166 0.7688 -0.6288
vn -0.1661 0.4963 -0.8521
vn -0.0869 0.7680 -0.6346
vn -0.0829 0.4969 -0.8638
vn -0.2268 0.3503 -0.9088
vn -0.1464 0.7699 -0.6211
vn -0.2076 0.4960 -0.8432
vn -0.3064 0.9297 -0.2043
vn -0.5582 0.7767 -0.2919
vn -0.3212 0.9274 -0.1917
vn -0.1822 0.9732 -0.1405
vn -0.2924 0.9315 -0.2165
vn -0.1943 0.9714 -0.1363
vn -0.3179 0.7778 -0.5422
vn -0.2035 0.9298 -0.3068
vn -0.1911 0.9274 -0.3216
vn -0.2792 0.9326 -0.2286
vn -0.3367 0.9246 -0.1780
vn -0.2088 0.9691 -0.1315
vn -0.1235 0.9876 -0.0971
vn -0.1137 0.9886 -0.0992
vn -0.1063 0.9893 -0.1000
vn -0.1718 0.9744 -0.1448
vn -0.1022 0.9898 -0.0994
vn -0.0998 0.9893 -0.1065
vn -0.1446 0.9744 -0.1721
vn -0.0992 0.9898 -0.1023
vn -0.2711 0.3496 -0.8968
vn -0.5204 0.3469 -0.7802
vn -0.4455 0.4935 -0.7469
vn -0.4815 0.3472 -0.8047
vn -0.1764 0.7713 -0.6115
vn -0.2489 0.4957 -0.8321
vn -0.3444 0.7785 -0.5247
vn -0.4820 0.4931 -0.7242
vn -0.4079 0.4940 -0.7679
vn -0.5581 0.3467 -0.7539
vn -0.3700 0.7791 -0.5061
vn -0.5173 0.4928 -0.6997
vn -0.5945 0.3466 -0.7255
vn -0.6628 0.3464 -0.6638
vn -0.5838 0.4924 -0.6456
vn -0.6295 0.3465 -0.6955
vn -0.3952 0.7793 -0.4864
vn -0.5514 0.4925 -0.6734
vn -0.4427 0.7795 -0.4433
vn -0.6151 0.4923 -0.6159
vn -0.4195 0.7793 -0.4655
vn -0.6445 0.4924 -0.5850
vn -0.2160 0.9315 -0.2928
vn -0.2282 0.9326 -0.2796
vn -0.1359 0.9714 -0.1947
vn -0.1310 0.9691 -0.2092
vn -0.1399 0.9732 -0.1826
vn -0.2533 0.9335 -0.2538
vn -0.2405 0.9333 -0.2666
vn -0.2908 0.7767 -0.5586
vn -0.0992 0.9885 -0.1138
vn -0.0968 0.9876 -0.1239
vn -0.0929 0.9863 -0.1365
vn -0.1629 0.9752 -0.1498
vn -0.1773 0.9247 -0.3369
vn -0.1247 0.9662 -0.2257
vn -0.6946 0.3465 -0.6305
vn -0.8473 0.3479 -0.4013
vn -0.8035 0.4947 -0.3311
vn -0.7864 0.4944 -0.3704
vn -0.4649 0.7793 -0.4202
vn -0.5735 0.7755 -0.2640
vn -0.8658 0.3484 -0.3592
vn -0.8186 0.4952 -0.2908
vn -0.5875 0.7742 -0.2354
vn -0.2663 0.9333 -0.2411
vn -0.1555 0.9755 -0.1558
vn -0.1497 0.9752 -0.1630
vn -0.3524 0.9215 -0.1632
vn -0.1002 0.9901 -0.0986
vn -0.0985 0.9901 -0.1004
vn 0.1066 0.9893 -0.0999
vn 0.1721 0.9744 -0.1445
vn 0.1024 0.9898 -0.0992
vn -0.8822 0.3490 -0.3161
vn -0.8267 0.3476 -0.4425
vn -0.3580 0.3485 -0.8662
vn -0.2898 0.4952 -0.8190
vn -0.3150 0.3491 -0.8826
vn -0.6002 0.7727 -0.2067
vn -0.2350 0.7742 -0.5877
vn -0.3298 0.4949 -0.8039
vn -0.2061 0.7728 -0.6003
vn -0.4001 0.3480 -0.8478
vn -0.2631 0.7755 -0.5739
vn -0.3693 0.4945 -0.7868
vn -0.3680 0.9180 -0.1481
vn -0.3833 0.9142 -0.1318
vn -0.2435 0.9627 -0.1183
vn -0.2617 0.9590 -0.1084
vn 0.5247 0.7786 -0.3443
vn 0.2929 0.9315 -0.2159
vn 0.3068 0.9298 -0.2034
vn -0.3976 0.9105 -0.1136
vn -0.2778 0.9555 -0.0995
vn -0.1697 0.9819 -0.0837
vn -0.1888 0.9785 -0.0828
vn -0.1510 0.9846 -0.0879
vn -0.2254 0.9662 -0.1253
vn -0.1362 0.9863 -0.0930
vn -0.0880 0.9505 0.2980
vn -0.0828 0.9785 0.1889
vn -0.0995 0.9555 0.2778
vn -0.4414 0.3476 -0.8273
vn 0.8521 0.4963 -0.1662
vn 0.9088 0.3503 -0.2268
vn 0.8432 0.4959 -0.2075
vn 0.6211 0.7699 -0.1464
vn 0.6287 0.7688 -0.1166
vn 0.6115 0.7713 -0.1764
vn 0.8590 0.4966 -0.1247
vn 0.6346 0.7680 -0.0871
vn 0.8639 0.4969 -0.0829
vn 0.6387 0.7673 -0.0577
vn 0.7470 0.4936 -0.4454
vn 0.5422 0.7778 -0.3179
vn 0.7243 0.4931 -0.4820
vn 0.5061 0.7791 -0.3700
vn 0.9186 0.3509 -0.1818
vn 0.9262 0.3515 -0.1366
vn 0.8968 0.3496 -0.2712
vn 0.8321 0.4957 -0.2488
vn 0.6996 0.4928 -0.5174
vn 0.4863 0.7793 -0.3952
vn 0.7538 0.3467 -0.5582
vn 0.1827 0.9732 -0.1398
vn 0.1947 0.9714 -0.1359
vn 0.3216 0.9274 -0.1910
vn 0.5586 0.7767 -0.2909
vn 0.3369 0.9247 -0.1773
vn 0.1139 0.9885 -0.0992
vn 0.1239 0.9876 -0.0968
vn 0.1365 0.9863 -0.0929
vn 0.2088 0.9692 -0.1309
vn 0.1318 0.9690 -0.2089
vn 0.0929 0.9863 -0.1362
vn 0.0972 0.9876 -0.1234
vn 0.2797 0.9326 -0.2281
vn -0.0937 0.9073 -0.4099
vn 0.7679 0.4940 -0.4079
vn 0.1473 0.7699 -0.6210
vn 0.1673 0.4964 -0.8518
vn 0.1176 0.7688 -0.6286
vn 0.1257 0.4966 -0.8588
vn 0.0882 0.7680 -0.6344
vn 0.7802 0.3470 -0.5205
vn 0.8046 0.3472 -0.4817
vn 0.7256 0.3466 -0.5944
vn 0.6734 0.4924 -0.5514
vn 0.0841 0.4969 -0.8637
vn 0.0590 0.7674 -0.6385
vn 0.1831 0.3508 -0.9184
vn -0.0739 0.9048 -0.4195
vn -0.0741 0.9455 -0.3172
vn -0.1130 0.9105 -0.3977
vn -0.0593 0.9410 -0.3332
vn -0.0547 0.9029 -0.4264
vn -0.0576 0.7674 -0.6386
vn -0.0877 0.9504 -0.2984
vn -0.0641 0.9709 -0.2309
vn -0.0520 0.9664 -0.2518
vn -0.0442 0.9375 -0.3451
vn -0.0384 0.9624 -0.2689
vn -0.0293 0.9352 -0.3528
vn -0.0254 0.9594 -0.2810
vn 0.0831 0.9785 -0.1887
vn 0.0884 0.9505 -0.2979
vn 0.0749 0.9748 -0.2100
vn -0.0365 0.9016 -0.4311
vn 0.2042 0.9297 -0.3066
vn 0.3190 0.7776 -0.5418
vn 0.1918 0.9273 -0.3213
vn 0.1773 0.7712 -0.6114
vn 0.2088 0.4960 -0.8429
vn 0.3708 0.7790 -0.5057
vn 0.4830 0.4931 -0.7236
vn 0.3452 0.7784 -0.5243
vn 0.4465 0.4935 -0.7463
vn 0.2280 0.3503 -0.9085
vn 0.2724 0.3496 -0.8964
vn 0.2499 0.4956 -0.8318
vn 0.1378 0.3514 -0.9260
vn 0.4091 0.4939 -0.7673
vn 0.2920 0.7767 -0.5581
vn 0.5215 0.3469 -0.7796
vn 0.1364 0.9714 -0.1943
vn 0.1405 0.9732 -0.1820
vn 0.2166 0.9314 -0.2925
vn 0.2286 0.9326 -0.2792
vn 0.0996 0.9886 -0.1133
vn 0.0999 0.9893 -0.1066
vn 0.1448 0.9744 -0.1718
vn 0.0992 0.9898 -0.1024
vn 0.1499 0.9752 -0.1628
vn 0.0987 0.9901 -0.1002
vn 0.1784 0.9246 -0.3366
vn 0.2538 0.9335 -0.2533
vn 0.4203 0.7793 -0.4649
vn 0.2411 0.9333 -0.2662
vn 0.1254 0.9662 -0.2254
vn 0.3961 0.7792 -0.4858
vn 0.5183 0.4928 -0.6989
vn 0.6455 0.4924 -0.5839
vn 0.4434 0.7794 -0.4426
vn 0.4656 0.7793 -0.4195
vn 0.5848 0.4924 -0.6447
vn 0.5592 0.3467 -0.7531
vn 0.5956 0.3467 -0.7246
vn 0.5523 0.4925 -0.6726
vn 0.4826 0.3472 -0.8041
vn 0.6637 0.3464 -0.6629
vn 0.6159 0.4923 -0.6151
vn 0.1559 0.9755 -0.1555
vn 0.2667 0.9333 -0.2404
vn 0.0992 0.9901 -0.0989
vn 0.1004 0.9901 -0.0985
vn 0.1631 0.9752 -0.1497
vn 0.2108 0.9747 -0.0742
vn 0.3173 0.9454 -0.0741
vn 0.2984 0.9504 -0.0877
vn 0.5877 0.7742 -0.2350
vn 0.3528 0.9215 -0.1627
vn 0.3684 0.9179 -0.1477
vn 0.8190 0.4952 -0.2900
vn 0.6003 0.7728 -0.2060
vn 0.8039 0.4949 -0.3300
vn 0.5738 0.7755 -0.2632
vn 0.6955 0.3465 -0.6295
vn 0.6305 0.3465 -0.6945
vn 0.7869 0.4945 -0.3692
vn 0.8478 0.3480 -0.4001
vn 0.2437 0.9626 -0.1184
vn 0.2623 0.9590 -0.1079
vn 0.3835 0.9142 -0.1311
vn 0.3976 0.9105 -0.1131
vn 0.1700 0.9819 -0.0837
vn 0.2784 0.9554 -0.0989
vn 0.1892 0.9784 -0.0829
vn 0.2685 0.9625 0.0389
vn 0.3527 0.9352 0.0298
vn 0.2805 0.9595 0.0256
vn -0.0746 0.9047 0.4194
vn -0.0881 0.7679 0.6345
vn -0.0552 0.9029 0.4264
vn 0.2257 0.9662 -0.1247
vn 0.2640 0.7754 -0.5736
vn 0.3311 0.4948 -0.8034
vn 0.2356 0.7741 -0.5876
vn 0.2910 0.4953 -0.8186
vn 0.2067 0.7726 -0.6002
vn 0.8663 0.3485 -0.3580
vn 0.8826 0.3490 -0.3150
vn 0.8274 0.3475 -0.4412
vn 0.3592 0.3484 -0.8658
vn 0.3704 0.4944 -0.7864
vn -0.8590 0.4966 0.1246
vn -0.6288 0.7688 0.1167
vn -0.6346 0.7680 0.0871
vn -0.8521 0.4963 0.1661
vn -0.6211 0.7699 0.1464
vn 0.4012 0.3479 -0.8473
vn 0.4424 0.3475 -0.8267
vn 0.3161 0.3489 -0.8822
vn -0.8432 0.4959 0.2076
vn -0.6115 0.7713 0.1763
vn -0.9088 0.3503 0.2267
vn -0.0600 0.9410 0.3331
vn -0.0447 0.9376 0.3448
vn -0.0746 0.9455 0.3169
vn -0.0942 0.9073 0.4098
vn -0.1176 0.7687 0.6287
vn -0.1135 0.9105 0.3975
vn -0.1473 0.7698 0.6210
vn -0.0524 0.9665 0.2514
vn -0.0388 0.9625 0.2686
vn -0.0646 0.9710 0.2302
vn -0.0741 0.9748 0.2105
vn 0.1248 0.9662 0.2257
vn 0.0881 0.9846 0.1509
vn 0.1185 0.9626 0.2437
vn -0.0587 0.7674 0.6384
vn -0.0373 0.9015 0.4312
vn -0.5247 0.7784 0.3446
vn -0.2928 0.9315 0.2160
vn -0.3068 0.9297 0.2037
vn -0.0300 0.9353 0.3526
vn -0.8638 0.4969 0.0829
vn -0.6386 0.7674 0.0578
vn -0.7469 0.4935 0.4457
vn -0.5423 0.7777 0.3179
vn -0.7242 0.4931 0.4820
vn -0.5062 0.7790 0.3701
vn -0.9186 0.3509 0.1816
vn -0.9262 0.3515 0.1366
vn -0.8968 0.3496 0.2713
vn -0.8321 0.4956 0.2489
vn -0.6997 0.4928 0.5173
vn -0.4864 0.7793 0.3952
vn -0.7539 0.3468 0.5580
vn -0.1823 0.9732 0.1402
vn -0.1946 0.9714 0.1361
vn -0.3216 0.9273 0.1913
vn -0.5587 0.7767 0.2908
vn -0.3373 0.9245 0.1775
vn -0.1135 0.9885 0.0995
vn -0.1067 0.9893 0.0998
vn -0.1236 0.9876 0.0971
vn -0.1365 0.9863 0.0929
vn -0.2092 0.9690 0.1311
vn -0.1315 0.9691 0.2089
vn -0.0930 0.9863 0.1362
vn -0.0971 0.9876 0.1234
vn -0.2795 0.9326 0.2282
vn -0.2043 0.9297 0.3064
vn -0.3189 0.7777 0.5418
vn -0.1916 0.9274 0.3212
vn -0.1720 0.9744 0.1445
vn -0.7678 0.4939 0.4080
vn -0.1672 0.4964 0.8519
vn -0.1257 0.4966 0.8588
vn -0.7803 0.3470 0.5203
vn -0.8050 0.3472 0.4811
vn -0.7255 0.3466 0.5946
vn -0.6734 0.4924 0.5514
vn -0.0841 0.4969 0.8637
vn -0.1831 0.3509 0.9184
vn -0.1773 0.7712 0.6114
vn -0.2087 0.4959 0.8429
vn -0.3708 0.7790 0.5056
vn -0.4830 0.4931 0.7236
vn -0.3451 0.7785 0.5243
vn -0.4466 0.4935 0.7464
vn -0.2280 0.3503 0.9085
vn -0.2724 0.3496 0.8964
vn -0.2499 0.4956 0.8318
vn -0.1379 0.3514 0.9260
vn -0.4090 0.4939 0.7673
vn -0.2918 0.7767 0.5582
vn -0.5215 0.3469 0.7795
vn -0.1364 0.9714 0.1944
vn -0.1405 0.9732 0.1822
vn -0.2165 0.9315 0.2924
vn -0.2286 0.9326 0.2792
vn -0.0992 0.9886 0.1136
vn -0.1000 0.9893 0.1063
vn -0.1447 0.9744 0.1718
vn -0.0993 0.9898 0.1022
vn -0.1498 0.9752 0.1630
vn -0.1779 0.9246 0.3367
vn -0.2537 0.9335 0.2535
vn -0.4202 0.7793 0.4649
vn -0.2410 0.9333 0.2664
vn -0.1253 0.9662 0.2255
vn -0.3960 0.7793 0.4858
vn -0.5183 0.4928 0.6990
vn -0.6455 0.4924 0.5838
vn -0.4433 0.7794 0.4427
vn -0.4655 0.7793 0.4195
vn -0.5847 0.4923 0.6448
vn -0.5592 0.3467 0.7531
vn -0.5956 0.3466 0.7247
vn -0.5522 0.4924 0.6728
vn -0.4826 0.3472 0.8041
vn -0.6638 0.3464 0.6629
vn -0.6159 0.4923 0.6150
vn -0.1558 0.9755 0.1556
vn -0.2666 0.9333 0.2407
vn -0.0986 0.9901 0.1003
vn -0.1003 0.9901 0.0985
vn -0.1632 0.9752 0.1495
vn -0.1025 0.9898 0.0990
vn -0.2108 0.9747 0.0741
vn -0.3170 0.9455 0.0743
vn -0.2984 0.9504 0.0875
vn -0.5877 0.7742 0.2349
vn -0.3529 0.9214 0.1627
vn -0.3684 0.9178 0.1479
vn -0.8190 0.4952 0.2899
vn -0.6004 0.7727 0.2060
vn -0.8039 0.4948 0.3300
vn -0.5740 0.7755 0.2630
vn -0.6955 0.3465 0.6295
vn -0.6304 0.3465 0.6946
vn -0.7868 0.4944 0.3694
vn -0.8479 0.3480 0.4000
vn -0.2436 0.9626 0.1185
vn -0.2622 0.9589 0.1082
vn -0.3836 0.9141 0.1313
vn -0.3977 0.9105 0.1132
vn -0.1699 0.9819 0.0836
vn -0.2784 0.9553 0.0990
vn -0.1891 0.9785 0.0827
vn -0.0261 0.9594 0.2807
vn 0.4099 0.9073 -0.0934
vn -0.2257 0.9662 0.1248
vn -0.2639 0.7755 0.5736
vn -0.3312 0.4948 0.8034
vn -0.2355 0.7742 0.5875
vn -0.2909 0.4952 0.8186
vn -0.2067 0.7727 0.6002
vn -0.8664 0.3484 0.3578
vn -0.8826 0.3490 0.3150
vn -0.8273 0.3476 0.4414
vn -0.3590 0.3483 0.8659
vn -0.3705 0.4944 0.7863
vn 0.8588 0.4966 0.1259
vn 0.6287 0.7687 0.1175
vn 0.8519 0.4963 0.1673
vn 0.6209 0.7699 0.1474
vn 0.8429 0.4959 0.2087
vn -0.4012 0.3479 0.8474
vn -0.4425 0.3475 0.8267
vn -0.3162 0.3489 0.8822
vn 0.6113 0.7713 0.1773
vn 0.8318 0.4956 0.2499
vn 0.9085 0.3503 0.2279
vn 0.9184 0.3509 0.1830
vn 0.9260 0.3515 0.1379
vn 0.8638 0.4969 0.0840
vn 0.8964 0.3496 0.2724
vn 0.7531 0.3467 0.5592
vn 0.7236 0.4931 0.4830
vn 0.6991 0.4928 0.5182
vn 0.6345 0.7679 0.0881
vn 0.5056 0.7790 0.3708
vn 0.4858 0.7793 0.3959
vn 0.6727 0.4924 0.5523
vn 0.7795 0.3469 0.5215
vn 0.7463 0.4935 0.4466
vn 0.5242 0.7785 0.3452
vn 0.4197 0.9046 -0.0741
vn 0.3333 0.9409 -0.0596
vn 0.4266 0.9028 -0.0552
vn 0.2308 0.9709 -0.0641
vn 0.2517 0.9664 -0.0520
vn 0.3451 0.9375 -0.0440
vn 0.2691 0.9623 -0.0386
vn 0.3527 0.9353 -0.0291
vn 0.4310 0.9016 -0.0361
vn 0.2925 0.9315 0.2164
vn 0.8041 0.3472 0.4826
vn 0.7673 0.4939 0.4090
vn 0.7247 0.3466 0.5955
vn 0.1819 0.3509 0.9185
vn 0.1245 0.4966 0.8590
vn 0.1367 0.3515 0.9262
vn 0.5418 0.7776 0.3190
vn 0.1167 0.7687 0.6288
vn 0.1661 0.4963 0.8521
vn 0.0871 0.7680 0.6346
vn 0.0829 0.4969 0.8638
vn 0.2268 0.3503 0.9088
vn 0.1466 0.7699 0.6211
vn 0.2076 0.4960 0.8432
vn 0.3064 0.9297 0.2043
vn 0.5582 0.7767 0.2919
vn 0.3212 0.9274 0.1916
vn 0.1822 0.9732 0.1405
vn 0.1944 0.9714 0.1364
vn -0.4096 0.9074 0.0937
vn 0.2792 0.9326 0.2285
vn 0.3367 0.9246 0.1779
vn 0.2088 0.9691 0.1315
vn 0.1235 0.9876 0.0971
vn 0.1137 0.9885 0.0993
vn 0.1064 0.9893 0.1000
vn 0.1719 0.9744 0.1447
vn 0.1022 0.9898 0.0994
vn 0.0997 0.9893 0.1067
vn 0.1445 0.9744 0.1721
vn 0.0990 0.9898 0.1026
vn 0.2711 0.3496 0.8968
vn 0.5205 0.3470 0.7802
vn 0.4455 0.4935 0.7470
vn 0.4816 0.3473 0.8047
vn 0.1764 0.7713 0.6115
vn 0.2488 0.4956 0.8321
vn 0.3444 0.7785 0.5247
vn 0.4820 0.4931 0.7243
vn 0.3180 0.7777 0.5423
vn 0.4080 0.4939 0.7678
vn 0.5581 0.3467 0.7539
vn 0.3700 0.7790 0.5062
vn 0.5173 0.4928 0.6997
vn -0.4195 0.9047 0.0743
vn -0.3330 0.9410 0.0596
vn -0.4263 0.9029 0.0548
vn -0.2307 0.9709 0.0645
vn -0.2518 0.9664 0.0521
vn -0.3448 0.9376 0.0438
vn -0.2692 0.9623 0.0386
vn -0.3527 0.9353 0.0299
vn 0.1362 0.9863 0.0930
vn -0.4309 0.9017 0.0364
vn 0.2037 0.9297 0.3068
vn 0.1912 0.9273 0.3217
vn 0.5945 0.3466 0.7256
vn 0.6628 0.3465 0.6638
vn 0.5839 0.4924 0.6455
vn 0.6295 0.3465 0.6955
vn 0.3954 0.7792 0.4864
vn 0.5513 0.4925 0.6734
vn 0.4427 0.7794 0.4433
vn 0.6151 0.4923 0.6159
vn 0.4196 0.7793 0.4655
vn 0.6946 0.3465 0.6304
vn 0.6446 0.4924 0.5848
vn 0.2161 0.9314 0.2928
vn 0.2282 0.9327 0.2794
vn 0.1361 0.9714 0.1946
vn 0.1311 0.9690 0.2093
vn 0.1402 0.9732 0.1823
vn 0.2535 0.9335 0.2538
vn 0.2406 0.9333 0.2666
vn 0.2909 0.7767 0.5587
vn 0.0995 0.9886 0.1134
vn 0.0971 0.9876 0.1235
vn 0.0929 0.9863 0.1364
vn 0.1630 0.9752 0.1498
vn 0.1003 0.9901 0.0986
vn 0.1773 0.9246 0.3371
vn 0.8474 0.3479 0.4011
vn 0.8035 0.4948 0.3311
vn 0.7864 0.4944 0.3704
vn 0.4649 0.7793 0.4201
vn 0.5735 0.7755 0.2640
vn 0.8659 0.3485 0.3590
vn 0.8186 0.4953 0.2909
vn 0.5875 0.7742 0.2356
vn 0.2663 0.9333 0.2410
vn 0.1556 0.9755 0.1557
vn 0.1496 0.9752 0.1632
vn 0.3524 0.9215 0.1633
vn 0.0990 0.9902 0.0990
vn -0.0144 0.9340 -0.3570
vn 0.8822 0.3490 0.3161
vn 0.8267 0.3475 0.4425
vn 0.3580 0.3485 0.8662
vn 0.2898 0.4951 0.8191
vn 0.3149 0.3490 0.8826
vn 0.6002 0.7727 0.2067
vn 0.2351 0.7742 0.5877
vn 0.3299 0.4948 0.8040
vn 0.2061 0.7728 0.6003
vn 0.4001 0.3479 0.8478
vn 0.2632 0.7755 0.5739
vn 0.3693 0.4945 0.7868
vn 0.3680 0.9179 0.1482
vn 0.3834 0.9142 0.1315
vn 0.2435 0.9627 0.1182
vn 0.2617 0.9590 0.1084
vn 0.0003 0.7667 -0.6420
vn -0.0181 0.9009 -0.4336
vn 0.0002 0.9007 -0.4344
vn 0.3977 0.9104 0.1139
vn 0.2780 0.9554 0.0995
vn 0.1697 0.9819 0.0837
vn 0.1888 0.9785 0.0828
vn 0.1510 0.9846 0.0879
vn 0.2255 0.9661 0.1253
vn 0.2814 0.9593 -0.0253
vn 0.3572 0.9339 -0.0151
vn 0.4413 0.3475 0.8273
vn 0.0006 0.4971 -0.8677
vn -0.0451 0.3520 -0.9349
vn -0.0410 0.4971 -0.8667
vn -0.0286 0.7669 -0.6411
vn 0.0422 0.4971 -0.8667
vn 0.0294 0.7669 -0.6410
vn 0.0152 0.9341 -0.3567
vn 0.0002 0.9335 -0.3585
vn 0.0187 0.9010 -0.4335
vn 0.0373 0.9016 -0.4309
vn -0.0126 0.9575 -0.2881
vn 0.0137 0.9575 -0.2880
vn 0.0259 0.9594 -0.2808
vn 0.0296 0.9354 -0.3523
vn 0.0264 0.9595 0.2805
vn 0.0153 0.9339 0.3573
vn 0.0299 0.9353 0.3527
vn -0.0001 0.7667 0.6420
vn -0.0188 0.9009 0.4336
vn -0.0288 0.7669 0.6411
vn 0.0287 0.7669 0.6411
vn -0.0005 0.4972 0.8677
vn 0.0411 0.4971 0.8667
vn -0.0422 0.4971 0.8667
vn 0.0465 0.3521 -0.9348
vn 0.0923 0.3518 -0.9315
vn -0.0910 0.3519 -0.9316
vn -0.0465 0.3521 0.9348
vn 0.0452 0.3521 0.9349
vn -0.0006 0.3521 0.9359
vn 0.0910 0.3518 0.9316
vn -0.0924 0.3519 0.9315
vn 0.8677 0.4971 0.0005
vn 0.9349 0.3521 -0.0450
vn 0.8667 0.4971 -0.0411
vn 0.0577 0.7674 0.6386
vn 0.6412 0.7669 -0.0285
vn 0.6420 0.7667 0.0004
vn -0.8667 0.4971 -0.0420
vn -0.6384 0.7674 -0.0588
vn 0.9348 0.3521 0.0464
vn 0.8667 0.4971 0.0422
vn 0.6410 0.7670 0.0295
vn 0.0185 0.9008 0.4338
vn 0.0363 0.9017 0.4309
vn -0.0152 0.9341 0.3568
vn -0.0002 0.9335 0.3587
vn 0.4339 0.9008 -0.0183
vn 0.4348 0.9005 0.0002
vn 0.0132 0.9576 0.2879
vn -0.0133 0.9575 0.2880
vn -0.0740 0.9747 -0.2108
vn 0.0801 0.0535 -0.9954
vn 0.0907 0.0544 -0.9944
vn 0.0878 0.0533 -0.9947
vn 0.8422 0.3266 -0.4289
vn 0.9921 0.0561 -0.1121
vn 0.9840 0.0598 -0.1677
vn 0.1405 0.0575 -0.9884
vn 0.9953 0.0539 -0.0801
vn 0.9971 0.0530 -0.0554
vn 0.9953 0.0537 -0.0808
vn 0.9977 0.0522 -0.0437
vn 0.9955 0.0539 -0.0783
vn 0.7079 0.3610 -0.6070
vn 0.9313 0.0693 -0.3575
vn -0.9905 0.0709 -0.1174
vn -0.9697 0.0941 -0.2254
vn -0.9681 0.0953 -0.2317
vn 0.3765 0.3917 -0.8395
vn 0.7051 0.0771 -0.7049
vn -0.9959 0.0579 -0.0700
vn -0.9870 0.0715 -0.1441
vn 0.3581 0.0693 -0.9311
vn 0.3524 0.0667 -0.9335
vn -0.9974 0.0539 -0.0470
vn -0.9977 0.0528 -0.0436
vn -0.9955 0.0539 -0.0781
vn -0.9957 0.0539 -0.0750
vn 0.1680 0.0599 -0.9840
vn -0.9949 0.0557 -0.0841
vn -0.9970 0.0530 -0.0559
vn 0.6072 0.3605 0.7081
vn 0.1678 0.0599 0.9840
vn 0.3580 0.0694 0.9311
vn 0.0611 0.5783 -0.8135
vn 0.2260 0.3034 -0.9257
vn 0.4297 0.2823 -0.8577
vn -0.9954 0.0536 -0.0798
vn -0.9944 0.0544 -0.0910
vn 0.8395 0.3914 0.3770
vn 0.7049 0.0771 0.7051
vn 0.2360 0.2993 -0.9245
vn 0.0001 0.3109 -0.9504
vn -0.9885 0.0578 -0.1400
vn -0.9922 0.0561 -0.1117
vn 0.9310 0.0693 0.3584
vn 0.9336 0.0668 0.3520
vn 0.9977 0.0528 0.0435
vn 0.9955 0.0539 0.0783
vn 0.9957 0.0543 0.0752
vn -0.2357 0.2992 -0.9246
vn 0.3245 0.5592 -0.7629
vn 0.8137 0.5781 0.0615
vn 0.9256 0.3035 0.2260
vn 0.8575 0.2824 0.4300
vn 0.9840 0.0598 0.1677
vn 0.9848 0.0571 0.1638
vn 0.9971 0.0523 0.0556
vn -0.4405 0.2785 -0.8535
vn -0.2257 0.3032 -0.9258
vn 0.9244 0.2992 0.2366
vn -0.6070 0.3602 -0.7083
vn -0.1679 0.0599 -0.9840
vn -0.3582 0.0694 -0.9311
vn 0.9953 0.0540 0.0800
vn 0.9944 0.0544 0.0909
vn 0.9905 0.0706 0.1179
vn 0.9697 0.0941 0.2253
vn 0.9681 0.0951 0.2319
vn 0.9247 0.2989 -0.2356
vn 0.7626 0.5593 0.3250
vn -0.0613 0.5780 0.8138
vn -0.2260 0.3034 0.9257
vn -0.4299 0.2824 0.8576
vn -0.8395 0.3917 -0.3766
vn -0.7050 0.0771 -0.7050
vn 0.9922 0.0561 0.1112
vn 0.9959 0.0577 0.0700
vn 0.9870 0.0715 0.1441
vn 0.8536 0.2782 -0.4404
vn 0.9258 0.3036 -0.2252
vn -0.2366 0.2994 0.9243
vn -0.0010 0.3111 0.9504
vn -0.0197 0.9932 -0.1144
vn -0.5685 0.8221 -0.0307
vn -0.5695 0.8213 -0.0336
vn 0.0087 0.9945 -0.1045
vn -0.0858 0.9763 -0.1985
vn -0.5594 0.8288 -0.0135
vn -0.0048 0.9935 -0.1134
vn -0.1109 0.9733 -0.2010
vn -0.5668 0.8234 -0.0261
vn -0.9952 0.0560 0.0808
vn -0.9957 0.0544 0.0749
vn -0.0015 0.9948 -0.1017
vn 0.0240 0.9954 -0.0925
vn 0.0545 0.9920 -0.1136
vn 0.0467 0.9911 -0.1245
vn -0.0147 0.9927 -0.1200
vn 0.0408 0.9901 -0.1343
vn -0.0237 0.9923 -0.1213
vn -0.0635 0.9917 -0.1117
vn -0.5335 0.8454 0.0255
vn -0.9682 0.0957 0.2313
vn -0.9868 0.0732 0.1446
vn -0.9931 0.0599 0.1013
vn -0.0892 0.9934 -0.0725
vn -0.0802 0.9937 -0.0781
vn -0.0728 0.9942 -0.0791
vn -0.0694 0.9965 -0.0462
vn -0.1010 0.9928 -0.0638
vn -0.0781 0.9937 0.0802
vn -0.0799 0.9940 0.0751
vn -0.0791 0.9942 0.0727
vn -0.0515 0.9967 0.0633
vn -0.0533 0.9968 0.0598
vn -0.0922 0.9955 -0.0235
vn -0.0725 0.9934 0.0892
vn -0.0461 0.9965 0.0695
vn -0.0638 0.9928 0.1011
vn 0.1245 0.9911 0.0467
vn 0.1136 0.9920 0.0544
vn 0.1045 0.9945 0.0089
vn 0.0922 0.9955 0.0235
vn -0.0235 0.9955 0.0922
vn -0.0364 0.9962 0.0793
vn 0.1346 0.9901 0.0405
vn 0.1138 0.9935 -0.0048
vn 0.1467 0.9885 0.0363
vn 0.0765 0.9944 0.0729
vn 0.0742 0.9945 0.0743
vn 0.0538 0.9968 0.0599
vn 0.1216 0.9923 -0.0228
vn 0.1201 0.9927 -0.0148
vn 0.0725 0.9944 0.0770
vn 0.0790 0.9942 0.0728
vn 0.0552 0.9969 0.0553
vn 0.0727 0.9942 0.0791
vn 0.0726 0.9934 0.0893
vn 0.0782 0.9937 0.0803
vn 0.0234 0.9955 0.0922
vn 0.0363 0.9962 0.0793
vn 0.0801 0.9940 0.0749
vn 0.0638 0.9928 0.1012
vn 0.0458 0.9965 0.0695
vn 0.0893 0.9934 -0.0725
vn 0.0803 0.9937 -0.0781
vn 0.0793 0.9962 -0.0363
vn 0.0514 0.9967 0.0634
vn 0.1011 0.9928 -0.0639
vn 0.0698 0.9965 -0.0461
vn -0.0339 0.9866 0.1595
vn -0.0266 0.9844 0.1740
vn -0.0363 0.9885 0.1467
vn 0.0288 0.9925 0.1191
vn 0.0234 0.9923 0.1216
vn 0.0633 0.9967 -0.0516
vn 0.0599 0.9968 -0.0537
vn -0.9309 0.0693 -0.3587
vn -0.9338 0.0662 -0.3515
vn -0.9949 0.0557 0.0841
vn 0.9974 0.0552 0.0468
vn 0.2356 0.2991 0.9247
vn -0.3251 0.5592 0.7626
vn -0.9839 0.0598 -0.1684
vn -0.9928 0.0606 0.1032
vn 0.9949 0.0557 0.0841
vn 0.1176 0.0713 -0.9905
vn 0.2256 0.0941 -0.9697
vn 0.2319 0.0948 -0.9681
vn 0.4406 0.2786 0.8534
vn 0.2253 0.3035 0.9258
vn -0.9869 0.0715 0.1445
vn -0.8423 0.3264 0.4290
vn -0.9922 0.0561 0.1117
vn -0.9840 0.0599 0.1678
vn 0.0700 0.0576 -0.9959
vn 0.1442 0.0715 -0.9870
vn -0.9696 0.0941 0.2258
vn -0.9953 0.0544 0.0797
vn -0.9944 0.0544 0.0907
vn 0.0469 0.0545 -0.9974
vn -0.4533 0.4441 -0.7728
vn -0.3631 0.1338 -0.9221
vn -0.2258 0.0942 -0.9696
vn -0.9971 0.0525 0.0555
vn -0.9953 0.0537 0.0810
vn 0.0399 0.0526 -0.9978
vn 0.0840 0.0557 -0.9949
vn -0.3577 0.1341 -0.9242
vn -0.5468 0.1884 -0.8158
vn -0.9977 0.0526 0.0438
vn -0.5465 0.1866 -0.8164
vn -0.7322 0.2443 -0.6358
vn -0.7291 0.2407 -0.6407
vn -0.8577 0.2825 -0.4295
vn 0.4531 0.4443 0.7728
vn 0.3632 0.1338 0.9220
vn 0.2257 0.0941 0.9697
vn -0.7080 0.3612 0.6068
vn -0.9311 0.0693 0.3581
vn 0.3576 0.1339 0.9242
vn 0.5469 0.1884 0.8157
vn -0.3762 0.3923 0.8394
vn -0.7050 0.0771 0.7050
vn 0.7727 0.4442 -0.4534
vn 0.9696 0.0941 -0.2258
vn 0.5469 0.1863 0.8162
vn -0.3583 0.0694 0.9310
vn -0.3521 0.0666 0.9336
vn 0.3821 0.4015 0.8323
vn 0.9245 0.1336 -0.3570
vn 0.8157 0.1885 -0.5470
vn 0.7295 0.2412 0.6401
vn -0.1680 0.0599 0.9840
vn -0.1640 0.0570 0.9848
vn 0.3445 0.3662 0.8644
vn 0.8166 0.1860 -0.5464
vn 0.6359 0.2442 -0.7321
vn 0.8321 0.4022 -0.3819
vn 0.9869 0.0715 -0.1445
vn 0.3269 0.3442 0.8802
vn 0.6406 0.2408 -0.7292
vn 0.8642 0.3665 -0.3448
vn 0.9928 0.0606 -0.1032
vn 0.3234 0.3272 0.8879
vn 0.8798 0.3446 -0.3274
vn -0.8532 0.2788 0.4408
vn -0.9260 0.3036 0.2246
vn -0.9264 0.2999 0.2275
vn 0.9978 0.0536 -0.0400
vn -0.9503 0.3112 -0.0008
vn -0.9488 0.3159 0.0002
vn -0.3821 0.4019 -0.8321
vn -0.8109 0.5703 0.1314
vn -0.9256 0.3035 -0.2260
vn -0.3445 0.3660 -0.8645
vn -0.1031 0.0607 -0.9928
vn -0.8529 0.2787 -0.4415
vn -0.3270 0.3442 -0.8801
vn -0.0841 0.0557 -0.9949
vn -0.0178 0.9825 0.1856
vn 0.0320 0.9929 0.1145
vn -0.0112 0.9814 0.1914
vn -0.0893 0.9934 0.0726
vn -0.0803 0.9937 0.0782
vn -0.0922 0.9955 0.0234
vn 0.0309 0.9940 0.1053
vn 0.0246 0.9954 0.0928
vn -0.7297 0.2410 0.6399
vn -0.8578 0.2825 0.4294
vn 0.6400 0.2407 0.7297
vn 0.4297 0.2828 0.8575
vn -0.3234 0.3278 -0.8877
vn -0.5468 0.1865 0.8162
vn -0.7321 0.2442 0.6359
vn 0.8161 0.1870 0.5469
vn 0.6360 0.2445 0.7319
vn -0.3577 0.1339 0.9242
vn -0.5472 0.1885 0.8155
vn 0.9242 0.1336 0.3578
vn 0.8156 0.1885 0.5470
vn -0.0749 0.9940 0.0801
vn -0.0728 0.9942 0.0790
vn -0.0880 0.9846 0.1510
vn -0.0467 0.9911 0.1245
vn -0.0544 0.9920 0.1136
vn -0.0087 0.9945 0.1045
vn -0.0633 0.9967 0.0517
vn -0.0838 0.9819 0.1697
vn -0.0405 0.9901 0.1346
vn 0.0044 0.9935 0.1139
vn 0.0740 0.9747 0.2108
vn 0.0744 0.9455 0.3169
vn 0.0876 0.9504 0.2984
vn -0.1183 0.9627 0.2435
vn -0.1084 0.9590 0.2617
vn -0.2905 0.9569 -0.0002
vn -0.1943 0.9809 0.0050
vn -0.1954 0.9807 -0.0002
vn -0.0927 0.9954 0.0245
vn -0.1941 0.9810 -0.0047
vn -0.0835 0.9964 0.0153
vn 0.0145 0.9926 0.1202
vn -0.2112 0.0923 0.9731
vn -0.3635 0.1339 0.9219
vn 0.9315 0.3518 0.0924
vn 0.9316 0.3519 -0.0909
vn -0.6410 0.7670 -0.0294
vn -0.8677 0.4971 -0.0005
vn -0.6420 0.7667 -0.0003
vn 0.6385 0.7673 0.0589
vn -0.9348 0.3521 -0.0466
vn -0.6410 0.7670 0.0287
vn 0.3569 0.9340 0.0151
vn 0.3585 0.9335 0.0005
vn 0.4337 0.9009 0.0188
vn 0.4312 0.9015 0.0372
vn 0.2883 0.9575 -0.0133
vn 0.2882 0.9575 0.0138
vn 0.2909 0.9568 -0.0001
vn -0.2686 0.9625 -0.0388
vn -0.3526 0.9353 -0.0300
vn -0.2807 0.9594 -0.0261
vn -0.4335 0.9009 -0.0189
vn -0.4337 0.9009 0.0185
vn -0.4347 0.9006 -0.0000
vn -0.3569 0.9340 -0.0152
vn -0.3572 0.9339 0.0153
vn -0.3587 0.9335 -0.0002
vn -0.4098 0.9073 -0.0943
vn -0.4194 0.9048 -0.0746
vn -0.4310 0.9016 -0.0373
vn -0.2879 0.9576 0.0132
vn -0.2879 0.9576 -0.0133
vn 0.2982 0.9504 0.0882
vn 0.2102 0.9748 0.0744
vn -0.8667 0.4971 0.0410
vn -0.9349 0.3521 0.0450
vn -0.9359 0.3522 -0.0005
vn -0.9316 0.3518 0.0909
vn -0.9315 0.3518 -0.0923
vn -0.1913 0.9815 -0.0112
vn 0.0932 0.9954 -0.0240
vn 0.1944 0.9809 0.0056
vn 0.0835 0.9964 -0.0152
vn -0.0916 0.9955 -0.0249
vn -0.1917 0.9814 0.0112
vn -0.0830 0.9964 -0.0149
vn -0.0802 0.9968 -0.0001
vn -0.2808 0.9594 0.0262
vn 0.1944 0.9809 -0.0049
vn 0.1945 0.9809 -0.0005
vn 0.1917 0.9814 0.0112
vn -0.0102 0.9813 -0.1921
vn 0.0321 0.9941 -0.1032
vn 0.0252 0.9955 -0.0914
vn 0.0904 0.9955 0.0271
vn 0.1923 0.9813 -0.0105
vn 0.0830 0.9964 0.0150
vn 0.0780 0.9970 -0.0015
vn -0.0271 0.9843 -0.1743
vn -0.0180 0.9824 -0.1858
vn -0.0337 0.9865 -0.1600
vn 0.0329 0.9931 -0.1127
vn -0.0359 0.9885 -0.1471
vn -0.1595 0.9866 -0.0339
vn -0.2514 0.9665 -0.0523
vn -0.1741 0.9844 -0.0265
vn -0.1467 0.9885 -0.0363
vn -0.1190 0.9925 0.0289
vn -0.1216 0.9923 0.0227
vn 0.0296 0.9925 -0.1187
vn 0.0239 0.9923 -0.1218
vn -0.1855 0.9825 -0.0182
vn -0.2303 0.9710 -0.0646
vn -0.2102 0.9748 -0.0744
vn -0.1145 0.9929 0.0320
vn -0.1510 0.9846 0.0881
vn -0.3169 0.9455 -0.0747
vn -0.2979 0.9505 -0.0881
vn -0.3329 0.9411 -0.0596
vn -0.3449 0.9376 -0.0446
vn 0.0782 0.9937 -0.0802
vn 0.0801 0.9940 -0.0748
vn -0.1469 0.9885 0.0360
vn -0.1186 0.9925 -0.0295
vn -0.1594 0.9866 0.0340
vn -0.1052 0.9940 0.0309
vn -0.1128 0.9931 -0.0334
vn -0.0608 0.9959 -0.0672
vn -0.1035 0.9941 -0.0324
vn 0.0541 0.9950 -0.0843
vn 0.2557 0.9122 -0.3202
vn -0.1278 0.9878 -0.0886
vn 0.1743 0.8920 -0.4171
vn 0.1046 0.9945 -0.0083
vn 0.1137 0.9920 -0.0544
vn -0.1858 0.9824 0.0178
vn -0.1744 0.9843 0.0265
vn -0.1219 0.9923 -0.0234
vn -0.1346 0.9883 -0.0719
vn 0.0908 0.8682 -0.4879
vn 0.0265 0.8448 -0.5344
vn 0.3736 0.1363 -0.9175
vn 0.5578 0.1885 -0.8083
vn 0.7371 0.2418 -0.6311
vn 0.3237 0.9197 -0.2222
vn -0.0342 0.9981 -0.0506
vn 0.1081 0.9935 0.0352
vn 0.1140 0.9935 0.0045
vn 0.1146 0.9932 0.0202
vn 0.0302 0.8206 0.5708
vn 0.1130 0.9922 0.0519
vn 0.1195 0.9927 0.0161
vn 0.0134 0.8284 0.5600
vn 0.1245 0.9911 -0.0466
vn 0.1016 0.9948 0.0019
vn 0.0332 0.8197 0.5718
vn 0.0255 0.8227 0.5679
vn -0.0811 0.0560 0.9951
vn -0.1014 0.0606 0.9930
vn -0.1447 0.0730 0.9868
vn -0.0263 0.8440 0.5356
vn 0.1122 0.9916 0.0638
vn 0.1218 0.9923 0.0238
vn -0.0639 0.9928 -0.1011
vn -0.0083 0.9945 -0.1046
vn -0.0544 0.9920 -0.1136
vn 0.1347 0.9901 -0.0405
vn 0.1471 0.9885 -0.0358
vn 0.0343 0.9935 -0.1083
vn 0.0045 0.9935 -0.1140
vn 0.0214 0.9932 -0.1142
vn 0.5705 0.8207 -0.0305
vn 0.0514 0.9923 -0.1128
vn 0.0159 0.9927 -0.1195
vn 0.5610 0.8277 -0.0134
vn -0.0466 0.9911 -0.1244
vn -0.0235 0.9955 -0.0922
vn 0.0018 0.9948 -0.1016
vn 0.5718 0.8198 -0.0329
vn 0.5677 0.8228 -0.0254
vn 0.5355 0.8441 0.0267
vn 0.0631 0.9917 -0.1122
vn -0.0050 0.9808 -0.1949
vn -0.0405 0.9901 -0.1347
vn 0.0149 0.9964 -0.0840
vn 0.0008 0.9999 -0.0128
vn -0.0001 0.9968 -0.0795
vn 0.0702 0.9973 -0.0193
vn -0.0007 0.9242 0.3820
vn -0.0291 0.9994 -0.0200
vn -0.0149 0.9964 -0.0834
vn -0.0001 0.9807 -0.1956
vn 0.0169 0.9998 -0.0079
vn 0.1168 0.9230 0.3666
vn 0.2220 0.9196 0.3241
vn -0.1182 0.9231 0.3659
vn -0.2232 0.9190 0.3251
vn -0.0499 0.9980 -0.0379
vn -0.0250 0.9953 -0.0932
vn 0.0791 0.9942 -0.0727
vn 0.0516 0.9967 -0.0633
vn 0.0052 0.9809 -0.1945
vn 0.0108 0.9814 -0.1918
vn 0.0726 0.9934 -0.0892
vn 0.0462 0.9965 -0.0694
vn 0.0638 0.9928 -0.1011
vn 0.0802 0.9937 0.0781
vn 0.0751 0.9940 0.0798
vn -0.0770 0.9944 0.0725
vn 0.0364 0.9962 -0.0792
vn 0.0486 0.9914 0.1212
vn 0.4758 0.8684 -0.1397
vn 0.0688 0.9958 0.0598
vn -0.0509 0.9979 0.0401
vn -0.0586 0.9969 0.0534
vn -0.0743 0.9945 0.0742
vn 0.0413 0.9889 0.1426
vn 0.5243 0.8503 -0.0464
vn 0.3342 0.8813 -0.3342
vn 0.0463 0.8502 -0.5245
vn -0.0545 0.9979 0.0358
vn 0.1186 0.9925 0.0297
vn 0.1602 0.9865 -0.0337
vn -0.0729 0.9944 0.0766
vn 0.1128 0.9931 0.0326
vn 0.0598 0.9959 0.0677
vn 0.1030 0.9941 0.0327
vn -0.0540 0.9950 0.0841
vn -0.2561 0.9117 0.3213
vn 0.1273 0.9878 0.0892
vn -0.1750 0.8920 0.4168
vn 0.0633 0.9967 0.0516
vn 0.1858 0.9824 -0.0181
vn 0.1742 0.9843 -0.0272
vn -0.0914 0.8677 0.4886
vn -0.3227 0.9201 0.2220
vn 0.0353 0.9981 0.0513
vn 0.0892 0.9934 0.0725
vn 0.0694 0.9965 0.0462
vn 0.1594 0.9866 0.0339
vn 0.2514 0.9665 0.0523
vn 0.1740 0.9844 0.0266
vn 0.0084 0.9945 0.1046
vn -0.0335 0.9935 0.1085
vn -0.0043 0.9935 0.1141
vn -0.0206 0.9932 0.1143
vn -0.5690 0.8218 0.0308
vn -0.0518 0.9923 0.1128
vn -0.0158 0.9927 0.1195
vn -0.5578 0.8298 0.0138
vn 0.0465 0.9911 0.1245
vn -0.0016 0.9948 0.1015
vn -0.5716 0.8199 0.0334
vn -0.5679 0.8227 0.0257
vn -0.5336 0.8453 -0.0264
vn -0.0636 0.9916 0.1123
vn -0.0235 0.9923 0.1219
vn -0.1046 0.9945 0.0084
vn -0.1136 0.9920 0.0543
vn 0.0405 0.9901 0.1347
vn 0.0361 0.9885 0.1469
vn -0.1083 0.9935 -0.0341
vn -0.1139 0.9935 -0.0039
vn -0.1142 0.9932 -0.0207
vn -0.0306 0.8214 -0.5696
vn -0.1128 0.9923 -0.0518
vn -0.1195 0.9927 -0.0159
vn -0.0140 0.8293 -0.5586
vn -0.1244 0.9911 0.0466
vn -0.1017 0.9948 -0.0018
vn -0.0331 0.8199 -0.5715
vn -0.0256 0.8228 -0.5677
vn 0.1191 0.9925 -0.0289
vn -0.1347 0.9901 0.0404
vn 0.1855 0.9825 0.0177
vn 0.2303 0.9710 0.0646
vn 0.1146 0.9929 -0.0320
vn -0.0881 0.9846 -0.1510
vn -0.1184 0.9626 -0.2437
vn 0.3168 0.9455 0.0747
vn 0.3328 0.9411 0.0599
vn 0.3448 0.9376 0.0449
vn 0.0725 0.9944 -0.0769
vn 0.0743 0.9945 -0.0742
vn 0.0050 0.9809 0.1944
vn -0.0247 0.9955 0.0914
vn -0.0151 0.9964 0.0831
vn 0.1055 0.9939 -0.0310
vn -0.0004 0.9968 0.0799
vn 0.0297 0.9994 0.0200
vn 0.0153 0.9964 0.0835
vn -0.0290 0.9994 0.0183
vn 0.0992 0.9903 -0.0968
vn 0.0001 0.9241 -0.3821
vn 0.1177 0.9230 -0.3663
vn -0.0314 0.9940 -0.1043
vn 0.0183 0.9825 -0.1854
vn -0.0046 0.9810 0.1942
vn -0.0001 0.9807 0.1955
vn -0.0506 0.9981 0.0346
vn -0.1172 0.9228 -0.3670
vn -0.2217 0.9197 -0.3240
vn 0.2231 0.9189 -0.3252
vn 0.0892 0.9949 0.0481
vn -0.4263 0.9029 -0.0553
vn -0.6210 0.7698 -0.1474
vn 0.0937 0.9074 0.4097
vn 0.0742 0.9047 0.4195
vn 0.1133 0.9105 0.3977
vn 0.0597 0.9410 0.3330
vn 0.0546 0.9029 0.4263
vn 0.0645 0.9709 0.2306
vn 0.0521 0.9664 0.2517
vn 0.0438 0.9376 0.3448
vn 0.0386 0.9623 0.2692
vn -0.1482 0.9179 0.3680
vn -0.1633 0.9215 0.3525
vn -0.1318 0.9142 0.3833
vn 0.1478 0.9178 0.3685
vn 0.1312 0.9141 0.3837
vn -0.1088 0.9907 -0.0822
vn -0.0315 0.9930 -0.1140
vn -0.3215 0.9115 0.2567
vn -0.2102 0.9714 -0.1104
vn -0.0291 0.9924 -0.1196
vn -0.4155 0.8928 0.1738
vn -0.1865 0.9684 -0.1655
vn 0.0271 0.9844 -0.1736
vn -0.8091 0.4735 0.3480
vn -0.8719 0.4752 0.1181
vn -0.4865 0.8691 0.0898
vn -0.8842 0.4645 -0.0492
vn 0.0586 0.9969 -0.0533
vn 0.0363 0.9885 -0.1467
vn 0.0335 0.9866 -0.1598
vn 0.1082 0.9589 0.2622
vn 0.0990 0.9553 0.2784
vn 0.1627 0.9214 0.3529
vn 0.1510 0.9846 -0.0881
vn 0.4098 0.9072 0.0948
vn 0.4195 0.9047 0.0748
vn 0.0836 0.9819 0.1698
vn 0.0827 0.9785 0.1891
vn 0.0767 0.9944 -0.0728
vn -0.1246 0.9911 -0.0467
vn -0.1136 0.9920 -0.0544
vn -0.1045 0.9945 -0.0091
vn 0.0533 0.9969 -0.0586
vn 0.4264 0.9029 0.0554
vn 0.0747 0.9047 -0.4194
vn 0.0558 0.9028 -0.4264
vn 0.0597 0.9411 -0.3329
vn 0.0451 0.9376 -0.3448
vn 0.0748 0.9455 -0.3170
vn 0.0949 0.9073 -0.4096
vn 0.1137 0.9105 -0.3975
vn 0.0529 0.9665 -0.2512
vn 0.0641 0.9710 -0.2304
vn -0.1477 0.9179 -0.3684
vn -0.1311 0.9142 -0.3835
vn -0.1079 0.9589 -0.2623
vn -0.0989 0.9554 -0.2783
vn -0.1626 0.9215 -0.3528
vn 0.0390 0.9626 -0.2682
vn 0.1481 0.9179 -0.3680
vn -0.0836 0.9819 -0.1700
vn -0.0828 0.9784 -0.1892
vn -0.1346 0.9901 -0.0405
vn -0.1139 0.9935 0.0048
vn -0.0725 0.9934 -0.0893
vn -0.0782 0.9937 -0.0803
vn -0.0598 0.9968 -0.0537
vn -0.1201 0.9926 0.0148
vn 0.1633 0.9215 -0.3525
vn 0.1319 0.9142 -0.3833
vn 0.1085 0.9590 -0.2617
vn 0.1183 0.9627 -0.2435
vn 0.0995 0.9555 -0.2778
vn 0.0837 0.9819 -0.1697
vn 0.0881 0.9846 -0.1507
vn 0.9222 0.1339 0.3627
vn -0.1086 0.0536 0.9926
vn -0.0878 0.0532 0.9947
vn -0.0780 0.0526 0.9956
vn 0.8581 0.2826 -0.4288
vn -0.1406 0.0574 -0.9884
vn -0.1115 0.0561 -0.9922
vn -0.0784 0.0539 0.9955
vn -0.0192 0.5779 0.8159
vn 0.7325 0.2444 -0.6354
vn -0.0798 0.0538 -0.9954
vn -0.0906 0.0544 -0.9944
vn 0.5471 0.1885 -0.8156
vn -0.6404 0.2414 -0.7291
vn -0.4289 0.2823 -0.8581
vn -0.0555 0.0530 -0.9970
vn 0.3629 0.1337 -0.9222
vn -0.8167 0.1866 -0.5460
vn -0.6356 0.2442 -0.7324
vn -0.0436 0.0522 -0.9977
vn -0.9241 0.1343 -0.3578
vn -0.8154 0.1885 -0.5473
vn 0.1403 0.0577 0.9884
vn 0.0799 0.0535 0.9954
vn -0.2259 0.0942 0.9696
vn 0.0556 0.0531 0.9970
vn 0.0434 0.0524 0.9977
vn -0.9223 0.1338 0.3624
vn -0.8158 0.1884 0.5468
vn -0.6361 0.2441 0.7320
vn -0.1211 0.9914 0.0490
vn -0.0587 0.9968 -0.0534
vn 0.1394 0.8681 0.4765
vn -0.0599 0.9958 0.0688
vn -0.0400 0.9979 -0.0511
vn 0.4766 0.8679 0.1396
vn -0.0741 0.9945 -0.0743
vn -0.1423 0.9889 0.0416
vn 0.0462 0.8506 0.5238
vn 0.3343 0.8811 0.3346
vn 0.5247 0.8500 0.0465
vn -0.0359 0.9979 -0.0541
vn -0.0536 0.9968 -0.0599
vn -0.0363 0.9962 -0.0793
vn -0.0768 0.9944 -0.0726
vn -0.0790 0.9942 -0.0728
vn -0.0799 0.9940 -0.0752
vn -0.0461 0.9965 -0.0695
vn -0.0295 0.9925 0.1186
vn 0.0340 0.9866 0.1594
vn -0.0515 0.9967 -0.0633
vn -0.0334 0.9931 0.1128
vn -0.0675 0.9959 0.0606
vn -0.0323 0.9940 0.1040
vn -0.0843 0.9950 -0.0538
vn -0.3203 0.9122 -0.2556
vn -0.0880 0.9879 0.1275
vn -0.4163 0.8924 -0.1741
vn 0.0110 0.9814 0.1917
vn 0.0178 0.9824 0.1859
vn 0.0265 0.9843 0.1743
vn -0.4875 0.8684 -0.0905
vn -0.0812 0.9963 -0.0279
vn -0.0003 0.8327 0.5538
vn 0.0155 0.8399 0.5426
vn -0.1470 0.9890 0.0183
vn -0.0139 0.8281 0.5603
vn -0.1588 0.9869 0.0277
vn -0.0854 0.9963 -0.0002
vn -0.0258 0.8235 0.5667
vn -0.0277 0.9963 0.0811
vn 0.5538 0.8327 0.0005
vn 0.5422 0.8401 -0.0155
vn 0.0187 0.9890 0.1470
vn 0.5608 0.8279 0.0139
vn 0.0275 0.9869 0.1590
vn -0.0004 0.9963 0.0854
vn 0.5664 0.8237 0.0259
vn 0.1140 0.9933 -0.0206
vn 0.0304 0.8216 -0.5693
vn 0.0333 0.8205 -0.5706
vn 0.1987 0.9763 -0.0862
vn 0.0136 0.8291 -0.5589
vn 0.2012 0.9732 -0.1116
vn 0.0259 0.8236 -0.5667
vn 0.1016 0.9948 -0.0016
vn 0.1128 0.9917 -0.0615
vn -0.0259 0.8452 -0.5339
vn -0.4767 0.8681 -0.1387
vn 0.0450 0.9980 0.0454
vn -0.3340 0.8813 -0.3342
vn -0.0491 0.9914 0.1211
vn -0.1398 0.8682 -0.4762
vn 0.1212 0.9908 -0.0596
vn -0.5238 0.8506 -0.0464
vn -0.0415 0.9889 0.1428
vn 0.0538 0.9979 0.0359
vn -0.0464 0.8503 -0.5243
vn -0.5608 0.8279 0.0137
vn 0.0242 0.9977 0.0637
vn -0.5538 0.8327 0.0001
vn -0.0006 0.9923 0.1239
vn 0.0325 0.9977 0.0587
vn -0.5430 0.8396 -0.0153
vn 0.0136 0.8272 0.5618
vn 0.0638 0.9977 -0.0248
vn 0.0002 0.8320 0.5548
vn 0.1243 0.9922 -0.0000
vn 0.0589 0.9977 -0.0325
vn -0.0156 0.8395 0.5432
vn 0.0541 0.9979 -0.0358
vn -0.0465 0.8499 0.5249
vn 0.0879 0.9879 0.1279
vn 0.4171 0.8919 -0.1747
vn 0.4883 0.8679 -0.0908
vn 0.1781 0.9761 0.1249
vn 0.3216 0.9113 -0.2572
vn 0.1852 0.9803 0.0684
vn 0.5341 0.8450 -0.0262
vn 0.0702 0.9883 0.1351
vn -0.0137 0.8277 -0.5610
vn -0.0636 0.9977 0.0247
vn -0.0004 0.8323 -0.5543
vn -0.1240 0.9923 0.0001
vn -0.0586 0.9978 0.0325
vn 0.0156 0.8395 -0.5431
vn 0.0779 0.0528 -0.9956
vn 0.0212 0.9932 0.1141
vn 0.5688 0.8219 0.0310
vn 0.5701 0.8209 0.0333
vn 0.0863 0.9762 0.1988
vn 0.5586 0.8293 0.0137
vn 0.1110 0.9732 0.2014
vn 0.3821 0.9241 -0.0003
vn -0.0175 0.9994 -0.0284
vn 0.3670 0.9229 -0.1166
vn -0.0199 0.9994 0.0289
vn 0.0754 0.9922 0.0991
vn 0.3664 0.9230 0.1179
vn 0.3252 0.9189 0.2232
vn -0.0385 0.9980 0.0493
vn -0.3796 0.9251 -0.0003
vn 0.0208 0.9994 0.0285
vn -0.3658 0.9234 0.1165
vn 0.0186 0.9994 -0.0295
vn -0.0748 0.9923 -0.0989
vn -0.3660 0.9232 -0.1174
vn -0.3251 0.9189 -0.2234
vn 0.0371 0.9981 -0.0493
vn 0.3207 0.9119 0.2562
vn 0.0765 0.9936 -0.0829
vn 0.4167 0.8922 0.1744
vn 0.1090 0.9908 -0.0799
vn 0.0722 0.9922 -0.1018
vn 0.4880 0.8681 0.0913
vn -0.1279 0.9879 0.0878
vn 0.1743 0.8918 0.4175
vn 0.0912 0.8679 0.4883
vn -0.1248 0.9760 0.1787
vn 0.2568 0.9113 0.3220
vn -0.0687 0.9802 0.1858
vn 0.0257 0.8453 0.5336
vn -0.1352 0.9883 0.0700
vn 0.0001 0.9568 -0.2907
vn -0.0990 0.9902 0.0989
vn 0.0280 0.9963 -0.0811
vn -0.5543 0.8323 -0.0004
vn -0.5420 0.8403 0.0152
vn -0.0185 0.9890 -0.1471
vn -0.5600 0.8284 -0.0136
vn -0.0280 0.9870 -0.1581
vn -0.5246 0.8501 0.0466
vn 0.0269 0.9961 -0.0838
vn 0.0812 0.9963 0.0279
vn 0.0004 0.8326 -0.5539
vn -0.0153 0.8400 -0.5424
vn 0.1473 0.9889 -0.0187
vn 0.0138 0.8280 -0.5606
vn 0.1587 0.9869 -0.0276
vn -0.0001 0.9569 0.2905
vn 0.1275 0.9879 -0.0879
vn -0.1747 0.8920 -0.4170
vn -0.0911 0.8682 -0.4878
vn 0.1244 0.9761 -0.1784
vn -0.2574 0.9112 -0.3218
vn 0.0685 0.9805 -0.1844
vn -0.0989 0.9902 -0.0991
vn -0.1398 0.8681 0.4763
vn 0.0451 0.9979 -0.0455
vn -0.3338 0.8814 0.3342
vn 0.1210 0.9915 0.0487
vn -0.4760 0.8684 0.1390
vn -0.0600 0.9908 -0.1210
vn -0.1141 0.9933 0.0205
vn -0.0308 0.8219 0.5688
vn -0.0334 0.8207 0.5704
vn -0.1985 0.9763 0.0860
vn -0.0135 0.8289 0.5592
vn -0.2009 0.9733 0.1111
vn 0.5615 0.8274 -0.0138
vn -0.0246 0.9977 -0.0638
vn 0.5547 0.8321 -0.0000
vn 0.0002 0.9923 -0.1241
vn -0.0324 0.9978 -0.0586
vn 0.5429 0.8396 0.0154
vn -0.0019 1.0000 -0.0000
vn 0.0016 1.0000 -0.0000
vn 0.0020 1.0000 -0.0000
vn -0.0023 1.0000 -0.0000
vn 0.0022 1.0000 -0.0000
vn -0.0014 1.0000 -0.0000
vn -0.8611 -0.0644 -0.5044
vn -0.9973 0.0736 -0.0000
vn -0.9973 -0.0739 -0.0000
vn -0.8611 -0.0644 0.5044
vn -0.8612 0.0643 0.5041
vn -0.8612 0.0643 -0.5041
vn -0.9529 0.3032 -0.0000
vn -0.8182 0.2629 0.5113
vn 0.3890 0.2814 0.8772
vn 0.8168 0.2621 0.5140
vn 0.4564 0.1475 0.8774
vn -0.0235 -0.0078 0.9997
vn -0.0209 -0.0152 0.9997
vn 0.4889 0.0369 0.8716
vn -0.0134 -0.0016 0.9999
vn 0.0001 -0.0000 1.0000
vn -0.7051 0.0771 -0.7049
vn -0.7046 0.0771 0.7054
vn 0.7050 0.0771 -0.7050
vn 0.7050 0.0771 0.7051
vn 0.0209 -0.0152 0.9997
vn 0.0006 0.3522 -0.9359
vn 0.9359 0.3521 0.0005
vn -0.8182 0.2629 -0.5113
vn 0.6951 0.5050 0.5116
vn 0.8596 0.0629 0.5071
vt 0.686148 0.000474
vt 0.685819 0.000317
vt 0.686052 0.000202
vt 0.686318 0.000430
vt 0.697585 0.000694
vt 0.686354 0.000694
vt 0.698299 0.000468
vt 0.697964 0.000559
vt 0.698120 0.000317
vt 0.697705 0.000721
vt 0.697621 0.000431
vt 0.697791 0.000474
vt 0.697917 0.000856
vt 0.697679 0.000995
vt 0.697823 0.000778
vt 0.697658 0.000154
vt 0.697887 0.000203
vt 0.697622 0.000967
vt 0.676692 0.012035
vt 0.676883 0.012351
vt 0.676607 0.012282
vt 0.707364 0.012510
vt 0.707054 0.012352
vt 0.707330 0.012283
vt 0.707088 0.012536
vt 0.706797 0.012416
vt 0.706822 0.012563
vt 0.706542 0.012478
vt 0.706985 0.012151
vt 0.706503 0.012366
vt 0.706743 0.012258
vt 0.677117 0.012563
vt 0.677397 0.012478
vt 0.677383 0.012586
vt 0.706899 0.011985
vt 0.698103 0.000666
vt 0.706672 0.012128
vt 0.697729 0.001042
vt 0.697555 0.000957
vt 0.686384 0.000957
vt 0.707133 0.011836
vt 0.677266 0.012127
vt 0.686210 0.001041
vt 0.677491 0.012272
vt 0.685640 0.000468
vt 0.685975 0.000558
vt 0.685836 0.000665
vt 0.676573 0.012510
vt 0.676850 0.012536
vt 0.928851 0.015075
vt 0.920391 0.000778
vt 0.928851 0.000778
vt 0.686281 0.000153
vt 0.686116 0.000777
vt 0.686021 0.000856
vt 0.686316 0.000967
vt 0.686234 0.000720
vt 0.686259 0.000995
vt 0.677195 0.012257
vt 0.677141 0.012415
vt 0.707246 0.012036
vt 0.676952 0.012150
vt 0.676805 0.011834
vt 0.677039 0.011984
vt 0.677435 0.012365
vt 0.928851 0.000579
vt 0.920391 0.000353
vt 0.928851 0.000352
vt 0.928851 0.042432
vt 0.920391 0.042232
vt 0.928851 0.042232
vt 0.920391 0.042006
vt 0.928851 0.042006
vt 0.920391 0.041807
vt 0.928851 0.027509
vt 0.928851 0.041807
vt 0.928851 0.027316
vt 0.920391 0.027509
vt 0.920391 0.027316
vt 0.928851 0.015269
vt 0.920391 0.015075
vt 0.928851 0.015676
vt 0.920391 0.026909
vt 0.920391 0.015676
vt 0.928851 0.015483
vt 0.920391 0.015483
vt 0.920391 0.000153
vt 0.928851 0.000153
vt 0.920391 0.000579
vt 0.920391 0.015269
vt 0.928851 0.027102
vt 0.928851 0.026909
vt 0.667015 0.000317
vt 0.666685 0.000474
vt 0.666782 0.000202
vt 0.666479 0.000694
vt 0.655212 0.000430
vt 0.666516 0.000430
vt 0.654535 0.000468
vt 0.654869 0.000559
vt 0.654731 0.000666
vt 0.655129 0.000720
vt 0.655249 0.000694
vt 0.654916 0.000856
vt 0.655154 0.000995
vt 0.655105 0.001042
vt 0.654714 0.000317
vt 0.655043 0.000474
vt 0.655176 0.000153
vt 0.655212 0.000967
vt 0.655279 0.000957
vt 0.676143 0.012035
vt 0.675951 0.012352
vt 0.675882 0.012151
vt 0.645469 0.012511
vt 0.645779 0.012352
vt 0.645745 0.012536
vt 0.646036 0.012416
vt 0.646012 0.012563
vt 0.646292 0.012478
vt 0.646278 0.012586
vt 0.645587 0.012036
vt 0.645848 0.012151
vt 0.646331 0.012366
vt 0.675717 0.012563
vt 0.675437 0.012478
vt 0.675693 0.012416
vt 0.645935 0.011985
vt 0.646162 0.012127
vt 0.646386 0.012273
vt 0.645700 0.011835
vt 0.675568 0.012127
vt 0.666624 0.001042
vt 0.666812 0.000856
vt 0.667193 0.000468
vt 0.666859 0.000559
vt 0.676261 0.012510
vt 0.676227 0.012282
vt 0.666552 0.000153
vt 0.666998 0.000666
vt 0.666718 0.000777
vt 0.666517 0.000967
vt 0.666449 0.000957
vt 0.666600 0.000720
vt 0.675399 0.012366
vt 0.675639 0.012258
vt 0.655011 0.000778
vt 0.646090 0.012258
vt 0.676029 0.011835
vt 0.675795 0.011984
vt 0.675343 0.012272
vt 0.675985 0.012536
vt 0.666574 0.000995
vt 0.920391 0.027102
vt 0.685820 0.453954
vt 0.686149 0.453797
vt 0.686053 0.454068
vt 0.686355 0.453577
vt 0.697622 0.453840
vt 0.686319 0.453840
vt 0.698299 0.453802
vt 0.697965 0.453711
vt 0.698103 0.453604
vt 0.697706 0.453550
vt 0.697586 0.453576
vt 0.697918 0.453414
vt 0.697680 0.453275
vt 0.697730 0.453229
vt 0.698121 0.453953
vt 0.697791 0.453796
vt 0.697658 0.454117
vt 0.697623 0.453303
vt 0.697555 0.453313
vt 0.676608 0.441988
vt 0.676953 0.442120
vt 0.676692 0.442235
vt 0.707366 0.441760
vt 0.707056 0.441919
vt 0.707089 0.441734
vt 0.706798 0.441855
vt 0.706822 0.441707
vt 0.706542 0.441792
vt 0.706556 0.441684
vt 0.707332 0.441988
vt 0.706987 0.442120
vt 0.706504 0.441904
vt 0.677117 0.441708
vt 0.677397 0.441792
vt 0.677141 0.441855
vt 0.706900 0.442286
vt 0.706672 0.442143
vt 0.706448 0.441998
vt 0.686386 0.453313
vt 0.707134 0.442436
vt 0.677267 0.442143
vt 0.686211 0.453229
vt 0.686022 0.453414
vt 0.685641 0.453803
vt 0.685975 0.453712
vt 0.676574 0.441760
vt 0.676884 0.441919
vt 0.920390 0.513237
vt 0.928849 0.498941
vt 0.928849 0.513237
vt 0.686282 0.454117
vt 0.685837 0.453605
vt 0.686117 0.453493
vt 0.686317 0.453303
vt 0.686235 0.453550
vt 0.686260 0.453275
vt 0.677436 0.441904
vt 0.677195 0.442013
vt 0.697824 0.453492
vt 0.706744 0.442012
vt 0.676805 0.442436
vt 0.677040 0.442286
vt 0.677491 0.441998
vt 0.676850 0.441734
vt 0.920390 0.513663
vt 0.928849 0.513437
vt 0.928849 0.513663
vt 0.920390 0.471785
vt 0.928849 0.471585
vt 0.928849 0.471785
vt 0.920390 0.472011
vt 0.928849 0.472011
vt 0.928849 0.486507
vt 0.920390 0.472210
vt 0.928849 0.472210
vt 0.920390 0.486507
vt 0.928849 0.486700
vt 0.920390 0.486700
vt 0.706556 0.012586
vt 0.706828 0.098393
vt 0.706556 0.098404
vt 0.676569 0.098382
vt 0.676841 0.098385
vt 0.677111 0.098393
vt 0.707370 0.098382
vt 0.707098 0.098385
vt 0.677382 0.098403
vt 0.920390 0.498941
vt 0.928849 0.498748
vt 0.920390 0.487108
vt 0.928849 0.498340
vt 0.920390 0.498340
vt 0.928849 0.498533
vt 0.920390 0.498533
vt 0.920390 0.513863
vt 0.928849 0.513863
vt 0.920390 0.513437
vt 0.920390 0.599691
vt 0.928850 0.599691
vt 0.920390 0.498748
vt 0.920391 0.128263
vt 0.928851 0.128263
vt 0.928849 0.486915
vt 0.928849 0.487108
vt 0.666683 0.453797
vt 0.667013 0.453954
vt 0.666780 0.454068
vt 0.666478 0.453577
vt 0.655211 0.453840
vt 0.655247 0.453577
vt 0.654533 0.453803
vt 0.654868 0.453712
vt 0.654712 0.453954
vt 0.655127 0.453551
vt 0.655041 0.453797
vt 0.654914 0.453415
vt 0.655152 0.453276
vt 0.655009 0.453493
vt 0.655174 0.454118
vt 0.654945 0.454068
vt 0.655210 0.453304
vt 0.675878 0.442120
vt 0.676223 0.441989
vt 0.676139 0.442235
vt 0.645468 0.441761
vt 0.645778 0.441920
vt 0.645502 0.441989
vt 0.645744 0.441736
vt 0.646034 0.441856
vt 0.646010 0.441709
vt 0.646290 0.441793
vt 0.645586 0.442235
vt 0.646088 0.442013
vt 0.675714 0.441709
vt 0.675435 0.441793
vt 0.675449 0.441686
vt 0.645933 0.442287
vt 0.654729 0.453605
vt 0.646160 0.442144
vt 0.655103 0.453229
vt 0.645698 0.442436
vt 0.675564 0.442144
vt 0.666622 0.453229
vt 0.675340 0.441998
vt 0.646328 0.441905
vt 0.667191 0.453803
vt 0.666857 0.453712
vt 0.666996 0.453605
vt 0.676256 0.441761
vt 0.675947 0.441920
vt 0.675981 0.441736
vt 0.666550 0.454117
vt 0.666716 0.453493
vt 0.666810 0.453415
vt 0.666515 0.453304
vt 0.666598 0.453551
vt 0.666573 0.453276
vt 0.666514 0.453840
vt 0.645846 0.442120
vt 0.675690 0.441856
vt 0.675396 0.441905
vt 0.675636 0.442013
vt 0.676026 0.442436
vt 0.675792 0.442287
vt 0.646007 0.098393
vt 0.646277 0.098404
vt 0.676263 0.098383
vt 0.675992 0.098386
vt 0.645465 0.098383
vt 0.645736 0.098386
vt 0.675722 0.098394
vt 0.675451 0.012586
vt 0.920390 0.486915
vt 0.666447 0.453314
vt 0.677383 0.441684
vt 0.677382 0.355866
vt 0.706557 0.355866
vt 0.706448 0.012273
vt 0.675451 0.098404
vt 0.646276 0.441686
vt 0.646384 0.441998
vt 0.655277 0.453314
vt 0.646276 0.355868
vt 0.646276 0.270047
vt 0.675450 0.355868
vt 0.646276 0.184225
vt 0.675451 0.270047
vt 0.675451 0.184225
vt 0.706557 0.184224
vt 0.677382 0.270046
vt 0.677382 0.184224
vt 0.706557 0.270046
vt 0.645734 0.355886
vt 0.646004 0.355878
vt 0.645735 0.270053
vt 0.646006 0.270050
vt 0.646005 0.184222
vt 0.645735 0.184219
vt 0.675721 0.355878
vt 0.675721 0.270050
vt 0.675722 0.184222
vt 0.645462 0.355889
vt 0.645464 0.270054
vt 0.645465 0.184218
vt 0.675991 0.355886
vt 0.675991 0.270053
vt 0.675993 0.184219
vt 0.676263 0.355889
vt 0.676262 0.270054
vt 0.676262 0.184218
vt 0.920390 0.471585
vt 0.928850 0.385756
vt 0.920390 0.385756
vt 0.928850 0.299925
vt 0.920390 0.299925
vt 0.928850 0.214094
vt 0.920390 0.214094
vt 0.920391 0.943002
vt 0.928851 0.857175
vt 0.928851 0.943002
vt 0.920391 0.857175
vt 0.928851 0.771348
vt 0.920391 0.771348
vt 0.928850 0.685519
vt 0.920391 0.685519
vt 0.707097 0.355885
vt 0.706827 0.355877
vt 0.707097 0.270052
vt 0.706827 0.184221
vt 0.706827 0.270049
vt 0.707097 0.184218
vt 0.677112 0.355877
vt 0.677111 0.270049
vt 0.677112 0.184221
vt 0.707370 0.355888
vt 0.707367 0.270053
vt 0.707368 0.184217
vt 0.676842 0.355885
vt 0.676840 0.270052
vt 0.676841 0.184218
vt 0.676570 0.355888
vt 0.676570 0.270053
vt 0.676570 0.184217
vt 0.091523 0.715820
vt 0.106668 0.704657
vt 0.106668 0.715820
vt 0.557915 0.715820
vt 0.558037 0.704657
vt 0.558037 0.715820
vt 0.106799 0.704551
vt 0.106799 0.704657
vt 0.106668 0.704551
vt 0.106799 0.704444
vt 0.106668 0.704444
vt 0.106799 0.704336
vt 0.106668 0.704336
vt 0.106799 0.704229
vt 0.106951 0.704657
vt 0.106951 0.704551
vt 0.106951 0.704444
vt 0.106951 0.704336
vt 0.107102 0.704551
vt 0.107102 0.704657
vt 0.107102 0.704444
vt 0.107102 0.704336
vt 0.107102 0.704229
vt 0.107233 0.704657
vt 0.107233 0.704551
vt 0.107233 0.704444
vt 0.107233 0.704336
vt 0.124833 0.704229
vt 0.124710 0.704336
vt 0.124710 0.704229
vt 0.124833 0.704336
vt 0.124710 0.704444
vt 0.124833 0.704444
vt 0.124710 0.704551
vt 0.124833 0.704551
vt 0.124710 0.704657
vt 0.124971 0.704336
vt 0.124971 0.704229
vt 0.124971 0.704444
vt 0.124971 0.704551
vt 0.124971 0.704657
vt 0.125108 0.704229
vt 0.125108 0.704336
vt 0.125108 0.704444
vt 0.125108 0.704551
vt 0.125230 0.704336
vt 0.125230 0.704229
vt 0.125230 0.704444
vt 0.125230 0.704551
vt 0.125230 0.704657
vt 0.091523 0.704657
vt 0.091523 0.704551
vt 0.091523 0.704444
vt 0.091523 0.704336
vt 0.106668 0.704229
vt 0.107233 0.715820
vt 0.124833 0.715820
vt 0.124971 0.715820
vt 0.106799 0.715820
vt 0.161287 0.704444
vt 0.161287 0.704336
vt 0.576473 0.704657
vt 0.576342 0.704551
vt 0.576473 0.704551
vt 0.576342 0.704444
vt 0.576473 0.704444
vt 0.576342 0.704336
vt 0.576473 0.704336
vt 0.576342 0.704229
vt 0.576473 0.704229
vt 0.576190 0.704657
vt 0.576342 0.704657
vt 0.576190 0.704551
vt 0.576190 0.704444
vt 0.576190 0.704336
vt 0.576039 0.704551
vt 0.576039 0.704444
vt 0.576039 0.704336
vt 0.576039 0.704229
vt 0.576190 0.704229
vt 0.575908 0.704657
vt 0.576039 0.704657
vt 0.575908 0.704551
vt 0.575908 0.704444
vt 0.575908 0.704336
vt 0.558312 0.704229
vt 0.558434 0.704336
vt 0.558312 0.704336
vt 0.558434 0.704444
vt 0.558312 0.704444
vt 0.558434 0.704551
vt 0.558312 0.704551
vt 0.558434 0.704657
vt 0.558312 0.704657
vt 0.558174 0.704336
vt 0.558174 0.704229
vt 0.558174 0.704444
vt 0.558174 0.704551
vt 0.558174 0.704657
vt 0.558037 0.704229
vt 0.558037 0.704336
vt 0.558037 0.704444
vt 0.558037 0.704551
vt 0.557915 0.704336
vt 0.557915 0.704229
vt 0.557915 0.704444
vt 0.557915 0.704551
vt 0.557915 0.704657
vt 0.591614 0.704657
vt 0.591614 0.704551
vt 0.591614 0.704444
vt 0.591614 0.704336
vt 0.591614 0.704229
vt 0.558434 0.704229
vt 0.575908 0.704229
vt 0.128908 0.658805
vt 0.502302 0.658930
vt 0.502273 0.658805
vt 0.125108 0.715820
vt 0.106951 0.715820
vt 0.124833 0.704657
vt 0.576342 0.715820
vt 0.576190 0.715820
vt 0.558174 0.715820
vt 0.106799 0.715927
vt 0.106668 0.715927
vt 0.106799 0.716034
vt 0.106668 0.716034
vt 0.106799 0.716141
vt 0.106668 0.716141
vt 0.106799 0.716248
vt 0.106668 0.716248
vt 0.106951 0.715927
vt 0.106951 0.716034
vt 0.106951 0.716141
vt 0.107102 0.715927
vt 0.107102 0.716034
vt 0.107102 0.716141
vt 0.107102 0.716248
vt 0.106951 0.716248
vt 0.107102 0.715820
vt 0.107233 0.715927
vt 0.107233 0.716034
vt 0.107233 0.716141
vt 0.124833 0.716248
vt 0.124710 0.716141
vt 0.124833 0.716141
vt 0.124710 0.716034
vt 0.124833 0.716034
vt 0.124710 0.715927
vt 0.124833 0.715927
vt 0.124710 0.715820
vt 0.124971 0.716141
vt 0.124971 0.716248
vt 0.124971 0.716034
vt 0.124971 0.715927
vt 0.125108 0.716248
vt 0.125108 0.716141
vt 0.125108 0.716034
vt 0.125108 0.715927
vt 0.125230 0.716141
vt 0.125230 0.716248
vt 0.125230 0.716034
vt 0.125230 0.715927
vt 0.125230 0.715820
vt 0.091523 0.715927
vt 0.091523 0.716034
vt 0.091523 0.716141
vt 0.091523 0.716248
vt 0.124710 0.716248
vt 0.107233 0.716248
vt 0.558312 0.715820
vt 0.161287 0.704551
vt 0.161287 0.704229
vt 0.103315 0.644844
vt 0.138606 0.644882
vt 0.138694 0.644844
vt 0.591614 0.715820
vt 0.576473 0.715820
vt 0.576342 0.715927
vt 0.576473 0.715927
vt 0.576342 0.716034
vt 0.576473 0.716034
vt 0.576342 0.716141
vt 0.576473 0.716141
vt 0.576342 0.716248
vt 0.576190 0.715927
vt 0.576190 0.716034
vt 0.576190 0.716141
vt 0.576039 0.715927
vt 0.576039 0.715820
vt 0.576039 0.716034
vt 0.576039 0.716141
vt 0.576039 0.716248
vt 0.575908 0.715820
vt 0.575908 0.715927
vt 0.575908 0.716034
vt 0.575908 0.716141
vt 0.558312 0.716248
vt 0.558434 0.716141
vt 0.558434 0.716248
vt 0.558312 0.716141
vt 0.558434 0.716034
vt 0.558312 0.716034
vt 0.558434 0.715927
vt 0.558312 0.715927
vt 0.558434 0.715820
vt 0.558174 0.716141
vt 0.558174 0.716248
vt 0.558174 0.716034
vt 0.558174 0.715927
vt 0.558037 0.716248
vt 0.558037 0.716141
vt 0.558037 0.716034
vt 0.558037 0.715927
vt 0.557915 0.716141
vt 0.557915 0.716248
vt 0.557915 0.716034
vt 0.557915 0.715927
vt 0.591614 0.715927
vt 0.591614 0.716034
vt 0.591614 0.716141
vt 0.576473 0.716248
vt 0.161287 0.716034
vt 0.125108 0.704657
vt 0.492655 0.644939
vt 0.492574 0.644882
vt 0.138777 0.644830
vt 0.492486 0.644844
vt 0.492403 0.644830
vt 0.128878 0.658930
vt 0.502312 0.659043
vt 0.129004 0.658591
vt 0.502228 0.658685
vt 0.502176 0.658591
vt 0.128868 0.659043
vt 0.091523 0.674224
vt 0.128868 0.674224
vt 0.521858 0.715927
vt 0.161287 0.715927
vt 0.091624 0.658685
vt 0.128952 0.658685
vt 0.492655 0.674638
vt 0.138606 0.674581
vt 0.492574 0.674581
vt 0.521858 0.716141
vt 0.161287 0.716248
vt 0.161287 0.716141
vt 0.539609 0.688504
vt 0.502302 0.688630
vt 0.502273 0.688504
vt 0.527865 0.674543
vt 0.492486 0.674543
vt 0.521858 0.704657
vt 0.128868 0.688742
vt 0.128878 0.688630
vt 0.528142 0.674706
vt 0.502176 0.688291
vt 0.492717 0.674706
vt 0.128908 0.688504
vt 0.502228 0.688385
vt 0.492717 0.645006
vt 0.528068 0.674638
vt 0.138694 0.674543
vt 0.103415 0.674530
vt 0.138777 0.674530
vt 0.539493 0.688291
vt 0.138463 0.645006
vt 0.103112 0.644939
vt 0.103038 0.645006
vt 0.161287 0.715820
vt 0.161287 0.704657
vt 0.103415 0.644830
vt 0.091687 0.658591
vt 0.091571 0.658805
vt 0.103209 0.644882
vt 0.138525 0.644939
vt 0.091624 0.688385
vt 0.128952 0.688385
vt 0.138525 0.674638
vt 0.103209 0.674581
vt 0.539645 0.688630
vt 0.502313 0.688742
vt 0.521858 0.715820
vt 0.091535 0.658930
vt 0.539657 0.688742
vt 0.502313 0.703923
vt 0.492403 0.674530
vt 0.138463 0.674706
vt 0.129004 0.688291
vt 0.521858 0.704551
vt 0.502313 0.674224
vt 0.521858 0.716034
vt 0.521858 0.704229
vt 0.521858 0.704336
vt 0.091571 0.688504
vt 0.091535 0.688630
vt 0.103315 0.674543
vt 0.103038 0.674706
vt 0.091687 0.688291
vt 0.103112 0.674638
vt 0.091523 0.688742
vt 0.128868 0.703923
vt 0.091523 0.703923
vt 0.521858 0.704444
vt 0.527865 0.644844
vt 0.527971 0.644882
vt 0.539657 0.659043
vt 0.539657 0.674224
vt 0.539556 0.658685
vt 0.539609 0.658805
vt 0.527765 0.674530
vt 0.528068 0.644939
vt 0.528142 0.645006
vt 0.539645 0.658930
vt 0.539493 0.658591
vt 0.527971 0.674581
vt 0.527765 0.644830
vt 0.539556 0.688385
vt 0.175725 0.730932
vt 0.213296 0.737819
vt 0.175723 0.737809
vt 0.186327 0.751352
vt 0.213948 0.738479
vt 0.233591 0.751286
vt 0.186678 0.758888
vt 0.234241 0.751944
vt 0.234250 0.758821
vt 0.186336 0.717394
vt 0.213950 0.730281
vt 0.176068 0.730272
vt 0.186678 0.716736
vt 0.234163 0.717045
vt 0.186632 0.716955
vt 0.233924 0.717265
vt 0.186507 0.717174
vt 0.233599 0.717485
vt 0.139096 0.752077
vt 0.091560 0.751924
vt 0.139091 0.751857
vt 0.091661 0.751704
vt 0.139079 0.751638
vt 0.091800 0.751485
vt 0.139063 0.751418
vt 0.100578 0.730912
vt 0.138156 0.730702
vt 0.138151 0.730922
vt 0.100541 0.730692
vt 0.138168 0.730482
vt 0.100440 0.730472
vt 0.138184 0.730262
vt 0.138182 0.738459
vt 0.100437 0.738229
vt 0.138166 0.738239
vt 0.100539 0.738009
vt 0.138154 0.738019
vt 0.100576 0.737790
vt 0.138149 0.737799
vt 0.175769 0.738029
vt 0.213383 0.738038
vt 0.175894 0.738249
vt 0.213622 0.738259
vt 0.176065 0.738469
vt 0.213624 0.730501
vt 0.175896 0.730492
vt 0.213385 0.730721
vt 0.175771 0.730712
vt 0.213298 0.730941
vt 0.186497 0.751571
vt 0.233916 0.751506
vt 0.186622 0.751791
vt 0.234154 0.751725
vt 0.186668 0.752010
vt 0.139089 0.717084
vt 0.091809 0.717213
vt 0.091671 0.716994
vt 0.139073 0.717304
vt 0.139100 0.716865
vt 0.091570 0.716774
vt 0.139105 0.716645
vt 0.091533 0.716554
vt 0.100301 0.730252
vt 0.091533 0.759021
vt 0.139105 0.758954
vt 0.100299 0.738450
vt 0.356329 0.737819
vt 0.318758 0.730932
vt 0.318756 0.737809
vt 0.329360 0.751352
vt 0.356981 0.738479
vt 0.319098 0.738469
vt 0.329710 0.758888
vt 0.377273 0.751944
vt 0.329701 0.752010
vt 0.356983 0.730281
vt 0.329369 0.717394
vt 0.319100 0.730272
vt 0.329711 0.716736
vt 0.377196 0.717045
vt 0.377283 0.716826
vt 0.329665 0.716955
vt 0.376957 0.717265
vt 0.329540 0.717174
vt 0.376632 0.717485
vt 0.282129 0.752077
vt 0.234593 0.751924
vt 0.234556 0.752144
vt 0.282124 0.751857
vt 0.234694 0.751704
vt 0.282112 0.751638
vt 0.234833 0.751485
vt 0.281189 0.730702
vt 0.243611 0.730912
vt 0.281184 0.730922
vt 0.281201 0.730482
vt 0.243574 0.730692
vt 0.281217 0.730262
vt 0.243473 0.730472
vt 0.281215 0.738459
vt 0.243470 0.738229
vt 0.243331 0.738450
vt 0.281199 0.738239
vt 0.243572 0.738009
vt 0.281187 0.738019
vt 0.243609 0.737790
vt 0.318802 0.738029
vt 0.356416 0.738038
vt 0.318927 0.738249
vt 0.356655 0.738259
vt 0.356657 0.730501
vt 0.318929 0.730492
vt 0.356418 0.730721
vt 0.318803 0.730712
vt 0.356331 0.730941
vt 0.376624 0.751286
vt 0.329530 0.751571
vt 0.376949 0.751506
vt 0.329655 0.751791
vt 0.377187 0.751725
vt 0.234842 0.717213
vt 0.282121 0.717084
vt 0.234704 0.716994
vt 0.282133 0.716865
vt 0.234603 0.716774
vt 0.282138 0.716645
vt 0.234566 0.716554
vt 0.243334 0.730252
vt 0.282105 0.717304
vt 0.234566 0.759021
vt 0.282138 0.758954
vt 0.282096 0.751418
vt 0.281182 0.737799
vt 0.499362 0.737819
vt 0.461790 0.730932
vt 0.461789 0.737809
vt 0.472393 0.751352
vt 0.500014 0.738479
vt 0.462131 0.738469
vt 0.472743 0.758888
vt 0.520306 0.751944
vt 0.472734 0.752010
vt 0.500016 0.730281
vt 0.472402 0.717394
vt 0.462133 0.730272
vt 0.472743 0.716736
vt 0.520228 0.717045
vt 0.520316 0.716826
vt 0.472698 0.716955
vt 0.519990 0.717265
vt 0.472573 0.717174
vt 0.519665 0.717485
vt 0.425161 0.752077
vt 0.377626 0.751924
vt 0.377589 0.752144
vt 0.425157 0.751857
vt 0.377727 0.751704
vt 0.425145 0.751638
vt 0.377865 0.751485
vt 0.424222 0.730702
vt 0.386644 0.730912
vt 0.424217 0.730922
vt 0.424234 0.730482
vt 0.386607 0.730692
vt 0.424250 0.730262
vt 0.386505 0.730472
vt 0.424248 0.738459
vt 0.386503 0.738229
vt 0.386364 0.738450
vt 0.424231 0.738239
vt 0.386605 0.738009
vt 0.424220 0.738019
vt 0.386642 0.737790
vt 0.461834 0.738029
vt 0.499449 0.738038
vt 0.461960 0.738249
vt 0.499688 0.738259
vt 0.499690 0.730501
vt 0.461962 0.730492
vt 0.499451 0.730721
vt 0.461836 0.730712
vt 0.499363 0.730941
vt 0.519656 0.751286
vt 0.472563 0.751571
vt 0.519982 0.751506
vt 0.472688 0.751791
vt 0.520219 0.751725
vt 0.377875 0.717213
vt 0.425154 0.717084
vt 0.377737 0.716994
vt 0.425166 0.716865
vt 0.377636 0.716774
vt 0.425171 0.716645
vt 0.377599 0.716554
vt 0.386367 0.730252
vt 0.425138 0.717304
vt 0.377599 0.759021
vt 0.425171 0.758954
vt 0.425129 0.751418
vt 0.424215 0.737799
vt 0.144951 0.510741
vt 0.182522 0.517628
vt 0.144949 0.517618
vt 0.155553 0.531161
vt 0.183175 0.518288
vt 0.202817 0.531095
vt 0.155904 0.538697
vt 0.203467 0.531753
vt 0.203477 0.538630
vt 0.155562 0.497203
vt 0.183177 0.510090
vt 0.145294 0.510081
vt 0.155904 0.496545
vt 0.203389 0.496854
vt 0.155858 0.496764
vt 0.203151 0.497074
vt 0.155733 0.496983
vt 0.202825 0.497294
vt 0.108322 0.531886
vt 0.060786 0.531733
vt 0.108318 0.531666
vt 0.060888 0.531513
vt 0.108306 0.531447
vt 0.061026 0.531294
vt 0.108290 0.531227
vt 0.069804 0.510721
vt 0.107382 0.510511
vt 0.107378 0.510731
vt 0.069767 0.510501
vt 0.107394 0.510291
vt 0.069666 0.510281
vt 0.107411 0.510071
vt 0.107408 0.518268
vt 0.069664 0.518038
vt 0.107392 0.518048
vt 0.069765 0.517818
vt 0.107380 0.517828
vt 0.069802 0.517599
vt 0.107376 0.517608
vt 0.144995 0.517838
vt 0.182610 0.517847
vt 0.145121 0.518058
vt 0.182849 0.518068
vt 0.145292 0.518278
vt 0.182850 0.510310
vt 0.145122 0.510301
vt 0.182612 0.510530
vt 0.144997 0.510521
vt 0.182524 0.510750
vt 0.155724 0.531380
vt 0.203142 0.531315
vt 0.155848 0.531600
vt 0.203380 0.531534
vt 0.155894 0.531819
vt 0.108315 0.496893
vt 0.061036 0.497022
vt 0.060898 0.496803
vt 0.108299 0.497113
vt 0.108327 0.496674
vt 0.060796 0.496583
vt 0.108331 0.496454
vt 0.060760 0.496363
vt 0.069528 0.510061
vt 0.060759 0.538830
vt 0.108332 0.538763
vt 0.069525 0.518259
vt 0.047310 0.002565
vt 0.053622 0.000153
vt 0.061952 0.021951
vt 0.062481 0.490098
vt 0.062216 0.373282
vt 0.062478 0.373350
vt 0.015488 0.373350
vt 0.015223 0.490072
vt 0.015223 0.373376
vt 0.015755 0.373280
vt 0.015490 0.490098
vt 0.210633 0.547149
vt 0.210748 0.546812
vt 0.210938 0.547023
vt 0.210504 0.546900
vt 0.210679 0.546648
vt 0.210666 0.546413
vt 0.210421 0.546653
vt 0.210393 0.546404
vt 0.210962 0.546439
vt 0.211161 0.546781
vt 0.211258 0.546477
vt 0.210880 0.546678
vt 0.210631 0.530567
vt 0.210747 0.530904
vt 0.210502 0.530816
vt 0.210936 0.530692
vt 0.210879 0.531037
vt 0.210961 0.531277
vt 0.211160 0.530933
vt 0.211258 0.531238
vt 0.210678 0.531068
vt 0.210419 0.531064
vt 0.210665 0.531303
vt 0.210391 0.531313
vt 0.047052 0.002649
vt 0.047310 0.125889
vt 0.047050 0.125977
vt 0.000165 0.023289
vt 0.015232 0.139982
vt 0.000163 0.139982
vt 0.062744 0.490073
vt 0.062743 0.373376
vt 0.061954 0.490266
vt 0.047311 0.372539
vt 0.061955 0.373188
vt 0.030918 0.125976
vt 0.031181 0.002706
vt 0.031181 0.126037
vt 0.031450 0.126057
vt 0.046523 0.002724
vt 0.046520 0.126058
vt 0.046788 0.002707
vt 0.046786 0.126038
vt 0.031454 0.002723
vt 0.016017 0.373187
vt 0.015755 0.490169
vt 0.203785 0.546676
vt 0.203784 0.546409
vt 0.203786 0.546943
vt 0.203788 0.547210
vt 0.203783 0.531044
vt 0.203785 0.530777
vt 0.203786 0.530510
vt 0.030661 0.372538
vt 0.016014 0.490264
vt 0.203782 0.531311
vt 0.016025 0.021952
vt 0.024355 0.000154
vt 0.030667 0.002566
vt 0.062218 0.490169
vt 0.030665 0.125891
vt 0.030922 0.002649
vt 0.204037 0.513510
vt 0.204291 0.513436
vt 0.211826 0.521821
vt 0.219615 0.513510
vt 0.219802 0.513709
vt 0.219870 0.513982
vt 0.219870 0.529660
vt 0.204037 0.530131
vt 0.203851 0.529932
vt 0.219361 0.513436
vt 0.203851 0.513709
vt 0.203782 0.529660
vt 0.219802 0.529932
vt 0.204291 0.530204
vt 0.219615 0.530131
vt 0.219361 0.530204
vt 0.203782 0.513982
vt 0.030658 0.495861
vt 0.030923 0.372632
vt 0.030917 0.495957
vt 0.030919 0.249306
vt 0.030661 0.249216
vt 0.062215 0.022617
vt 0.061953 0.139029
vt 0.062218 0.139508
vt 0.061954 0.256109
vt 0.062220 0.256396
vt 0.016022 0.139031
vt 0.016017 0.256111
vt 0.015758 0.022625
vt 0.015757 0.139509
vt 0.015758 0.256391
vt 0.046524 0.372725
vt 0.046784 0.496031
vt 0.046522 0.496057
vt 0.046519 0.249392
vt 0.046787 0.372701
vt 0.046786 0.249370
vt 0.031187 0.496030
vt 0.031455 0.372725
vt 0.031452 0.496057
vt 0.031189 0.372701
vt 0.031449 0.249393
vt 0.031182 0.249371
vt 0.047047 0.495959
vt 0.047049 0.372633
vt 0.047049 0.249305
vt 0.047310 0.249215
vt 0.062740 0.023277
vt 0.062481 0.139854
vt 0.062476 0.023099
vt 0.062744 0.139982
vt 0.062481 0.256603
vt 0.062743 0.256679
vt 0.000153 0.373375
vt 0.000153 0.490072
vt 0.000163 0.256674
vt 0.015233 0.256674
vt 0.047309 0.495862
vt 0.015495 0.023113
vt 0.015495 0.139855
vt 0.015495 0.256598
vt 0.015234 0.023290
vt 0.236002 0.002565
vt 0.250644 0.021951
vt 0.242314 0.000153
vt 0.250909 0.373281
vt 0.251173 0.490098
vt 0.251170 0.373350
vt 0.204180 0.373350
vt 0.203915 0.490072
vt 0.204183 0.490098
vt 0.204447 0.373280
vt 0.204447 0.490169
vt 0.234808 0.547149
vt 0.234923 0.546812
vt 0.234679 0.546900
vt 0.234854 0.546648
vt 0.234596 0.546654
vt 0.234841 0.546413
vt 0.234567 0.546404
vt 0.235136 0.546439
vt 0.235336 0.546782
vt 0.235433 0.546477
vt 0.235054 0.546679
vt 0.235112 0.547024
vt 0.234805 0.530567
vt 0.234921 0.530904
vt 0.235110 0.530692
vt 0.235053 0.531037
vt 0.235334 0.530933
vt 0.235136 0.531277
vt 0.235433 0.531238
vt 0.234852 0.531069
vt 0.234840 0.531304
vt 0.234594 0.531064
vt 0.234566 0.531314
vt 0.234677 0.530817
vt 0.236002 0.125889
vt 0.235745 0.002649
vt 0.235742 0.125977
vt 0.203925 0.139982
vt 0.188857 0.023289
vt 0.188856 0.139982
vt 0.251437 0.490072
vt 0.251435 0.373375
vt 0.236003 0.372539
vt 0.250646 0.490265
vt 0.250647 0.373188
vt 0.219611 0.125976
vt 0.219873 0.002706
vt 0.219614 0.002649
vt 0.220142 0.126057
vt 0.235216 0.002724
vt 0.220146 0.002723
vt 0.235480 0.002707
vt 0.235479 0.126038
vt 0.219873 0.126037
vt 0.235212 0.126058
vt 0.204710 0.373187
vt 0.204706 0.490264
vt 0.227959 0.546676
vt 0.227958 0.546409
vt 0.227961 0.546943
vt 0.227963 0.547210
vt 0.227958 0.531044
vt 0.227957 0.531311
vt 0.227959 0.530777
vt 0.227961 0.530510
vt 0.219353 0.372538
vt 0.204717 0.021952
vt 0.219359 0.002566
vt 0.213047 0.000154
vt 0.250910 0.490169
vt 0.219357 0.125891
vt 0.220430 0.496436
vt 0.228220 0.504747
vt 0.220685 0.496363
vt 0.236009 0.496436
vt 0.236195 0.496636
vt 0.236263 0.496908
vt 0.236263 0.512586
vt 0.220430 0.513058
vt 0.220244 0.512858
vt 0.235754 0.496363
vt 0.220244 0.496636
vt 0.220176 0.512586
vt 0.236195 0.512858
vt 0.220685 0.513130
vt 0.236009 0.513058
vt 0.235754 0.513130
vt 0.220176 0.496908
vt 0.219351 0.495860
vt 0.219616 0.372632
vt 0.219612 0.249306
vt 0.219353 0.249216
vt 0.250907 0.022617
vt 0.250645 0.139029
vt 0.250911 0.139508
vt 0.250646 0.256109
vt 0.250912 0.256396
vt 0.204714 0.139031
vt 0.204709 0.256111
vt 0.204450 0.022625
vt 0.204449 0.139509
vt 0.204450 0.256391
vt 0.235477 0.496030
vt 0.235216 0.372725
vt 0.235214 0.496057
vt 0.235479 0.372701
vt 0.235211 0.249392
vt 0.235478 0.249370
vt 0.219879 0.496030
vt 0.220147 0.372725
vt 0.219881 0.372701
vt 0.220142 0.249393
vt 0.219874 0.249371
vt 0.235739 0.495959
vt 0.235741 0.372633
vt 0.235741 0.249305
vt 0.220145 0.496057
vt 0.219610 0.495956
vt 0.236003 0.249214
vt 0.251432 0.023277
vt 0.251173 0.139854
vt 0.251437 0.139982
vt 0.251173 0.256603
vt 0.251435 0.256679
vt 0.188845 0.373375
vt 0.188846 0.490072
vt 0.203915 0.373375
vt 0.188856 0.256674
vt 0.203925 0.256674
vt 0.236001 0.495862
vt 0.204187 0.023113
vt 0.204187 0.139855
vt 0.204187 0.256598
vt 0.203926 0.023290
vt 0.251168 0.023099
vt 0.110207 0.002565
vt 0.124849 0.021951
vt 0.116519 0.000153
vt 0.125114 0.373282
vt 0.125378 0.490098
vt 0.125375 0.373350
vt 0.078385 0.373350
vt 0.078120 0.490072
vt 0.078388 0.490098
vt 0.078652 0.373280
vt 0.078652 0.490169
vt 0.227026 0.547149
vt 0.227142 0.546812
vt 0.226898 0.546900
vt 0.227072 0.546648
vt 0.226814 0.546654
vt 0.227059 0.546413
vt 0.226786 0.546404
vt 0.227355 0.546439
vt 0.227554 0.546782
vt 0.227651 0.546477
vt 0.227273 0.546679
vt 0.227331 0.547024
vt 0.227024 0.530567
vt 0.227140 0.530904
vt 0.227329 0.530692
vt 0.227272 0.531037
vt 0.227553 0.530933
vt 0.227355 0.531277
vt 0.227651 0.531238
vt 0.227071 0.531069
vt 0.227059 0.531304
vt 0.226813 0.531064
vt 0.226785 0.531314
vt 0.226896 0.530817
vt 0.110208 0.125889
vt 0.109950 0.002649
vt 0.109947 0.125977
vt 0.078130 0.139982
vt 0.063062 0.023290
vt 0.063061 0.139982
vt 0.125642 0.490073
vt 0.125641 0.373376
vt 0.110208 0.372539
vt 0.124851 0.490266
vt 0.124852 0.373188
vt 0.093816 0.125976
vt 0.094078 0.002706
vt 0.093820 0.002649
vt 0.094347 0.126057
vt 0.109421 0.002724
vt 0.094351 0.002723
vt 0.109685 0.002707
vt 0.109684 0.126038
vt 0.094078 0.126037
vt 0.109417 0.126058
vt 0.078915 0.373187
vt 0.078911 0.490264
vt 0.220178 0.546676
vt 0.220177 0.546409
vt 0.220179 0.546943
vt 0.220181 0.547210
vt 0.220177 0.531044
vt 0.220176 0.531311
vt 0.220178 0.530777
vt 0.220180 0.530510
vt 0.093559 0.372538
vt 0.078922 0.021952
vt 0.093564 0.002566
vt 0.087252 0.000154
vt 0.125115 0.490169
vt 0.093562 0.125891
vt 0.220430 0.513510
vt 0.228220 0.521821
vt 0.220685 0.513436
vt 0.236009 0.513510
vt 0.236195 0.513709
vt 0.236263 0.513982
vt 0.236263 0.529660
vt 0.220430 0.530131
vt 0.220244 0.529932
vt 0.235754 0.513436
vt 0.220244 0.513709
vt 0.220176 0.529660
vt 0.236195 0.529932
vt 0.220685 0.530204
vt 0.236009 0.530131
vt 0.235754 0.530204
vt 0.220176 0.513982
vt 0.093556 0.495861
vt 0.093821 0.372632
vt 0.093817 0.249306
vt 0.093558 0.249216
vt 0.125113 0.022617
vt 0.124850 0.139029
vt 0.125116 0.139508
vt 0.124851 0.256109
vt 0.125117 0.256396
vt 0.078919 0.139031
vt 0.078914 0.256111
vt 0.078655 0.022625
vt 0.078654 0.139509
vt 0.078655 0.256391
vt 0.109682 0.496031
vt 0.109422 0.372725
vt 0.109419 0.496057
vt 0.109685 0.372701
vt 0.109417 0.249392
vt 0.109683 0.249370
vt 0.094084 0.496030
vt 0.094352 0.372725
vt 0.094086 0.372701
vt 0.094347 0.249393
vt 0.094079 0.249371
vt 0.109944 0.495959
vt 0.109946 0.372633
vt 0.109946 0.249305
vt 0.094350 0.496057
vt 0.093815 0.495957
vt 0.110208 0.249215
vt 0.125637 0.023277
vt 0.125378 0.139854
vt 0.125642 0.139982
vt 0.125378 0.256603
vt 0.125641 0.256679
vt 0.063050 0.373375
vt 0.063051 0.490072
vt 0.078120 0.373376
vt 0.063061 0.256674
vt 0.078130 0.256674
vt 0.110206 0.495862
vt 0.078392 0.023113
vt 0.078392 0.139855
vt 0.078393 0.256598
vt 0.078131 0.023290
vt 0.125373 0.023099
vt 0.173104 0.002565
vt 0.179417 0.000153
vt 0.187746 0.021951
vt 0.188276 0.490098
vt 0.188011 0.373281
vt 0.188272 0.373350
vt 0.141283 0.373350
vt 0.141018 0.490072
vt 0.141017 0.373375
vt 0.141550 0.373280
vt 0.141285 0.490098
vt 0.218414 0.547149
vt 0.218530 0.546812
vt 0.218719 0.547024
vt 0.218286 0.546900
vt 0.218460 0.546648
vt 0.218447 0.546413
vt 0.218202 0.546654
vt 0.218174 0.546404
vt 0.218743 0.546439
vt 0.218942 0.546782
vt 0.219039 0.546477
vt 0.218661 0.546679
vt 0.218412 0.530567
vt 0.218528 0.530904
vt 0.218284 0.530817
vt 0.218717 0.530692
vt 0.218660 0.531037
vt 0.218743 0.531277
vt 0.218941 0.530933
vt 0.219039 0.531238
vt 0.218459 0.531069
vt 0.218201 0.531064
vt 0.218447 0.531304
vt 0.218173 0.531314
vt 0.172847 0.002649
vt 0.173105 0.125889
vt 0.172845 0.125977
vt 0.125960 0.023289
vt 0.141027 0.139982
vt 0.125958 0.139982
vt 0.188539 0.490072
vt 0.188538 0.373375
vt 0.187749 0.490266
vt 0.173105 0.372539
vt 0.187750 0.373188
vt 0.156713 0.125976
vt 0.156976 0.002706
vt 0.156975 0.126037
vt 0.157245 0.126057
vt 0.172318 0.002724
vt 0.172314 0.126058
vt 0.172583 0.002707
vt 0.172581 0.126038
vt 0.157249 0.002723
vt 0.141812 0.373187
vt 0.141550 0.490169
vt 0.211566 0.546676
vt 0.211565 0.546409
vt 0.211567 0.546943
vt 0.211569 0.547210
vt 0.211565 0.531044
vt 0.211566 0.530777
vt 0.211568 0.530510
vt 0.156456 0.372538
vt 0.141808 0.490264
vt 0.211564 0.531311
vt 0.141820 0.021952
vt 0.150150 0.000154
vt 0.156462 0.002566
vt 0.188012 0.490169
vt 0.156460 0.125891
vt 0.156717 0.002649
vt 0.204037 0.496436
vt 0.204291 0.496363
vt 0.211826 0.504747
vt 0.219615 0.496436
vt 0.219802 0.496636
vt 0.219870 0.496908
vt 0.219870 0.512586
vt 0.204037 0.513058
vt 0.203851 0.512858
vt 0.219361 0.496363
vt 0.203851 0.496636
vt 0.203782 0.512586
vt 0.219802 0.512858
vt 0.204291 0.513130
vt 0.219615 0.513058
vt 0.219361 0.513130
vt 0.203782 0.496908
vt 0.156453 0.495860
vt 0.156718 0.372632
vt 0.156712 0.495956
vt 0.156714 0.249306
vt 0.156455 0.249216
vt 0.188010 0.022617
vt 0.187748 0.139029
vt 0.188013 0.139508
vt 0.187749 0.256109
vt 0.188015 0.256396
vt 0.141817 0.139031
vt 0.141812 0.256111
vt 0.141553 0.022625
vt 0.141551 0.139509
vt 0.141553 0.256391
vt 0.172319 0.372725
vt 0.172579 0.496031
vt 0.172317 0.496057
vt 0.172314 0.249392
vt 0.172582 0.372701
vt 0.172581 0.249370
vt 0.156981 0.496030
vt 0.157250 0.372725
vt 0.157247 0.496057
vt 0.156984 0.372701
vt 0.157244 0.249393
vt 0.156977 0.249371
vt 0.172842 0.495959
vt 0.172843 0.372633
vt 0.172844 0.249305
vt 0.173105 0.249214
vt 0.188534 0.023277
vt 0.188275 0.139854
vt 0.188270 0.023099
vt 0.188539 0.139982
vt 0.188275 0.256603
vt 0.188538 0.256679
vt 0.125948 0.373375
vt 0.125948 0.490072
vt 0.125958 0.256674
vt 0.141028 0.256674
vt 0.173104 0.495862
vt 0.141289 0.023113
vt 0.141289 0.139855
vt 0.141290 0.256598
vt 0.141029 0.023290
vt 0.419724 0.589026
vt 0.426664 0.586853
vt 0.426664 0.589026
vt 0.426664 0.351255
vt 0.419724 0.353007
vt 0.419724 0.351255
vt 0.426664 0.461894
vt 0.419724 0.463645
vt 0.419724 0.461894
vt 0.419724 0.593209
vt 0.426664 0.591200
vt 0.426664 0.593209
vt 0.419724 0.497858
vt 0.426664 0.495848
vt 0.426664 0.497858
vt 0.419724 0.325409
vt 0.426664 0.346419
vt 0.419724 0.346419
vt 0.419724 0.348170
vt 0.419724 0.584843
vt 0.426664 0.584843
vt 0.426664 0.348170
vt 0.419724 0.349713
vt 0.426664 0.349713
vt 0.426664 0.353007
vt 0.419724 0.491501
vt 0.426664 0.489492
vt 0.426664 0.491501
vt 0.419724 0.493675
vt 0.426664 0.493675
vt 0.426664 0.466731
vt 0.419724 0.468482
vt 0.419724 0.466731
vt 0.419724 0.495848
vt 0.426664 0.468482
vt 0.419724 0.489492
vt 0.426664 0.465188
vt 0.419724 0.465188
vt 0.426664 0.463645
vt 0.677531 0.759557
vt 0.677123 0.761780
vt 0.676518 0.761577
vt 0.676779 0.763683
vt 0.677431 0.761883
vt 0.677106 0.763713
vt 0.679462 0.758384
vt 0.679057 0.757891
vt 0.678058 0.759920
vt 0.680836 0.756815
vt 0.679668 0.758634
vt 0.678327 0.760105
vt 0.702324 0.749664
vt 0.700546 0.749281
vt 0.702386 0.749023
vt 0.681116 0.757385
vt 0.703596 0.750105
vt 0.703962 0.749574
vt 0.700704 0.749902
vt 0.702289 0.749987
vt 0.700785 0.750225
vt 0.705038 0.750849
vt 0.703414 0.750370
vt 0.705453 0.752659
vt 0.704461 0.751136
vt 0.679461 0.855893
vt 0.680837 0.857463
vt 0.679056 0.856386
vt 0.704819 0.752734
vt 0.704173 0.751284
vt 0.677530 0.854720
vt 0.681117 0.856893
vt 0.679667 0.855642
vt 0.681262 0.856598
vt 0.677122 0.852497
vt 0.676517 0.852699
vt 0.678057 0.854357
vt 0.676146 0.850652
vt 0.677430 0.852394
vt 0.678326 0.854171
vt 0.703595 0.864173
vt 0.705037 0.863428
vt 0.703961 0.864703
vt 0.676778 0.850594
vt 0.702385 0.865255
vt 0.704461 0.863141
vt 0.703413 0.863908
vt 0.704172 0.862993
vt 0.700544 0.864996
vt 0.702322 0.864613
vt 0.155437 0.867766
vt 0.154063 0.866198
vt 0.155717 0.867196
vt 0.700702 0.864375
vt 0.702288 0.864290
vt 0.154269 0.865947
vt 0.152132 0.865024
vt 0.152659 0.864661
vt 0.152928 0.864476
vt 0.151724 0.862801
vt 0.152032 0.862698
vt 0.176924 0.874917
vt 0.175146 0.875300
vt 0.175304 0.874679
vt 0.176890 0.874595
vt 0.175384 0.874356
vt 0.178197 0.874477
vt 0.176987 0.875559
vt 0.178015 0.874212
vt 0.179639 0.873732
vt 0.179062 0.873445
vt 0.150748 0.773930
vt 0.151724 0.772085
vt 0.151379 0.773987
vt 0.152032 0.772188
vt 0.152132 0.769862
vt 0.152658 0.770225
vt 0.152928 0.770410
vt 0.154062 0.768688
vt 0.154268 0.768939
vt 0.155438 0.767118
vt 0.155718 0.767689
vt 0.155864 0.767983
vt 0.179062 0.761441
vt 0.180054 0.762964
vt 0.179419 0.763038
vt 0.178773 0.761588
vt 0.179089 0.763079
vt 0.178196 0.760409
vt 0.179638 0.761153
vt 0.178014 0.760674
vt 0.176986 0.759327
vt 0.176924 0.759969
vt 0.175145 0.759586
vt 0.175303 0.760207
vt 0.176889 0.760291
vt 0.681261 0.757679
vt 0.155862 0.866902
vt 0.700783 0.864052
vt 0.175383 0.760529
vt 0.179420 0.871848
vt 0.179089 0.871807
vt 0.676148 0.763625
vt 0.150749 0.860956
vt 0.151380 0.860899
vt 0.677105 0.850563
vt 0.151707 0.860868
vt 0.151707 0.774018
vt 0.705453 0.861618
vt 0.704818 0.861543
vt 0.704488 0.861503
vt 0.180054 0.871922
vt 0.178774 0.873298
vt 0.704489 0.752774
vt 0.419724 0.586853
vt 0.433909 0.586853
vt 0.426969 0.589026
vt 0.433909 0.589026
vt 0.426970 0.353007
vt 0.433909 0.351255
vt 0.426970 0.351255
vt 0.426969 0.463645
vt 0.433909 0.461894
vt 0.426969 0.461894
vt 0.433909 0.591200
vt 0.426969 0.593209
vt 0.433909 0.593209
vt 0.433909 0.495848
vt 0.426970 0.497858
vt 0.433909 0.497858
vt 0.433909 0.346419
vt 0.426970 0.325409
vt 0.426970 0.346419
vt 0.426970 0.348170
vt 0.426969 0.591200
vt 0.426969 0.584843
vt 0.433909 0.584843
vt 0.426970 0.349713
vt 0.433909 0.348170
vt 0.433909 0.349713
vt 0.433909 0.353007
vt 0.433909 0.489492
vt 0.426969 0.491501
vt 0.433909 0.491501
vt 0.426970 0.493675
vt 0.433909 0.493675
vt 0.426969 0.468482
vt 0.433909 0.466730
vt 0.426969 0.466730
vt 0.426969 0.495848
vt 0.426969 0.489492
vt 0.433909 0.468482
vt 0.433909 0.465188
vt 0.426969 0.465188
vt 0.433909 0.463645
vt 0.092908 0.769861
vt 0.092500 0.772084
vt 0.093435 0.770224
vt 0.092156 0.773987
vt 0.092808 0.772187
vt 0.094838 0.768688
vt 0.094434 0.768195
vt 0.096213 0.767119
vt 0.096493 0.767689
vt 0.095045 0.768938
vt 0.115923 0.759585
vt 0.117700 0.759968
vt 0.117763 0.759327
vt 0.118973 0.760409
vt 0.119338 0.759878
vt 0.116081 0.760206
vt 0.117666 0.760291
vt 0.120414 0.761153
vt 0.119838 0.761440
vt 0.118790 0.760674
vt 0.120830 0.762963
vt 0.120195 0.763038
vt 0.096213 0.867767
vt 0.094838 0.866197
vt 0.094433 0.866690
vt 0.119550 0.761588
vt 0.092907 0.865024
vt 0.093434 0.864661
vt 0.096493 0.867197
vt 0.095044 0.865946
vt 0.092499 0.862801
vt 0.091894 0.863003
vt 0.091523 0.860956
vt 0.092155 0.860898
vt 0.092807 0.862698
vt 0.120414 0.873732
vt 0.118972 0.874476
vt 0.119337 0.875007
vt 0.117762 0.875559
vt 0.117699 0.874917
vt 0.119837 0.873445
vt 0.118789 0.874212
vt 0.115921 0.875300
vt 0.116079 0.874679
vt 0.124450 0.866198
vt 0.125825 0.867766
vt 0.126105 0.867197
vt 0.117664 0.874594
vt 0.124656 0.865947
vt 0.126250 0.866902
vt 0.122520 0.865024
vt 0.124046 0.866690
vt 0.123047 0.864662
vt 0.123316 0.864476
vt 0.122112 0.862802
vt 0.122420 0.862699
vt 0.147312 0.874917
vt 0.145534 0.875300
vt 0.147375 0.875559
vt 0.145692 0.874680
vt 0.147277 0.874595
vt 0.145772 0.874357
vt 0.148585 0.874477
vt 0.148950 0.875008
vt 0.148402 0.874212
vt 0.150026 0.873732
vt 0.149450 0.873445
vt 0.149162 0.873298
vt 0.122111 0.772085
vt 0.121136 0.773930
vt 0.121767 0.773987
vt 0.122419 0.772188
vt 0.122095 0.774018
vt 0.122519 0.769862
vt 0.121506 0.771882
vt 0.123046 0.770225
vt 0.123316 0.770410
vt 0.124450 0.768688
vt 0.124656 0.768939
vt 0.125826 0.767118
vt 0.124045 0.768195
vt 0.126106 0.767689
vt 0.126251 0.767983
vt 0.149450 0.761441
vt 0.150442 0.762964
vt 0.150026 0.761154
vt 0.149807 0.763039
vt 0.149161 0.761588
vt 0.149477 0.763079
vt 0.148584 0.760409
vt 0.148950 0.759878
vt 0.148402 0.760674
vt 0.147374 0.759327
vt 0.147311 0.759969
vt 0.147277 0.760291
vt 0.145533 0.759586
vt 0.145691 0.760207
vt 0.145771 0.760530
vt 0.116161 0.760529
vt 0.116159 0.874356
vt 0.149808 0.871848
vt 0.149477 0.871807
vt 0.091524 0.773929
vt 0.121136 0.860957
vt 0.121768 0.860899
vt 0.092482 0.860867
vt 0.122095 0.860868
vt 0.120830 0.871922
vt 0.121507 0.863004
vt 0.120195 0.871847
vt 0.119549 0.873297
vt 0.150442 0.871922
vt 0.119865 0.763078
vt 0.119864 0.871807
vt 0.426969 0.586853
vt 0.096639 0.866902
vt 0.093703 0.864475
vt 0.096638 0.767983
vt 0.093704 0.770409
vt 0.092483 0.774017
vt 0.091895 0.771881
vt 0.530627 0.469539
vt 0.537050 0.477362
vt 0.530627 0.477362
vt 0.537050 0.573453
vt 0.530627 0.581276
vt 0.530627 0.573453
vt 0.537050 0.479658
vt 0.530627 0.571157
vt 0.530627 0.479658
vt 0.537050 0.479084
vt 0.530627 0.479084
vt 0.537050 0.478510
vt 0.530627 0.478510
vt 0.537050 0.477936
vt 0.530627 0.477936
vt 0.537050 0.572879
vt 0.530627 0.572879
vt 0.537049 0.572305
vt 0.530627 0.572305
vt 0.537050 0.571731
vt 0.530627 0.571731
vt 0.537050 0.571157
vt 0.522231 0.470826
vt 0.522515 0.470469
vt 0.522556 0.470759
vt 0.522117 0.470566
vt 0.522471 0.470178
vt 0.521998 0.470308
vt 0.522423 0.469882
vt 0.521874 0.470041
vt 0.522375 0.469574
vt 0.522021 0.470968
vt 0.521622 0.470572
vt 0.521415 0.470364
vt 0.521736 0.469751
vt 0.521880 0.471179
vt 0.521821 0.470770
vt 0.521359 0.470949
vt 0.520802 0.470686
vt 0.521188 0.470137
vt 0.521522 0.471465
vt 0.521619 0.471066
vt 0.521230 0.471421
vt 0.520934 0.471374
vt 0.521093 0.470824
vt 0.520626 0.471327
vt 0.521882 0.563467
vt 0.521521 0.563174
vt 0.521815 0.563131
vt 0.521618 0.563577
vt 0.521229 0.563218
vt 0.521358 0.563694
vt 0.520932 0.563266
vt 0.521090 0.563818
vt 0.520624 0.563313
vt 0.521820 0.563874
vt 0.521620 0.564072
vt 0.521413 0.564280
vt 0.520799 0.563955
vt 0.522020 0.563676
vt 0.522115 0.564078
vt 0.521872 0.564604
vt 0.521184 0.564507
vt 0.522230 0.563818
vt 0.522515 0.564176
vt 0.522470 0.564467
vt 0.521997 0.564337
vt 0.522422 0.564764
vt 0.522374 0.565072
vt 0.521733 0.564894
vt 0.521814 0.471505
vt 0.530321 0.470451
vt 0.530322 0.470755
vt 0.530320 0.470147
vt 0.530319 0.469843
vt 0.530318 0.469539
vt 0.522556 0.563886
vt 0.530321 0.564194
vt 0.530320 0.564498
vt 0.530319 0.564802
vt 0.530318 0.565106
vt 0.209258 0.759327
vt 0.201435 0.853773
vt 0.201435 0.759327
vt 0.898350 0.900422
vt 0.894455 0.899185
vt 0.898350 0.899185
vt 0.517523 0.494519
vt 0.517466 0.494226
vt 0.516619 0.470810
vt 0.894454 0.759835
vt 0.898348 0.758598
vt 0.898349 0.759835
vt 0.894454 0.762310
vt 0.898350 0.897947
vt 0.894455 0.897947
vt 0.465130 0.608836
vt 0.464682 0.473394
vt 0.465129 0.473453
vt 0.517467 0.587695
vt 0.519051 0.608678
vt 0.517302 0.587945
vt 0.894454 0.761072
vt 0.898349 0.761072
vt 0.898350 0.902897
vt 0.894455 0.901660
vt 0.898350 0.901660
vt 0.894455 0.900422
vt 0.465313 0.472595
vt 0.464911 0.472419
vt 0.464235 0.473332
vt 0.464510 0.472239
vt 0.463784 0.473267
vt 0.464100 0.472053
vt 0.463323 0.473204
vt 0.463663 0.471855
vt 0.465430 0.471659
vt 0.465738 0.471967
vt 0.465120 0.471349
vt 0.464801 0.471031
vt 0.464460 0.470690
vt 0.466367 0.471543
vt 0.466190 0.471139
vt 0.466010 0.470736
vt 0.465822 0.470325
vt 0.465622 0.469887
vt 0.467169 0.470911
vt 0.467227 0.471361
vt 0.467107 0.470461
vt 0.467043 0.470006
vt 0.466978 0.469539
vt 0.466369 0.610747
vt 0.467171 0.611379
vt 0.466192 0.611150
vt 0.467109 0.611829
vt 0.466012 0.611553
vt 0.467045 0.612284
vt 0.465825 0.611964
vt 0.466980 0.612750
vt 0.465624 0.612402
vt 0.465740 0.610322
vt 0.465432 0.610631
vt 0.465122 0.610941
vt 0.464802 0.611259
vt 0.464461 0.611599
vt 0.465314 0.609694
vt 0.464912 0.609872
vt 0.464510 0.610052
vt 0.464099 0.610237
vt 0.463662 0.610435
vt 0.464683 0.608895
vt 0.464235 0.608957
vt 0.463783 0.609021
vt 0.463321 0.609085
vt 0.898348 0.762310
vt 0.894454 0.758598
vt 0.898349 0.757360
vt 0.518838 0.472276
vt 0.519470 0.473188
vt 0.519051 0.473241
vt 0.519219 0.472109
vt 0.519891 0.473134
vt 0.519603 0.471940
vt 0.520318 0.473080
vt 0.518331 0.471530
vt 0.518624 0.471236
vt 0.518921 0.470940
vt 0.520003 0.471762
vt 0.517585 0.471021
vt 0.517922 0.470256
vt 0.518099 0.469855
vt 0.519231 0.470629
vt 0.516671 0.470390
vt 0.517752 0.470640
vt 0.516725 0.469968
vt 0.516779 0.469539
vt 0.517585 0.610898
vt 0.516672 0.611529
vt 0.516619 0.611108
vt 0.517753 0.611279
vt 0.516725 0.611951
vt 0.517922 0.611663
vt 0.516779 0.612379
vt 0.518331 0.610389
vt 0.518625 0.610683
vt 0.518921 0.610979
vt 0.518099 0.612063
vt 0.518838 0.609643
vt 0.519220 0.609810
vt 0.519603 0.609979
vt 0.519231 0.611291
vt 0.519470 0.608731
vt 0.519891 0.608785
vt 0.520318 0.608839
vt 0.520002 0.610157
vt 0.517523 0.587401
vt 0.517055 0.493813
vt 0.516763 0.493755
vt 0.517302 0.493978
vt 0.517055 0.588112
vt 0.516763 0.588171
vt 0.510347 0.588169
vt 0.200871 0.853660
vt 0.200872 0.759439
vt 0.200394 0.853341
vt 0.200394 0.759758
vt 0.200076 0.852865
vt 0.200075 0.760235
vt 0.199965 0.852311
vt 0.199963 0.760798
vt 0.502155 0.493756
vt 0.510346 0.493756
vt 0.241914 0.863241
vt 0.235492 0.871063
vt 0.235492 0.863241
vt 0.235492 0.759327
vt 0.241914 0.767150
vt 0.235492 0.767150
vt 0.235492 0.769446
vt 0.241914 0.860945
vt 0.235492 0.860945
vt 0.241914 0.861519
vt 0.235492 0.861519
vt 0.241914 0.862093
vt 0.235492 0.862093
vt 0.241914 0.862667
vt 0.235492 0.862667
vt 0.241914 0.767724
vt 0.235492 0.767724
vt 0.241914 0.768298
vt 0.235492 0.768298
vt 0.241914 0.768872
vt 0.235492 0.768872
vt 0.241914 0.769446
vt 0.182250 0.853967
vt 0.181967 0.853609
vt 0.182291 0.853677
vt 0.182206 0.854258
vt 0.181852 0.853869
vt 0.182158 0.854554
vt 0.181733 0.854128
vt 0.182110 0.854863
vt 0.181608 0.854395
vt 0.181756 0.853467
vt 0.181356 0.853863
vt 0.181557 0.853665
vt 0.181470 0.854685
vt 0.181149 0.854070
vt 0.181619 0.853258
vt 0.181355 0.853368
vt 0.181094 0.853485
vt 0.180535 0.853746
vt 0.180827 0.853609
vt 0.181258 0.852965
vt 0.181551 0.852922
vt 0.180965 0.853009
vt 0.180668 0.853057
vt 0.180360 0.853104
vt 0.181257 0.761253
vt 0.181616 0.760967
vt 0.181550 0.761293
vt 0.180965 0.761209
vt 0.181354 0.760854
vt 0.180669 0.761162
vt 0.181095 0.760736
vt 0.180362 0.761115
vt 0.180828 0.760611
vt 0.181557 0.760558
vt 0.181756 0.760756
vt 0.181151 0.760152
vt 0.181357 0.760359
vt 0.180538 0.760474
vt 0.181852 0.760354
vt 0.181967 0.760614
vt 0.181609 0.759829
vt 0.181734 0.760095
vt 0.180923 0.759925
vt 0.182251 0.760256
vt 0.182291 0.760547
vt 0.182206 0.759966
vt 0.182158 0.759670
vt 0.182110 0.759361
vt 0.190057 0.853985
vt 0.190057 0.853681
vt 0.190056 0.854289
vt 0.190055 0.854593
vt 0.190054 0.854897
vt 0.190057 0.760239
vt 0.190057 0.760543
vt 0.190056 0.759935
vt 0.190055 0.759631
vt 0.190054 0.759327
vt 0.211035 0.759327
vt 0.218858 0.853773
vt 0.211035 0.853773
vt 0.898350 0.593400
vt 0.894456 0.594637
vt 0.894456 0.593400
vt 0.494976 0.494520
vt 0.495878 0.470813
vt 0.495034 0.494227
vt 0.898349 0.735211
vt 0.894455 0.733974
vt 0.898349 0.733974
vt 0.894456 0.595874
vt 0.898349 0.731499
vt 0.894455 0.731499
vt 0.490513 0.473394
vt 0.490067 0.608835
vt 0.490065 0.473453
vt 0.495036 0.587695
vt 0.495201 0.587945
vt 0.493452 0.608678
vt 0.894455 0.732737
vt 0.898349 0.732737
vt 0.898350 0.594637
vt 0.898350 0.590925
vt 0.894456 0.592162
vt 0.894456 0.590925
vt 0.898350 0.592162
vt 0.489881 0.472596
vt 0.490284 0.472419
vt 0.490960 0.473332
vt 0.490685 0.472240
vt 0.491411 0.473268
vt 0.491095 0.472054
vt 0.491874 0.473204
vt 0.489764 0.471661
vt 0.489456 0.471970
vt 0.490073 0.471352
vt 0.490392 0.471034
vt 0.490732 0.470693
vt 0.488827 0.471546
vt 0.489184 0.470741
vt 0.489004 0.471143
vt 0.489570 0.469892
vt 0.489371 0.470330
vt 0.488027 0.470915
vt 0.487968 0.471364
vt 0.488088 0.470466
vt 0.488153 0.470012
vt 0.488217 0.469547
vt 0.488829 0.610742
vt 0.488029 0.611372
vt 0.487970 0.610923
vt 0.489006 0.611145
vt 0.488090 0.611821
vt 0.489185 0.611547
vt 0.488155 0.612275
vt 0.489372 0.611957
vt 0.488219 0.612740
vt 0.489765 0.610627
vt 0.489457 0.610318
vt 0.490393 0.611254
vt 0.490074 0.610937
vt 0.490734 0.611594
vt 0.489883 0.609692
vt 0.490686 0.610049
vt 0.490285 0.609869
vt 0.491096 0.610234
vt 0.491532 0.610432
vt 0.490513 0.608894
vt 0.490960 0.608956
vt 0.491411 0.609020
vt 0.491874 0.609083
vt 0.898349 0.736449
vt 0.894455 0.735211
vt 0.493028 0.473191
vt 0.493660 0.472279
vt 0.493447 0.473243
vt 0.492608 0.473137
vt 0.493279 0.472112
vt 0.492179 0.473083
vt 0.492895 0.471943
vt 0.493873 0.471238
vt 0.494167 0.471532
vt 0.493266 0.470632
vt 0.493576 0.470943
vt 0.494746 0.470643
vt 0.494913 0.471024
vt 0.494576 0.470260
vt 0.494398 0.469859
vt 0.495826 0.470393
vt 0.495772 0.469972
vt 0.495718 0.469544
vt 0.495831 0.611527
vt 0.494918 0.610897
vt 0.495883 0.611108
vt 0.495777 0.611949
vt 0.494751 0.611278
vt 0.495723 0.612377
vt 0.494581 0.611661
vt 0.494172 0.610388
vt 0.493878 0.610682
vt 0.494404 0.612061
vt 0.493581 0.610978
vt 0.493665 0.609642
vt 0.493283 0.609809
vt 0.492500 0.610156
vt 0.492900 0.609978
vt 0.493033 0.608730
vt 0.492612 0.608784
vt 0.492185 0.608838
vt 0.894455 0.736449
vt 0.894454 0.757360
vt 0.494979 0.587400
vt 0.495446 0.493814
vt 0.495738 0.493756
vt 0.495198 0.493979
vt 0.495449 0.588112
vt 0.495741 0.588171
vt 0.502157 0.588169
vt 0.467229 0.610929
vt 0.894456 0.923811
vt 0.894455 0.902897
vt 0.210472 0.759439
vt 0.210472 0.853661
vt 0.209994 0.759758
vt 0.209994 0.853342
vt 0.209676 0.852865
vt 0.209566 0.852312
vt 0.209675 0.760235
vt 0.992601 0.295602
vt 0.985662 0.297776
vt 0.985662 0.295602
vt 0.992601 0.297776
vt 0.985662 0.299785
vt 0.992601 0.544462
vt 0.985661 0.546636
vt 0.985661 0.544462
vt 0.992601 0.540279
vt 0.985661 0.542288
vt 0.985661 0.540279
vt 0.985662 0.291419
vt 0.992601 0.293429
vt 0.985662 0.293429
vt 0.992601 0.269669
vt 0.985662 0.269669
vt 0.992601 0.267918
vt 0.992601 0.299785
vt 0.985662 0.264832
vt 0.992601 0.263081
vt 0.992601 0.264832
vt 0.985662 0.266375
vt 0.992601 0.266375
vt 0.985662 0.267918
vt 0.992601 0.546636
vt 0.985661 0.548645
vt 0.985661 0.576986
vt 0.992601 0.575235
vt 0.992601 0.576986
vt 0.985661 0.572149
vt 0.992601 0.570397
vt 0.992601 0.572149
vt 0.992601 0.542288
vt 0.985661 0.570397
vt 0.992601 0.548645
vt 0.985662 0.263081
vt 0.992601 0.000153
vt 0.985661 0.573692
vt 0.992601 0.573692
vt 0.985661 0.575235
vt 0.930560 0.281516
vt 0.929855 0.283646
vt 0.929541 0.283540
vt 0.930833 0.281705
vt 0.930165 0.283751
vt 0.931103 0.281891
vt 0.930475 0.283855
vt 0.932300 0.280101
vt 0.932507 0.280354
vt 0.932714 0.280606
vt 0.931372 0.282077
vt 0.933876 0.278769
vt 0.932090 0.279845
vt 0.934021 0.279064
vt 0.934165 0.279358
vt 0.954270 0.270974
vt 0.956088 0.271040
vt 0.954353 0.271296
vt 0.956056 0.271366
vt 0.954434 0.271616
vt 0.956025 0.271692
vt 0.954517 0.271936
vt 0.956121 0.270707
vt 0.957526 0.271534
vt 0.957340 0.271804
vt 0.957155 0.272073
vt 0.958800 0.272551
vt 0.957716 0.271259
vt 0.958500 0.272700
vt 0.958208 0.272846
vt 0.959211 0.274374
vt 0.958881 0.274412
vt 0.958553 0.274450
vt 0.957915 0.272993
vt 0.933873 0.532894
vt 0.932296 0.531560
vt 0.934018 0.532598
vt 0.932503 0.531308
vt 0.934162 0.532304
vt 0.932710 0.531056
vt 0.934307 0.532010
vt 0.930555 0.530144
vt 0.932086 0.531816
vt 0.930829 0.529955
vt 0.931099 0.529769
vt 0.929853 0.528012
vt 0.930163 0.527909
vt 0.930472 0.527806
vt 0.931369 0.529584
vt 0.959211 0.537289
vt 0.958497 0.538965
vt 0.958874 0.537251
vt 0.958204 0.538818
vt 0.958551 0.537214
vt 0.957911 0.538672
vt 0.958221 0.537177
vt 0.958796 0.539114
vt 0.957521 0.540130
vt 0.957336 0.539861
vt 0.957151 0.539591
vt 0.956116 0.540957
vt 0.957711 0.540406
vt 0.956084 0.540624
vt 0.956052 0.540298
vt 0.954267 0.540690
vt 0.954349 0.540368
vt 0.954431 0.540048
vt 0.956020 0.539972
vt 0.064709 0.905176
vt 0.066161 0.906424
vt 0.064503 0.905428
vt 0.066017 0.906718
vt 0.064296 0.905681
vt 0.065872 0.907014
vt 0.064086 0.905937
vt 0.063099 0.903890
vt 0.063368 0.903705
vt 0.062829 0.904077
vt 0.062555 0.904265
vt 0.062471 0.901926
vt 0.062162 0.902030
vt 0.061851 0.902134
vt 0.061537 0.902240
vt 0.088019 0.914093
vt 0.086430 0.914169
vt 0.086512 0.913849
vt 0.088051 0.914419
vt 0.086348 0.914489
vt 0.088083 0.914745
vt 0.086266 0.914811
vt 0.089150 0.913712
vt 0.089335 0.913982
vt 0.089520 0.914252
vt 0.088115 0.915078
vt 0.090204 0.912940
vt 0.090497 0.913087
vt 0.090796 0.913237
vt 0.089710 0.914528
vt 0.089910 0.912793
vt 0.090550 0.911333
vt 0.090880 0.911371
vt 0.091217 0.911409
vt 0.062482 0.657979
vt 0.061833 0.659782
vt 0.062173 0.657876
vt 0.061507 0.659752
vt 0.061863 0.657773
vt 0.061180 0.659722
vt 0.061549 0.657668
vt 0.063109 0.656016
vt 0.063379 0.656201
vt 0.062839 0.655830
vt 0.062565 0.655641
vt 0.064720 0.654730
vt 0.064513 0.654478
vt 0.064306 0.654225
vt 0.064096 0.653969
vt 0.066173 0.653481
vt 0.066317 0.653776
vt 0.066028 0.653188
vt 0.065883 0.652892
vt 0.089161 0.646196
vt 0.090214 0.646969
vt 0.089921 0.647115
vt 0.089346 0.645926
vt 0.090506 0.646823
vt 0.089532 0.645658
vt 0.090806 0.646674
vt 0.088062 0.645489
vt 0.088094 0.645163
vt 0.088127 0.644830
vt 0.089721 0.645382
vt 0.088030 0.645815
vt 0.086441 0.645739
vt 0.086359 0.645419
vt 0.086277 0.645097
vt 0.934310 0.279652
vt 0.066305 0.906130
vt 0.954513 0.539728
vt 0.086524 0.646059
vt 0.930150 0.525974
vt 0.929823 0.285660
vt 0.930153 0.285689
vt 0.929497 0.526033
vt 0.929493 0.285631
vt 0.929157 0.285600
vt 0.090231 0.648610
vt 0.090220 0.911297
vt 0.090559 0.648573
vt 0.090887 0.648535
vt 0.958225 0.274487
vt 0.929170 0.526063
vt 0.929539 0.528117
vt 0.929824 0.526003
vt 0.061820 0.900122
vt 0.062149 0.900093
vt 0.061485 0.900153
vt 0.061159 0.900184
vt 0.091217 0.648497
vt 0.062160 0.659811
vt 0.235186 0.767150
vt 0.228764 0.759327
vt 0.228764 0.767150
vt 0.228764 0.871063
vt 0.235186 0.863240
vt 0.228764 0.863240
vt 0.228764 0.860944
vt 0.235186 0.769446
vt 0.228764 0.769446
vt 0.235186 0.768872
vt 0.228764 0.768872
vt 0.235186 0.768298
vt 0.228764 0.768298
vt 0.235186 0.767724
vt 0.228764 0.767724
vt 0.235186 0.862666
vt 0.228764 0.862666
vt 0.235186 0.862092
vt 0.228764 0.862092
vt 0.235186 0.861518
vt 0.228764 0.861518
vt 0.235186 0.860944
vt 0.572095 0.717483
vt 0.571811 0.717841
vt 0.572136 0.717773
vt 0.572051 0.717193
vt 0.571697 0.717581
vt 0.572003 0.716897
vt 0.571578 0.717322
vt 0.571955 0.716588
vt 0.571454 0.717056
vt 0.571601 0.717983
vt 0.571202 0.717586
vt 0.571402 0.717785
vt 0.570768 0.717152
vt 0.570996 0.717379
vt 0.571460 0.718194
vt 0.570940 0.717963
vt 0.571199 0.718081
vt 0.570383 0.717701
vt 0.570673 0.717838
vt 0.571102 0.718480
vt 0.571394 0.718520
vt 0.570810 0.718436
vt 0.570514 0.718389
vt 0.570206 0.718341
vt 0.571102 0.810188
vt 0.571462 0.810482
vt 0.571395 0.810146
vt 0.570809 0.810233
vt 0.571199 0.810592
vt 0.570512 0.810280
vt 0.570938 0.810708
vt 0.570204 0.810327
vt 0.570671 0.810833
vt 0.571401 0.810889
vt 0.571600 0.810690
vt 0.571200 0.811087
vt 0.570993 0.811294
vt 0.570379 0.810970
vt 0.571696 0.811093
vt 0.571810 0.810833
vt 0.571452 0.811619
vt 0.571577 0.811352
vt 0.571314 0.811909
vt 0.572095 0.811191
vt 0.572136 0.810900
vt 0.572050 0.811482
vt 0.572002 0.811778
vt 0.571954 0.812087
vt 0.579901 0.717466
vt 0.579902 0.717770
vt 0.579901 0.717162
vt 0.579899 0.716858
vt 0.579898 0.716554
vt 0.579901 0.811208
vt 0.579902 0.810904
vt 0.579901 0.811512
vt 0.579899 0.811816
vt 0.579898 0.812120
vt 0.191834 0.853773
vt 0.199658 0.759327
vt 0.191834 0.759327
vt 0.894148 0.900422
vt 0.890254 0.899185
vt 0.890254 0.900422
vt 0.617264 0.729209
vt 0.616360 0.705500
vt 0.617207 0.728916
vt 0.894147 0.758598
vt 0.890253 0.759835
vt 0.894147 0.759835
vt 0.890254 0.897947
vt 0.894147 0.762310
vt 0.890253 0.762310
vt 0.435824 0.473394
vt 0.436272 0.608836
vt 0.436270 0.473453
vt 0.617208 0.822385
vt 0.617043 0.822635
vt 0.618792 0.843368
vt 0.890253 0.761072
vt 0.894147 0.761072
vt 0.894148 0.899185
vt 0.894148 0.902897
vt 0.890254 0.901660
vt 0.890254 0.902897
vt 0.894148 0.901660
vt 0.436455 0.472595
vt 0.436052 0.472419
vt 0.435377 0.473332
vt 0.435651 0.472239
vt 0.434926 0.473267
vt 0.435241 0.472053
vt 0.434464 0.473204
vt 0.436571 0.471659
vt 0.436880 0.471967
vt 0.436261 0.471349
vt 0.435942 0.471031
vt 0.434805 0.471855
vt 0.437509 0.471543
vt 0.437151 0.470736
vt 0.437331 0.471139
vt 0.436764 0.469887
vt 0.436964 0.470325
vt 0.438310 0.470911
vt 0.438368 0.471361
vt 0.438248 0.470461
vt 0.438184 0.470006
vt 0.438120 0.469539
vt 0.437510 0.610747
vt 0.438312 0.611379
vt 0.438370 0.610929
vt 0.437333 0.611150
vt 0.438250 0.611829
vt 0.437153 0.611553
vt 0.438186 0.612284
vt 0.436966 0.611964
vt 0.438121 0.612750
vt 0.436573 0.610631
vt 0.436881 0.610322
vt 0.436263 0.610941
vt 0.435944 0.611259
vt 0.435602 0.611599
vt 0.436053 0.609872
vt 0.436456 0.609694
vt 0.435651 0.610052
vt 0.435240 0.610237
vt 0.434803 0.610435
vt 0.435824 0.608895
vt 0.435376 0.608957
vt 0.434924 0.609021
vt 0.434462 0.609085
vt 0.894147 0.757360
vt 0.890253 0.758598
vt 0.619211 0.707878
vt 0.618579 0.706966
vt 0.618791 0.707931
vt 0.619632 0.707824
vt 0.618960 0.706799
vt 0.620059 0.707770
vt 0.619344 0.706630
vt 0.618071 0.706220
vt 0.618662 0.705630
vt 0.618365 0.705926
vt 0.619743 0.706452
vt 0.617326 0.705711
vt 0.617493 0.705330
vt 0.618972 0.705319
vt 0.617663 0.704946
vt 0.616412 0.705080
vt 0.616466 0.704658
vt 0.616520 0.704229
vt 0.616413 0.846219
vt 0.617326 0.845588
vt 0.616360 0.845798
vt 0.616466 0.846641
vt 0.617494 0.845969
vt 0.616520 0.847069
vt 0.617663 0.846353
vt 0.618072 0.845079
vt 0.618366 0.845373
vt 0.617840 0.846754
vt 0.618662 0.845670
vt 0.618579 0.844333
vt 0.618961 0.844500
vt 0.619743 0.844847
vt 0.619344 0.844669
vt 0.619211 0.843421
vt 0.619632 0.843475
vt 0.620059 0.843529
vt 0.617264 0.822091
vt 0.616796 0.728503
vt 0.616504 0.728445
vt 0.617043 0.728668
vt 0.616796 0.822802
vt 0.616504 0.822861
vt 0.610088 0.822859
vt 0.191271 0.853660
vt 0.191271 0.759439
vt 0.190794 0.853341
vt 0.190794 0.759758
vt 0.190475 0.760235
vt 0.190363 0.760798
vt 0.190475 0.852865
vt 0.610087 0.728446
vt 0.595619 0.705503
vt 0.601896 0.728446
vt 0.242220 0.871063
vt 0.248642 0.863241
vt 0.242220 0.863241
vt 0.248642 0.767150
vt 0.242220 0.759327
vt 0.242220 0.767150
vt 0.248642 0.860945
vt 0.242220 0.769446
vt 0.242220 0.860945
vt 0.248642 0.861519
vt 0.242220 0.861519
vt 0.248642 0.862093
vt 0.242220 0.862093
vt 0.248642 0.862667
vt 0.242220 0.862667
vt 0.248642 0.767724
vt 0.242220 0.767724
vt 0.248642 0.768298
vt 0.242220 0.768298
vt 0.248642 0.768872
vt 0.242220 0.768872
vt 0.248642 0.769446
vt 0.581814 0.810836
vt 0.582098 0.811194
vt 0.582139 0.810904
vt 0.581699 0.811096
vt 0.582053 0.811485
vt 0.581580 0.811355
vt 0.582005 0.811781
vt 0.581455 0.811622
vt 0.581957 0.812090
vt 0.581604 0.810694
vt 0.581204 0.811090
vt 0.580997 0.811297
vt 0.581317 0.811912
vt 0.581466 0.810485
vt 0.581404 0.810892
vt 0.581202 0.810595
vt 0.580942 0.810712
vt 0.580383 0.810973
vt 0.580768 0.811525
vt 0.581105 0.810192
vt 0.580813 0.810236
vt 0.580516 0.810284
vt 0.580674 0.810836
vt 0.580208 0.810331
vt 0.581463 0.718194
vt 0.581105 0.718480
vt 0.581397 0.718520
vt 0.581202 0.718081
vt 0.580812 0.718436
vt 0.580942 0.717963
vt 0.580517 0.718389
vt 0.580676 0.717838
vt 0.580209 0.718341
vt 0.581604 0.717983
vt 0.581404 0.717785
vt 0.580998 0.717379
vt 0.580385 0.717701
vt 0.581699 0.717581
vt 0.581205 0.717586
vt 0.581456 0.717056
vt 0.581319 0.716766
vt 0.580770 0.717152
vt 0.581814 0.717841
vt 0.582098 0.717483
vt 0.582054 0.717193
vt 0.581581 0.717322
vt 0.582006 0.716897
vt 0.581958 0.716588
vt 0.581398 0.810149
vt 0.589904 0.811212
vt 0.589905 0.810908
vt 0.589903 0.811516
vt 0.589902 0.811820
vt 0.589901 0.812124
vt 0.582139 0.717774
vt 0.589904 0.717466
vt 0.589903 0.717162
vt 0.589902 0.716858
vt 0.589901 0.716554
vt 0.228458 0.853773
vt 0.220635 0.759327
vt 0.220635 0.853773
vt 0.894149 0.593400
vt 0.890255 0.594637
vt 0.894149 0.594637
vt 0.594717 0.729211
vt 0.594774 0.728917
vt 0.890253 0.733974
vt 0.894147 0.735211
vt 0.894147 0.733974
vt 0.890253 0.731499
vt 0.894149 0.595874
vt 0.890255 0.595874
vt 0.461208 0.608835
vt 0.461654 0.473394
vt 0.461207 0.473453
vt 0.594777 0.822385
vt 0.593193 0.843368
vt 0.594942 0.822635
vt 0.890253 0.732737
vt 0.894147 0.732737
vt 0.894149 0.590925
vt 0.890255 0.592162
vt 0.894149 0.592162
vt 0.890255 0.593400
vt 0.461023 0.472596
vt 0.461425 0.472419
vt 0.462101 0.473332
vt 0.461826 0.472240
vt 0.462553 0.473268
vt 0.462237 0.472054
vt 0.463015 0.473204
vt 0.462672 0.471855
vt 0.460905 0.471661
vt 0.460597 0.471970
vt 0.461214 0.471352
vt 0.461534 0.471034
vt 0.461873 0.470693
vt 0.459969 0.471546
vt 0.460146 0.471143
vt 0.460325 0.470741
vt 0.460512 0.470330
vt 0.460711 0.469892
vt 0.459168 0.470915
vt 0.459109 0.471364
vt 0.459230 0.470466
vt 0.459294 0.470012
vt 0.459358 0.469547
vt 0.459970 0.610742
vt 0.459170 0.611372
vt 0.460147 0.611145
vt 0.459232 0.611821
vt 0.460326 0.611547
vt 0.459296 0.612275
vt 0.460513 0.611957
vt 0.459360 0.612740
vt 0.460713 0.612394
vt 0.460906 0.610627
vt 0.460599 0.610318
vt 0.461215 0.610937
vt 0.461534 0.611254
vt 0.461875 0.611594
vt 0.461426 0.609869
vt 0.461024 0.609692
vt 0.461827 0.610049
vt 0.462237 0.610234
vt 0.462674 0.610432
vt 0.461655 0.608894
vt 0.462101 0.608956
vt 0.462552 0.609020
vt 0.463015 0.609083
vt 0.894147 0.731499
vt 0.890253 0.735211
vt 0.894147 0.736449
vt 0.593401 0.706969
vt 0.592769 0.707881
vt 0.593188 0.707933
vt 0.593019 0.706802
vt 0.592349 0.707827
vt 0.592636 0.706633
vt 0.591920 0.707773
vt 0.593908 0.706222
vt 0.593614 0.705928
vt 0.593317 0.705633
vt 0.592236 0.706455
vt 0.594487 0.705333
vt 0.594139 0.704549
vt 0.593007 0.705322
vt 0.594654 0.705714
vt 0.595567 0.705083
vt 0.595513 0.704662
vt 0.594317 0.704950
vt 0.595459 0.704234
vt 0.594659 0.845587
vt 0.595572 0.846217
vt 0.595624 0.845798
vt 0.594492 0.845968
vt 0.595518 0.846639
vt 0.594322 0.846351
vt 0.595464 0.847067
vt 0.593913 0.845078
vt 0.593322 0.845668
vt 0.594145 0.846751
vt 0.593024 0.844499
vt 0.593619 0.845372
vt 0.592641 0.844668
vt 0.593012 0.845979
vt 0.593406 0.844332
vt 0.592774 0.843420
vt 0.592353 0.843474
vt 0.591926 0.843528
vt 0.592241 0.844846
vt 0.890253 0.736449
vt 0.890253 0.757360
vt 0.594720 0.822090
vt 0.595187 0.728504
vt 0.595479 0.728446
vt 0.594939 0.728669
vt 0.595190 0.822802
vt 0.595482 0.822861
vt 0.601898 0.822859
vt 0.459111 0.610923
vt 0.890254 0.923811
vt 0.220072 0.759439
vt 0.220072 0.853661
vt 0.219595 0.759758
vt 0.219594 0.853342
vt 0.219276 0.760235
vt 0.219276 0.852865
vt 0.219164 0.760798
vt 0.219166 0.852312
vt 0.992908 0.297776
vt 0.999847 0.295602
vt 0.992908 0.295602
vt 0.992908 0.299785
vt 0.999847 0.297776
vt 0.992907 0.546636
vt 0.999847 0.544462
vt 0.992907 0.544462
vt 0.992907 0.542288
vt 0.999847 0.540279
vt 0.992907 0.540279
vt 0.992908 0.291419
vt 0.999847 0.293429
vt 0.999847 0.291419
vt 0.999847 0.269669
vt 0.999847 0.267918
vt 0.992908 0.269669
vt 0.992908 0.293429
vt 0.999847 0.299785
vt 0.999847 0.263081
vt 0.992908 0.264832
vt 0.999847 0.264832
vt 0.992908 0.266375
vt 0.999847 0.266375
vt 0.992908 0.267918
vt 0.992907 0.548645
vt 0.999847 0.546636
vt 0.999847 0.575235
vt 0.992907 0.576986
vt 0.999847 0.576986
vt 0.999847 0.570397
vt 0.992907 0.572149
vt 0.999847 0.572149
vt 0.999847 0.542288
vt 0.999847 0.548645
vt 0.992907 0.570397
vt 0.999847 0.000153
vt 0.992908 0.263081
vt 0.992907 0.573692
vt 0.999847 0.573692
vt 0.992907 0.575235
vt 0.929855 0.554202
vt 0.930560 0.552072
vt 0.929541 0.554096
vt 0.930165 0.554307
vt 0.930833 0.552261
vt 0.930475 0.554411
vt 0.931103 0.552447
vt 0.932300 0.550657
vt 0.932090 0.550401
vt 0.932507 0.550910
vt 0.932714 0.551162
vt 0.933876 0.549325
vt 0.934021 0.549620
vt 0.934165 0.549914
vt 0.954270 0.541530
vt 0.956088 0.541596
vt 0.956121 0.541263
vt 0.954353 0.541852
vt 0.956056 0.541922
vt 0.954434 0.542172
vt 0.956025 0.542248
vt 0.957526 0.542090
vt 0.957716 0.541815
vt 0.957340 0.542360
vt 0.957155 0.542629
vt 0.958800 0.543107
vt 0.958500 0.543256
vt 0.958208 0.543402
vt 0.959211 0.544930
vt 0.958881 0.544968
vt 0.957915 0.543549
vt 0.958553 0.545006
vt 0.933873 0.803450
vt 0.932296 0.802116
vt 0.932086 0.802372
vt 0.934018 0.803154
vt 0.932503 0.801864
vt 0.934162 0.802860
vt 0.932710 0.801612
vt 0.930555 0.800700
vt 0.930829 0.800511
vt 0.931099 0.800325
vt 0.929853 0.798568
vt 0.929539 0.798673
vt 0.930163 0.798465
vt 0.930472 0.798362
vt 0.959211 0.807845
vt 0.958497 0.809521
vt 0.958796 0.809670
vt 0.958874 0.807807
vt 0.958204 0.809374
vt 0.958551 0.807770
vt 0.957911 0.809228
vt 0.957521 0.810686
vt 0.957711 0.810962
vt 0.957336 0.810417
vt 0.957151 0.810147
vt 0.956116 0.811513
vt 0.956084 0.811180
vt 0.956052 0.810854
vt 0.954267 0.811246
vt 0.954349 0.810924
vt 0.956020 0.810528
vt 0.954431 0.810604
vt 0.932707 0.260499
vt 0.934159 0.261747
vt 0.934303 0.261453
vt 0.932500 0.260751
vt 0.934014 0.262041
vt 0.932293 0.261004
vt 0.933869 0.262337
vt 0.931097 0.259213
vt 0.931366 0.259028
vt 0.930827 0.259399
vt 0.930553 0.259588
vt 0.930469 0.257249
vt 0.930159 0.257353
vt 0.929849 0.257457
vt 0.954427 0.269492
vt 0.956017 0.269416
vt 0.954510 0.269172
vt 0.954345 0.269812
vt 0.956049 0.269742
vt 0.954263 0.270134
vt 0.956081 0.270068
vt 0.957147 0.269035
vt 0.957333 0.269305
vt 0.956113 0.270401
vt 0.957518 0.269574
vt 0.958201 0.268262
vt 0.957908 0.268116
vt 0.958494 0.268409
vt 0.958794 0.268560
vt 0.958548 0.266656
vt 0.958218 0.266620
vt 0.958877 0.266694
vt 0.959215 0.266732
vt 0.930480 0.013302
vt 0.929831 0.015105
vt 0.930157 0.015134
vt 0.930170 0.013199
vt 0.929505 0.015074
vt 0.929860 0.013096
vt 0.929178 0.015045
vt 0.931107 0.011338
vt 0.931376 0.011524
vt 0.930837 0.011153
vt 0.930563 0.010964
vt 0.932718 0.010053
vt 0.932511 0.009800
vt 0.932304 0.009548
vt 0.934170 0.008804
vt 0.934314 0.009099
vt 0.934026 0.008510
vt 0.933881 0.008214
vt 0.958211 0.002292
vt 0.957159 0.001519
vt 0.957918 0.002438
vt 0.958504 0.002146
vt 0.957344 0.001249
vt 0.958803 0.001997
vt 0.957529 0.000980
vt 0.956060 0.000812
vt 0.956028 0.001138
vt 0.956092 0.000486
vt 0.956124 0.000153
vt 0.954439 0.001062
vt 0.954521 0.001382
vt 0.954357 0.000742
vt 0.954275 0.000420
vt 0.954517 0.542492
vt 0.954513 0.810284
vt 0.929823 0.556216
vt 0.930150 0.796530
vt 0.930153 0.556245
vt 0.929497 0.796589
vt 0.929824 0.796559
vt 0.929157 0.556156
vt 0.929493 0.556187
vt 0.958229 0.003933
vt 0.958557 0.003896
vt 0.958885 0.003858
vt 0.958225 0.545043
vt 0.958221 0.807733
vt 0.929170 0.796619
vt 0.929817 0.255445
vt 0.930147 0.255416
vt 0.929482 0.255476
vt 0.929157 0.255507
vt 0.959215 0.003819
vt 0.931369 0.800140
vt 0.934307 0.802566
vt 0.931372 0.552633
vt 0.934310 0.550208
vt 0.073783 0.100504
vt 0.075493 0.105161
vt 0.073783 0.105161
vt 0.073783 0.095847
vt 0.075493 0.100504
vt 0.073783 0.091189
vt 0.075493 0.095847
vt 0.073783 0.086531
vt 0.075493 0.091189
vt 0.073783 0.081875
vt 0.075493 0.086531
vt 0.073783 0.077217
vt 0.075493 0.081875
vt 0.073783 0.072560
vt 0.075493 0.077217
vt 0.073783 0.067903
vt 0.075493 0.072560
vt 0.073783 0.063245
vt 0.075493 0.067903
vt 0.073783 0.142418
vt 0.075493 0.147075
vt 0.073783 0.147075
vt 0.073783 0.137761
vt 0.075493 0.142418
vt 0.073783 0.133104
vt 0.075493 0.137761
vt 0.073783 0.128447
vt 0.075493 0.133104
vt 0.073783 0.123789
vt 0.075493 0.128447
vt 0.073783 0.119133
vt 0.075493 0.123789
vt 0.073783 0.114475
vt 0.075493 0.119133
vt 0.075493 0.109818
vt 0.075493 0.114475
vt 0.073783 0.109818
vt 0.094711 0.287554
vt 0.099008 0.284738
vt 0.097415 0.289114
vt 0.090387 0.269810
vt 0.085801 0.272123
vt 0.085801 0.269001
vt 0.072596 0.280082
vt 0.075671 0.284197
vt 0.072596 0.284739
vt 0.090389 0.295011
vt 0.092415 0.290291
vt 0.094422 0.292683
vt 0.094710 0.277267
vt 0.094420 0.272138
vt 0.097414 0.275705
vt 0.085803 0.292697
vt 0.085803 0.295820
vt 0.077182 0.272138
vt 0.076893 0.277267
vt 0.074189 0.275706
vt 0.079190 0.290291
vt 0.081216 0.295012
vt 0.077183 0.292684
vt 0.095933 0.280623
vt 0.099008 0.280081
vt 0.082283 0.272744
vt 0.081215 0.269810
vt 0.076893 0.287554
vt 0.074189 0.289116
vt 0.089320 0.272743
vt 0.082284 0.292077
vt 0.079189 0.274530
vt 0.254857 0.124583
vt 0.256559 0.125362
vt 0.254795 0.125235
vt 0.256815 0.123668
vt 0.255228 0.122648
vt 0.256955 0.123111
vt 0.257149 0.118457
vt 0.258331 0.119967
vt 0.256788 0.119014
vt 0.254950 0.123933
vt 0.256618 0.124795
vt 0.258532 0.125052
vt 0.258482 0.125525
vt 0.258606 0.124583
vt 0.260250 0.120604
vt 0.259985 0.121009
vt 0.258647 0.119484
vt 0.260535 0.120212
vt 0.258822 0.123653
vt 0.258702 0.124115
vt 0.258040 0.120462
vt 0.256454 0.119586
vt 0.259740 0.121426
vt 0.257773 0.120971
vt 0.256150 0.120176
vt 0.257538 0.117914
vt 0.258986 0.119019
vt 0.266187 0.114615
vt 0.265231 0.112986
vt 0.265882 0.112856
vt 0.259515 0.121856
vt 0.266079 0.116610
vt 0.265624 0.114730
vt 0.266753 0.114530
vt 0.266540 0.116512
vt 0.264587 0.113146
vt 0.265622 0.116732
vt 0.265068 0.114875
vt 0.260807 0.121566
vt 0.260575 0.121951
vt 0.260360 0.122343
vt 0.261565 0.121581
vt 0.261057 0.121194
vt 0.261309 0.121931
vt 0.263011 0.117929
vt 0.263223 0.118982
vt 0.262611 0.118199
vt 0.261321 0.120836
vt 0.261063 0.122288
vt 0.262289 0.123218
vt 0.262633 0.122943
vt 0.262963 0.122676
vt 0.261830 0.121246
vt 0.263266 0.122418
vt 0.264476 0.121049
vt 0.262973 0.120022
vt 0.263289 0.119734
vt 0.263952 0.113341
vt 0.261938 0.116295
vt 0.260408 0.115138
vt 0.260961 0.114765
vt 0.265168 0.116875
vt 0.264521 0.115045
vt 0.261462 0.116620
vt 0.262429 0.115995
vt 0.259875 0.115538
vt 0.262224 0.118492
vt 0.261002 0.116967
vt 0.259360 0.115962
vt 0.260137 0.117727
vt 0.258396 0.116890
vt 0.258868 0.116415
vt 0.261853 0.118802
vt 0.260560 0.117337
vt 0.261158 0.119472
vt 0.259733 0.118139
vt 0.261497 0.119129
vt 0.257954 0.117392
vt 0.259348 0.118569
vt 0.260837 0.119834
vt 0.262869 0.119254
vt 0.262528 0.119544
vt 0.263589 0.118724
vt 0.263617 0.119457
vt 0.261894 0.120162
vt 0.263424 0.117677
vt 0.263966 0.118484
vt 0.264717 0.120701
vt 0.264965 0.120339
vt 0.263959 0.119187
vt 0.265218 0.119979
vt 0.264307 0.118934
vt 0.262102 0.120924
vt 0.255875 0.120779
vt 0.257313 0.122023
vt 0.255630 0.121391
vt 0.259310 0.122293
vt 0.259126 0.122741
vt 0.257530 0.121491
vt 0.257120 0.122563
vt 0.255413 0.122016
vt 0.258964 0.123193
vt 0.261600 0.120492
vt 0.262204 0.119844
vt 0.262382 0.120617
vt 0.260162 0.122746
vt 0.263537 0.122171
vt 0.264014 0.121659
vt 0.263782 0.121921
vt 0.262670 0.120314
vt 0.264241 0.121371
vt 0.273161 0.122471
vt 0.274235 0.120996
vt 0.274513 0.121321
vt 0.263981 0.115245
vt 0.262715 0.113821
vt 0.263329 0.113566
vt 0.264280 0.117232
vt 0.263452 0.115468
vt 0.264721 0.117045
vt 0.262115 0.114106
vt 0.263846 0.117445
vt 0.262934 0.115720
vt 0.259985 0.123151
vt 0.259827 0.123563
vt 0.259691 0.123975
vt 0.260618 0.123031
vt 0.260422 0.123408
vt 0.275005 0.120914
vt 0.276069 0.120684
vt 0.275269 0.121276
vt 0.260250 0.123791
vt 0.261306 0.124070
vt 0.261614 0.123783
vt 0.260832 0.122656
vt 0.261945 0.123498
vt 0.266089 0.134520
vt 0.266297 0.133608
vt 0.266579 0.133843
vt 0.261529 0.114423
vt 0.279478 0.123768
vt 0.281068 0.122761
vt 0.281218 0.123401
vt 0.277475 0.123738
vt 0.277591 0.124200
vt 0.277338 0.123281
vt 0.279342 0.123211
vt 0.279587 0.124330
vt 0.277684 0.124665
vt 0.279667 0.124895
vt 0.277753 0.125135
vt 0.277990 0.120057
vt 0.276330 0.121091
vt 0.275788 0.120289
vt 0.277679 0.119574
vt 0.281336 0.124045
vt 0.281425 0.124695
vt 0.280888 0.122128
vt 0.275488 0.119909
vt 0.277343 0.119107
vt 0.278798 0.118017
vt 0.279183 0.118559
vt 0.274783 0.121661
vt 0.275518 0.121651
vt 0.275043 0.122009
vt 0.276573 0.121511
vt 0.275749 0.122036
vt 0.273502 0.122726
vt 0.273856 0.122986
vt 0.274211 0.123253
vt 0.275289 0.122366
vt 0.270802 0.119869
vt 0.272030 0.119027
vt 0.271069 0.120219
vt 0.274727 0.120567
vt 0.265944 0.117580
vt 0.278277 0.120557
vt 0.270265 0.116637
vt 0.270179 0.114638
vt 0.270740 0.114760
vt 0.269803 0.116535
vt 0.269613 0.114545
vt 0.279539 0.119121
vt 0.279867 0.119696
vt 0.278388 0.117492
vt 0.269338 0.116455
vt 0.269043 0.114483
vt 0.270502 0.112878
vt 0.266348 0.117467
vt 0.266130 0.117967
vt 0.265542 0.117717
vt 0.266750 0.117375
vt 0.266500 0.117849
vt 0.267004 0.116440
vt 0.265762 0.118109
vt 0.266555 0.118574
vt 0.266838 0.118429
vt 0.266869 0.117760
vt 0.267123 0.118322
vt 0.267235 0.117692
vt 0.267408 0.118249
vt 0.269979 0.118937
vt 0.270187 0.118024
vt 0.270562 0.118179
vt 0.267153 0.117310
vt 0.272755 0.118789
vt 0.272921 0.117730
vt 0.273331 0.117984
vt 0.270724 0.116765
vt 0.271295 0.114908
vt 0.273730 0.118259
vt 0.274415 0.116357
vt 0.274888 0.116685
vt 0.273926 0.116052
vt 0.271151 0.113013
vt 0.271793 0.113181
vt 0.269846 0.112776
vt 0.273423 0.115773
vt 0.275408 0.114835
vt 0.272379 0.118549
vt 0.272380 0.119279
vt 0.272719 0.119547
vt 0.273119 0.119049
vt 0.273470 0.119322
vt 0.274113 0.118552
vt 0.271330 0.120569
vt 0.271585 0.120906
vt 0.273045 0.119819
vt 0.271831 0.121216
vt 0.273358 0.120099
vt 0.272070 0.121496
vt 0.272500 0.117492
vt 0.271994 0.118324
vt 0.274127 0.119914
vt 0.274482 0.118867
vt 0.274834 0.119197
vt 0.271671 0.118787
vt 0.275345 0.117037
vt 0.276605 0.118222
vt 0.275169 0.119544
vt 0.275784 0.117410
vt 0.276203 0.117807
vt 0.275958 0.115213
vt 0.276487 0.115615
vt 0.274841 0.114486
vt 0.276999 0.116047
vt 0.277489 0.116505
vt 0.273805 0.119612
vt 0.273660 0.120389
vt 0.274433 0.120232
vt 0.273951 0.120687
vt 0.272311 0.121749
vt 0.272565 0.121989
vt 0.272846 0.122226
vt 0.276219 0.124230
vt 0.275403 0.124360
vt 0.276082 0.123853
vt 0.275963 0.122428
vt 0.276998 0.122378
vt 0.276157 0.122828
vt 0.276985 0.118654
vt 0.278993 0.122121
vt 0.277179 0.122826
vt 0.276795 0.121941
vt 0.278779 0.121589
vt 0.277951 0.116987
vt 0.278541 0.121066
vt 0.280167 0.120286
vt 0.280437 0.120889
vt 0.275519 0.122733
vt 0.275730 0.123103
vt 0.276332 0.123233
vt 0.275918 0.123478
vt 0.274874 0.123798
vt 0.274554 0.123523
vt 0.275160 0.124075
vt 0.275870 0.126999
vt 0.276508 0.126852
vt 0.276460 0.127227
vt 0.276484 0.123641
vt 0.266702 0.135140
vt 0.266935 0.136087
vt 0.266470 0.136007
vt 0.279181 0.122661
vt 0.272068 0.117280
vt 0.272380 0.115288
vt 0.272907 0.115518
vt 0.271626 0.117085
vt 0.271841 0.115085
vt 0.280677 0.121504
vt 0.271179 0.116915
vt 0.273050 0.113611
vt 0.258682 0.128344
vt 0.256687 0.128212
vt 0.258590 0.127877
vt 0.258797 0.128807
vt 0.256795 0.128774
vt 0.273660 0.113873
vt 0.274258 0.114163
vt 0.272426 0.113381
vt 0.258936 0.129264
vt 0.256930 0.129331
vt 0.255205 0.129781
vt 0.255055 0.129141
vt 0.267108 0.135215
vt 0.266838 0.134750
vt 0.267210 0.134827
vt 0.266464 0.134647
vt 0.266294 0.135042
vt 0.266008 0.135905
vt 0.265887 0.134922
vt 0.265550 0.135780
vt 0.267154 0.134160
vt 0.266865 0.134025
vt 0.271969 0.133608
vt 0.270802 0.132911
vt 0.271058 0.132563
vt 0.267401 0.136142
vt 0.267513 0.135267
vt 0.261268 0.131631
vt 0.260205 0.131858
vt 0.261003 0.131268
vt 0.267580 0.134877
vt 0.256606 0.127647
vt 0.258520 0.127409
vt 0.258282 0.132486
vt 0.259942 0.131453
vt 0.260486 0.132253
vt 0.258594 0.132968
vt 0.254936 0.128497
vt 0.254848 0.127847
vt 0.255385 0.130414
vt 0.260786 0.132633
vt 0.258929 0.133438
vt 0.257474 0.134525
vt 0.257089 0.133983
vt 0.261760 0.131223
vt 0.261489 0.130886
vt 0.260756 0.130896
vt 0.261230 0.130539
vt 0.259700 0.131034
vt 0.260525 0.130511
vt 0.262771 0.129821
vt 0.262418 0.129561
vt 0.262064 0.129294
vt 0.260984 0.130181
vt 0.265473 0.132676
vt 0.264245 0.133518
vt 0.265206 0.132326
vt 0.261547 0.131978
vt 0.263519 0.133753
vt 0.263351 0.134815
vt 0.262941 0.134560
vt 0.262038 0.131548
vt 0.257995 0.131988
vt 0.266093 0.137904
vt 0.265531 0.137784
vt 0.266659 0.137996
vt 0.256734 0.133423
vt 0.256406 0.132845
vt 0.257884 0.135050
vt 0.267229 0.138059
vt 0.265771 0.139666
vt 0.264977 0.137634
vt 0.262544 0.134285
vt 0.261858 0.136187
vt 0.261384 0.135857
vt 0.262347 0.136489
vt 0.265121 0.139529
vt 0.264478 0.139361
vt 0.266425 0.139769
vt 0.262849 0.136769
vt 0.260864 0.137707
vt 0.263895 0.133995
vt 0.263895 0.133263
vt 0.263556 0.132998
vt 0.263155 0.133495
vt 0.262804 0.133220
vt 0.262159 0.133990
vt 0.264945 0.131976
vt 0.264689 0.131638
vt 0.263229 0.132723
vt 0.264442 0.131326
vt 0.262915 0.132443
vt 0.263774 0.135050
vt 0.264281 0.134220
vt 0.262147 0.132631
vt 0.261790 0.133678
vt 0.261438 0.133348
vt 0.264605 0.133758
vt 0.260927 0.135505
vt 0.259667 0.134322
vt 0.261103 0.132998
vt 0.260488 0.135132
vt 0.260068 0.134735
vt 0.260315 0.137329
vt 0.259785 0.136927
vt 0.261430 0.138057
vt 0.259274 0.136494
vt 0.258784 0.136037
vt 0.262468 0.132933
vt 0.262614 0.132156
vt 0.261839 0.132311
vt 0.262323 0.131858
vt 0.264204 0.131049
vt 0.263707 0.130556
vt 0.263962 0.130794
vt 0.263426 0.130319
vt 0.260056 0.128319
vt 0.260872 0.128189
vt 0.260193 0.128694
vt 0.260312 0.130119
vt 0.259276 0.130164
vt 0.260117 0.129719
vt 0.259287 0.133888
vt 0.257279 0.130421
vt 0.259095 0.129719
vt 0.259477 0.130604
vt 0.257493 0.130954
vt 0.258321 0.135555
vt 0.257732 0.131476
vt 0.256106 0.132255
vt 0.255836 0.131653
vt 0.260756 0.129816
vt 0.260545 0.129446
vt 0.259943 0.129314
vt 0.260357 0.129072
vt 0.259791 0.128907
vt 0.261400 0.128752
vt 0.261720 0.129024
vt 0.261114 0.128474
vt 0.267443 0.134252
vt 0.276614 0.124050
vt 0.257092 0.129881
vt 0.264206 0.135265
vt 0.263892 0.137254
vt 0.263365 0.137024
vt 0.264647 0.135457
vt 0.264430 0.137456
vt 0.255596 0.131038
vt 0.265095 0.135630
vt 0.263223 0.138932
vt 0.279655 0.127749
vt 0.277666 0.127959
vt 0.277740 0.127489
vt 0.279569 0.128314
vt 0.277570 0.128427
vt 0.262611 0.138669
vt 0.262014 0.138379
vt 0.263845 0.139161
vt 0.279457 0.128877
vt 0.277451 0.128889
vt 0.281199 0.129256
vt 0.281324 0.128609
vt 0.281416 0.127959
vt 0.279714 0.127179
vt 0.281478 0.127307
vt 0.281045 0.129896
vt 0.279318 0.129431
vt 0.279124 0.134088
vt 0.277941 0.132578
vt 0.279486 0.133530
vt 0.277790 0.127020
vt 0.276023 0.131941
vt 0.276288 0.131533
vt 0.277625 0.133058
vt 0.275739 0.132331
vt 0.278233 0.132081
vt 0.279819 0.132955
vt 0.276533 0.131116
vt 0.276721 0.124460
vt 0.276808 0.124867
vt 0.276329 0.124608
vt 0.275593 0.124648
vt 0.276415 0.124982
vt 0.275734 0.124940
vt 0.276479 0.125357
vt 0.275837 0.125235
vt 0.263113 0.130074
vt 0.276871 0.125277
vt 0.275215 0.131348
vt 0.278501 0.131573
vt 0.280123 0.132365
vt 0.278735 0.134627
vt 0.277286 0.133525
vt 0.270086 0.137926
vt 0.271041 0.139559
vt 0.270389 0.139689
vt 0.276758 0.130689
vt 0.270194 0.135932
vt 0.270648 0.137811
vt 0.269518 0.138014
vt 0.269733 0.136032
vt 0.271684 0.139396
vt 0.270652 0.135812
vt 0.271204 0.137669
vt 0.275465 0.130976
vt 0.275698 0.130591
vt 0.275913 0.130199
vt 0.274707 0.130961
vt 0.274964 0.130614
vt 0.259661 0.128499
vt 0.274952 0.131708
vt 0.275209 0.130254
vt 0.273983 0.129324
vt 0.273641 0.129599
vt 0.273311 0.129866
vt 0.274443 0.131296
vt 0.273006 0.130124
vt 0.271799 0.131493
vt 0.273301 0.132521
vt 0.272985 0.132808
vt 0.272320 0.139204
vt 0.274335 0.136249
vt 0.275864 0.137404
vt 0.275312 0.137777
vt 0.271105 0.135667
vt 0.271751 0.137496
vt 0.273662 0.134342
vt 0.274811 0.135925
vt 0.273843 0.136549
vt 0.273262 0.134615
vt 0.276397 0.137007
vt 0.274048 0.134052
vt 0.275270 0.135577
vt 0.259552 0.128089
vt 0.259466 0.127677
vt 0.259945 0.127942
vt 0.260682 0.127902
vt 0.259858 0.127564
vt 0.260541 0.127609
vt 0.259796 0.127189
vt 0.260438 0.127314
vt 0.274327 0.129044
vt 0.259402 0.127267
vt 0.273052 0.133560
vt 0.276912 0.136579
vt 0.276137 0.134815
vt 0.277876 0.135652
vt 0.277405 0.136130
vt 0.274420 0.133743
vt 0.275713 0.135207
vt 0.275114 0.133071
vt 0.276539 0.134402
vt 0.274776 0.133415
vt 0.276924 0.133972
vt 0.278320 0.135150
vt 0.275435 0.132708
vt 0.273406 0.133288
vt 0.273745 0.133001
vt 0.272686 0.133818
vt 0.272657 0.133086
vt 0.274378 0.132383
vt 0.272850 0.134867
vt 0.272310 0.134057
vt 0.271558 0.131841
vt 0.271310 0.132203
vt 0.272318 0.133355
vt 0.274171 0.131618
vt 0.272735 0.130371
vt 0.280399 0.131766
vt 0.278961 0.130521
vt 0.280644 0.131151
vt 0.276964 0.130249
vt 0.277148 0.129804
vt 0.278744 0.131051
vt 0.279152 0.129979
vt 0.280860 0.130529
vt 0.277310 0.129349
vt 0.274672 0.132051
vt 0.274070 0.132698
vt 0.273892 0.131928
vt 0.276110 0.129799
vt 0.272490 0.130621
vt 0.272260 0.130884
vt 0.273602 0.132228
vt 0.272033 0.131171
vt 0.267601 0.117650
vt 0.272291 0.137299
vt 0.273557 0.138724
vt 0.272944 0.138979
vt 0.271994 0.135310
vt 0.272820 0.137074
vt 0.271553 0.135500
vt 0.274157 0.138437
vt 0.272427 0.135097
vt 0.273338 0.136824
vt 0.276288 0.129391
vt 0.276445 0.128979
vt 0.276581 0.128567
vt 0.275654 0.129514
vt 0.275850 0.129134
vt 0.267555 0.117265
vt 0.267937 0.116370
vt 0.267956 0.117245
vt 0.276023 0.128754
vt 0.274967 0.128474
vt 0.274658 0.128759
vt 0.275440 0.129886
vt 0.275905 0.125527
vt 0.276519 0.125732
vt 0.275949 0.125822
vt 0.274743 0.138122
vt 0.267896 0.114445
vt 0.267198 0.112696
vt 0.267861 0.112666
vt 0.267470 0.116392
vt 0.267324 0.114473
vt 0.268470 0.114450
vt 0.268405 0.116372
vt 0.267965 0.117632
vt 0.268330 0.117637
vt 0.268359 0.117250
vt 0.268762 0.117277
vt 0.268872 0.116402
vt 0.267693 0.118204
vt 0.268260 0.118194
vt 0.267976 0.118187
vt 0.268546 0.118229
vt 0.268676 0.134892
vt 0.268870 0.134290
vt 0.269042 0.134847
vt 0.268697 0.117665
vt 0.267916 0.135295
vt 0.268336 0.136172
vt 0.267869 0.136170
vt 0.268375 0.138099
vt 0.268803 0.136152
vt 0.268948 0.138071
vt 0.268524 0.112669
vt 0.269186 0.112706
vt 0.266538 0.112759
vt 0.267801 0.138094
vt 0.267748 0.139874
vt 0.268411 0.139879
vt 0.269073 0.139849
vt 0.269733 0.139784
vt 0.267085 0.139839
vt 0.279747 0.126037
vt 0.281483 0.125348
vt 0.281509 0.126000
vt 0.269268 0.136105
vt 0.277798 0.125605
vt 0.277819 0.126077
vt 0.256529 0.125935
vt 0.281509 0.126655
vt 0.279744 0.126607
vt 0.277816 0.126547
vt 0.268721 0.135277
vt 0.269123 0.135235
vt 0.267946 0.134907
vt 0.268319 0.135297
vt 0.276913 0.125687
vt 0.276933 0.126095
vt 0.268311 0.134912
vt 0.268585 0.134337
vt 0.268017 0.134347
vt 0.268301 0.134357
vt 0.267731 0.134315
vt 0.266277 0.118767
vt 0.287438 0.345218
vt 0.284426 0.348970
vt 0.283996 0.348576
vt 0.285559 0.349999
vt 0.289008 0.346612
vt 0.285901 0.350309
vt 0.287803 0.345519
vt 0.284766 0.349281
vt 0.289342 0.346948
vt 0.286336 0.350698
vt 0.289725 0.347330
vt 0.286833 0.351135
vt 0.290130 0.347735
vt 0.287366 0.351594
vt 0.285324 0.349786
vt 0.288740 0.346345
vt 0.291552 0.314931
vt 0.288900 0.311245
vt 0.289292 0.310942
vt 0.285164 0.349640
vt 0.288555 0.346164
vt 0.291264 0.315213
vt 0.288430 0.311617
vt 0.288293 0.345926
vt 0.285001 0.349494
vt 0.290920 0.315557
vt 0.287908 0.312038
vt 0.290130 0.316347
vt 0.286833 0.312947
vt 0.287366 0.312488
vt 0.288095 0.345760
vt 0.290535 0.315941
vt 0.289725 0.316752
vt 0.286336 0.313385
vt 0.278338 0.338771
vt 0.283057 0.337652
vt 0.278426 0.339076
vt 0.290112 0.353714
vt 0.292259 0.349751
vt 0.290237 0.353785
vt 0.289342 0.317135
vt 0.285901 0.313773
vt 0.278281 0.338562
vt 0.282997 0.337401
vt 0.292357 0.349803
vt 0.290357 0.353848
vt 0.289008 0.317470
vt 0.285559 0.314083
vt 0.282899 0.337059
vt 0.278221 0.338353
vt 0.282187 0.334952
vt 0.277678 0.336403
vt 0.277503 0.335721
vt 0.292357 0.314279
vt 0.290237 0.310297
vt 0.290357 0.310234
vt 0.280333 0.344634
vt 0.284249 0.342401
vt 0.280403 0.344761
vt 0.282817 0.336814
vt 0.278133 0.338048
vt 0.282372 0.335495
vt 0.277851 0.337043
vt 0.292259 0.314332
vt 0.290112 0.310368
vt 0.284301 0.342497
vt 0.280470 0.344878
vt 0.285001 0.314588
vt 0.288095 0.318323
vt 0.284766 0.314801
vt 0.282545 0.336006
vt 0.278006 0.337604
vt 0.281547 0.333051
vt 0.277069 0.333795
vt 0.276971 0.333309
vt 0.280545 0.344991
vt 0.276819 0.331761
vt 0.281322 0.331930
vt 0.276811 0.331906
vt 0.285164 0.314443
vt 0.288293 0.318157
vt 0.282697 0.336456
vt 0.281675 0.333433
vt 0.277193 0.334381
vt 0.284364 0.342589
vt 0.280627 0.345110
vt 0.281320 0.332041
vt 0.276809 0.332041
vt 0.268820 0.120652
vt 0.268943 0.121214
vt 0.268872 0.121291
vt 0.268885 0.120582
vt 0.269080 0.121064
vt 0.268756 0.120082
vt 0.268817 0.120017
vt 0.269007 0.120454
vt 0.268822 0.121329
vt 0.268922 0.121966
vt 0.268870 0.122003
vt 0.268997 0.121881
vt 0.269150 0.121709
vt 0.269663 0.120462
vt 0.268923 0.119912
vt 0.269511 0.119972
vt 0.268826 0.119464
vt 0.269351 0.119534
vt 0.268733 0.119554
vt 0.268679 0.119612
vt 0.268634 0.119649
vt 0.268708 0.120116
vt 0.268770 0.120689
vt 0.263621 0.124285
vt 0.264122 0.124120
vt 0.264576 0.123955
vt 0.264955 0.123798
vt 0.265108 0.124900
vt 0.265646 0.124802
vt 0.263099 0.124455
vt 0.266168 0.130534
vt 0.266022 0.130076
vt 0.266908 0.129041
vt 0.265878 0.129691
vt 0.266832 0.128609
vt 0.263856 0.125090
vt 0.264500 0.124995
vt 0.266314 0.131039
vt 0.266983 0.129581
vt 0.266463 0.131563
vt 0.274180 0.127744
vt 0.273691 0.127917
vt 0.273060 0.127357
vt 0.273174 0.128087
vt 0.272416 0.127452
vt 0.267124 0.130836
vt 0.267054 0.130191
vt 0.274616 0.127567
vt 0.273670 0.127257
vt 0.274976 0.127379
vt 0.275242 0.128184
vt 0.270664 0.129299
vt 0.269536 0.128554
vt 0.270532 0.129596
vt 0.274666 0.127032
vt 0.274216 0.127152
vt 0.271033 0.128899
vt 0.270823 0.129077
vt 0.269607 0.128252
vt 0.271318 0.128744
vt 0.270152 0.130961
vt 0.269337 0.130791
vt 0.270027 0.131491
vt 0.270198 0.127834
vt 0.269904 0.127929
vt 0.269720 0.128057
vt 0.270278 0.130449
vt 0.269380 0.130144
vt 0.270404 0.129986
vt 0.272567 0.124105
vt 0.272365 0.124915
vt 0.273096 0.124250
vt 0.269477 0.128987
vt 0.269426 0.129529
vt 0.272060 0.123958
vt 0.271718 0.124845
vt 0.271600 0.123813
vt 0.267279 0.133638
vt 0.267564 0.133405
vt 0.267095 0.133370
vt 0.267448 0.133078
vt 0.270564 0.124700
vt 0.271215 0.123671
vt 0.271105 0.124775
vt 0.288555 0.317918
vt 0.285324 0.314296
vt 0.277503 0.328362
vt 0.282005 0.329673
vt 0.277341 0.329047
vt 0.281830 0.333894
vt 0.277341 0.335035
vt 0.276811 0.332177
vt 0.288740 0.317737
vt 0.281830 0.330188
vt 0.277193 0.329701
vt 0.282005 0.334409
vt 0.285029 0.343235
vt 0.281620 0.346229
vt 0.281280 0.345868
vt 0.281322 0.332151
vt 0.276819 0.332321
vt 0.281675 0.330649
vt 0.277069 0.330288
vt 0.278133 0.326034
vt 0.282697 0.327626
vt 0.278006 0.326478
vt 0.285339 0.343492
vt 0.282035 0.346662
vt 0.281547 0.331031
vt 0.276971 0.330774
vt 0.282545 0.328075
vt 0.277851 0.327040
vt 0.285714 0.343802
vt 0.282505 0.347140
vt 0.281280 0.318214
vt 0.284801 0.321042
vt 0.281030 0.318486
vt 0.282372 0.328587
vt 0.277678 0.327680
vt 0.286133 0.344147
vt 0.283004 0.347636
vt 0.284641 0.321187
vt 0.280852 0.318688
vt 0.282187 0.329130
vt 0.284524 0.321301
vt 0.280725 0.318842
vt 0.284436 0.321400
vt 0.280627 0.318972
vt 0.279940 0.343715
vt 0.284036 0.341809
vt 0.280075 0.344060
vt 0.278221 0.325729
vt 0.282817 0.327269
vt 0.284094 0.342019
vt 0.280178 0.344307
vt 0.278281 0.325521
vt 0.282899 0.327023
vt 0.289292 0.353140
vt 0.291767 0.349360
vt 0.289590 0.353362
vt 0.284146 0.342172
vt 0.280260 0.344489
vt 0.282997 0.326682
vt 0.278341 0.325311
vt 0.279768 0.343251
vt 0.283964 0.341519
vt 0.291927 0.349506
vt 0.289807 0.353519
vt 0.284196 0.342295
vt 0.283057 0.326430
vt 0.278426 0.325007
vt 0.279565 0.342687
vt 0.283869 0.341128
vt 0.292052 0.349610
vt 0.289972 0.353630
vt 0.288900 0.352837
vt 0.291552 0.349152
vt 0.279343 0.342054
vt 0.283759 0.340654
vt 0.292159 0.349688
vt 0.288430 0.352465
vt 0.291264 0.348869
vt 0.279120 0.341385
vt 0.283634 0.340124
vt 0.287911 0.352044
vt 0.290920 0.348526
vt 0.284249 0.321681
vt 0.280333 0.319448
vt 0.280403 0.319321
vt 0.290535 0.348141
vt 0.284304 0.321585
vt 0.280473 0.319204
vt 0.281620 0.317853
vt 0.285029 0.320848
vt 0.280545 0.319091
vt 0.282035 0.317420
vt 0.285339 0.320590
vt 0.284364 0.321493
vt 0.282505 0.316942
vt 0.285714 0.320280
vt 0.267474 0.133825
vt 0.267696 0.133625
vt 0.267676 0.133948
vt 0.263706 0.128442
vt 0.263909 0.127629
vt 0.263178 0.128294
vt 0.267840 0.133765
vt 0.267882 0.134022
vt 0.284196 0.321787
vt 0.280260 0.319593
vt 0.281335 0.332269
vt 0.276834 0.332483
vt 0.283004 0.316446
vt 0.286133 0.319935
vt 0.284146 0.321910
vt 0.280178 0.319775
vt 0.281357 0.332399
vt 0.276859 0.332681
vt 0.284094 0.322064
vt 0.280075 0.320022
vt 0.281395 0.332557
vt 0.276904 0.332945
vt 0.264214 0.128587
vt 0.264556 0.127697
vt 0.264674 0.128732
vt 0.266764 0.132573
vt 0.265744 0.133013
vt 0.266612 0.132083
vt 0.267193 0.131478
vt 0.265708 0.127842
vt 0.265058 0.128874
vt 0.265168 0.127769
vt 0.266924 0.133011
vt 0.266019 0.133328
vt 0.267266 0.132088
vt 0.270147 0.134575
vt 0.270001 0.133773
vt 0.270515 0.134430
vt 0.264970 0.133980
vt 0.265341 0.134185
vt 0.265714 0.134365
vt 0.260617 0.126642
vt 0.260307 0.126432
vt 0.260597 0.126427
vt 0.260608 0.126210
vt 0.260833 0.126102
vt 0.260787 0.126262
vt 0.267349 0.132633
vt 0.284036 0.322273
vt 0.279940 0.320367
vt 0.279720 0.125465
vt 0.258456 0.125995
vt 0.256525 0.126507
vt 0.254765 0.125888
vt 0.254765 0.126542
vt 0.258475 0.126940
vt 0.258454 0.126467
vt 0.276538 0.126105
vt 0.276534 0.126477
vt 0.276929 0.126505
vt 0.276904 0.126915
vt 0.275968 0.126115
vt 0.275960 0.126407
vt 0.275928 0.126702
vt 0.260403 0.125545
vt 0.259766 0.125692
vt 0.259813 0.125315
vt 0.259345 0.126040
vt 0.259361 0.126860
vt 0.259740 0.126067
vt 0.259341 0.126450
vt 0.259755 0.126815
vt 0.259577 0.124390
vt 0.259370 0.125630
vt 0.260326 0.126725
vt 0.259736 0.126442
vt 0.260313 0.126137
vt 0.260346 0.125842
vt 0.276172 0.128369
vt 0.256552 0.127077
vt 0.254791 0.127194
vt 0.260650 0.125995
vt 0.275664 0.126335
vt 0.275439 0.126442
vt 0.275485 0.126280
vt 0.260847 0.126745
vt 0.260793 0.126585
vt 0.260773 0.126425
vt 0.260667 0.126857
vt 0.275657 0.125902
vt 0.275677 0.126117
vt 0.275623 0.126550
vt 0.267530 0.118797
vt 0.267566 0.118537
vt 0.267676 0.118707
vt 0.275427 0.125800
vt 0.275479 0.125957
vt 0.275500 0.126120
vt 0.275607 0.125687
vt 0.267166 0.118752
vt 0.267364 0.118619
vt 0.266979 0.118944
vt 0.267392 0.118942
vt 0.266807 0.119222
vt 0.261031 0.125360
vt 0.260492 0.125245
vt 0.260622 0.124947
vt 0.261279 0.125642
vt 0.261298 0.125162
vt 0.261608 0.125510
vt 0.267269 0.119167
vt 0.260844 0.125565
vt 0.260799 0.124653
vt 0.261058 0.125787
vt 0.260723 0.125777
vt 0.259980 0.124555
vt 0.260102 0.124173
vt 0.259885 0.124935
vt 0.270107 0.122011
vt 0.270252 0.122468
vt 0.261310 0.127184
vt 0.261348 0.127662
vt 0.261073 0.127477
vt 0.260917 0.125942
vt 0.261009 0.126852
vt 0.261083 0.127050
vt 0.260937 0.126902
vt 0.261158 0.126985
vt 0.261068 0.126817
vt 0.261216 0.126942
vt 0.261390 0.127107
vt 0.273011 0.124982
vt 0.260749 0.127072
vt 0.260879 0.127280
vt 0.261644 0.127304
vt 0.261449 0.127057
vt 0.261735 0.127212
vt 0.261490 0.127017
vt 0.261795 0.127157
vt 0.261261 0.126907
vt 0.261116 0.126787
vt 0.261031 0.126665
vt 0.260978 0.126687
vt 0.260919 0.126710
vt 0.273498 0.125177
vt 0.272861 0.125120
vt 0.273426 0.125242
vt 0.272781 0.125190
vt 0.273626 0.125055
vt 0.274068 0.125245
vt 0.274003 0.125307
vt 0.273621 0.124400
vt 0.272191 0.125065
vt 0.272104 0.125140
vt 0.272745 0.125240
vt 0.272066 0.125195
vt 0.273390 0.125293
vt 0.273966 0.125355
vt 0.274438 0.125433
vt 0.274477 0.125387
vt 0.274176 0.125140
vt 0.274538 0.125330
vt 0.266248 0.121051
vt 0.266978 0.121106
vt 0.266935 0.121754
vt 0.274558 0.124712
vt 0.274629 0.125240
vt 0.274116 0.124553
vt 0.267151 0.120617
vt 0.267119 0.121251
vt 0.267219 0.120684
vt 0.267193 0.121326
vt 0.267025 0.120494
vt 0.267195 0.120049
vt 0.267259 0.120112
vt 0.266375 0.120527
vt 0.267093 0.121918
vt 0.267173 0.122003
vt 0.267245 0.121361
vt 0.267225 0.122038
vt 0.267270 0.120719
vt 0.267308 0.120146
vt 0.267363 0.119676
vt 0.267316 0.119642
vt 0.267086 0.119949
vt 0.267260 0.119584
vt 0.267771 0.118487
vt 0.266650 0.119587
vt 0.267165 0.119499
vt 0.266508 0.120029
vt 0.267826 0.118654
vt 0.267980 0.118702
vt 0.267844 0.118722
vt 0.267980 0.118762
vt 0.267857 0.118779
vt 0.267979 0.118634
vt 0.268115 0.118717
vt 0.267977 0.118467
vt 0.267710 0.118774
vt 0.267735 0.118829
vt 0.267869 0.118829
vt 0.267756 0.118877
vt 0.267981 0.118812
vt 0.268104 0.118774
vt 0.268227 0.118819
vt 0.268094 0.118824
vt 0.268251 0.118764
vt 0.268131 0.118647
vt 0.269365 0.123503
vt 0.270394 0.122851
vt 0.269442 0.123933
vt 0.268185 0.118477
vt 0.268284 0.118694
vt 0.269959 0.121506
vt 0.269290 0.122963
vt 0.269812 0.120979
vt 0.272150 0.128424
vt 0.271696 0.128587
vt 0.265733 0.129399
vt 0.269218 0.122351
vt 0.266628 0.128122
vt 0.266964 0.128074
vt 0.266748 0.128312
vt 0.266857 0.127894
vt 0.267061 0.127967
vt 0.266675 0.127784
vt 0.266782 0.127689
vt 0.266958 0.127792
vt 0.265566 0.129184
vt 0.267038 0.128372
vt 0.267133 0.128262
vt 0.267189 0.128222
vt 0.267115 0.127924
vt 0.266825 0.127634
vt 0.267005 0.127744
vt 0.266528 0.127562
vt 0.266488 0.127617
vt 0.266438 0.128002
vt 0.266379 0.127712
vt 0.274963 0.125357
vt 0.274926 0.124885
vt 0.275200 0.125070
vt 0.265350 0.129017
vt 0.266139 0.127919
vt 0.275264 0.125692
vt 0.275190 0.125495
vt 0.275337 0.125642
vt 0.275115 0.125557
vt 0.275205 0.125725
vt 0.275058 0.125600
vt 0.274882 0.125435
vt 0.270627 0.127739
vt 0.275524 0.125475
vt 0.275395 0.125267
vt 0.274824 0.125485
vt 0.274782 0.125528
vt 0.275013 0.125638
vt 0.275157 0.125755
vt 0.275243 0.125878
vt 0.275294 0.125857
vt 0.275354 0.125832
vt 0.272651 0.128257
vt 0.271163 0.127644
vt 0.275243 0.127184
vt 0.275780 0.127297
vt 0.275650 0.127594
vt 0.269295 0.131436
vt 0.271773 0.127547
vt 0.269121 0.131926
vt 0.269153 0.131293
vt 0.269053 0.131858
vt 0.269080 0.131216
vt 0.269247 0.132048
vt 0.269077 0.132493
vt 0.269013 0.132431
vt 0.269899 0.132016
vt 0.269180 0.130624
vt 0.269100 0.130539
vt 0.269027 0.131181
vt 0.269046 0.130504
vt 0.269002 0.131823
vt 0.268965 0.132395
vt 0.268908 0.132865
vt 0.268956 0.132903
vt 0.269187 0.132596
vt 0.269013 0.132961
vt 0.263263 0.127562
vt 0.269626 0.132956
vt 0.269107 0.133046
vt 0.269767 0.132511
vt 0.262775 0.127367
vt 0.263412 0.127424
vt 0.262846 0.127299
vt 0.263491 0.127352
vt 0.262648 0.127487
vt 0.262204 0.127297
vt 0.262270 0.127237
vt 0.262654 0.128147
vt 0.264082 0.127477
vt 0.264170 0.127402
vt 0.263529 0.127302
vt 0.264207 0.127349
vt 0.262884 0.127249
vt 0.262307 0.127187
vt 0.261834 0.127112
vt 0.262098 0.127404
vt 0.274993 0.126900
vt 0.261715 0.127834
vt 0.262158 0.127994
vt 0.275428 0.126977
vt 0.275473 0.127892
vt 0.275215 0.126755
vt 0.275549 0.126765
vt 0.265476 0.119632
vt 0.276293 0.127989
vt 0.276389 0.127607
vt 0.270924 0.123526
vt 0.268504 0.134057
vt 0.268597 0.133838
vt 0.268708 0.134005
vt 0.275355 0.126600
vt 0.268157 0.133828
vt 0.268295 0.133910
vt 0.268142 0.133895
vt 0.268429 0.133820
vt 0.268446 0.133890
vt 0.268292 0.133783
vt 0.268294 0.133840
vt 0.268392 0.118522
vt 0.268434 0.118779
vt 0.267990 0.133850
vt 0.268090 0.134065
vt 0.268297 0.134077
vt 0.268562 0.133768
vt 0.268416 0.133765
vt 0.268404 0.133715
vt 0.268537 0.133713
vt 0.268291 0.133733
vt 0.268169 0.133770
vt 0.268045 0.133723
vt 0.268179 0.133720
vt 0.268022 0.133780
vt 0.259486 0.124805
vt 0.259417 0.125217
vt 0.270332 0.134962
vt 0.269929 0.135075
vt 0.270734 0.134825
vt 0.269526 0.135167
vt 0.269777 0.134690
vt 0.269723 0.133967
vt 0.269408 0.134782
vt 0.269440 0.134112
vt 0.269155 0.134217
vt 0.260370 0.127020
vt 0.265076 0.134612
vt 0.265480 0.134777
vt 0.264675 0.134427
vt 0.271533 0.134482
vt 0.271134 0.134665
vt 0.268576 0.118919
vt 0.268385 0.118847
vt 0.268514 0.118989
vt 0.268352 0.118904
vt 0.268710 0.119139
vt 0.268632 0.119217
vt 0.268472 0.119047
vt 0.268599 0.118597
vt 0.268209 0.118869
vt 0.268325 0.118949
vt 0.268584 0.119272
vt 0.268437 0.119089
vt 0.268541 0.119311
vt 0.270133 0.124625
vt 0.269179 0.119174
vt 0.268996 0.118907
vt 0.268801 0.118719
vt 0.271250 0.134065
vt 0.270884 0.134260
vt 0.271924 0.134280
vt 0.271613 0.133845
vt 0.276695 0.128152
vt 0.270539 0.133235
vt 0.270273 0.133528
vt 0.270539 0.123143
vt 0.270707 0.123361
vt 0.269835 0.124540
vt 0.262093 0.124797
vt 0.262581 0.124625
vt 0.263213 0.125185
vt 0.269526 0.124233
vt 0.269645 0.124423
vt 0.276788 0.127739
vt 0.276856 0.127327
vt 0.269575 0.117402
vt 0.269167 0.117330
vt 0.269438 0.117795
vt 0.269067 0.117717
vt 0.269812 0.117895
vt 0.269982 0.117500
vt 0.270389 0.117622
vt 0.269123 0.118384
vt 0.268833 0.118292
vt 0.269412 0.118519
vt 0.269698 0.118702
vt 0.264744 0.118059
vt 0.265142 0.117877
vt 0.265027 0.118477
vt 0.265393 0.118282
vt 0.264351 0.118262
vt 0.264665 0.118694
vt 0.271200 0.117932
vt 0.270795 0.117765
vt 0.265738 0.119307
vt 0.266004 0.119014
vt 0.261658 0.124975
vt 0.262603 0.125285
vt 0.261031 0.124360
vt 0.266122 0.121581
vt 0.265240 0.123643
vt 0.266074 0.124707
vt 0.262057 0.125392
vt 0.271600 0.118117
vt 0.270935 0.118359
vt 0.271305 0.118564
vt 0.270257 0.119217
vt 0.270532 0.119532
vt 0.281455 0.332766
vt 0.283144 0.326063
vt 0.278553 0.324562
vt 0.283252 0.325601
vt 0.278718 0.324003
vt 0.283374 0.325075
vt 0.278908 0.323368
vt 0.284436 0.342682
vt 0.280725 0.345240
vt 0.287803 0.318563
vt 0.284426 0.315112
vt 0.283504 0.324517
vt 0.279120 0.322698
vt 0.284524 0.342782
vt 0.280852 0.345394
vt 0.287438 0.318864
vt 0.283996 0.315507
vt 0.284639 0.342895
vt 0.281030 0.345596
vt 0.292159 0.314395
vt 0.289972 0.310453
vt 0.287021 0.319207
vt 0.283512 0.315960
vt 0.284801 0.343040
vt 0.292052 0.314473
vt 0.289807 0.310564
vt 0.286578 0.319571
vt 0.291927 0.314576
vt 0.289590 0.310720
vt 0.283144 0.338019
vt 0.278553 0.339520
vt 0.291767 0.314722
vt 0.283252 0.338482
vt 0.278718 0.340080
vt 0.283964 0.322563
vt 0.279768 0.320831
vt 0.283374 0.339008
vt 0.278908 0.340714
vt 0.283869 0.322954
vt 0.279565 0.321396
vt 0.283504 0.339566
vt 0.283759 0.323428
vt 0.279343 0.322029
vt 0.281455 0.331317
vt 0.276904 0.331137
vt 0.283634 0.323958
vt 0.281395 0.331525
vt 0.276859 0.331401
vt 0.281357 0.331682
vt 0.276834 0.331599
vt 0.266553 0.124485
vt 0.266614 0.124820
vt 0.266368 0.124613
vt 0.266790 0.124705
vt 0.266724 0.124912
vt 0.266890 0.124520
vt 0.266992 0.124620
vt 0.266895 0.124800
vt 0.265450 0.123466
vt 0.266322 0.124905
vt 0.266433 0.124995
vt 0.266475 0.125050
vt 0.266770 0.124965
vt 0.267048 0.124663
vt 0.266945 0.124848
vt 0.267108 0.124363
vt 0.267050 0.124325
vt 0.266664 0.124290
vt 0.266953 0.124220
vt 0.265608 0.123243
vt 0.266737 0.123990
vt 0.265995 0.122093
vt 0.266893 0.122401
vt 0.265868 0.122556
vt 0.269005 0.133375
vt 0.269469 0.133320
vt 0.269297 0.133595
vt 0.266795 0.123556
vt 0.265741 0.122946
vt 0.266847 0.123013
vt 0.268694 0.133678
vt 0.268881 0.133600
vt 0.268743 0.133748
vt 0.268816 0.133530
vt 0.268659 0.133625
vt 0.268773 0.133478
vt 0.268925 0.133300
vt 0.268912 0.133923
vt 0.269110 0.133790
vt 0.268873 0.133245
vt 0.268831 0.133208
vt 0.268736 0.133435
vt 0.268630 0.133580
vt 0.268516 0.133665
vt 0.265437 0.125152
vt 0.265884 0.124987
vt 0.265994 0.125075
vt 0.265332 0.125072
vt 0.264801 0.125232
vt 0.264702 0.125155
vt 0.266035 0.125130
vt 0.264036 0.125235
vt 0.264126 0.125307
vt 0.264166 0.125360
vt 0.264841 0.125283
vt 0.265477 0.125208
vt 0.267250 0.129264
vt 0.267104 0.128809
vt 0.267194 0.128704
vt 0.267164 0.129364
vt 0.267301 0.129901
vt 0.267221 0.129996
vt 0.267250 0.128664
vt 0.267275 0.130664
vt 0.267350 0.130576
vt 0.267403 0.130539
vt 0.267355 0.129864
vt 0.267305 0.129224
vt 0.273463 0.127077
vt 0.272904 0.127224
vt 0.272822 0.127157
vt 0.273538 0.127139
vt 0.274037 0.126990
vt 0.274106 0.127047
vt 0.272782 0.127107
vt 0.272146 0.127234
vt 0.272106 0.127184
vt 0.272236 0.127307
vt 0.274571 0.126945
vt 0.274508 0.126890
vt 0.274468 0.126847
vt 0.273998 0.126942
vt 0.273425 0.127030
vt 0.269281 0.127922
vt 0.269482 0.127839
vt 0.269381 0.128024
vt 0.269548 0.127632
vt 0.269377 0.127742
vt 0.269658 0.127722
vt 0.269163 0.128179
vt 0.269222 0.128219
vt 0.269320 0.128322
vt 0.269951 0.127637
vt 0.269839 0.127547
vt 0.269796 0.127492
vt 0.269502 0.127579
vt 0.269326 0.127694
vt 0.269225 0.127879
vt 0.269121 0.129864
vt 0.269236 0.129321
vt 0.269205 0.129954
vt 0.269146 0.129224
vt 0.269273 0.128764
vt 0.269178 0.128662
vt 0.269121 0.128624
vt 0.269090 0.129186
vt 0.269066 0.129826
vt 0.271426 0.125092
vt 0.270889 0.124955
vt 0.271521 0.125012
vt 0.270788 0.125042
vt 0.270333 0.124895
vt 0.270227 0.124985
vt 0.269893 0.124832
vt 0.270188 0.125043
vt 0.269786 0.124925
vt 0.270749 0.125098
vt 0.271388 0.125148
vt 0.267800 0.133498
vt 0.267641 0.133328
vt 0.267690 0.133270
vt 0.267759 0.133553
vt 0.267920 0.133640
vt 0.267888 0.133695
vt 0.267730 0.133230
vt 0.267594 0.132931
vt 0.267639 0.132893
vt 0.267539 0.132991
vt 0.268064 0.133675
vt 0.267949 0.133593
vt 0.267835 0.133455
vt 0.264847 0.127449
vt 0.265385 0.127587
vt 0.264752 0.127532
vt 0.265486 0.127502
vt 0.265939 0.127647
vt 0.266045 0.127557
vt 0.266084 0.127502
vt 0.265524 0.127447
vt 0.264884 0.127397
vt 0.267453 0.131891
vt 0.267329 0.131331
vt 0.267400 0.131251
vt 0.267388 0.131963
vt 0.267516 0.132463
vt 0.267455 0.132528
vt 0.267450 0.131216
vt 0.267564 0.132425
vt 0.267503 0.131856
vt 0.260866 0.126567
vt 0.260908 0.126422
vt 0.260927 0.126555
vt 0.260861 0.126280
vt 0.260922 0.126290
vt 0.260847 0.126422
vt 0.260981 0.126542
vt 0.260963 0.126422
vt 0.260976 0.126300
vt 0.260968 0.126157
vt 0.261021 0.126175
vt 0.260907 0.126135
vt 0.275407 0.125975
vt 0.275364 0.126120
vt 0.275345 0.125990
vt 0.275413 0.126265
vt 0.275350 0.126252
vt 0.275427 0.126120
vt 0.275292 0.126000
vt 0.275310 0.126122
vt 0.275297 0.126242
vt 0.275304 0.126387
vt 0.275253 0.126367
vt 0.275365 0.126410
vt 0.267614 0.118919
vt 0.267456 0.119012
vt 0.267579 0.118864
vt 0.267499 0.119064
vt 0.267348 0.119242
vt 0.267399 0.119297
vt 0.267441 0.119336
vt 0.267536 0.119106
vt 0.267643 0.118964
vt 0.261194 0.125890
vt 0.261363 0.125717
vt 0.261423 0.125765
vt 0.261134 0.125850
vt 0.261052 0.126022
vt 0.260992 0.125990
vt 0.261465 0.125805
vt 0.261764 0.125652
vt 0.261805 0.125695
vt 0.261702 0.125600
vt 0.261101 0.126050
vt 0.261239 0.125925
vt 0.269022 0.123281
vt 0.269170 0.123733
vt 0.269078 0.123840
vt 0.269108 0.123178
vt 0.268971 0.122643
vt 0.269052 0.122548
vt 0.269023 0.123878
vt 0.269141 0.124280
vt 0.269085 0.124320
vt 0.269235 0.124173
vt 0.268917 0.122681
vt 0.268968 0.123318
vt 0.270835 0.127389
vt 0.270388 0.127554
vt 0.270278 0.127467
vt 0.270940 0.127469
vt 0.271471 0.127312
vt 0.271569 0.127387
vt 0.270237 0.127414
vt 0.271432 0.127259
vt 0.270794 0.127337
vt 0.275079 0.126652
vt 0.274911 0.126825
vt 0.274851 0.126777
vt 0.275138 0.126692
vt 0.275222 0.126522
vt 0.275282 0.126552
vt 0.274807 0.126737
vt 0.275172 0.126495
vt 0.275033 0.126617
vt 0.269491 0.124855
vt 0.269417 0.124650
vt 0.269597 0.124757
vt 0.269212 0.124575
vt 0.269316 0.124750
vt 0.269308 0.124468
vt 0.269745 0.124983
vt 0.269158 0.124620
vt 0.269267 0.124800
vt 0.269447 0.124908
vt 0.262809 0.125465
vt 0.263369 0.125317
vt 0.263450 0.125385
vt 0.262734 0.125402
vt 0.262235 0.125552
vt 0.262168 0.125495
vt 0.263490 0.125435
vt 0.262274 0.125600
vt 0.262848 0.125513
vt 0.267151 0.122681
vt 0.267037 0.123221
vt 0.267066 0.122588
vt 0.267126 0.123318
vt 0.266999 0.123778
vt 0.267094 0.123880
vt 0.267150 0.123918
vt 0.267183 0.123356
vt 0.267206 0.122716
vt 0.286578 0.344512
vt 0.283512 0.348123
vt 0.281335 0.331813
vt 0.287021 0.344875
vt 0.256703 0.124228
vt 0.255073 0.123288
vt 0.104820 0.059563
vt 0.104819 0.057889
vt 0.104991 0.059610
vt 0.104650 0.059610
vt 0.104433 0.059750
vt 0.104433 0.056036
vt 0.104134 0.055804
vt 0.103768 0.055501
vt 0.103355 0.055154
vt 0.102919 0.054782
vt 0.109181 0.054424
vt 0.109321 0.054159
vt 0.102081 0.056428
vt 0.102430 0.056841
vt 0.109386 0.053952
vt 0.102731 0.057208
vt 0.106722 0.054782
vt 0.106286 0.055154
vt 0.109394 0.053789
vt 0.102963 0.057506
vt 0.105873 0.055501
vt 0.109365 0.053662
vt 0.102919 0.061005
vt 0.103355 0.060632
vt 0.105506 0.055804
vt 0.102963 0.058281
vt 0.102732 0.058578
vt 0.103768 0.060285
vt 0.105209 0.056036
vt 0.102430 0.058945
vt 0.104134 0.059983
vt 0.107932 0.055991
vt 0.108304 0.055556
vt 0.102081 0.059358
vt 0.108653 0.055139
vt 0.101709 0.059795
vt 0.101682 0.053762
vt 0.101352 0.053532
vt 0.108953 0.054754
vt 0.101351 0.062254
vt 0.101682 0.062027
vt 0.102065 0.054062
vt 0.102065 0.061725
vt 0.102483 0.054409
vt 0.102483 0.061377
vt 0.100689 0.061032
vt 0.100460 0.061362
vt 0.100989 0.060650
vt 0.109315 0.062232
vt 0.109365 0.062124
vt 0.100276 0.062124
vt 0.100326 0.062232
vt 0.101337 0.060230
vt 0.109246 0.062319
vt 0.100394 0.062319
vt 0.109159 0.062387
vt 0.100481 0.062387
vt 0.107959 0.062024
vt 0.108289 0.062254
vt 0.109053 0.062437
vt 0.100589 0.062437
vt 0.107577 0.061725
vt 0.109394 0.061997
vt 0.108289 0.053532
vt 0.107959 0.053762
vt 0.107158 0.061377
vt 0.109386 0.061834
vt 0.107576 0.054062
vt 0.106722 0.061005
vt 0.109321 0.061627
vt 0.107158 0.054409
vt 0.109315 0.053554
vt 0.109181 0.061362
vt 0.109246 0.053467
vt 0.100319 0.061627
vt 0.106910 0.058578
vt 0.106678 0.058281
vt 0.106678 0.057506
vt 0.106910 0.057208
vt 0.109160 0.053399
vt 0.100255 0.061834
vt 0.107212 0.058945
vt 0.107211 0.056841
vt 0.109053 0.053349
vt 0.100246 0.061997
vt 0.107561 0.059358
vt 0.107561 0.056428
vt 0.108554 0.062394
vt 0.107932 0.059795
vt 0.108761 0.062459
vt 0.108924 0.053319
vt 0.100717 0.062467
vt 0.106537 0.057723
vt 0.108924 0.062467
vt 0.108761 0.053327
vt 0.100880 0.062459
vt 0.106491 0.057893
vt 0.108554 0.053392
vt 0.101086 0.062394
vt 0.101086 0.053392
vt 0.106537 0.058063
vt 0.100880 0.053327
vt 0.100276 0.053662
vt 0.100246 0.053789
vt 0.108953 0.061032
vt 0.100717 0.053319
vt 0.101709 0.055991
vt 0.100255 0.053952
vt 0.108653 0.060650
vt 0.100589 0.053349
vt 0.100319 0.054159
vt 0.108304 0.060230
vt 0.105209 0.059750
vt 0.105506 0.059983
vt 0.100459 0.054424
vt 0.105873 0.060285
vt 0.103103 0.058063
vt 0.100481 0.053399
vt 0.106286 0.060632
vt 0.103151 0.057893
vt 0.100394 0.053467
vt 0.100326 0.053554
vt 0.103103 0.057723
vt 0.100689 0.054754
vt 0.104649 0.056176
vt 0.100989 0.055136
vt 0.104820 0.056223
vt 0.101337 0.055556
vt 0.104991 0.056176
vt 0.688254 0.992926
vt 0.692919 0.993388
vt 0.692348 0.995086
vt 0.690400 0.990071
vt 0.693467 0.991731
vt 0.684995 0.989599
vt 0.689328 0.991497
vt 0.687924 0.987527
vt 0.026074 0.105149
vt 0.024365 0.100493
vt 0.024365 0.105149
vt 0.026074 0.100493
vt 0.024365 0.095835
vt 0.026074 0.095835
vt 0.024365 0.091177
vt 0.026074 0.091177
vt 0.024365 0.086520
vt 0.026074 0.086520
vt 0.024365 0.081863
vt 0.026074 0.081863
vt 0.024365 0.077206
vt 0.026074 0.077206
vt 0.024365 0.072548
vt 0.026074 0.072548
vt 0.024365 0.067892
vt 0.026074 0.067892
vt 0.024365 0.063234
vt 0.026074 0.147063
vt 0.024364 0.142406
vt 0.024364 0.147063
vt 0.026074 0.142406
vt 0.024364 0.137749
vt 0.026074 0.137749
vt 0.024364 0.133092
vt 0.026074 0.133092
vt 0.024365 0.128435
vt 0.026074 0.128435
vt 0.024365 0.123777
vt 0.026074 0.123777
vt 0.024365 0.119121
vt 0.026074 0.119121
vt 0.024365 0.114463
vt 0.026074 0.109807
vt 0.024365 0.109807
vt 0.099007 0.307678
vt 0.095933 0.311794
vt 0.099007 0.312335
vt 0.085801 0.296598
vt 0.082283 0.300341
vt 0.085802 0.299719
vt 0.072597 0.312336
vt 0.076893 0.315150
vt 0.075671 0.311794
vt 0.097415 0.316712
vt 0.092415 0.317887
vt 0.094422 0.320280
vt 0.090388 0.297407
vt 0.092415 0.302127
vt 0.094421 0.299735
vt 0.090389 0.322608
vt 0.089321 0.319673
vt 0.072596 0.307679
vt 0.076893 0.304863
vt 0.074189 0.303302
vt 0.085802 0.323417
vt 0.082284 0.319674
vt 0.081216 0.322609
vt 0.094711 0.304863
vt 0.095933 0.308220
vt 0.077183 0.299734
vt 0.081215 0.297406
vt 0.074189 0.316712
vt 0.079189 0.317888
vt 0.094711 0.315150
vt 0.089320 0.300340
vt 0.075671 0.308220
vt 0.085802 0.320295
vt 0.097415 0.303302
vt 0.079189 0.302127
vt 0.077183 0.320280
vt 0.000747 0.280906
vt 0.002450 0.281686
vt 0.002508 0.281119
vt 0.002706 0.279992
vt 0.001119 0.278972
vt 0.000964 0.279612
vt 0.003040 0.274781
vt 0.004222 0.276290
vt 0.004538 0.275808
vt 0.000840 0.280257
vt 0.002593 0.280551
vt 0.004423 0.281376
vt 0.004497 0.280906
vt 0.006140 0.276928
vt 0.006425 0.276535
vt 0.004877 0.275343
vt 0.004713 0.279977
vt 0.002846 0.279434
vt 0.002678 0.275338
vt 0.003931 0.276785
vt 0.005875 0.277332
vt 0.002345 0.275910
vt 0.003663 0.277295
vt 0.003428 0.274238
vt 0.011121 0.269310
vt 0.012077 0.270939
vt 0.011772 0.269180
vt 0.005630 0.277750
vt 0.011970 0.272934
vt 0.011515 0.271054
vt 0.012431 0.272836
vt 0.012643 0.270854
vt 0.010478 0.269469
vt 0.011512 0.273056
vt 0.010959 0.271199
vt 0.006697 0.277890
vt 0.005405 0.278180
vt 0.006465 0.278275
vt 0.007456 0.277905
vt 0.006947 0.277517
vt 0.007199 0.278255
vt 0.008902 0.274253
vt 0.009113 0.275305
vt 0.009479 0.275048
vt 0.007211 0.277160
vt 0.006250 0.278667
vt 0.006953 0.278612
vt 0.008179 0.279542
vt 0.008523 0.279267
vt 0.008853 0.278999
vt 0.007721 0.277570
vt 0.009157 0.278742
vt 0.010366 0.277372
vt 0.008863 0.276345
vt 0.010131 0.277695
vt 0.009843 0.269664
vt 0.006299 0.271461
vt 0.007828 0.272619
vt 0.006851 0.271089
vt 0.011059 0.273198
vt 0.010411 0.271369
vt 0.008502 0.274523
vt 0.007352 0.272944
vt 0.008319 0.272319
vt 0.005765 0.271861
vt 0.008114 0.274816
vt 0.006892 0.273291
vt 0.005250 0.272286
vt 0.004287 0.273213
vt 0.006028 0.274051
vt 0.004758 0.272739
vt 0.007743 0.275126
vt 0.006450 0.273661
vt 0.007048 0.275795
vt 0.005624 0.274463
vt 0.007387 0.275453
vt 0.005239 0.274893
vt 0.008759 0.275578
vt 0.008418 0.275868
vt 0.009508 0.275780
vt 0.009849 0.275510
vt 0.009179 0.276058
vt 0.007784 0.276485
vt 0.008094 0.276168
vt 0.009314 0.274001
vt 0.010608 0.277025
vt 0.010855 0.276663
vt 0.011109 0.276303
vt 0.007992 0.277247
vt 0.009856 0.274808
vt 0.010198 0.275258
vt 0.003844 0.273716
vt 0.001765 0.277102
vt 0.003203 0.278347
vt 0.003421 0.277815
vt 0.006727 0.276158
vt 0.005200 0.278617
vt 0.001520 0.277715
vt 0.003011 0.278887
vt 0.005017 0.279064
vt 0.007491 0.276815
vt 0.008272 0.276940
vt 0.008561 0.276638
vt 0.006053 0.279069
vt 0.009428 0.278495
vt 0.009904 0.277982
vt 0.019051 0.278794
vt 0.020125 0.277320
vt 0.018737 0.278550
vt 0.001304 0.278340
vt 0.002040 0.276500
vt 0.008606 0.270144
vt 0.009871 0.271569
vt 0.009219 0.269889
vt 0.004854 0.279517
vt 0.010170 0.273556
vt 0.009343 0.271791
vt 0.010611 0.273368
vt 0.008006 0.270429
vt 0.009736 0.273768
vt 0.008824 0.272044
vt 0.005875 0.279474
vt 0.005718 0.279887
vt 0.006509 0.279354
vt 0.006312 0.279732
vt 0.021959 0.277008
vt 0.020896 0.277237
vt 0.021160 0.277600
vt 0.005581 0.280299
vt 0.006140 0.280114
vt 0.007196 0.280394
vt 0.006921 0.280684
vt 0.007504 0.280107
vt 0.006722 0.278979
vt 0.007836 0.279822
vt 0.011980 0.290844
vt 0.012187 0.289931
vt 0.011605 0.290689
vt 0.007420 0.270747
vt 0.025369 0.280092
vt 0.026958 0.279084
vt 0.025232 0.279534
vt 0.023365 0.280062
vt 0.023482 0.280524
vt 0.023228 0.279604
vt 0.025477 0.280654
vt 0.023574 0.280989
vt 0.025557 0.281219
vt 0.023643 0.281459
vt 0.023880 0.276380
vt 0.022221 0.277415
vt 0.023569 0.275898
vt 0.021678 0.276613
vt 0.027108 0.279724
vt 0.027227 0.280369
vt 0.026778 0.278452
vt 0.025071 0.278984
vt 0.023233 0.275430
vt 0.021378 0.276233
vt 0.024689 0.274341
vt 0.020404 0.277645
vt 0.020673 0.277985
vt 0.021408 0.277975
vt 0.022463 0.277835
vt 0.021640 0.278360
vt 0.019392 0.279049
vt 0.019746 0.279309
vt 0.020101 0.279577
vt 0.020933 0.278332
vt 0.017920 0.275350
vt 0.016692 0.276193
vt 0.016960 0.276543
vt 0.020617 0.276890
vt 0.011835 0.273903
vt 0.024168 0.276880
vt 0.016156 0.272961
vt 0.016070 0.270962
vt 0.015694 0.272859
vt 0.015504 0.270869
vt 0.015229 0.272779
vt 0.025074 0.274883
vt 0.025430 0.275445
vt 0.024279 0.273816
vt 0.022875 0.274978
vt 0.014934 0.270807
vt 0.014763 0.272726
vt 0.016392 0.269202
vt 0.012238 0.273791
vt 0.012021 0.274291
vt 0.011432 0.274041
vt 0.012391 0.274173
vt 0.012641 0.273698
vt 0.012894 0.272764
vt 0.011652 0.274433
vt 0.012446 0.274898
vt 0.012728 0.274753
vt 0.012760 0.274083
vt 0.013013 0.274646
vt 0.013126 0.274016
vt 0.013298 0.274573
vt 0.015870 0.275260
vt 0.016077 0.274348
vt 0.015589 0.275025
vt 0.013043 0.273633
vt 0.018645 0.275113
vt 0.018812 0.274053
vt 0.018269 0.274873
vt 0.016615 0.273088
vt 0.016631 0.271084
vt 0.019620 0.274583
vt 0.020305 0.272681
vt 0.019221 0.274308
vt 0.019816 0.272376
vt 0.017041 0.269337
vt 0.017683 0.269504
vt 0.017186 0.271232
vt 0.015736 0.269100
vt 0.019314 0.272096
vt 0.018390 0.273816
vt 0.021298 0.271159
vt 0.018270 0.275603
vt 0.018609 0.275870
vt 0.019009 0.275373
vt 0.019360 0.275645
vt 0.017221 0.276893
vt 0.017476 0.277230
vt 0.018935 0.276143
vt 0.017722 0.277540
vt 0.019249 0.276423
vt 0.017960 0.277820
vt 0.017884 0.274648
vt 0.020017 0.276238
vt 0.020372 0.275190
vt 0.019695 0.275935
vt 0.017562 0.275110
vt 0.020004 0.274876
vt 0.020778 0.273009
vt 0.022495 0.274546
vt 0.020725 0.275520
vt 0.021060 0.275868
vt 0.021675 0.273733
vt 0.021848 0.271536
vt 0.022378 0.271939
vt 0.021236 0.273361
vt 0.020731 0.270809
vt 0.023379 0.272829
vt 0.022093 0.274131
vt 0.019550 0.276713
vt 0.020324 0.276555
vt 0.018202 0.278072
vt 0.018455 0.278312
vt 0.019841 0.277010
vt 0.021293 0.280684
vt 0.022109 0.280554
vt 0.021972 0.280177
vt 0.022888 0.278702
vt 0.021853 0.278752
vt 0.022047 0.279152
vt 0.024884 0.278445
vt 0.023069 0.279149
vt 0.024670 0.277912
vt 0.022685 0.278265
vt 0.023842 0.273311
vt 0.022889 0.272371
vt 0.024431 0.277390
vt 0.026057 0.276610
vt 0.021410 0.279057
vt 0.021621 0.279427
vt 0.022222 0.279557
vt 0.022374 0.279964
vt 0.020765 0.280122
vt 0.021808 0.279802
vt 0.021051 0.280399
vt 0.021761 0.283323
vt 0.022398 0.283176
vt 0.021818 0.283026
vt 0.012592 0.291464
vt 0.012826 0.292411
vt 0.012998 0.291539
vt 0.021180 0.278690
vt 0.017958 0.273603
vt 0.018270 0.271611
vt 0.017517 0.273408
vt 0.017732 0.271409
vt 0.017070 0.273238
vt 0.026327 0.277212
vt 0.026567 0.277827
vt 0.025757 0.276020
vt 0.018940 0.269934
vt 0.018798 0.271841
vt 0.002577 0.284535
vt 0.004573 0.284668
vt 0.004480 0.284200
vt 0.002686 0.285098
vt 0.004688 0.285130
vt 0.019550 0.270197
vt 0.020149 0.270487
vt 0.018317 0.269704
vt 0.002821 0.285655
vt 0.004827 0.285588
vt 0.001095 0.286105
vt 0.012728 0.291074
vt 0.013101 0.291151
vt 0.012355 0.290971
vt 0.012185 0.291366
vt 0.012361 0.292331
vt 0.011777 0.291246
vt 0.011898 0.292228
vt 0.013044 0.290484
vt 0.013333 0.290576
vt 0.012756 0.290349
vt 0.012470 0.290166
vt 0.017859 0.289931
vt 0.016692 0.289234
vt 0.017503 0.290169
vt 0.013292 0.292466
vt 0.013403 0.291591
vt 0.006095 0.288182
vt 0.007158 0.287955
vt 0.006893 0.287592
vt 0.013471 0.291201
vt 0.002496 0.283970
vt 0.004410 0.283733
vt 0.004173 0.288809
vt 0.005833 0.287777
vt 0.004484 0.289292
vt 0.006376 0.288577
vt 0.000945 0.285465
vt 0.000826 0.284820
vt 0.001275 0.286737
vt 0.002982 0.286205
vt 0.004819 0.289761
vt 0.006676 0.288957
vt 0.003365 0.290849
vt 0.007651 0.287547
vt 0.007379 0.287210
vt 0.006646 0.287220
vt 0.005590 0.287357
vt 0.006415 0.286835
vt 0.008662 0.286145
vt 0.009003 0.286397
vt 0.008308 0.285885
vt 0.007954 0.285618
vt 0.007121 0.286862
vt 0.010135 0.289841
vt 0.011364 0.288999
vt 0.011096 0.288649
vt 0.007437 0.288302
vt 0.009409 0.290076
vt 0.009242 0.291139
vt 0.009785 0.290319
vt 0.007928 0.287872
vt 0.003886 0.288312
vt 0.011983 0.294228
vt 0.012550 0.294320
vt 0.002980 0.290306
vt 0.002625 0.289747
vt 0.003774 0.291374
vt 0.005178 0.290211
vt 0.013119 0.294383
vt 0.011661 0.295990
vt 0.011440 0.292103
vt 0.011421 0.294108
vt 0.008434 0.290609
vt 0.007748 0.292511
vt 0.008832 0.290884
vt 0.008237 0.292813
vt 0.011011 0.295852
vt 0.010369 0.295685
vt 0.010867 0.293958
vt 0.012316 0.296092
vt 0.008739 0.293093
vt 0.009664 0.291374
vt 0.006755 0.294030
vt 0.009785 0.289587
vt 0.009447 0.289322
vt 0.009045 0.289819
vt 0.008694 0.289544
vt 0.010835 0.288299
vt 0.010579 0.287962
vt 0.009119 0.289047
vt 0.010333 0.287650
vt 0.008805 0.288767
vt 0.010171 0.290544
vt 0.008037 0.288954
vt 0.007681 0.290001
vt 0.008358 0.289257
vt 0.010495 0.290081
vt 0.008049 0.290314
vt 0.007274 0.292181
vt 0.005558 0.290646
vt 0.007328 0.289672
vt 0.006993 0.289322
vt 0.006379 0.291456
vt 0.006205 0.293653
vt 0.005675 0.293251
vt 0.006817 0.291828
vt 0.007321 0.294380
vt 0.004674 0.292361
vt 0.005959 0.291059
vt 0.008504 0.288479
vt 0.007729 0.288634
vt 0.010094 0.287372
vt 0.009598 0.286880
vt 0.008213 0.288182
vt 0.009317 0.286642
vt 0.006762 0.284513
vt 0.005946 0.284643
vt 0.006084 0.285018
vt 0.005167 0.286487
vt 0.006202 0.286442
vt 0.006008 0.286042
vt 0.003170 0.286745
vt 0.004985 0.286042
vt 0.003383 0.287277
vt 0.005368 0.286927
vt 0.004212 0.291878
vt 0.005164 0.292818
vt 0.003622 0.287800
vt 0.001996 0.288579
vt 0.006646 0.286140
vt 0.006435 0.285770
vt 0.005834 0.285637
vt 0.005681 0.285230
vt 0.007291 0.285075
vt 0.006247 0.285395
vt 0.007005 0.284798
vt 0.013622 0.290639
vt 0.022504 0.280374
vt 0.006875 0.286505
vt 0.010096 0.291589
vt 0.009783 0.293578
vt 0.010538 0.291781
vt 0.010320 0.293780
vt 0.010985 0.291953
vt 0.001726 0.287977
vt 0.001486 0.287362
vt 0.002296 0.289169
vt 0.009113 0.295255
vt 0.009255 0.293348
vt 0.025546 0.284073
vt 0.023557 0.284283
vt 0.025460 0.284638
vt 0.023460 0.284750
vt 0.025347 0.285200
vt 0.008502 0.294993
vt 0.007905 0.294703
vt 0.009735 0.295485
vt 0.023342 0.285213
vt 0.025209 0.285755
vt 0.027089 0.285580
vt 0.027214 0.284933
vt 0.027307 0.284283
vt 0.025605 0.283503
vt 0.026936 0.286220
vt 0.025015 0.290411
vt 0.023832 0.288902
vt 0.023515 0.289382
vt 0.023630 0.283813
vt 0.021913 0.288264
vt 0.021630 0.288654
vt 0.023177 0.289849
vt 0.025376 0.289854
vt 0.024124 0.288404
vt 0.022178 0.287857
vt 0.022612 0.280784
vt 0.022219 0.280931
vt 0.022698 0.281191
vt 0.021483 0.280971
vt 0.021625 0.281264
vt 0.022306 0.281306
vt 0.021727 0.281559
vt 0.022369 0.281681
vt 0.022762 0.281601
vt 0.021106 0.287672
vt 0.025709 0.289279
vt 0.024391 0.287897
vt 0.024625 0.290951
vt 0.016931 0.295882
vt 0.015976 0.294250
vt 0.016280 0.296012
vt 0.022423 0.287440
vt 0.016085 0.292256
vt 0.016538 0.294135
vt 0.015624 0.292356
vt 0.015409 0.294338
vt 0.017574 0.295720
vt 0.016542 0.292136
vt 0.017095 0.293993
vt 0.021356 0.287300
vt 0.022648 0.287012
vt 0.021588 0.286915
vt 0.020597 0.287285
vt 0.020855 0.286937
vt 0.005551 0.284823
vt 0.020842 0.288032
vt 0.021803 0.286522
vt 0.021100 0.286577
vt 0.019874 0.285648
vt 0.019531 0.285922
vt 0.019201 0.286190
vt 0.020334 0.287620
vt 0.018897 0.286447
vt 0.017689 0.287817
vt 0.019191 0.288844
vt 0.017923 0.287495
vt 0.018210 0.295527
vt 0.021755 0.293728
vt 0.020225 0.292573
vt 0.021202 0.294100
vt 0.016996 0.291991
vt 0.017642 0.293820
vt 0.019552 0.290666
vt 0.020701 0.292248
vt 0.019152 0.290939
vt 0.019734 0.292873
vt 0.022288 0.293330
vt 0.019939 0.290376
vt 0.021161 0.291901
vt 0.005443 0.284413
vt 0.005835 0.284265
vt 0.005357 0.284000
vt 0.006572 0.284225
vt 0.006431 0.283933
vt 0.005749 0.283888
vt 0.006329 0.283638
vt 0.005686 0.283513
vt 0.020217 0.285368
vt 0.005293 0.283591
vt 0.018943 0.289884
vt 0.018577 0.290141
vt 0.022803 0.292903
vt 0.023767 0.291976
vt 0.022027 0.291139
vt 0.023295 0.292453
vt 0.020310 0.290066
vt 0.021603 0.291531
vt 0.021005 0.289394
vt 0.022429 0.290726
vt 0.020666 0.289739
vt 0.024210 0.291474
vt 0.022814 0.290296
vt 0.019296 0.289612
vt 0.019635 0.289324
vt 0.018548 0.289409
vt 0.018208 0.289679
vt 0.018875 0.289132
vt 0.020269 0.288707
vt 0.019960 0.289022
vt 0.018740 0.291191
vt 0.017448 0.288164
vt 0.017201 0.288527
vt 0.016948 0.288887
vt 0.020061 0.287942
vt 0.018625 0.286695
vt 0.018200 0.290381
vt 0.026289 0.288089
vt 0.024851 0.286845
vt 0.024634 0.287375
vt 0.021326 0.289032
vt 0.022854 0.286572
vt 0.026534 0.287475
vt 0.025042 0.286302
vt 0.023038 0.286127
vt 0.020562 0.288374
vt 0.019782 0.288252
vt 0.019492 0.288552
vt 0.022001 0.286122
vt 0.018380 0.286945
vt 0.018150 0.287207
vt 0.013492 0.273973
vt 0.026751 0.286852
vt 0.026013 0.288689
vt 0.019448 0.295047
vt 0.018182 0.293623
vt 0.018834 0.295302
vt 0.023200 0.285673
vt 0.017884 0.291634
vt 0.018710 0.293398
vt 0.017443 0.291823
vt 0.020048 0.294760
vt 0.018318 0.291421
vt 0.019229 0.293148
vt 0.022178 0.285715
vt 0.022336 0.285303
vt 0.021545 0.285837
vt 0.021741 0.285458
vt 0.013828 0.272694
vt 0.013446 0.273588
vt 0.013847 0.273568
vt 0.022472 0.284890
vt 0.021913 0.285078
vt 0.020857 0.284798
vt 0.021132 0.284508
vt 0.020548 0.285083
vt 0.021331 0.286210
vt 0.021796 0.281851
vt 0.022409 0.282056
vt 0.020634 0.294445
vt 0.013787 0.270769
vt 0.013088 0.269020
vt 0.013214 0.270797
vt 0.013361 0.272716
vt 0.014360 0.270774
vt 0.014295 0.272696
vt 0.014221 0.273961
vt 0.013856 0.273956
vt 0.014249 0.273573
vt 0.014653 0.273601
vt 0.013583 0.274528
vt 0.014151 0.274518
vt 0.014437 0.274553
vt 0.014588 0.273988
vt 0.014760 0.290614
vt 0.014567 0.291216
vt 0.014933 0.291171
vt 0.014227 0.292496
vt 0.013807 0.291619
vt 0.013759 0.292493
vt 0.014694 0.292476
vt 0.014265 0.294423
vt 0.014839 0.294395
vt 0.013692 0.294418
vt 0.014414 0.268992
vt 0.015076 0.269030
vt 0.012428 0.269082
vt 0.013638 0.296197
vt 0.014964 0.296172
vt 0.014302 0.296202
vt 0.015624 0.296107
vt 0.012975 0.296162
vt 0.025637 0.282361
vt 0.027373 0.281671
vt 0.025611 0.281789
vt 0.015159 0.292428
vt 0.023688 0.281929
vt 0.023709 0.282401
vt 0.002420 0.282259
vt 0.004373 0.281849
vt 0.027399 0.282978
vt 0.025635 0.282931
vt 0.023707 0.282871
vt 0.014612 0.291601
vt 0.014209 0.291621
vt 0.015014 0.291559
vt 0.013837 0.291231
vt 0.014202 0.291236
vt 0.022803 0.282011
vt 0.022823 0.282419
vt 0.014475 0.290661
vt 0.013908 0.290671
vt 0.012167 0.275090
vt 0.008273 0.335717
vt 0.011285 0.331964
vt 0.007843 0.335322
vt 0.009405 0.336746
vt 0.012854 0.333358
vt 0.012587 0.333092
vt 0.008613 0.336027
vt 0.011650 0.332266
vt 0.009748 0.337056
vt 0.013189 0.333694
vt 0.010182 0.337444
vt 0.013572 0.334076
vt 0.010680 0.337882
vt 0.013976 0.334481
vt 0.009170 0.336533
vt 0.012402 0.332910
vt 0.012747 0.297992
vt 0.015399 0.301678
vt 0.013139 0.297689
vt 0.009010 0.336386
vt 0.012274 0.332788
vt 0.012277 0.298364
vt 0.015111 0.301960
vt 0.012139 0.332672
vt 0.008848 0.336240
vt 0.011755 0.298785
vt 0.014766 0.302303
vt 0.010680 0.299693
vt 0.013976 0.303094
vt 0.011212 0.299235
vt 0.011942 0.332506
vt 0.014381 0.302688
vt 0.010182 0.300131
vt 0.013572 0.303499
vt 0.002185 0.325518
vt 0.006903 0.324399
vt 0.006843 0.324147
vt 0.013959 0.340460
vt 0.016106 0.336497
vt 0.016006 0.336434
vt 0.009748 0.300520
vt 0.013189 0.303882
vt 0.002127 0.325308
vt 0.006798 0.323976
vt 0.014084 0.340531
vt 0.016203 0.336550
vt 0.009405 0.300830
vt 0.012854 0.304217
vt 0.006746 0.323806
vt 0.002067 0.325100
vt 0.001525 0.323149
vt 0.006034 0.321699
vt 0.001350 0.322467
vt 0.014084 0.297043
vt 0.016203 0.301025
vt 0.014204 0.296981
vt 0.004179 0.331380
vt 0.008096 0.329147
vt 0.008043 0.329041
vt 0.006664 0.323560
vt 0.001980 0.324795
vt 0.001697 0.323789
vt 0.006219 0.322241
vt 0.013959 0.297115
vt 0.016106 0.301079
vt 0.004249 0.331507
vt 0.008148 0.329243
vt 0.008848 0.301335
vt 0.011942 0.305069
vt 0.012139 0.304903
vt 0.001852 0.324350
vt 0.006391 0.322753
vt 0.000915 0.320541
vt 0.005394 0.319798
vt 0.000817 0.320055
vt 0.004392 0.331738
vt 0.004317 0.331624
vt 0.000665 0.318507
vt 0.005169 0.318677
vt 0.005181 0.318559
vt 0.009010 0.301189
vt 0.012274 0.304787
vt 0.006544 0.323203
vt 0.001040 0.321128
vt 0.005521 0.320179
vt 0.004474 0.331856
vt 0.008211 0.329335
vt 0.000658 0.318652
vt 0.005166 0.318788
vt 0.014834 0.277537
vt 0.014710 0.276975
vt 0.014763 0.277615
vt 0.014970 0.277387
vt 0.014775 0.276905
vt 0.014647 0.276405
vt 0.014898 0.276778
vt 0.014708 0.276340
vt 0.014813 0.278290
vt 0.014713 0.277652
vt 0.014760 0.278327
vt 0.014888 0.278205
vt 0.015040 0.278032
vt 0.015554 0.276785
vt 0.015401 0.276295
vt 0.014814 0.276235
vt 0.015241 0.275858
vt 0.014717 0.275788
vt 0.014624 0.275878
vt 0.014569 0.275935
vt 0.014524 0.275973
vt 0.014599 0.276440
vt 0.014660 0.277012
vt 0.009512 0.280609
vt 0.010013 0.280444
vt 0.010466 0.280279
vt 0.010845 0.280122
vt 0.010999 0.281224
vt 0.011536 0.281126
vt 0.008989 0.280779
vt 0.012058 0.286857
vt 0.011912 0.286400
vt 0.011768 0.286015
vt 0.012798 0.285365
vt 0.012722 0.284933
vt 0.009746 0.281414
vt 0.010390 0.281319
vt 0.012205 0.287362
vt 0.012873 0.285905
vt 0.012353 0.287887
vt 0.020070 0.284068
vt 0.019581 0.284240
vt 0.019064 0.284410
vt 0.018950 0.283681
vt 0.018307 0.283776
vt 0.013014 0.287160
vt 0.012944 0.286515
vt 0.020506 0.283891
vt 0.019560 0.283581
vt 0.020866 0.283703
vt 0.016555 0.285623
vt 0.016713 0.285400
vt 0.015426 0.284878
vt 0.015497 0.284575
vt 0.020556 0.283356
vt 0.020106 0.283476
vt 0.016923 0.285223
vt 0.016422 0.285920
vt 0.015610 0.284380
vt 0.017208 0.285068
vt 0.016042 0.287285
vt 0.016168 0.286772
vt 0.015227 0.287115
vt 0.015270 0.286467
vt 0.016088 0.284158
vt 0.015795 0.284253
vt 0.016295 0.286310
vt 0.015917 0.287815
vt 0.015316 0.285852
vt 0.018458 0.280429
vt 0.017950 0.280282
vt 0.018255 0.281239
vt 0.017608 0.281169
vt 0.015367 0.285310
vt 0.017491 0.280137
vt 0.018986 0.280574
vt 0.016996 0.281099
vt 0.017106 0.279994
vt 0.013169 0.289961
vt 0.013364 0.290149
vt 0.012986 0.289694
vt 0.013454 0.289729
vt 0.013338 0.289402
vt 0.016455 0.281024
vt 0.016023 0.280949
vt 0.012402 0.304665
vt 0.009170 0.301043
vt 0.001350 0.315108
vt 0.005851 0.316419
vt 0.006034 0.315876
vt 0.001187 0.321781
vt 0.005676 0.320640
vt 0.000658 0.318923
vt 0.000655 0.318788
vt 0.012587 0.304483
vt 0.001187 0.315794
vt 0.005676 0.316934
vt 0.005851 0.321156
vt 0.005466 0.332975
vt 0.008875 0.329981
vt 0.005126 0.332614
vt 0.000665 0.319068
vt 0.005169 0.318898
vt 0.001040 0.316448
vt 0.005521 0.317396
vt 0.001980 0.312781
vt 0.006544 0.314372
vt 0.006664 0.314015
vt 0.005881 0.333408
vt 0.009185 0.330238
vt 0.000915 0.317034
vt 0.005394 0.317777
vt 0.001852 0.313225
vt 0.006391 0.314822
vt 0.006351 0.333886
vt 0.009560 0.330548
vt 0.005126 0.304961
vt 0.008648 0.307788
vt 0.008875 0.307594
vt 0.001697 0.313786
vt 0.006219 0.315334
vt 0.006851 0.334382
vt 0.009980 0.330893
vt 0.004876 0.305233
vt 0.008488 0.307933
vt 0.001525 0.314426
vt 0.004699 0.305434
vt 0.008371 0.308048
vt 0.004572 0.305589
vt 0.008283 0.308146
vt 0.003787 0.330461
vt 0.007883 0.328556
vt 0.007811 0.328265
vt 0.002067 0.312476
vt 0.006746 0.313769
vt 0.003922 0.330806
vt 0.007941 0.328765
vt 0.002127 0.312267
vt 0.006798 0.313600
vt 0.013139 0.339886
vt 0.015614 0.336106
vt 0.015399 0.335898
vt 0.004024 0.331053
vt 0.007993 0.328919
vt 0.006843 0.313428
vt 0.002187 0.312058
vt 0.003614 0.329997
vt 0.007716 0.327874
vt 0.013437 0.340108
vt 0.015774 0.336253
vt 0.004107 0.331235
vt 0.006903 0.313177
vt 0.002272 0.311753
vt 0.003412 0.329433
vt 0.007606 0.327401
vt 0.013654 0.340265
vt 0.015899 0.336356
vt 0.012747 0.339583
vt 0.015111 0.335615
vt 0.003189 0.328800
vt 0.007481 0.326870
vt 0.013819 0.340376
vt 0.012277 0.339211
vt 0.014766 0.335272
vt 0.002967 0.328131
vt 0.007351 0.326312
vt 0.011757 0.338790
vt 0.014381 0.334887
vt 0.004179 0.306195
vt 0.008096 0.308428
vt 0.004249 0.306068
vt 0.011212 0.338340
vt 0.008151 0.308331
vt 0.004319 0.305951
vt 0.005466 0.304599
vt 0.009185 0.307337
vt 0.004392 0.305837
vt 0.008211 0.308240
vt 0.005881 0.304167
vt 0.009560 0.307027
vt 0.004474 0.305719
vt 0.006351 0.303689
vt 0.009980 0.306681
vt 0.013567 0.290271
vt 0.013587 0.289949
vt 0.013773 0.290346
vt 0.009597 0.284765
vt 0.010104 0.284910
vt 0.009799 0.283953
vt 0.010446 0.284020
vt 0.013731 0.290089
vt 0.013880 0.290174
vt 0.004107 0.306340
vt 0.008043 0.308534
vt 0.000680 0.319229
vt 0.005181 0.319015
vt 0.006851 0.303193
vt 0.010425 0.306318
vt 0.004024 0.306521
vt 0.007993 0.308656
vt 0.000705 0.319428
vt 0.005204 0.319146
vt 0.003922 0.306769
vt 0.007941 0.308811
vt 0.000750 0.319691
vt 0.005241 0.319304
vt 0.010564 0.285055
vt 0.009068 0.284618
vt 0.011059 0.284093
vt 0.010949 0.285198
vt 0.011635 0.289337
vt 0.012655 0.288897
vt 0.012502 0.288407
vt 0.013083 0.287802
vt 0.011599 0.284165
vt 0.012030 0.284243
vt 0.011910 0.289652
vt 0.012814 0.289334
vt 0.013157 0.288412
vt 0.015891 0.290096
vt 0.016037 0.290899
vt 0.016406 0.290754
vt 0.010860 0.290304
vt 0.011231 0.290509
vt 0.006197 0.282756
vt 0.006507 0.282966
vt 0.006487 0.282751
vt 0.006723 0.282426
vt 0.006499 0.282534
vt 0.006677 0.282586
vt 0.013239 0.288957
vt 0.003787 0.307114
vt 0.007883 0.309019
vt 0.027368 0.283631
vt 0.027315 0.281019
vt 0.004347 0.282319
vt 0.002416 0.282831
vt 0.004344 0.282791
vt 0.023680 0.283343
vt 0.000655 0.282211
vt 0.004365 0.283263
vt 0.022424 0.282801
vt 0.022428 0.282429
vt 0.022819 0.282828
vt 0.022794 0.283238
vt 0.021839 0.282146
vt 0.021851 0.282731
vt 0.021858 0.282439
vt 0.006294 0.281869
vt 0.005656 0.282016
vt 0.006236 0.282166
vt 0.005235 0.282364
vt 0.005252 0.283183
vt 0.005232 0.282773
vt 0.005630 0.282391
vt 0.005645 0.283138
vt 0.005626 0.282766
vt 0.005468 0.280714
vt 0.005377 0.281129
vt 0.005260 0.281954
vt 0.006216 0.283048
vt 0.006204 0.282461
vt 0.022062 0.284693
vt 0.021363 0.284215
vt 0.002443 0.283401
vt 0.000681 0.283518
vt 0.000655 0.282866
vt 0.000739 0.284171
vt 0.000685 0.281559
vt 0.006540 0.282319
vt 0.021330 0.282766
vt 0.021555 0.282658
vt 0.021376 0.282604
vt 0.006737 0.283068
vt 0.006557 0.283181
vt 0.006683 0.282908
vt 0.006663 0.282748
vt 0.006260 0.283343
vt 0.021547 0.282226
vt 0.021567 0.282441
vt 0.021513 0.282873
vt 0.013457 0.274861
vt 0.013421 0.275120
vt 0.013567 0.275030
vt 0.021317 0.282124
vt 0.021497 0.282011
vt 0.021370 0.282281
vt 0.021391 0.282443
vt 0.013057 0.275075
vt 0.013254 0.274943
vt 0.012869 0.275268
vt 0.013283 0.275265
vt 0.012697 0.275545
vt 0.006921 0.281684
vt 0.006382 0.281569
vt 0.006735 0.281889
vt 0.007188 0.281486
vt 0.007170 0.281966
vt 0.007498 0.281834
vt 0.013159 0.275490
vt 0.013056 0.275823
vt 0.006613 0.282101
vt 0.006512 0.281271
vt 0.006690 0.280976
vt 0.006948 0.282111
vt 0.007611 0.285348
vt 0.005870 0.280879
vt 0.005993 0.280497
vt 0.005775 0.281259
vt 0.005704 0.281639
vt 0.015997 0.278335
vt 0.016142 0.278792
vt 0.007238 0.283985
vt 0.007201 0.283508
vt 0.006963 0.283801
vt 0.006807 0.282266
vt 0.006973 0.283373
vt 0.006900 0.283176
vt 0.006827 0.283226
vt 0.007048 0.283308
vt 0.006958 0.283141
vt 0.007281 0.283431
vt 0.007106 0.283266
vt 0.018902 0.281306
vt 0.019511 0.280724
vt 0.006640 0.283396
vt 0.006770 0.283603
vt 0.007534 0.283628
vt 0.007626 0.283536
vt 0.007339 0.283381
vt 0.007686 0.283481
vt 0.007381 0.283341
vt 0.007151 0.283231
vt 0.007006 0.283111
vt 0.006921 0.282988
vt 0.006868 0.283011
vt 0.006810 0.283033
vt 0.019389 0.281501
vt 0.019516 0.281379
vt 0.018752 0.281444
vt 0.019316 0.281566
vt 0.019959 0.281569
vt 0.020066 0.281464
vt 0.019894 0.281631
vt 0.020006 0.280876
vt 0.018082 0.281389
vt 0.018672 0.281514
vt 0.017994 0.281464
vt 0.018635 0.281564
vt 0.019280 0.281616
vt 0.019856 0.281679
vt 0.020329 0.281756
vt 0.020367 0.281711
vt 0.020429 0.281654
vt 0.020520 0.281564
vt 0.012138 0.277375
vt 0.012868 0.277430
vt 0.012266 0.276850
vt 0.020449 0.281036
vt 0.020816 0.281209
vt 0.013042 0.276940
vt 0.012916 0.276818
vt 0.013009 0.277575
vt 0.013109 0.277008
vt 0.013086 0.276373
vt 0.012977 0.276273
vt 0.013149 0.276435
vt 0.012398 0.276353
vt 0.012826 0.278077
vt 0.012983 0.278242
vt 0.013083 0.277650
vt 0.013063 0.278327
vt 0.013135 0.277685
vt 0.013160 0.277042
vt 0.013198 0.276470
vt 0.013253 0.276000
vt 0.013207 0.275965
vt 0.013151 0.275908
vt 0.013662 0.274811
vt 0.012541 0.275910
vt 0.013717 0.274978
vt 0.013870 0.275025
vt 0.013869 0.274958
vt 0.013734 0.275046
vt 0.013871 0.275086
vt 0.014006 0.275041
vt 0.014022 0.274971
vt 0.013868 0.274791
vt 0.013601 0.275098
vt 0.013748 0.275103
vt 0.013626 0.275153
vt 0.013759 0.275153
vt 0.013872 0.275135
vt 0.013994 0.275098
vt 0.013984 0.275148
vt 0.014118 0.275143
vt 0.014142 0.275088
vt 0.014174 0.275018
vt 0.016285 0.279174
vt 0.015255 0.279827
vt 0.015332 0.280257
vt 0.014076 0.274801
vt 0.014283 0.274846
vt 0.015850 0.277830
vt 0.015180 0.279287
vt 0.015702 0.277302
vt 0.018040 0.284748
vt 0.017587 0.284910
vt 0.011624 0.285722
vt 0.015109 0.278675
vt 0.012854 0.284398
vt 0.012518 0.284445
vt 0.012638 0.284635
vt 0.012952 0.284290
vt 0.012747 0.284218
vt 0.012566 0.284108
vt 0.012328 0.284325
vt 0.012672 0.284013
vt 0.011456 0.285508
vt 0.012928 0.284695
vt 0.013023 0.284585
vt 0.013079 0.284545
vt 0.013005 0.284248
vt 0.012848 0.284115
vt 0.012716 0.283958
vt 0.012418 0.283886
vt 0.012378 0.283940
vt 0.012270 0.284035
vt 0.020853 0.281681
vt 0.021091 0.281394
vt 0.011240 0.285340
vt 0.021081 0.281819
vt 0.021155 0.282016
vt 0.021227 0.281966
vt 0.021006 0.281881
vt 0.021096 0.282049
vt 0.020772 0.281759
vt 0.020948 0.281924
vt 0.016517 0.284063
vt 0.021415 0.281799
vt 0.021286 0.281591
vt 0.020715 0.281809
vt 0.020673 0.281851
vt 0.020904 0.281961
vt 0.021047 0.282079
vt 0.021133 0.282201
vt 0.021185 0.282181
vt 0.021245 0.282156
vt 0.018542 0.284580
vt 0.017053 0.283968
vt 0.021133 0.283508
vt 0.021671 0.283621
vt 0.021318 0.283301
vt 0.015185 0.287760
vt 0.015790 0.288339
vt 0.017663 0.283871
vt 0.015011 0.288249
vt 0.015138 0.288372
vt 0.015044 0.287617
vt 0.014944 0.288182
vt 0.014968 0.288817
vt 0.015078 0.288919
vt 0.014904 0.288754
vt 0.015657 0.288834
vt 0.015070 0.286947
vt 0.014970 0.287540
vt 0.014990 0.286862
vt 0.014918 0.287505
vt 0.014893 0.288147
vt 0.014855 0.288719
vt 0.014799 0.289189
vt 0.014846 0.289227
vt 0.014904 0.289284
vt 0.014998 0.289369
vt 0.009153 0.283886
vt 0.008544 0.284470
vt 0.015516 0.289279
vt 0.015360 0.289644
vt 0.008666 0.283691
vt 0.008538 0.283811
vt 0.009303 0.283748
vt 0.008737 0.283623
vt 0.008094 0.283621
vt 0.007988 0.283728
vt 0.008161 0.283561
vt 0.008048 0.284318
vt 0.009973 0.283801
vt 0.009382 0.283676
vt 0.010060 0.283726
vt 0.009419 0.283626
vt 0.008774 0.283573
vt 0.008197 0.283511
vt 0.007725 0.283436
vt 0.020883 0.283223
vt 0.007606 0.284158
vt 0.021440 0.283088
vt 0.021541 0.283918
vt 0.021106 0.283078
vt 0.011366 0.275955
vt 0.010555 0.275018
vt 0.022183 0.284313
vt 0.022279 0.283930
vt 0.022351 0.283551
vt 0.016815 0.279849
vt 0.016597 0.279684
vt 0.014394 0.290381
vt 0.014488 0.290161
vt 0.014337 0.290214
vt 0.021246 0.282923
vt 0.014185 0.290234
vt 0.014048 0.290151
vt 0.014033 0.290219
vt 0.014319 0.290144
vt 0.014184 0.290164
vt 0.014183 0.290106
vt 0.014059 0.290094
vt 0.014324 0.275103
vt 0.014489 0.274921
vt 0.013981 0.290389
vt 0.014188 0.290401
vt 0.014453 0.290092
vt 0.014307 0.290089
vt 0.014428 0.290036
vt 0.014294 0.290039
vt 0.014182 0.290056
vt 0.014069 0.290044
vt 0.013936 0.290046
vt 0.013954 0.289999
vt 0.013913 0.290104
vt 0.005308 0.281541
vt 0.004593 0.280439
vt 0.016222 0.291286
vt 0.015820 0.291399
vt 0.016625 0.291149
vt 0.015667 0.291014
vt 0.015416 0.291491
vt 0.015614 0.290291
vt 0.015330 0.290436
vt 0.015299 0.291106
vt 0.015045 0.290541
vt 0.010966 0.290936
vt 0.010565 0.290751
vt 0.011370 0.291101
vt 0.017423 0.290806
vt 0.017025 0.290989
vt 0.014275 0.275170
vt 0.014467 0.275243
vt 0.014243 0.275228
vt 0.014404 0.275313
vt 0.014600 0.275463
vt 0.014363 0.275370
vt 0.014523 0.275540
vt 0.014692 0.275043
vt 0.014099 0.275193
vt 0.014215 0.275273
vt 0.014328 0.275413
vt 0.014474 0.275595
vt 0.014431 0.275635
vt 0.015725 0.280864
vt 0.015070 0.275498
vt 0.014886 0.275230
vt 0.017141 0.290389
vt 0.016775 0.290584
vt 0.017814 0.290604
vt 0.020445 0.279847
vt 0.022585 0.284475
vt 0.022678 0.284063
vt 0.016429 0.289559
vt 0.016163 0.289851
vt 0.016430 0.279467
vt 0.015535 0.280746
vt 0.007983 0.281121
vt 0.008472 0.280949
vt 0.009103 0.281509
vt 0.015416 0.280556
vt 0.022747 0.283651
vt 0.015465 0.273726
vt 0.015058 0.273653
vt 0.015329 0.274118
vt 0.014958 0.274041
vt 0.015702 0.274218
vt 0.015872 0.273823
vt 0.016280 0.273946
vt 0.015014 0.274708
vt 0.015303 0.274843
vt 0.010634 0.274383
vt 0.011032 0.274201
vt 0.010917 0.274801
vt 0.011284 0.274606
vt 0.010241 0.274586
vt 0.014724 0.274616
vt 0.017091 0.274256
vt 0.011629 0.275630
vt 0.011895 0.275338
vt 0.007548 0.281299
vt 0.008493 0.281609
vt 0.012012 0.277905
vt 0.011886 0.278417
vt 0.011965 0.281031
vt 0.011130 0.279967
vt 0.007947 0.281716
vt 0.017491 0.274441
vt 0.016686 0.274088
vt 0.016826 0.274683
vt 0.017196 0.274888
vt 0.016452 0.274503
vt 0.016147 0.275540
vt 0.016422 0.275855
vt 0.005301 0.319512
vt 0.006991 0.312809
vt 0.002400 0.311309
vt 0.007098 0.312347
vt 0.002565 0.310749
vt 0.007221 0.311821
vt 0.002754 0.310115
vt 0.004572 0.331986
vt 0.008283 0.329428
vt 0.008613 0.301548
vt 0.011650 0.305309
vt 0.007351 0.311263
vt 0.002967 0.309444
vt 0.004699 0.332141
vt 0.008371 0.329528
vt 0.008273 0.301859
vt 0.011285 0.305611
vt 0.004876 0.332342
vt 0.008485 0.329641
vt 0.013819 0.297200
vt 0.016006 0.301142
vt 0.007843 0.302253
vt 0.010867 0.305954
vt 0.008648 0.329786
vt 0.013654 0.297310
vt 0.015899 0.301219
vt 0.007358 0.302706
vt 0.013437 0.297466
vt 0.015774 0.301323
vt 0.002272 0.325823
vt 0.006991 0.324765
vt 0.015614 0.301469
vt 0.002400 0.326267
vt 0.007098 0.325228
vt 0.003614 0.307578
vt 0.007811 0.309310
vt 0.002565 0.326826
vt 0.007221 0.325755
vt 0.003412 0.308143
vt 0.007716 0.309701
vt 0.002754 0.327460
vt 0.003189 0.308776
vt 0.007606 0.310175
vt 0.000817 0.317520
vt 0.005301 0.318063
vt 0.007481 0.310704
vt 0.000750 0.317884
vt 0.005241 0.318271
vt 0.000705 0.318147
vt 0.005204 0.318428
vt 0.012505 0.281144
vt 0.012443 0.280809
vt 0.012258 0.280936
vt 0.012615 0.281236
vt 0.012681 0.281029
vt 0.012781 0.280844
vt 0.012555 0.280614
vt 0.012882 0.280944
vt 0.011340 0.279789
vt 0.012212 0.281229
vt 0.012323 0.281319
vt 0.012366 0.281374
vt 0.012661 0.281289
vt 0.012786 0.281124
vt 0.012938 0.280986
vt 0.012998 0.280686
vt 0.012941 0.280649
vt 0.012843 0.280544
vt 0.012627 0.280314
vt 0.012783 0.278725
vt 0.011499 0.279567
vt 0.011631 0.279269
vt 0.011758 0.278879
vt 0.012737 0.279337
vt 0.014895 0.289699
vt 0.015188 0.289919
vt 0.012686 0.279879
vt 0.014772 0.289924
vt 0.014584 0.290001
vt 0.014634 0.290071
vt 0.014707 0.289854
vt 0.014549 0.289949
vt 0.014815 0.289624
vt 0.014664 0.289801
vt 0.014599 0.290329
vt 0.014803 0.290246
vt 0.015000 0.290114
vt 0.014764 0.289569
vt 0.014721 0.289532
vt 0.014626 0.289759
vt 0.014520 0.289904
vt 0.014406 0.289989
vt 0.011775 0.281311
vt 0.011327 0.281476
vt 0.011885 0.281399
vt 0.011222 0.281396
vt 0.010691 0.281556
vt 0.010593 0.281479
vt 0.011926 0.281454
vt 0.009926 0.281559
vt 0.010016 0.281631
vt 0.010056 0.281684
vt 0.010731 0.281606
vt 0.011367 0.281531
vt 0.012994 0.285133
vt 0.013141 0.285588
vt 0.013084 0.285028
vt 0.013054 0.285688
vt 0.013192 0.286225
vt 0.013112 0.286320
vt 0.013140 0.284988
vt 0.013166 0.286987
vt 0.013241 0.286900
vt 0.013293 0.286862
vt 0.013245 0.286188
vt 0.013195 0.285548
vt 0.018794 0.283548
vt 0.019354 0.283401
vt 0.018713 0.283481
vt 0.019429 0.283463
vt 0.019927 0.283313
vt 0.019996 0.283371
vt 0.018037 0.283558
vt 0.018673 0.283431
vt 0.017997 0.283508
vt 0.018127 0.283631
vt 0.020461 0.283268
vt 0.020398 0.283213
vt 0.020359 0.283171
vt 0.019889 0.283266
vt 0.019315 0.283353
vt 0.015171 0.284245
vt 0.015372 0.284163
vt 0.015267 0.284065
vt 0.015271 0.284348
vt 0.015439 0.283955
vt 0.015549 0.284045
vt 0.015054 0.284503
vt 0.015115 0.284203
vt 0.015113 0.284543
vt 0.015210 0.284645
vt 0.015841 0.283960
vt 0.015730 0.283871
vt 0.015686 0.283816
vt 0.015392 0.283903
vt 0.015216 0.284018
vt 0.015011 0.286187
vt 0.015126 0.285645
vt 0.015036 0.285548
vt 0.015095 0.286277
vt 0.015164 0.285088
vt 0.015069 0.284985
vt 0.014936 0.286827
vt 0.014956 0.286150
vt 0.015011 0.284948
vt 0.014980 0.285510
vt 0.017317 0.281416
vt 0.016780 0.281279
vt 0.016678 0.281366
vt 0.017412 0.281336
vt 0.016223 0.281219
vt 0.016117 0.281309
vt 0.017957 0.281519
vt 0.017278 0.281471
vt 0.015784 0.281156
vt 0.015676 0.281249
vt 0.016078 0.281366
vt 0.015635 0.281306
vt 0.016640 0.281421
vt 0.013532 0.289652
vt 0.013691 0.289822
vt 0.013581 0.289594
vt 0.013649 0.289876
vt 0.013811 0.289964
vt 0.013778 0.290019
vt 0.013484 0.289254
vt 0.013620 0.289554
vt 0.013529 0.289217
vt 0.013429 0.289314
vt 0.013839 0.289916
vt 0.013725 0.289779
vt 0.010738 0.283773
vt 0.011275 0.283910
vt 0.011376 0.283826
vt 0.010642 0.283856
vt 0.011830 0.283970
vt 0.011936 0.283881
vt 0.010098 0.283673
vt 0.010775 0.283721
vt 0.011975 0.283826
vt 0.011415 0.283771
vt 0.013219 0.287655
vt 0.013343 0.288214
vt 0.013291 0.287575
vt 0.013278 0.288287
vt 0.013407 0.288787
vt 0.013346 0.288852
vt 0.013340 0.287540
vt 0.013454 0.288749
vt 0.013393 0.288179
vt 0.006798 0.282746
vt 0.006756 0.282891
vt 0.006817 0.282878
vt 0.006751 0.282604
vt 0.006737 0.282746
vt 0.006871 0.282866
vt 0.006853 0.282746
vt 0.006812 0.282614
vt 0.006866 0.282623
vt 0.006858 0.282481
vt 0.006797 0.282459
vt 0.021255 0.282444
vt 0.021297 0.282298
vt 0.021236 0.282314
vt 0.021303 0.282589
vt 0.021317 0.282443
vt 0.021182 0.282324
vt 0.021201 0.282446
vt 0.021241 0.282576
vt 0.021187 0.282566
vt 0.021195 0.282711
vt 0.021256 0.282734
vt 0.013504 0.275243
vt 0.013347 0.275335
vt 0.013389 0.275388
vt 0.013469 0.275188
vt 0.013238 0.275565
vt 0.013289 0.275620
vt 0.013647 0.275200
vt 0.013533 0.275288
vt 0.013332 0.275660
vt 0.013427 0.275430
vt 0.007253 0.282041
vt 0.007085 0.282214
vt 0.007313 0.282089
vt 0.007025 0.282174
vt 0.006942 0.282346
vt 0.006882 0.282314
vt 0.007654 0.281976
vt 0.007356 0.282129
vt 0.007696 0.282019
vt 0.007592 0.281924
vt 0.006911 0.282498
vt 0.006991 0.282373
vt 0.007130 0.282249
vt 0.013867 0.274511
vt 0.009853 0.287117
vt 0.015060 0.280057
vt 0.014913 0.279604
vt 0.014969 0.280164
vt 0.014999 0.279502
vt 0.014861 0.278967
vt 0.014943 0.278872
vt 0.015031 0.280604
vt 0.014914 0.280202
vt 0.014975 0.280644
vt 0.015125 0.280497
vt 0.014808 0.279004
vt 0.014859 0.279642
vt 0.016278 0.283878
vt 0.016726 0.283713
vt 0.016168 0.283791
vt 0.016831 0.283793
vt 0.017362 0.283636
vt 0.017459 0.283711
vt 0.016127 0.283738
vt 0.017322 0.283583
vt 0.016685 0.283661
vt 0.014192 0.290681
vt 0.020801 0.283148
vt 0.020970 0.282976
vt 0.020741 0.283101
vt 0.021028 0.283016
vt 0.021112 0.282846
vt 0.021172 0.282876
vt 0.020698 0.283061
vt 0.021143 0.282691
vt 0.021062 0.282818
vt 0.020924 0.282941
vt 0.009673 0.278245
vt 0.015381 0.281179
vt 0.015307 0.280974
vt 0.015206 0.281074
vt 0.015487 0.281081
vt 0.015103 0.280899
vt 0.015199 0.280791
vt 0.015337 0.281231
vt 0.015049 0.280944
vt 0.015158 0.281124
vt 0.009259 0.281641
vt 0.008699 0.281789
vt 0.009340 0.281709
vt 0.008624 0.281726
vt 0.008126 0.281876
vt 0.008058 0.281819
vt 0.009380 0.281759
vt 0.008165 0.281924
vt 0.008738 0.281836
vt 0.013042 0.279004
vt 0.012927 0.279544
vt 0.013017 0.279642
vt 0.012957 0.278912
vt 0.012889 0.280102
vt 0.012984 0.280204
vt 0.013115 0.278362
vt 0.013097 0.279039
vt 0.013040 0.280242
vt 0.013073 0.279679
vt 0.007358 0.334869
vt 0.010425 0.331258
vt 0.000680 0.318345
vt 0.010867 0.331621
vt 0.116416 0.057893
vt 0.116463 0.057722
vt 0.114751 0.057892
vt 0.116463 0.058063
vt 0.116603 0.058281
vt 0.112889 0.058281
vt 0.112657 0.058579
vt 0.112354 0.058945
vt 0.112007 0.059358
vt 0.111634 0.059794
vt 0.111277 0.053532
vt 0.111012 0.053392
vt 0.113282 0.060632
vt 0.113694 0.060284
vt 0.110805 0.053327
vt 0.114061 0.059983
vt 0.111634 0.055991
vt 0.112007 0.056427
vt 0.110642 0.053319
vt 0.114359 0.059750
vt 0.112354 0.056840
vt 0.110515 0.053348
vt 0.117858 0.059794
vt 0.117485 0.059358
vt 0.112657 0.057207
vt 0.115133 0.059750
vt 0.115431 0.059981
vt 0.117138 0.058945
vt 0.112889 0.057505
vt 0.115798 0.060284
vt 0.116835 0.058579
vt 0.112844 0.054782
vt 0.112409 0.054409
vt 0.116211 0.060632
vt 0.111992 0.054060
vt 0.116648 0.061005
vt 0.110615 0.061031
vt 0.110385 0.061361
vt 0.111607 0.053760
vt 0.119107 0.061362
vt 0.118880 0.061031
vt 0.110915 0.060649
vt 0.118578 0.060649
vt 0.111262 0.060230
vt 0.118230 0.060230
vt 0.117885 0.062024
vt 0.118215 0.062253
vt 0.117503 0.061725
vt 0.119085 0.053398
vt 0.118977 0.053348
vt 0.118977 0.062437
vt 0.119085 0.062387
vt 0.117083 0.061376
vt 0.119172 0.053467
vt 0.119172 0.062319
vt 0.119240 0.053554
vt 0.119240 0.062232
vt 0.118878 0.054754
vt 0.119107 0.054424
vt 0.119290 0.053660
vt 0.119290 0.062124
vt 0.118578 0.055136
vt 0.118850 0.053319
vt 0.110385 0.054424
vt 0.110615 0.054754
vt 0.118230 0.055555
vt 0.118688 0.053327
vt 0.110915 0.055138
vt 0.117858 0.055991
vt 0.118480 0.053392
vt 0.111262 0.055555
vt 0.110407 0.053398
vt 0.118215 0.053532
vt 0.110320 0.053467
vt 0.118480 0.062394
vt 0.115431 0.055804
vt 0.115133 0.056035
vt 0.114359 0.056035
vt 0.114061 0.055804
vt 0.110252 0.053553
vt 0.118688 0.062458
vt 0.115798 0.055501
vt 0.113694 0.055503
vt 0.110202 0.053660
vt 0.118850 0.062467
vt 0.116211 0.055153
vt 0.113282 0.055153
vt 0.119247 0.054159
vt 0.116648 0.054782
vt 0.119312 0.053952
vt 0.110172 0.053789
vt 0.119320 0.061996
vt 0.114576 0.056176
vt 0.119320 0.053789
vt 0.110180 0.053952
vt 0.119312 0.061833
vt 0.114746 0.056222
vt 0.110245 0.054159
vt 0.119247 0.061627
vt 0.110245 0.061627
vt 0.114916 0.056176
vt 0.110180 0.061833
vt 0.110515 0.062437
vt 0.110642 0.062467
vt 0.117885 0.053760
vt 0.110172 0.061996
vt 0.112844 0.061005
vt 0.110805 0.062458
vt 0.117503 0.054060
vt 0.110202 0.062124
vt 0.111012 0.062394
vt 0.117083 0.054409
vt 0.116603 0.057505
vt 0.116835 0.057207
vt 0.111277 0.062254
vt 0.117138 0.056840
vt 0.114916 0.059610
vt 0.110252 0.062232
vt 0.117485 0.056427
vt 0.114746 0.059563
vt 0.110320 0.062319
vt 0.110407 0.062387
vt 0.114576 0.059610
vt 0.111607 0.062024
vt 0.113029 0.058064
vt 0.111989 0.061725
vt 0.113077 0.057893
vt 0.112409 0.061376
vt 0.113029 0.057722
vt 0.898530 0.931555
vt 0.896826 0.921391
vt 0.896789 0.931381
vt 0.244233 0.970107
vt 0.242513 0.980265
vt 0.244240 0.980432
vt 0.898554 0.921229
vt 0.896330 0.918435
vt 0.242006 0.983220
vt 0.243614 0.983734
vt 0.225783 0.987521
vt 0.225849 0.983716
vt 0.224145 0.984285
vt 0.222424 0.984846
vt 0.224303 0.988551
vt 0.223464 0.980579
vt 0.221669 0.980744
vt 0.920391 0.042432
vt 0.654947 0.000203
vt 0.645503 0.012283
vt 0.697888 0.454067
vt 0.707247 0.442235
vt 0.106951 0.704229
vt 0.107233 0.704229
vt 0.091523 0.704229
vt 0.576190 0.716248
vt 0.575908 0.716248
vt 0.591614 0.716248
vt 0.091523 0.659043
vt 0.521858 0.716248
vt 0.539657 0.703923
vt 0.234250 0.716826
vt 0.091523 0.752144
vt 0.377283 0.758821
vt 0.520316 0.758821
vt 0.203477 0.496635
vt 0.060749 0.531953
vt 0.419724 0.591200
vt 0.426664 0.325409
vt 0.153658 0.866690
vt 0.151119 0.863004
vt 0.178563 0.875007
vt 0.151119 0.771882
vt 0.153658 0.768195
vt 0.178562 0.759878
vt 0.433909 0.325409
vt 0.537050 0.469539
vt 0.537050 0.581276
vt 0.530322 0.563890
vt 0.209258 0.853773
vt 0.241914 0.871063
vt 0.241914 0.759327
vt 0.180921 0.854298
vt 0.181471 0.759539
vt 0.218858 0.759327
vt 0.898350 0.595874
vt 0.491531 0.471855
vt 0.489572 0.612394
vt 0.492495 0.471765
vt 0.493271 0.611289
vt 0.898350 0.923811
vt 0.209563 0.760798
vt 0.992601 0.291419
vt 0.985662 0.000153
vt 0.235186 0.759327
vt 0.235186 0.871063
vt 0.571316 0.716766
vt 0.570764 0.811522
vt 0.199657 0.853773
vt 0.894148 0.897947
vt 0.435601 0.470690
vt 0.436765 0.612402
vt 0.617840 0.704545
vt 0.618972 0.845981
vt 0.190365 0.852311
vt 0.248642 0.871063
vt 0.248642 0.759327
vt 0.589905 0.717770
vt 0.228458 0.759327
vt 0.890255 0.590925
vt 0.894149 0.923811
vt 0.992908 0.000153
vt 0.932084 0.261260
vt 0.929535 0.257563
vt 0.957707 0.269850
vt 0.929546 0.012991
vt 0.932094 0.009292
vt 0.957719 0.000705
vt 0.075493 0.063245
vt 0.095933 0.284196
vt 0.075671 0.280624
vt 0.089321 0.292077
vt 0.092414 0.274530
vt 0.288428 0.346042
vt 0.282952 0.337229
vt 0.288428 0.318040
vt 0.282952 0.326853
vt 0.686444 0.988558
vt 0.026074 0.063234
vt 0.026074 0.114463
vt 0.013752 0.268990
vt 0.027399 0.282324
vt 0.014204 0.340594
vt 0.012896 0.284068
vt 0.012836 0.281171
vt 0.242491 0.970277
vt 0.897940 0.917925
vt 0.227213 0.986498
vt 0.225235 0.980413
s 1
usemtl Metal
f 2487/3080/2065 2486/3081/329 2485/3082/329
f 2489/3083/2066 2488/3084/2065 2487/3080/2065
f 2491/3085/2067 2490/3086/2066 2489/3083/2066
f 2493/3087/2068 2492/3088/2067 2491/3085/2067
f 2495/3089/2069 2494/3090/2068 2493/3087/2068
f 2497/3091/2070 2496/3092/2071 2495/3089/2069
f 2499/3093/2072 2498/3094/2070 2497/3091/2070
f 2501/3095/2073 2500/3096/2072 2499/3093/2072
f 2503/3097/440 2502/3098/2073 2501/3095/2073
f 2505/3099/2074 2504/3100/440 2503/3101/440
f 2507/3102/2075 2506/3103/2074 2505/3099/2074
f 2509/3104/2076 2508/3105/2075 2507/3102/2075
f 2511/3106/2077 2510/3107/2076 2509/3104/2076
f 2513/3108/2078 2512/3109/2077 2511/3106/2077
f 2515/3110/2079 2514/3111/2080 2513/3108/2078
f 2517/3112/2081 2516/3113/2079 2515/3110/2079
f 2517/3112/2081 2520/3114/2082 2518/3115/2081
f 2485/3082/329 2520/3114/2082 2519/3116/2082
f 2537/3117/2083 2516/3118/2084 2518/3119/2083
f 2508/3120/2085 2531/3121/2086 2506/3122/2086
f 2498/3123/2087 2526/3124/2088 2496/3125/2088
f 2486/3126/2089 2538/3127/2090 2520/3128/2090
f 2534/3129/2091 2510/3130/2092 2512/3131/2091
f 2522/3132/2093 2486/3126/2089 2488/3133/2093
f 2502/3134/2094 2528/3135/2095 2500/3136/2095
f 2524/3137/2096 2490/3138/2097 2492/3139/2098
f 2516/3118/2084 2535/3140/2099 2514/3141/2099
f 2506/3122/2086 2530/3142/2100 2504/3143/2100
f 2496/3125/2088 2525/3144/2101 2494/3145/2101
f 2538/3127/2090 2518/3119/2083 2520/3128/2090
f 2510/3130/2092 2532/3146/2085 2508/3120/2085
f 2528/3135/2095 2498/3123/2087 2500/3136/2095
f 2523/3147/2097 2488/3133/2093 2490/3138/2097
f 2535/3140/2099 2512/3131/2091 2514/3141/2099
f 2504/3143/2100 2529/3148/2094 2502/3134/2094
f 2525/3144/2101 2492/3139/2098 2494/3145/2101
f 2894/3149/2102 2987/3150/2103 2622/3151/2104
f 3307/3152/2105 2627/3153/2106 2940/3154/2107
f 2673/3155/2108 3311/3156/2109 2674/3157/2110
f 2895/3158/2111 3309/3159/2112 2894/3149/2102
f 2987/3150/2103 2667/3160/2113 2545/3161/2114
f 3309/3159/2112 2668/3162/2115 2667/3160/2113
f 3311/3156/2109 2679/3163/2116 2678/3164/2117
f 3310/3165/2118 2541/3166/2119 2679/3163/2116
f 3307/3152/2105 2550/3167/2120 2669/3168/2121
f 2674/3157/2110 3312/3169/2122 2675/3170/2123
f 3312/3169/2122 2678/3164/2117 2677/3171/2124
f 2675/3170/2123 2676/3172/2125 2543/3173/2126
f 3310/3165/2118 2540/3174/2127 2672/3175/2128
f 3319/3176/2129 2913/3177/2130 2914/3178/2131
f 2676/3172/2125 2677/3171/2124 2544/3179/2132
f 3319/3176/2129 2685/3180/2133 3320/3181/2134
f 2941/3182/2135 2686/3183/2136 3319/3176/2129
f 3320/3181/2134 2912/3184/2137 2913/3177/2130
f 3320/3181/2134 2684/3185/2138 3321/3186/2139
f 3314/3187/2140 2677/3171/2124 2678/3164/2117
f 2544/3179/2132 3315/3188/2141 2682/3189/2142
f 3316/3190/2143 3314/3187/2140 3313/3191/2144
f 3317/3192/2145 3315/3188/2141 3314/3187/2140
f 2692/3193/2146 3326/3194/2147 2691/3195/2148
f 2679/3163/2116 2681/3196/2149 3313/3191/2144
f 3318/3197/2150 2682/3189/2142 3315/3188/2141
f 3543/3198/2151 3317/3192/2145 3541/3199/2152
f 3541/3199/2152 3316/3190/2143 3539/3200/2153
f 3539/3200/2153 2680/3201/2154 3235/3202/2155
f 3816/3203/2156 2696/3204/2157 3330/3205/2158
f 2680/3201/2154 3313/3191/2144 2681/3196/2149
f 3321/3186/2139 2614/3206/2159 2912/3184/2137
f 2914/3178/2131 2941/3182/2135 3319/3176/2129
f 3322/3207/2160 2846/3208/2161 2845/3209/2162
f 3321/3186/2139 2549/3210/2163 2988/3211/2164
f 3322/3207/2160 2691/3195/2148 3323/3212/2165
f 2689/3213/2166 2692/3193/2146 3322/3207/2160
f 3323/3212/2165 2847/3214/2167 2846/3208/2161
f 3323/3212/2165 2690/3215/2168 3324/3216/2169
f 3324/3216/2169 2539/3217/2170 2847/3214/2167
f 2845/3209/2162 2689/3213/2166 3322/3207/2160
f 3331/3218/2171 2849/3219/2172 2848/3220/2173
f 3324/3216/2169 2542/3221/2174 2851/3222/2175
f 3331/3218/2171 2698/3223/2176 3332/3224/2177
f 2851/3222/2175 2699/3225/2178 3331/3218/2171
f 3332/3224/2177 2850/3226/2179 2849/3219/2172
f 3333/3227/2180 2698/3223/2176 2697/3228/2181
f 2691/3195/2148 3327/3229/2182 2690/3215/2168
f 2690/3215/2168 2695/3230/2183 2542/3221/2174
f 3325/3231/2184 3329/3232/2185 3326/3194/2147
f 3326/3194/2147 3330/3205/2158 3327/3229/2182
f 2699/3225/2178 3335/3233/2186 2698/3223/2176
f 3325/3231/2184 2547/3234/2187 2694/3235/2188
f 3327/3229/2182 2696/3204/2157 2695/3230/2183
f 3814/3236/2189 3330/3205/2158 3329/3232/2185
f 3812/3237/2190 3329/3232/2185 3328/3238/2191
f 3145/3239/2192 3328/3238/2191 2693/3240/2193
f 3339/3241/2194 3235/3202/2155 2680/3201/2154
f 2694/3235/2188 3328/3238/2191 3325/3231/2184
f 2850/3226/2179 2672/3175/2128 2540/3174/2127
f 2848/3220/2173 2851/3222/2175 3331/3218/2171
f 2942/3242/2195 3341/3243/2196 2943/3244/2197
f 2672/3175/2128 2697/3228/2181 2541/3166/2119
f 3341/3243/2196 2702/3245/2198 2701/3246/2199
f 3340/3247/2200 2544/3179/2132 2702/3245/2198
f 2943/3244/2197 3342/3248/2201 2944/3249/2202
f 3342/3248/2201 2701/3246/2199 2700/3250/2203
f 3335/3233/2186 2697/3228/2181 2698/3223/2176
f 2541/3166/2119 3336/3251/2204 2681/3196/2149
f 3334/3252/2205 3338/3253/2206 3335/3233/2186
f 3338/3253/2206 3336/3251/2204 3335/3233/2186
f 3343/3254/2207 2701/3246/2199 2702/3245/2198
f 3334/3252/2205 2542/3221/2174 2695/3230/2183
f 3339/3241/2194 2681/3196/2149 3336/3251/2204
f 3338/3253/2206 4048/3255/2208 3339/3241/2194
f 3338/3253/2206 4052/3256/2209 4050/3257/2210
f 3337/3258/2211 3233/3259/2212 4052/3256/2209
f 3573/3260/2213 2715/3261/2214 3355/3262/2215
f 2695/3230/2183 3337/3258/2211 3334/3252/2205
f 2944/3249/2202 2940/3154/2107 2627/3153/2106
f 3340/3247/2200 2543/3173/2126 2676/3172/2125
f 3349/3263/2216 2979/3264/2217 2978/3265/2218
f 2940/3154/2107 2700/3250/2203 2550/3167/2120
f 3349/3263/2216 2704/3266/2219 3350/3267/2220
f 2988/3211/2164 2705/3268/2221 3349/3263/2216
f 3350/3267/2220 2980/3269/2222 2979/3264/2217
f 3350/3267/2220 2703/3270/2223 3351/3271/2224
f 3344/3272/2225 2700/3250/2203 2701/3246/2199
f 2550/3167/2120 3345/3273/2226 3041/3274/2227
f 3346/3275/2228 3344/3272/2225 3343/3254/2207
f 3347/3276/2229 3345/3273/2226 3344/3272/2225
f 3358/3277/2230 2719/3278/2231 3359/3279/2232
f 2702/3245/2198 2682/3189/2142 3343/3254/2207
f 3348/3280/2233 3041/3274/2227 3345/3273/2226
f 3793/3281/2234 3348/3280/2233 3347/3276/2229
f 3793/3281/2234 3346/3275/2228 3791/3282/2235
f 3791/3282/2235 2683/3283/2236 3169/3284/2237
f 3045/3285/2238 3591/3286/2239 3242/3287/2240
f 2683/3283/2236 3343/3254/2207 2682/3189/2142
f 3351/3271/2224 2546/3288/2241 2980/3269/2222
f 2978/3265/2218 2988/3211/2164 3349/3263/2216
f 3353/3289/2242 2713/3290/2243 2712/3291/2244
f 2547/3234/2187 3351/3271/2224 2703/3270/2223
f 2708/3292/2245 3353/3289/2242 2707/3293/2246
f 2565/3294/2247 3352/3295/2248 2708/3292/2245
f 2707/3293/2246 3354/3296/2249 2706/3297/2250
f 2706/3297/2250 2710/3298/2251 2557/3299/2252
f 2719/3278/2231 3363/3300/2253 2718/3301/2254
f 2720/3302/2255 3362/3303/2256 2719/3278/2231
f 3354/3296/2249 2712/3291/2244 2711/3304/2257
f 2710/3298/2251 2711/3304/2257 2556/3305/2258
f 3352/3295/2248 2564/3306/2259 2713/3290/2243
f 2552/3307/2260 3361/3308/2261 2720/3302/2255
f 3362/3303/2256 2725/3309/2262 2724/3310/2263
f 3355/3262/2215 3359/3279/2232 3356/3311/2264
f 3356/3311/2264 3360/3312/2265 3357/3313/2266
f 3359/3279/2232 2718/3301/2254 3360/3312/2265
f 3360/3312/2265 2555/3314/2267 2717/3315/2268
f 3571/3316/2269 3355/3262/2215 3356/3311/2264
f 3569/3317/2270 3356/3311/2264 3357/3313/2266
f 3200/3318/2271 3357/3313/2266 2716/3319/2272
f 3206/3320/2273 3373/3321/2274 3675/3322/2275
f 3357/3313/2266 2717/3315/2268 2716/3319/2272
f 2714/3323/2276 2720/3302/2255 3358/3277/2230
f 2685/3180/2133 3364/3324/2277 2684/3185/2138
f 2715/3261/2214 3358/3277/2230 3355/3262/2215
f 2718/3301/2254 2722/3325/2278 2555/3314/2267
f 2728/3326/2279 3371/3327/2280 3372/3328/2281
f 2729/3329/2282 3370/3330/2283 3371/3327/2280
f 3363/3300/2253 2724/3310/2263 2723/3331/2284
f 2722/3325/2278 2723/3331/2284 2554/3332/2285
f 3361/3308/2261 2551/3333/2286 2725/3309/2262
f 2730/3334/2287 2731/3335/2288 3370/3330/2283
f 3370/3330/2283 2734/3336/2289 3371/3327/2280
f 2686/3183/2136 3366/3337/2290 2685/3180/2133
f 3366/3337/2290 3365/3338/2291 3364/3324/2277
f 2684/3185/2138 3055/3339/2292 2549/3210/2163
f 3368/3340/2293 3367/3341/2294 3366/3337/2290
f 2548/3342/2295 3368/3340/2293 2686/3183/2136
f 3364/3324/2277 3056/3343/2296 3055/3339/2292
f 3627/3344/2297 3367/3341/2294 3625/3345/2298
f 3625/3345/2298 3369/3346/2299 3623/3347/2300
f 3623/3347/2300 2687/3348/2301 2935/3349/2302
f 4074/3350/2303 3058/3351/2304 3797/3352/2305
f 2688/3353/2306 3369/3346/2299 3368/3340/2293
f 3377/3354/2307 2742/3355/2308 2741/3356/2309
f 2563/3357/2310 3372/3328/2281 2732/3358/2311
f 2740/3359/2312 3380/3360/2313 3381/3361/2314
f 2741/3356/2309 3379/3362/2315 3380/3360/2313
f 3371/3327/2280 2733/3363/2316 3372/3328/2281
f 3372/3328/2281 2562/3364/2317 2732/3358/2311
f 2731/3335/2288 2735/3365/2318 3370/3330/2283
f 2742/3355/2308 2743/3366/2319 3379/3362/2315
f 3379/3362/2315 2982/3367/2320 3380/3360/2313
f 3376/3368/2321 3374/3369/2322 3373/3321/2274
f 3377/3354/2307 3375/3370/2323 3374/3369/2322
f 3378/3371/2324 2741/3356/2309 2740/3359/2312
f 2739/3372/2325 2740/3359/2312 2553/3373/2326
f 3675/3322/2275 3374/3369/2322 3673/3374/2327
f 3673/3374/2327 3375/3370/2323 3671/3375/2328
f 3671/3375/2328 2738/3376/2329 3079/3377/2330
f 3079/3377/2330 3382/3378/2331 3771/3379/2332
f 3378/3371/2324 2738/3376/2329 3375/3370/2323
f 2559/3380/2333 3376/3368/2321 2736/3381/2334
f 3386/3382/2335 2746/3383/2336 2745/3384/2337
f 2736/3381/2334 3373/3321/2274 2737/3385/2338
f 2553/3373/2326 3381/3361/2314 2989/3386/2339
f 2745/3384/2337 3390/3387/2340 2744/3388/2341
f 2745/3384/2337 3388/3389/2342 3389/3390/2343
f 3380/3360/2313 2983/3391/2344 3381/3361/2314
f 3381/3361/2314 2621/3392/2345 2989/3386/2339
f 2743/3366/2319 2981/3393/2346 3379/3362/2315
f 2746/3383/2336 2989/3386/2339 3388/3389/2342
f 3389/3390/2343 2984/3394/2347 2985/3395/2348
f 3385/3396/2349 3383/3397/2350 3382/3378/2331
f 3383/3397/2350 3387/3398/2351 3384/3399/2352
f 3386/3382/2335 2744/3388/2341 3387/3398/2351
f 2552/3307/2260 3387/3398/2351 2744/3388/2341
f 3771/3379/2332 3383/3397/2350 3769/3400/2353
f 3767/3401/2354 3383/3397/2350 3384/3399/2352
f 3153/3402/2355 3384/3399/2352 2715/3261/2214
f 3458/3403/2356 3165/3404/2357 3052/3405/2358
f 3384/3399/2352 2714/3323/2276 2715/3261/2214
f 2553/3373/2326 3385/3396/2349 2739/3372/2325
f 3394/3406/2359 2748/3407/2360 3395/3408/2361
f 2739/3372/2325 3382/3378/2331 2738/3376/2329
f 2744/3388/2341 2721/3409/2362 2552/3307/2260
f 2748/3407/2360 3399/3410/2363 2747/3411/2364
f 2749/3412/2365 3398/3413/2366 2748/3407/2360
f 3389/3390/2343 2986/3414/2367 3390/3387/2340
f 2721/3409/2362 2986/3414/2367 2551/3333/2286
f 2989/3386/2339 2984/3394/2347 3388/3389/2342
f 2555/3314/2267 3397/3415/2368 2749/3412/2365
f 3398/3413/2366 2752/3416/2369 2751/3417/2370
f 3391/3418/2371 3395/3408/2361 3392/3419/2372
f 3392/3419/2372 3396/3420/2373 3393/3421/2374
f 3395/3408/2361 2747/3411/2364 3396/3420/2373
f 2565/3294/2247 3396/3420/2373 2747/3411/2364
f 3391/3418/2371 3951/3422/2375 3949/3423/2376
f 3393/3421/2374 3951/3422/2375 3392/3419/2372
f 3052/3405/2358 3953/3424/2377 3393/3421/2374
f 3723/3425/2378 2804/3426/2379 3776/3427/2380
f 3393/3421/2374 3051/3428/2381 3052/3405/2358
f 2717/3315/2268 2749/3412/2365 3394/3406/2359
f 3407/3429/2382 2779/3430/2383 2778/3431/2384
f 2716/3319/2272 3394/3406/2359 3391/3418/2371
f 2747/3411/2364 2709/3432/2385 2565/3294/2247
f 2753/3433/2386 3401/3434/2387 3402/3435/2388
f 2754/3436/2389 3400/3437/2390 3401/3434/2387
f 3399/3410/2363 2751/3417/2370 2750/3438/2391
f 2709/3432/2385 2750/3438/2391 2564/3306/2259
f 3397/3415/2368 2554/3332/2285 2752/3416/2369
f 2755/3439/2392 2732/3358/2311 3400/3437/2390
f 3400/3437/2390 2757/3440/2393 3401/3434/2387
f 3402/3435/2388 2559/3380/2333 2753/3433/2386
f 2760/3441/2394 3411/3442/2395 2759/3443/2396
f 2761/3444/2397 3410/3445/2398 2760/3441/2394
f 3401/3434/2387 2756/3446/2399 3402/3435/2388
f 2558/3447/2400 3402/3435/2388 2756/3446/2399
f 2732/3358/2311 2758/3448/2401 3400/3437/2390
f 2577/3449/2402 3409/3450/2403 2761/3444/2397
f 3410/3445/2398 2948/3451/2404 2947/3452/2405
f 3406/3453/2406 3404/3454/2407 3403/3455/2408
f 3407/3429/2382 3405/3456/2409 3404/3454/2407
f 3408/3457/2410 2778/3431/2384 2777/3458/2411
f 3046/3459/2412 2777/3458/2411 2576/3460/2413
f 3577/3461/2414 3403/3455/2408 3404/3454/2407
f 3575/3462/2415 3404/3454/2407 3405/3456/2409
f 3242/3287/2240 3405/3456/2409 3045/3285/2238
f 2823/3463/2416 3997/3464/2417 3252/3465/2418
f 3408/3457/2410 3045/3285/2238 3405/3456/2409
f 2575/3466/2419 3406/3453/2406 2775/3467/2420
f 3415/3468/2421 2768/3469/2422 3416/3470/2423
f 2775/3467/2420 3403/3455/2408 2776/3471/2424
f 2759/3443/2396 2762/3472/2425 2573/3473/2426
f 2768/3469/2422 3420/3474/2427 2767/3475/2428
f 2769/3476/2429 3419/3477/2430 2768/3469/2422
f 3411/3442/2395 2947/3452/2405 2946/3478/2431
f 2762/3472/2425 2946/3478/2431 2572/3479/2432
f 3409/3450/2403 2624/3480/2433 2948/3451/2404
f 2567/3481/2434 3418/3482/2435 2769/3476/2429
f 3419/3477/2430 2774/3483/2436 2773/3484/2437
f 3412/3485/2438 3416/3470/2423 3413/3486/2439
f 3413/3486/2439 3417/3487/2440 3414/3488/2441
f 3416/3470/2423 2767/3475/2428 3417/3487/2440
f 3417/3487/2440 2571/3489/2442 2766/3490/2443
f 3583/3491/2444 3412/3485/2438 3413/3486/2439
f 3581/3492/2445 3413/3486/2439 3414/3488/2441
f 3247/3493/2446 3414/3488/2441 2765/3494/2447
f 3204/3495/2448 3424/3496/2449 3549/3497/2450
f 3414/3488/2441 2766/3490/2443 2765/3494/2447
f 2763/3498/2451 2769/3476/2429 3415/3468/2421
f 3428/3499/2452 2786/3500/2453 2785/3501/2454
f 2764/3502/2455 3415/3468/2421 3412/3485/2438
f 2767/3475/2428 2771/3503/2456 2571/3489/2442
f 2777/3458/2411 3422/3504/2457 3423/3505/2458
f 2778/3431/2384 3421/3506/2459 3422/3504/2457
f 3420/3474/2427 2773/3484/2437 2772/3507/2460
f 2771/3503/2456 2772/3507/2460 2570/3508/2461
f 3418/3482/2435 2566/3509/2462 2774/3483/2436
f 2779/3430/2383 2949/3510/2463 3421/3506/2459
f 3421/3506/2459 2907/3511/2464 3422/3504/2457
f 2576/3460/2413 3423/3505/2458 2950/3512/2465
f 2784/3513/2466 3431/3514/2467 3432/3515/2468
f 2785/3501/2454 3430/3516/2469 3431/3514/2467
f 3422/3504/2457 2908/3517/2470 3423/3505/2458
f 3423/3505/2458 2619/3518/2471 2950/3512/2465
f 2949/3510/2463 2906/3519/2472 3421/3506/2459
f 2786/3500/2453 2951/3520/2473 3430/3516/2469
f 3430/3516/2469 2953/3521/2474 3431/3514/2467
f 3427/3522/2475 3425/3523/2476 3424/3496/2449
f 3428/3499/2452 3426/3524/2477 3425/3523/2476
f 3429/3525/2478 2785/3501/2454 2784/3513/2466
f 2783/3526/2479 2784/3513/2466 2569/3527/2480
f 3549/3497/2450 3425/3523/2476 3547/3528/2481
f 3547/3528/2481 3426/3524/2477 3545/3529/2482
f 3545/3529/2482 2782/3530/2483 3228/3531/2484
f 3433/3532/2485 3228/3531/2484 2782/3530/2483
f 3429/3525/2478 2782/3530/2483 3426/3524/2477
f 2574/3533/2486 3427/3522/2475 2780/3534/2487
f 3437/3535/2488 2790/3536/2489 2789/3537/2490
f 2780/3534/2487 3424/3496/2449 2781/3538/2491
f 2569/3527/2480 3432/3515/2468 2787/3539/2492
f 2789/3537/2490 3441/3540/2493 2788/3541/2494
f 2789/3537/2490 3439/3542/2495 3440/3543/2496
f 3431/3514/2467 2952/3544/2497 3432/3515/2468
f 3432/3515/2468 2568/3545/2498 2787/3539/2492
f 2951/3520/2473 2954/3546/2499 3430/3516/2469
f 2790/3536/2489 2787/3539/2492 3439/3542/2495
f 3440/3543/2496 2793/3547/2500 2792/3548/2501
f 3436/3549/2502 3434/3550/2503 3433/3532/2485
f 3434/3550/2503 3438/3551/2504 3435/3552/2505
f 3437/3535/2488 2788/3541/2494 3438/3551/2504
f 2567/3481/2434 3438/3551/2504 2788/3541/2494
f 3434/3550/2503 3976/3553/2506 3433/3532/2485
f 3434/3550/2503 3980/3554/2507 3978/3555/2508
f 3435/3552/2505 2930/3556/2509 3980/3554/2507
f 3476/3557/2510 3240/3558/2511 3043/3559/2512
f 3435/3552/2505 2763/3498/2451 2764/3502/2455
f 2569/3527/2480 3436/3549/2502 2783/3526/2479
f 3445/3560/2513 2795/3561/2514 3446/3562/2515
f 2783/3526/2479 3433/3532/2485 2782/3530/2483
f 2788/3541/2494 2770/3563/2516 2567/3481/2434
f 2795/3561/2514 3450/3564/2517 2794/3565/2518
f 2796/3566/2519 3449/3567/2520 2795/3561/2514
f 3440/3543/2496 2791/3568/2521 3441/3540/2493
f 2770/3563/2516 2791/3568/2521 2566/3509/2462
f 2787/3539/2492 2793/3547/2500 3439/3542/2495
f 2571/3489/2442 3448/3569/2522 2796/3566/2519
f 3449/3567/2520 2957/3570/2523 2956/3571/2524
f 3442/3572/2525 3446/3562/2515 3443/3573/2526
f 3443/3573/2526 3447/3574/2527 3444/3575/2528
f 3446/3562/2515 2794/3565/2518 3447/3574/2527
f 3447/3574/2527 2577/3449/2402 3044/3576/2529
f 3442/3572/2525 4005/3577/2530 4003/3578/2531
f 3444/3575/2528 4005/3577/2530 3443/3573/2526
f 3043/3559/2512 4007/3579/2532 3444/3575/2528
f 3579/3580/2533 2776/3471/2424 3403/3455/2408
f 3444/3575/2528 3044/3576/2529 3043/3559/2512
f 2766/3490/2443 2796/3566/2519 3445/3560/2513
f 2707/3293/2246 3457/3581/2534 2708/3292/2245
f 2765/3494/2447 3445/3560/2513 3442/3572/2525
f 2794/3565/2518 2945/3582/2535 2577/3449/2402
f 2797/3583/2536 3452/3584/2537 3453/3585/2538
f 2798/3586/2539 3451/3587/2540 3452/3584/2537
f 3450/3564/2517 2956/3571/2524 2955/3588/2541
f 2945/3582/2535 2955/3588/2541 2624/3480/2433
f 3448/3569/2522 2570/3508/2461 2957/3570/2523
f 2799/3589/2542 2950/3512/2465 3451/3587/2540
f 3451/3587/2540 2901/3590/2543 3452/3584/2537
f 3453/3585/2538 2574/3533/2486 2797/3583/2536
f 3456/3591/2544 2801/3592/2545 2800/3593/2546
f 3455/3594/2547 2802/3595/2548 2801/3592/2545
f 3452/3584/2537 2902/3596/2549 3453/3585/2538
f 2626/3597/2550 3453/3585/2538 2902/3596/2549
f 2950/3512/2465 2900/3598/2551 3451/3587/2540
f 3454/3599/2552 2588/3600/2553 2802/3595/2548
f 2911/3601/2554 3455/3594/2547 2910/3602/2555
f 2910/3602/2555 3456/3591/2544 2909/3603/2556
f 2909/3603/2556 2959/3604/2557 2616/3605/2558
f 3454/3599/2552 2617/3606/2559 2958/3607/2560
f 2961/3608/2561 3464/3609/2562 2962/3610/2563
f 2959/3604/2557 2800/3593/2546 2582/3611/2564
f 3464/3609/2562 2808/3612/2565 2807/3613/2566
f 3463/3614/2567 2578/3615/2568 2808/3612/2565
f 2962/3610/2563 3465/3616/2569 2963/3617/2570
f 3465/3616/2569 2807/3613/2566 2806/3618/2571
f 2706/3297/2250 3459/3619/2572 2707/3293/2246
f 3459/3619/2572 3458/3403/2356 3457/3581/2534
f 2708/3292/2245 3051/3428/2381 2565/3294/2247
f 3461/3620/2573 3460/3621/2574 3459/3619/2572
f 2557/3299/2252 3461/3620/2573 2706/3297/2250
f 3457/3581/2534 3052/3405/2358 3051/3428/2381
f 3460/3621/2574 3984/3622/2575 3458/3403/2356
f 3462/3623/2576 3983/3624/2577 3460/3621/2574
f 3015/3625/2578 3982/3626/2579 3462/3623/2576
f 3585/3627/2580 2764/3502/2455 3412/3485/2438
f 3016/3628/2581 3462/3623/2576 3461/3620/2573
f 3466/3629/2582 2807/3613/2566 2808/3612/2565
f 2963/3617/2570 2805/3630/2583 2580/3631/2584
f 3463/3614/2567 2625/3632/2585 2960/3633/2586
f 3472/3634/2587 2966/3635/2588 2965/3636/2589
f 2805/3630/2583 2806/3618/2571 2581/3637/2590
f 3472/3634/2587 2815/3638/2591 3473/3639/2592
f 2964/3640/2593 2816/3641/2594 3472/3634/2587
f 3473/3639/2592 2967/3642/2595 2966/3635/2588
f 3473/3639/2592 2814/3643/2596 3474/3644/2597
f 3467/3645/2598 2806/3618/2571 2807/3613/2566
f 2581/3637/2590 3468/3646/2599 2811/3647/2600
f 3469/3648/2601 3467/3645/2598 3466/3629/2582
f 3470/3649/2602 3468/3646/2599 3467/3645/2598
f 2760/3441/2394 3475/3650/2603 2761/3444/2397
f 2808/3612/2565 2810/3651/2604 3466/3629/2582
f 3471/3652/2605 2811/3647/2600 3468/3646/2599
f 3699/3653/2606 3470/3649/2602 3697/3654/2607
f 3697/3654/2607 3469/3648/2601 3695/3655/2608
f 3695/3655/2608 2809/3656/2609 3013/3657/2610
f 3567/3658/2611 2826/3659/2612 3489/3660/2613
f 2809/3656/2609 3466/3629/2582 2810/3651/2604
f 3474/3644/2597 2586/3661/2614 2967/3642/2595
f 2965/3636/2589 2964/3640/2593 3472/3634/2587
f 3481/3662/2615 2969/3663/2616 2968/3664/2617
f 3474/3644/2597 2587/3665/2618 2813/3666/2619
f 3481/3662/2615 2821/3667/2620 3482/3668/2621
f 2819/3669/2622 2822/3670/2623 3481/3662/2615
f 3482/3668/2621 2970/3671/2624 2969/3663/2616
f 3482/3668/2621 2820/3672/2625 3483/3673/2626
f 2759/3443/2396 3477/3674/2627 2760/3441/2394
f 3477/3674/2627 3476/3557/2510 3475/3650/2603
f 3044/3576/2529 2761/3444/2397 3475/3650/2603
f 3479/3675/2628 3478/3676/2629 3477/3674/2627
f 2573/3473/2426 3479/3675/2628 2759/3443/2396
f 3475/3650/2603 3043/3559/2512 3044/3576/2529
f 3478/3676/2629 3945/3677/2630 3476/3557/2510
f 3480/3678/2631 3944/3679/2632 3478/3676/2629
f 3011/3680/2633 3943/3681/2634 3480/3678/2631
f 3202/3682/2635 3471/3652/2605 3699/3653/2606
f 3012/3683/2636 3480/3678/2631 3479/3675/2628
f 2822/3670/2623 3485/3684/2637 2821/3667/2620
f 3483/3673/2626 2620/3685/2638 2970/3671/2624
f 2968/3664/2617 2819/3669/2622 3481/3662/2615
f 3490/3686/2639 2898/3687/2640 2899/3688/2641
f 3483/3673/2626 2579/3689/2642 2971/3690/2643
f 3490/3686/2639 2828/3691/2644 3491/3692/2645
f 2971/3690/2643 2829/3693/2646 3490/3686/2639
f 2898/3687/2640 3492/3694/2647 2897/3695/2648
f 3492/3694/2647 2828/3691/2644 2827/3696/2649
f 2821/3667/2620 3486/3697/2650 2820/3672/2625
f 2820/3672/2625 2825/3698/2651 2579/3689/2642
f 3484/3699/2652 3488/3700/2653 3485/3684/2637
f 3485/3684/2637 3489/3660/2613 3486/3697/2650
f 2829/3693/2646 3494/3701/2654 2828/3691/2644
f 3484/3699/2652 2584/3702/2655 2824/3703/2656
f 3486/3697/2650 2826/3659/2612 2825/3698/2651
f 3565/3704/2657 3489/3660/2613 3488/3700/2653
f 3563/3705/2658 3488/3700/2653 3487/3706/2659
f 3252/3465/2418 3487/3706/2659 2823/3463/2416
f 3013/3657/2610 3498/3707/2660 3561/3708/2661
f 2824/3703/2656 3487/3706/2659 3484/3699/2652
f 2897/3695/2648 2960/3633/2586 2625/3632/2585
f 2899/3688/2641 2971/3690/2643 3490/3686/2639
f 2972/3709/2662 3500/3710/2663 2973/3711/2664
f 2960/3633/2586 2827/3696/2649 2578/3615/2568
f 3500/3710/2663 2832/3712/2665 2831/3713/2666
f 3499/3714/2667 2581/3637/2590 2832/3712/2665
f 2973/3711/2664 3501/3715/2668 2974/3716/2669
f 3501/3715/2668 2831/3713/2666 2830/3717/2670
f 3494/3701/2654 2827/3696/2649 2828/3691/2644
f 2578/3615/2568 3495/3718/2671 2810/3651/2604
f 3493/3719/2672 3497/3720/2673 3494/3701/2654
f 3497/3720/2673 3495/3718/2671 3494/3701/2654
f 3502/3721/2674 2831/3713/2666 2832/3712/2665
f 3493/3719/2672 2579/3689/2642 2825/3698/2651
f 3498/3707/2660 2810/3651/2604 3495/3718/2671
f 3561/3708/2661 3497/3720/2673 3559/3722/2675
f 3557/3723/2676 3497/3720/2673 3496/3724/2677
f 3108/3725/2678 3496/3724/2677 2826/3659/2612
f 3511/3726/2679 2935/3349/2302 2687/3348/2301
f 2825/3698/2651 3496/3724/2677 3493/3719/2672
f 2974/3716/2669 2958/3607/2560 2617/3606/2559
f 3499/3714/2667 2580/3631/2584 2805/3630/2583
f 3508/3727/2680 2834/3728/2681 2833/3729/2682
f 2958/3607/2560 2830/3717/2670 2588/3600/2553
f 3508/3727/2680 2837/3730/2683 3509/3731/2684
f 2813/3666/2619 2838/3732/2685 3508/3727/2680
f 3509/3731/2684 2835/3733/2686 2834/3728/2681
f 3509/3731/2684 2836/3734/2687 3510/3735/2688
f 3503/3736/2689 2830/3717/2670 2831/3713/2666
f 2588/3600/2553 3504/3737/2690 3053/3738/2691
f 3505/3739/2692 3503/3736/2689 3502/3721/2674
f 3506/3740/2693 3504/3737/2690 3503/3736/2689
f 3514/3741/2694 2840/3742/2695 3515/3743/2696
f 2832/3712/2665 2811/3647/2600 3502/3721/2674
f 3507/3744/2697 3053/3738/2691 3504/3737/2690
f 3553/3745/2698 3507/3744/2697 3506/3740/2693
f 3553/3745/2698 3505/3739/2692 3551/3746/2699
f 3551/3746/2699 2812/3747/2700 3202/3682/2635
f 3140/3748/2701 3595/3749/2702 3619/3750/2703
f 2812/3747/2700 3502/3721/2674 2811/3647/2600
f 3510/3735/2688 2583/3751/2704 2835/3733/2686
f 2833/3729/2682 2813/3666/2619 3508/3727/2680
f 3518/3752/2705 2977/3753/2706 2976/3754/2707
f 2584/3702/2655 3510/3735/2688 2836/3734/2687
f 2841/3755/2708 3518/3752/2705 2840/3742/2695
f 2548/3342/2295 3517/3756/2709 2841/3755/2708
f 2840/3742/2695 3519/3757/2710 2839/3758/2711
f 3511/3726/2679 3515/3743/2696 3512/3759/2712
f 3515/3743/2696 3513/3760/2713 3512/3759/2712
f 3516/3761/2714 2840/3742/2695 2839/3758/2711
f 2726/3762/2715 2839/3758/2711 2561/3763/2716
f 3512/3759/2712 3961/3764/2717 3511/3726/2679
f 3512/3759/2712 3965/3765/2718 3963/3766/2719
f 3513/3760/2713 3155/3767/2720 3965/3765/2718
f 3528/3768/2721 3167/3769/2722 2817/3770/2723
f 3516/3761/2714 2727/3771/2724 3513/3760/2713
f 2688/3353/2306 2841/3755/2708 3514/3741/2694
f 3523/3772/2725 2843/3773/2726 2844/3774/2727
f 2687/3348/2301 3514/3741/2694 3511/3726/2679
f 3519/3757/2710 2561/3763/2716 2839/3758/2711
f 3521/3775/2728 2842/3776/2729 3522/3777/2730
f 3521/3775/2728 2844/3774/2727 2843/3773/2726
f 3518/3752/2705 2975/3778/2731 3519/3757/2710
f 2560/3779/2732 3519/3757/2710 2975/3778/2731
f 3517/3756/2709 2615/3780/2733 2977/3753/2706
f 3520/3781/2734 2575/3466/2419 2844/3774/2727
f 2905/3782/2735 3521/3775/2728 2904/3783/2736
f 3521/3775/2728 2903/3784/2737 2904/3783/2736
f 3522/3777/2730 2623/3785/2738 2903/3784/2737
f 3520/3781/2734 2618/3786/2739 2949/3510/2463
f 3593/3787/2740 3004/3788/2741 3003/3789/2742
f 2585/3790/2743 3522/3777/2730 2842/3776/2729
f 2995/3791/2744 3593/3787/2740 2994/3792/2745
f 2545/3161/2114 3607/3793/2746 2987/3150/2103
f 3593/3787/2740 3002/3794/2747 3594/3795/2748
f 3593/3787/2740 2993/3796/2749 2994/3792/2745
f 2843/3773/2726 3525/3797/2750 2842/3776/2729
f 2818/3798/2751 2842/3776/2729 3525/3797/2750
f 3526/3799/2752 3524/3800/2753 3523/3772/2725
f 3524/3800/2753 3528/3768/2721 3525/3797/2750
f 3598/3801/2754 2994/3792/2745 3599/3802/2755
f 2844/3774/2727 2775/3467/2420 3523/3772/2725
f 3525/3797/2750 2817/3770/2723 2818/3798/2751
f 3527/3803/2756 4020/3804/2757 3528/3768/2721
f 3527/3803/2756 4018/3805/2758 4019/3806/2759
f 3526/3799/2752 3077/3807/2760 4018/3805/2758
f 3114/3808/2761 3365/3338/2291 3627/3344/2297
f 2776/3471/2424 3523/3772/2725 2775/3467/2420
f 2890/3809/2762 3065/3810/2763 3066/3811/2764
f 2595/3812/2765 2664/3813/2766 3098/3814/2767
f 2891/3815/2768 2594/3816/2769 3065/3810/2763
f 3098/3814/2767 2665/3817/2770 3097/3818/2771
f 3097/3818/2771 2861/3819/2772 3096/3820/2773
f 3096/3820/2773 3289/3821/2774 2644/3822/2775
f 2860/3823/2776 3300/3824/2777 2595/3812/2765
f 3284/3825/2778 3095/3826/2779 2649/3827/2780
f 2859/3828/2781 3266/3829/2782 2860/3823/2776
f 2862/3830/2783 3094/3831/2784 3095/3826/2779
f 3268/3832/2785 2859/3828/2781 2858/3833/2786
f 2863/3834/2787 3093/3835/2788 3094/3831/2784
f 3277/3836/2789 3061/3837/2790 2657/3838/2791
f 3301/3839/2792 2858/3833/2786 2594/3816/2769
f 2864/3840/2793 2657/3838/2791 3093/3835/2788
f 2892/3841/2794 3060/3842/2795 3061/3837/2790
f 2857/3843/2796 3302/3844/2797 2593/3845/2798
f 2606/3846/2799 2865/3847/2800 3092/3848/2801
f 2893/3849/2802 3059/3850/2803 3060/3842/2795
f 2856/3851/2804 3269/3852/2805 2857/3843/2796
f 3092/3848/2801 2866/3853/2806 3091/3854/2807
f 2915/3855/2808 2589/3856/2809 3059/3850/2803
f 3271/3857/2810 2856/3851/2804 2855/3858/2811
f 3278/3859/2812 3162/3860/2813 2655/3861/2814
f 2866/3862/2806 3090/3863/2815 3091/3864/2807
f 2599/3865/2816 3069/3866/2817 3001/3867/2818
f 3303/3868/2819 2855/3858/2811 2592/3869/2820
f 2596/3870/2821 3161/3871/2822 3162/3860/2813
f 2873/3872/2823 2666/3873/2824 3090/3863/2815
f 3001/3867/2818 3070/3874/2825 3000/3875/2826
f 2854/3876/2827 3305/3877/2828 2590/3878/2829
f 2597/3879/2830 3160/3880/2831 3161/3871/2822
f 3294/3881/2832 3089/3882/2833 2604/3883/2834
f 3070/3874/2825 2999/3884/2835 3000/3875/2826
f 2652/3885/2836 2630/3886/2837 3124/3887/2838
f 2853/3888/2839 3272/3889/2840 2854/3876/2827
f 2598/3890/2841 2592/3869/2820 3160/3880/2831
f 2874/3891/2842 3088/3892/2843 3089/3882/2833
f 3253/3893/2844 2600/3894/2845 2999/3884/2835
f 3124/3887/2838 2631/3895/2846 3123/3896/2847
f 3532/3897/2848 3530/3898/2849 3529/3899/2850
f 3533/3900/2851 3531/3901/2852 3530/3898/2849
f 3535/3902/2853 3533/3900/2851 3532/3897/2848
f 3536/3903/2854 3534/3904/2855 3533/3900/2851
f 3159/3905/2856 3125/3906/2857 2643/3907/2858
f 3529/3899/2850 3126/3908/2859 3125/3906/2857
f 3530/3898/2849 3127/3909/2860 3126/3908/2859
f 3534/3904/2855 4069/3910/2861 3531/3901/2852
f 3537/3911/2862 4071/3912/2863 3534/3904/2855
f 3229/3913/2864 4073/3914/2865 3537/3911/2862
f 3230/3915/2866 3537/3911/2862 3536/3903/2854
f 3231/3916/2867 3536/3903/2854 3535/3902/2853
f 2602/3917/2868 3535/3902/2853 3157/3918/2869
f 3157/3918/2869 3532/3897/2848 3158/3919/2870
f 3158/3919/2870 3529/3899/2850 3159/3905/2856
f 3542/3920/2871 3541/3199/2152 3540/3921/2872
f 3538/3922/2873 3235/3202/2155 3234/3923/2874
f 3831/3924/2875 3538/3922/2873 3828/3925/2876
f 3170/3926/2877 3543/3198/2151 3542/3920/2871
f 3546/3927/2878 3545/3529/2482 3544/3928/2879
f 3837/3929/2880 3227/3930/2881 3073/3931/2882
f 3171/3932/2883 3542/3920/2871 3834/3933/2884
f 3834/3933/2884 3540/3921/2872 3831/3924/2875
f 3548/3934/2885 3547/3528/2481 3546/3927/2878
f 3544/3928/2879 3228/3531/2484 3227/3930/2881
f 3840/3935/2886 3544/3928/2879 3837/3929/2880
f 3203/3936/2887 3549/3497/2450 3548/3934/2885
f 3552/3937/2888 3551/3746/2699 3550/3938/2889
f 3846/3939/2890 3201/3940/2891 3133/3941/2892
f 3130/3942/2893 3548/3934/2885 3843/3943/2894
f 3843/3943/2894 3546/3927/2878 3840/3935/2886
f 3554/3944/2895 3553/3745/2698 3552/3937/2888
f 3550/3938/2889 3202/3682/2635 3201/3940/2891
f 3849/3945/2896 3550/3938/2889 3846/3939/2890
f 3113/3946/2897 3555/3947/2898 3554/3944/2895
f 3556/3948/2899 3559/3722/2675 3557/3723/2676
f 3216/3949/2900 3556/3948/2899 3109/3950/2901
f 3210/3951/2902 3554/3944/2895 3852/3952/2903
f 3852/3952/2903 3552/3937/2888 3849/3945/2896
f 3560/3953/2904 3559/3722/2675 3558/3954/2905
f 3109/3950/2901 3557/3723/2676 3108/3725/2678
f 3855/3955/2906 3558/3954/2905 3556/3948/2899
f 3014/3956/2907 3561/3708/2661 3560/3953/2904
f 3562/3957/2908 3565/3704/2657 3563/3705/2658
f 2929/3958/2909 3562/3957/2908 3251/3959/2910
f 3236/3960/2911 3560/3953/2904 3861/3961/2912
f 3861/3961/2912 3558/3954/2905 3858/3962/2913
f 3564/3963/2914 3567/3658/2611 3565/3704/2657
f 3251/3959/2910 3563/3705/2658 3252/3465/2418
f 3864/3964/2915 3564/3963/2914 3562/3957/2908
f 3566/3965/2916 3108/3725/2678 3567/3658/2611
f 3568/3966/2917 3571/3316/2269 3569/3317/2270
f 3136/3967/2918 3568/3966/2917 3199/3968/2919
f 3870/3969/2920 3109/3950/2901 3566/3965/2916
f 3867/3970/2921 3566/3965/2916 3564/3963/2914
f 3570/3971/2922 3573/3260/2213 3571/3316/2269
f 3199/3968/2919 3569/3317/2270 3200/3318/2271
f 3873/3972/2923 3570/3971/2922 3568/3966/2917
f 3572/3973/2924 3153/3402/2355 3573/3260/2213
f 3574/3974/2925 3577/3461/2414 3575/3462/2415
f 3882/3975/2926 3241/3976/2927 2939/3977/2928
f 3879/3978/2929 3154/3979/2930 3572/3973/2924
f 3876/3980/2931 3572/3973/2924 3570/3971/2922
f 3274/3981/2932 2853/3888/2839 2852/3982/2933
f 2643/3983/2858 2607/3984/2934 3159/3985/2856
f 2875/3986/2935 3087/3987/2936 3088/3892/2843
f 2631/3895/2846 3122/3988/2937 3123/3896/2847
f 3306/3989/2938 2852/3982/2933 2589/3856/2809
f 3159/3985/2856 2608/3990/2939 3158/3991/2870
f 2879/3992/2940 2655/3861/2814 3087/3987/2936
f 3297/3993/2941 2884/3994/2942 2601/3995/2943
f 2632/3996/2944 2603/3997/2945 3122/3988/2937
f 3158/3991/2870 2609/3998/2946 3157/3999/2869
f 2591/4000/2947 2880/4001/2948 3086/4002/2949
f 3254/4003/2950 2883/4004/2951 2884/3994/2942
f 3157/3999/2869 3296/4005/2952 2602/4006/2868
f 3086/4002/2949 2881/4007/2953 3085/4008/2954
f 3255/4009/2955 2882/4010/2956 2883/4004/2951
f 2642/4011/2957 2633/4012/2958 3121/4013/2959
f 3085/4008/2954 2885/4014/2960 3084/4015/2961
f 3256/4016/2962 2660/4017/2963 2882/4010/2956
f 3121/4013/2959 2634/4018/2964 3120/4019/2965
f 3084/4015/2961 3290/4020/2966 2643/3983/2858
f 3120/4019/2965 2635/4021/2967 3119/4022/2968
f 3119/4022/2968 3280/4023/2969 2653/4024/2970
f 2650/4025/2971 2636/4026/2972 3118/4027/2973
f 3083/4028/2974 3304/4029/2975 2591/4000/2947
f 3118/4027/2973 2637/4030/2976 3117/4031/2977
f 3082/4032/2978 2886/4033/2979 3083/4028/2974
f 2605/4034/2980 3257/4035/2981 2878/4036/2982
f 3117/4031/2977 2638/4037/2983 3116/4038/2984
f 2888/4039/2985 3082/4032/2978 3081/4040/2986
f 3040/4041/2987 3283/4042/2988 2650/4025/2971
f 2878/4036/2982 3258/4043/2989 2877/4044/2990
f 3116/4038/2984 3299/4045/2991 2599/3865/2816
f 3279/4046/2992 3081/4040/2986 2654/4047/2993
f 3039/4048/2994 2916/4049/2995 3040/4041/2987
f 2877/4044/2990 3259/4050/2996 2876/4051/2997
f 3152/4052/2998 3293/4053/2999 2605/4034/2980
f 3038/4054/3000 2917/4055/3001 3039/4048/2994
f 2876/4051/2997 3292/4056/3002 2606/3846/2799
f 3151/4057/3003 2610/4058/3004 3152/4052/2998
f 2647/4059/3005 2918/4060/3006 3038/4054/3000
f 3150/4061/3007 2611/4062/3008 3151/4057/3003
f 2919/4063/3009 2651/4064/3010 3037/4065/3011
f 2644/3822/2775 2612/4066/3012 3150/4061/3007
f 2920/4067/3013 3037/4065/3011 3036/4068/3014
f 3149/4069/3015 3291/4070/3016 2642/4011/2957
f 3035/4071/3017 2920/4067/3013 3036/4068/3014
f 3148/4072/3018 2613/4073/3019 3149/4069/3015
f 2653/4024/2970 2921/4074/3020 3035/4071/3017
f 3147/4075/3021 2628/4076/3022 3148/4072/3018
f 3576/4077/3023 3579/3580/2533 3577/3461/2414
f 3241/3976/2927 3575/3462/2415 3242/3287/2240
f 3885/4078/3024 3574/3974/2925 3882/3975/2926
f 3578/4079/3025 3077/3807/2760 3579/3580/2533
f 3580/4080/3026 3583/3491/2444 3581/3492/2445
f 2934/4081/3027 3580/4080/3026 3246/4082/3028
f 3888/4083/3029 3078/4084/3030 3578/4079/3025
f 3885/4078/3024 3578/4079/3025 3576/4077/3023
f 3282/4085/3031 3034/4086/3032 2651/4064/3010
f 3295/4087/3033 2872/4088/3034 2603/3997/2945
f 2645/4089/3035 2629/4090/3036 3147/4075/3021
f 2922/4091/3037 3033/4092/3038 3034/4086/3032
f 3260/4093/3039 2871/4094/3040 2872/4088/3034
f 2923/4095/3041 3032/4096/3042 3033/4092/3038
f 3261/4097/3043 2870/4098/3044 2871/4094/3040
f 3582/4099/3045 3585/3627/2580 3583/3491/2444
f 3246/4082/3028 3581/3492/2445 3247/3493/2446
f 3891/4100/3046 3582/4099/3045 3580/4080/3026
f 3584/4101/3047 2930/3556/2509 3585/3627/2580
f 3588/4102/3048 3587/4103/3049 3586/4104/3050
f 3900/4105/3051 3203/3936/2887 3130/3942/2893
f 3897/4106/3052 2931/4107/3053 3584/4101/3047
f 3894/4108/3054 3584/4101/3047 3582/4099/3045
f 3590/4109/3055 3589/4110/3056 3588/4102/3048
f 3586/4104/3050 3204/3495/2448 3203/3936/2887
f 3903/4111/3057 3586/4104/3050 3900/4105/3051
f 3241/3976/2927 3591/3286/2239 3590/4109/3055
f 3740/4112/3058 3198/4113/3059 3047/4114/3060
f 2781/3538/2491 3587/4103/3049 3750/4115/3061
f 3750/4115/3061 3589/4110/3056 3748/4116/3062
f 3746/4117/3063 3589/4110/3056 3591/3286/2239
f 3610/4118/3064 3614/4119/3065 3611/4120/3066
f 3612/4121/3067 3076/4122/3068 3915/4123/3069
f 2939/3977/2928 3590/4109/3055 3906/4124/3070
f 3906/4124/3070 3588/4102/3048 3903/4111/3057
f 2924/4125/3071 2648/4126/3072 3032/4096/3042
f 2616/3605/2558 3594/3795/2748 3002/3794/2747
f 3592/4127/3073 2556/3305/2258 3004/3788/2741
f 2992/4128/3074 3608/4129/3075 3607/3793/2746
f 3594/3795/2748 2582/3611/2564 2993/3796/2749
f 3005/4130/3076 3608/4129/3075 3006/4131/3077
f 2557/3299/2252 3592/4127/3073 2995/3791/2744
f 2990/4132/3078 3608/4129/3075 2991/4133/3079
f 3595/3749/2702 3599/3802/2755 3596/4134/3080
f 3599/3802/2755 3597/4135/3081 3596/4134/3080
f 3600/4136/3082 2994/3792/2745 2993/3796/2749
f 2803/4137/3083 2993/3796/2749 2582/3611/2564
f 3619/3750/2703 3596/4134/3080 3620/4138/3084
f 3596/4134/3080 3621/4139/3085 3620/4138/3084
f 3597/4135/3081 3193/4140/3086 3621/4139/3085
f 3633/4141/3087 2671/4142/3088 3737/4143/3089
f 3600/4136/3082 2804/3426/2379 3597/4135/3081
f 3016/3628/2581 2995/3791/2744 3598/3801/2754
f 3601/4144/3090 2991/4133/3079 2992/4128/3074
f 3015/3625/2578 3598/3801/2754 3595/3749/2702
f 2991/4133/3079 3603/4145/3091 2990/4132/3078
f 3012/3683/2636 2990/4132/3078 3603/4145/3091
f 3604/4146/3092 3602/4147/3093 3601/4144/3090
f 3602/4147/3093 3606/4148/3094 3603/4145/3091
f 3734/4149/3095 2668/3162/2115 2669/3168/2121
f 2992/4128/3074 2670/4150/3096 3601/4144/3090
f 3603/4145/3091 3011/3680/2633 3012/3683/2636
f 3613/4151/3097 3605/4152/3098 3614/4119/3065
f 3605/4152/3098 3615/4153/3099 3614/4119/3065
f 3604/4146/3092 3226/4154/3100 3615/4153/3099
f 3555/3947/2898 3054/4155/3101 3507/3744/2697
f 2671/4142/3088 3601/4144/3090 2670/4150/3096
f 2573/3473/2426 3609/4156/3102 2990/4132/3078
f 3608/4129/3075 3007/4157/3103 3006/4131/3077
f 3609/4156/3102 2572/3479/2432 3007/4157/3103
f 3607/3793/2746 2622/3151/2104 2987/3150/2103
f 3612/4121/3067 3614/4119/3065 3615/4153/3099
f 3225/4158/3104 3615/4153/3099 3226/4154/3100
f 3618/4159/3105 3144/4160/3106 3924/4161/3107
f 3213/4162/3108 3610/4118/3064 3913/4163/3109
f 3913/4163/3109 3611/4120/3066 3914/4164/3110
f 3611/4120/3066 3915/4123/3069 3914/4164/3110
f 3111/4165/3111 3613/4151/3097 3610/4118/3064
f 3616/4166/3112 3620/4138/3084 3617/4167/3113
f 3618/4159/3105 3620/4138/3084 3621/4139/3085
f 3192/4168/3114 3621/4139/3085 3193/4140/3086
f 3927/4169/3115 2936/4170/3116 3243/4171/3117
f 3194/4172/3118 3616/4166/3112 3922/4173/3119
f 3922/4173/3119 3617/4167/3113 3923/4174/3120
f 3617/4167/3113 3924/4161/3107 3923/4174/3120
f 3141/4175/3121 3619/3750/2703 3616/4166/3112
f 3624/4176/3122 3623/3347/2300 3622/4177/3123
f 3626/4178/3124 3625/3345/2298 3624/4176/3122
f 2935/3349/2302 3622/4177/3123 3623/3347/2300
f 3930/4179/3125 3622/4177/3123 3927/4169/3115
f 3115/4180/3126 3627/3344/2297 3626/4178/3124
f 3628/4181/3127 3631/4182/3128 3629/4183/3129
f 3936/4184/3130 3164/4185/3131 3180/4186/3132
f 3933/4187/3133 3115/4180/3126 3626/4178/3124
f 3930/4179/3125 3626/4178/3124 3624/4176/3122
f 3630/4188/3134 3633/4141/3087 3631/4182/3128
f 3164/4185/3131 3629/4183/3129 3163/4189/3135
f 3939/4190/3136 3628/4181/3127 3936/4184/3130
f 3632/4191/3137 3226/4154/3100 3633/4141/3087
f 2765/3494/2447 4003/3578/2531 3247/3493/2446
f 3163/4189/3135 3733/4192/3138 3042/4193/3139
f 3629/4183/3129 3735/4194/3140 3733/4192/3138
f 3631/4182/3128 3737/4143/3089 3735/4194/3140
f 3672/4195/3141 3671/3375/2328 3670/4196/3142
f 3636/4197/3143 3239/4198/3144 3948/4199/3145
f 3942/4200/3146 3225/4158/3104 3632/4191/3137
f 3939/4190/3136 3632/4191/3137 3630/4188/3134
f 3637/4201/3147 3635/4202/3148 3634/4203/3149
f 3638/4204/3150 3636/4197/3143 3635/4202/3148
f 3640/4205/3151 3638/4204/3150 3637/4201/3147
f 3641/4206/3152 3639/4207/3153 3638/4204/3150
f 3199/3968/2919 3643/4208/3154 3136/3967/2918
f 3111/4165/3111 3634/4203/3149 3946/4209/3155
f 3946/4209/3155 3635/4202/3148 3947/4210/3156
f 3635/4202/3148 3948/4199/3145 3947/4210/3156
f 3639/4207/3153 3010/4211/3157 3636/4197/3143
f 3642/4212/3158 3009/4213/3159 3639/4207/3153
f 2867/4214/3160 3008/4215/3161 3642/4212/3158
f 2868/4216/3162 3642/4212/3158 3641/4206/3152
f 2869/4217/3163 3641/4206/3152 3640/4205/3151
f 2600/4218/2845 3640/4205/3151 3215/4219/3164
f 3215/4219/3164 3637/4201/3147 3214/4220/3165
f 3214/4220/3165 3634/4203/3149 3213/4162/3108
f 3643/4208/3154 3647/4221/3166 3644/4222/3167
f 3644/4222/3167 3648/4223/3168 3645/4224/3169
f 3646/4225/3170 3650/4226/3171 3647/4221/3166
f 3647/4221/3166 3651/4227/3172 3648/4223/3168
f 3950/4228/3173 3646/4225/3170 3643/4208/3154
f 3136/3967/2918 3644/4222/3167 3135/4229/3174
f 3135/4229/3174 3645/4224/3169 3134/4230/3175
f 3134/4230/3175 3023/4231/3176 2646/4232/3177
f 3645/4224/3169 3024/4233/3178 3023/4231/3176
f 3648/4223/3168 3025/4234/3179 3024/4233/3178
f 3651/4227/3172 2648/4235/3072 3025/4234/3179
f 3650/4226/3171 3179/4236/3180 3651/4227/3172
f 3649/4237/3181 3178/4238/3182 3650/4226/3171
f 3146/4239/3183 3652/4240/3184 3189/4241/3185
f 3954/4242/3186 3177/4243/3187 3649/4237/3181
f 3952/4244/3188 3649/4237/3181 3646/4225/3170
f 3652/4240/3184 3656/4245/3189 3653/4246/3190
f 3653/4246/3190 3657/4247/3191 3654/4248/3192
f 3655/4249/3193 3659/4250/3194 3656/4245/3189
f 3656/4245/3189 3660/4251/3195 3657/4247/3191
f 3956/4252/3196 3655/4249/3193 3652/4240/3184
f 3189/4241/3185 3653/4246/3190 3190/4253/3197
f 3190/4253/3197 3654/4248/3192 3191/4254/3198
f 3191/4254/3198 3087/4255/2936 2655/4256/2814
f 3654/4248/3192 3088/4257/2843 3087/4255/2936
f 3657/4247/3191 3089/4258/2833 3088/4257/2843
f 3660/4251/3195 2604/4259/2834 3089/4258/2833
f 3659/4250/3194 3209/4260/3199 3660/4251/3195
f 3658/4261/3200 3208/4262/3201 3659/4250/3194
f 3962/4263/3202 3243/4171/3117 2936/4170/3116
f 3960/4264/3203 3207/4265/3204 3658/4261/3200
f 3958/4266/3205 3658/4261/3200 3655/4249/3193
f 3661/4267/3206 3665/4268/3207 3662/4269/3208
f 3662/4269/3208 3666/4270/3209 3663/4271/3210
f 3664/4272/3211 3668/4273/3212 3665/4268/3207
f 3668/4273/3212 3666/4270/3209 3665/4268/3207
f 3964/4274/3213 3661/4267/3206 3962/4263/3202
f 3661/4267/3206 3244/4275/3214 3243/4171/3117
f 3244/4275/3214 3663/4271/3210 3245/4276/3215
f 3245/4276/3215 3122/4277/2937 2603/4278/2945
f 3663/4271/3210 3123/4279/2847 3122/4277/2937
f 3669/4280/3216 3123/4279/2847 3666/4270/3209
f 3185/4281/3217 3124/4282/2838 3669/4280/3216
f 3184/4283/3218 3669/4280/3216 3668/4273/3212
f 3667/4284/3219 3184/4283/3218 3668/4273/3212
f 3969/4285/3220 3080/4286/3221 3219/4287/3222
f 3966/4288/3223 3183/4289/3224 3667/4284/3219
f 3964/4274/3213 3667/4284/3219 3664/4272/3211
f 3674/4290/3225 3673/3374/2327 3672/4195/3141
f 3079/3377/2330 3670/4196/3142 3671/3375/2328
f 3972/4291/3226 3670/4196/3142 3969/4285/3220
f 3205/4292/3227 3675/3322/2275 3674/4290/3225
f 3696/4293/3228 3695/3655/2608 3694/4294/3229
f 3977/4295/3230 3073/3931/2882 3227/3930/2881
f 3127/3909/2860 3674/4290/3225 3975/4296/3231
f 3975/4296/3231 3672/4195/3141 3972/4291/3226
f 3679/4297/3232 3677/4298/3233 3676/4299/3234
f 3680/4300/3235 3678/4301/3236 3677/4298/3233
f 3679/4297/3232 3683/4302/3237 3680/4300/3235
f 3680/4300/3235 3684/4303/3238 3681/4304/3239
f 3979/4305/3240 3676/4299/3234 3977/4295/3230
f 3676/4299/3234 3072/4306/3241 3073/3931/2882
f 3677/4298/3233 3071/4307/3242 3072/4306/3241
f 3678/4301/3236 2595/4308/2765 3071/4307/3242
f 3681/4304/3239 2860/4309/2776 3678/4301/3236
f 3681/4304/3239 2858/4310/2786 2859/4311/2781
f 3684/4303/3238 2594/4312/2769 2858/4310/2786
f 3683/4302/3237 3250/4313/3243 3684/4303/3238
f 3682/4314/3244 3249/4315/3245 3683/4302/3237
f 3687/4316/3246 3166/4317/3247 3987/4318/3248
f 3981/4319/3249 3248/4320/3250 3682/4314/3244
f 3979/4305/3240 3682/4314/3244 3679/4297/3232
f 3688/4321/3251 3686/4322/3252 3685/4323/3253
f 3689/4324/3254 3687/4316/3246 3686/4322/3252
f 3691/4325/3255 3689/4324/3254 3688/4321/3251
f 3692/4326/3256 3690/4327/3257 3689/4324/3254
f 3990/4328/3258 3014/3956/2907 3236/3960/2911
f 3141/4175/3121 3685/4323/3253 3985/4329/3259
f 3985/4329/3259 3686/4322/3252 3986/4330/3260
f 3686/4322/3252 3987/4318/3248 3986/4330/3260
f 3690/4327/3257 3177/4243/3187 3687/4316/3246
f 3693/4331/3261 3178/4238/3182 3690/4327/3257
f 3032/4332/3042 3179/4236/3180 3693/4331/3261
f 3033/4333/3038 3693/4331/3261 3692/4326/3256
f 3034/4334/3032 3692/4326/3256 3691/4325/3255
f 2651/4335/3010 3691/4325/3255 3196/4336/3262
f 3196/4336/3262 3688/4321/3251 3195/4337/3263
f 3195/4337/3263 3685/4323/3253 3194/4172/3118
f 3698/4338/3264 3697/3654/2607 3696/4293/3228
f 3013/3657/2610 3694/4294/3229 3695/3655/2608
f 3993/4339/3265 3694/4294/3229 3990/4328/3258
f 3201/3940/2891 3699/3653/2606 3698/4338/3264
f 3718/4340/3266 3721/4341/3267 3719/4342/3268
f 3251/3959/2910 3700/4343/3269 2929/3958/2909
f 3133/3941/2892 3698/4338/3264 3996/4344/3270
f 3996/4344/3270 3696/4293/3228 3993/4339/3265
f 3700/4343/3269 3704/4345/3271 3701/4346/3272
f 3701/4346/3272 3705/4347/3273 3702/4348/3274
f 3703/4349/3275 3707/4350/3276 3704/4345/3271
f 3704/4345/3271 3708/4351/3277 3705/4347/3273
f 3998/4352/3278 3703/4349/3275 3700/4343/3269
f 2929/3958/2909 3701/4346/3272 2928/4353/3279
f 2928/4353/3279 3702/4348/3274 2927/4354/3280
f 2927/4354/3280 3093/4355/2788 2657/4356/2791
f 3702/4348/3274 3094/4357/2784 3093/4355/2788
f 3705/4347/3273 3095/4358/2779 3094/4357/2784
f 3708/4351/3277 2649/4359/2780 3095/4358/2779
f 3707/4350/3276 3137/4360/3281 3708/4351/3277
f 3706/4361/3282 3138/4362/3283 3707/4350/3276
f 3246/4082/3028 3709/4363/3284 2934/4081/3027
f 4002/4364/3285 3139/4365/3286 3706/4361/3282
f 4000/4366/3287 3706/4361/3282 3703/4349/3275
f 3709/4363/3284 3713/4367/3288 3710/4368/3289
f 3710/4368/3289 3714/4369/3290 3711/4370/3291
f 3712/4371/3292 3716/4372/3293 3713/4367/3288
f 3713/4367/3288 3717/4373/3294 3714/4369/3290
f 4004/4374/3295 3712/4371/3292 3709/4363/3284
f 2934/4081/3027 3710/4368/3289 2933/4375/3296
f 2933/4375/3296 3711/4370/3291 2932/4376/3297
f 2932/4376/3297 2882/4377/2956 2660/4378/2963
f 3711/4370/3291 2883/4379/2951 2882/4377/2956
f 3714/4369/3290 2884/4380/2942 2883/4379/2951
f 3717/4373/3294 2601/4381/2943 2884/4380/2942
f 3716/4372/3293 3008/4215/3161 3717/4373/3294
f 3715/4382/3298 3009/4213/3159 3716/4372/3293
f 4011/4383/3299 3113/3946/2897 3210/3951/2902
f 4008/4384/3300 3010/4211/3157 3715/4382/3298
f 4006/4385/3301 3715/4382/3298 3712/4371/3292
f 3720/4386/3302 3723/3425/2378 3721/4341/3267
f 3113/3946/2897 3719/4342/3268 3112/4387/3303
f 4014/4388/3304 3718/4340/3266 4011/4383/3299
f 3722/4389/3305 3193/4140/3086 3723/3425/2378
f 2693/3240/2193 3955/4390/3306 3145/3239/2192
f 3112/4387/3303 3772/4391/3307 3054/4155/3101
f 3719/4342/3268 3774/4392/3308 3772/4391/3307
f 3721/4341/3267 3776/3427/2380 3774/4392/3308
f 3766/4393/3309 3769/3400/2353 3767/3401/2354
f 4023/4394/3310 3174/4395/3311 3168/4396/3312
f 4017/4397/3313 3192/4168/3114 3722/4389/3305
f 4014/4388/3304 3722/4389/3305 3720/4386/3302
f 3727/4398/3314 3725/4399/3315 3724/4400/3316
f 3725/4399/3315 3729/4401/3317 3726/4402/3318
f 3727/4398/3314 3731/4403/3319 3728/4404/3320
f 3731/4403/3319 3729/4401/3317 3728/4404/3320
f 3156/4405/3321 3751/4406/3322 3183/4289/3224
f 3222/4407/3323 4021/4408/3324 3078/4084/3030
f 3724/4400/3316 4022/4409/3325 4021/4408/3324
f 4022/4409/3325 3726/4402/3318 4023/4394/3310
f 3726/4402/3318 3175/4410/3326 3174/4395/3311
f 3732/4411/3327 3175/4410/3326 3729/4401/3317
f 3090/4412/2815 3176/4413/3328 3732/4411/3327
f 3091/4414/2807 3732/4411/3327 3731/4403/3319
f 3730/4415/3329 3091/4414/2807 3731/4403/3319
f 3224/4416/3330 3092/4417/2801 3730/4415/3329
f 3223/4418/3331 3730/4415/3329 3727/4398/3314
f 3223/4418/3331 3724/4400/3316 3222/4407/3323
f 3733/4192/3138 3736/4419/3332 3734/4149/3095
f 3736/4419/3332 2667/3160/2113 2668/3162/2115
f 3735/4194/3140 3738/4420/3333 3736/4419/3332
f 3041/3274/2227 2669/3168/2121 2550/3167/2120
f 3042/4193/3139 3734/4149/3095 3041/3274/2227
f 3738/4420/3333 2545/3161/2114 2667/3160/2113
f 2815/3638/2591 3739/4421/3334 2814/3643/2596
f 3737/4143/3089 2670/4150/3096 3738/4420/3333
f 2816/3641/2594 3741/4422/3335 2815/3638/2591
f 3741/4422/3335 3740/4112/3058 3739/4421/3334
f 3048/4423/3336 2814/3643/2596 3739/4421/3334
f 3743/4424/3337 3742/4425/3338 3741/4422/3335
f 2585/3790/2743 3743/4424/3337 2816/3641/2594
f 3739/4421/3334 3047/4114/3060 3048/4423/3336
f 3742/4425/3338 4065/4426/3339 3740/4112/3058
f 3744/4427/3340 4064/4428/3341 3742/4425/3338
f 2817/3770/2723 4063/4429/3342 3744/4427/3340
f 3110/4430/3343 3606/4148/3094 3613/4151/3097
f 2818/3798/2751 3744/4427/3340 3743/4424/3337
f 2799/3589/2542 3747/4431/3344 3745/4432/3345
f 2798/3586/2539 3749/4433/3346 3747/4431/3344
f 3745/4432/3345 3748/4116/3062 3746/4117/3063
f 2576/3460/2413 3745/4432/3345 3046/3459/2412
f 3747/4431/3344 3750/4115/3061 3748/4116/3062
f 2797/3583/2536 2780/3534/2487 3749/4433/3346
f 3046/3459/2412 3746/4117/3063 3045/3285/2238
f 3749/4433/3346 2781/3538/2491 3750/4115/3061
f 3763/4434/3347 2838/3732/2685 3761/4435/3348
f 3754/4436/3349 3752/4437/3350 3751/4406/3322
f 3755/4438/3351 3753/4439/3352 3752/4437/3350
f 3757/4440/3353 3755/4438/3351 3754/4436/3349
f 3758/4441/3354 3756/4442/3355 3755/4438/3351
f 4025/4443/3356 3754/4436/3349 3751/4406/3322
f 3751/4406/3322 3184/4283/3218 3183/4289/3224
f 3752/4437/3350 3185/4281/3217 3184/4283/3218
f 3753/4439/3352 2652/4444/2836 3185/4281/3217
f 3756/4442/3355 3099/4445/3357 3753/4439/3352
f 3759/4446/3358 3100/4447/3359 3756/4442/3355
f 3231/3916/2867 3101/4448/3360 3759/4446/3358
f 3230/3915/2866 3759/4446/3358 3758/4441/3354
f 3229/3913/2864 3758/4441/3354 3757/4440/3353
f 3186/4449/3361 3766/4393/3309 3154/3979/2930
f 3050/4450/3362 3757/4440/3353 4029/4451/3363
f 4029/4451/3363 3754/4436/3349 4027/4452/3364
f 3762/4453/3365 3761/4435/3348 3760/4454/3366
f 3765/4455/3367 2837/3730/2683 3763/4434/3347
f 3764/4456/3368 3763/4434/3347 3762/4453/3365
f 3761/4435/3348 2587/3665/2618 3048/4423/3336
f 2716/3319/2272 3949/3423/2376 3200/3318/2271
f 3760/4454/3366 3048/4423/3336 3047/4114/3060
f 2824/3703/2656 2836/3734/2687 3765/4455/3367
f 3773/4457/3369 2801/3592/2545 2802/3595/2548
f 2823/3463/2416 3765/4455/3367 3764/4456/3368
f 3764/4456/3368 3999/4458/3370 3997/3464/2417
f 3760/4454/3366 3999/4458/3370 3762/4453/3365
f 3047/4114/3060 4001/4459/3371 3760/4454/3366
f 3770/4460/3372 3769/3400/2353 3768/4461/3373
f 3154/3979/2930 3767/3401/2354 3153/3402/2355
f 4032/4462/3374 3768/4461/3373 3766/4393/3309
f 3080/4286/3221 3771/3379/2332 3770/4460/3372
f 3792/4463/3375 3791/3282/2235 3790/4464/3376
f 4041/4465/3377 3170/3926/2877 3171/3932/2883
f 3219/4287/3222 3770/4460/3372 4038/4466/3378
f 4038/4466/3378 3768/4461/3373 4035/4467/3379
f 3772/4391/3307 3775/4468/3380 3773/4457/3369
f 3775/4468/3380 2800/3593/2546 2801/3592/2545
f 3774/4392/3308 3777/4469/3381 3775/4468/3380
f 3053/3738/2691 2802/3595/2548 2588/3600/2553
f 3054/4155/3101 3773/4457/3369 3053/3738/2691
f 3777/4469/3381 2582/3611/2564 2800/3593/2546
f 3782/4470/3382 2730/3334/2287 2729/3329/2282
f 3776/3427/2380 2803/4137/3083 3777/4469/3381
f 3781/4471/3383 3779/4472/3384 3778/4473/3385
f 3782/4470/3382 3780/4474/3386 3779/4472/3384
f 3783/4475/3387 2729/3329/2282 2728/3326/2279
f 3057/4476/3388 2728/3326/2279 2563/3357/2310
f 3778/4473/3385 4026/4477/3389 4024/4478/3390
f 3779/4472/3384 4028/4479/3391 4026/4477/3389
f 3780/4474/3386 3049/4480/3392 4028/4479/3391
f 3783/4475/3387 3058/3351/2304 3780/4474/3386
f 2561/3763/2716 3781/4471/3383 2726/3762/2715
f 3787/4481/3393 2705/3268/2221 3785/4482/3394
f 2726/3762/2715 3778/4473/3385 2727/3771/2724
f 3786/4483/3395 3785/4482/3394 3784/4484/3396
f 3789/4485/3397 2704/3266/2219 3787/4481/3393
f 3788/4486/3398 3787/4481/3393 3786/4483/3395
f 2549/3210/2163 3785/4482/3394 2705/3268/2221
f 2727/3771/2724 4024/4478/3390 3155/3767/2720
f 3784/4484/3396 3055/3339/2292 3056/3343/2296
f 2694/3235/2188 2703/3270/2223 3789/4485/3397
f 2755/3439/2392 3798/4487/3399 3796/4488/3400
f 2693/3240/2193 3789/4485/3397 3788/4486/3398
f 3788/4486/3398 3957/4489/3401 3955/4390/3306
f 3784/4484/3396 3957/4489/3401 3786/4483/3395
f 3056/3343/2296 3959/4490/3402 3784/4484/3396
f 3794/4491/3403 3793/3281/2234 3792/4463/3375
f 3169/3284/2237 3790/4464/3376 3791/3282/2235
f 4044/4492/3404 3790/4464/3376 4041/4465/3377
f 3164/4185/3131 3795/4493/3405 3794/4491/3403
f 3811/4494/3406 3814/3236/2189 3812/3237/2190
f 4049/4495/3407 3019/4496/3408 3234/3923/2874
f 3180/4186/3132 3794/4491/3403 4047/4497/3409
f 4047/4497/3409 3792/4463/3375 4044/4492/3404
f 2754/3436/2389 3800/4498/3410 3798/4487/3399
f 3796/4488/3400 3799/4499/3411 3797/3352/2305
f 2563/3357/2310 3796/4488/3400 3057/4476/3388
f 3798/4487/3399 3801/4500/3412 3799/4499/3411
f 2753/3433/2386 2736/3381/2334 3800/4498/3410
f 3057/4476/3388 3797/3352/2305 3058/3351/2304
f 4072/4501/3413 3797/3352/2305 3799/4499/3411
f 4072/4501/3413 3801/4500/3412 4070/4502/3414
f 4070/4502/3414 2737/3385/2338 3206/3320/2273
f 3795/4493/3405 3042/4193/3139 3348/3280/2233
f 3800/4498/3410 2737/3385/2338 3801/4500/3412
f 3262/4503/3415 2604/3883/2834 2870/4098/3044
f 2925/4504/3416 2654/4047/2993 3031/4505/3417
f 2926/4506/3418 3031/4505/3417 3030/4507/3419
f 2996/4508/3420 3030/4507/3419 3029/4509/3421
f 3298/4510/3422 2869/4511/3163 2600/3894/2845
f 2590/3878/2829 2639/4512/3423 3107/4513/3424
f 3287/4514/3425 3029/4509/3421 2646/4515/3177
f 3263/4516/3426 2868/4517/3162 2869/4511/3163
f 3107/4513/3424 2640/4518/3427 3106/4519/3428
f 3264/4520/3429 2867/4521/3160 2868/4517/3162
f 3275/4522/3430 3028/4523/3431 2666/3873/2824
f 3106/4519/3428 2641/4524/3432 3105/4525/3433
f 3265/4526/3434 2601/3995/2943 2867/4521/3160
f 2997/4527/3435 3027/4528/3436 3028/4523/3431
f 3105/4525/3433 3288/4529/3437 2645/4089/3035
f 2998/4530/3438 3026/4531/3439 3027/4528/3436
f 2593/3845/2798 2656/4532/3440 3104/4533/3441
f 3062/4534/3442 2649/3827/2780 3026/4531/3439
f 3104/4533/3441 2658/4535/3443 3103/4536/3444
f 3285/4537/3445 3025/4538/3179 2648/4126/3072
f 3103/4536/3444 2659/4539/3446 3102/4540/3447
f 3063/4541/3448 3024/4542/3178 3025/4538/3179
f 3102/4540/3447 3286/4543/3449 2647/4059/3005
f 3064/4544/3450 3023/4545/3176 3024/4542/3178
f 2602/4006/2868 2661/4546/3451 3101/4547/3360
f 3068/4548/3452 2646/4515/3177 3023/4545/3176
f 3101/4547/3360 2662/4549/3453 3100/4550/3359
f 3100/4550/3359 2663/4551/3454 3099/4552/3357
f 3805/4553/3455 3803/4554/3456 3802/4555/3457
f 3806/4556/3458 3804/4557/3459 3803/4554/3456
f 3805/4553/3455 3809/4558/3460 3806/4556/3458
f 3806/4556/3458 3810/4559/3461 3807/4560/3462
f 4051/4561/3463 3802/4555/3457 4049/4495/3407
f 3802/4555/3457 3018/4562/3464 3019/4496/3408
f 3803/4554/3456 3017/4563/3465 3018/4562/3464
f 3804/4557/3459 2593/4564/2798 3017/4563/3465
f 3807/4560/3462 2857/4565/2796 3804/4557/3459
f 3807/4560/3462 2855/4566/2811 2856/4567/2804
f 3810/4559/3461 2592/4568/2820 2855/4566/2811
f 3809/4558/3460 3020/4569/3466 3810/4559/3461
f 3808/4570/3467 3021/4571/3468 3809/4558/3460
f 3189/4241/3185 3811/4494/3406 3146/4239/3183
f 4053/4572/3469 3022/4573/3470 3808/4570/3467
f 4051/4561/3463 3808/4570/3467 3805/4553/3455
f 3813/4574/3471 3816/3203/2156 3814/3236/2189
f 3146/4239/3183 3812/3237/2190 3145/3239/2192
f 4056/4575/3472 3813/4574/3471 3811/4494/3406
f 3815/4576/3473 3233/3259/2212 3816/3203/2156
f 3943/3681/2634 3947/4210/3156 3944/3679/2632
f 3819/4577/3474 3197/4578/3475 4068/4579/3476
f 4062/4580/3477 3232/4581/3478 3815/4576/3473
f 4059/4582/3479 3815/4576/3473 3813/4574/3471
f 3820/4583/3480 3818/4584/3481 3817/4585/3482
f 3821/4586/3483 3819/4577/3474 3818/4584/3481
f 3823/4587/3484 3821/4586/3483 3820/4583/3480
f 3824/4588/3485 3822/4589/3486 3821/4586/3483
f 3531/3901/2852 3205/4292/3227 3127/3909/2860
f 3168/4396/3312 3817/4585/3482 4066/4590/3487
f 4066/4590/3487 3818/4584/3481 4067/4591/3488
f 3818/4584/3481 4068/4579/3476 4067/4591/3488
f 3822/4589/3486 3139/4365/3286 3819/4577/3474
f 3825/4592/3489 3138/4362/3283 3822/4589/3486
f 3026/4593/3439 3137/4360/3281 3825/4592/3489
f 3027/4594/3436 3825/4592/3489 3824/4588/3485
f 3028/4595/3431 3824/4588/3485 3823/4587/3484
f 2666/4596/2824 3823/4587/3484 3176/4413/3328
f 3176/4413/3328 3820/4583/3480 3175/4410/3326
f 3175/4410/3326 3817/4585/3482 3174/4395/3311
f 3829/4597/3490 3827/4598/3491 3826/4599/3492
f 3830/4600/3493 3828/3925/2876 3827/4598/3491
f 3832/4601/3494 3830/4600/3493 3829/4597/3490
f 3833/4602/3495 3831/3924/2875 3830/4600/3493
f 3104/4603/3441 3017/4563/3465 2593/4564/2798
f 3826/4599/3492 3018/4562/3464 3017/4563/3465
f 3827/4598/3491 3019/4496/3408 3018/4562/3464
f 3172/4604/3496 3834/3933/2884 3833/4602/3495
f 3173/4605/3497 3833/4602/3495 3832/4601/3494
f 2647/4606/3005 3832/4601/3494 3102/4607/3447
f 3102/4607/3447 3829/4597/3490 3103/4608/3444
f 3103/4608/3444 3826/4599/3492 3104/4603/3441
f 3838/4609/3498 3836/4610/3499 3835/4611/3500
f 3839/4612/3501 3837/3929/2880 3836/4610/3499
f 3841/4613/3502 3839/4612/3501 3838/4609/3498
f 3842/4614/3503 3840/3935/2886 3839/4612/3501
f 3098/4615/2767 3071/4307/3242 2595/4308/2765
f 3835/4611/3500 3072/4306/3241 3071/4307/3242
f 3836/4610/3499 3073/3931/2882 3072/4306/3241
f 3129/4616/3504 3843/3943/2894 3842/4614/3503
f 3128/4617/3505 3842/4614/3503 3841/4613/3502
f 2644/4618/2775 3841/4613/3502 3096/4619/2773
f 3096/4619/2773 3838/4609/3498 3097/4620/2771
f 3097/4620/2771 3835/4611/3500 3098/4615/2767
f 3847/4621/3506 3845/4622/3507 3844/4623/3508
f 3848/4624/3509 3846/3939/2890 3845/4622/3507
f 3850/4625/3510 3848/4624/3509 3847/4621/3506
f 3851/4626/3511 3849/3945/2896 3848/4624/3509
f 3147/4627/3021 3131/4628/3512 2645/4629/3035
f 3844/4623/3508 3132/4630/3513 3131/4628/3512
f 3845/4622/3507 3133/3941/2892 3132/4630/3513
f 3211/4631/3514 3852/3952/2903 3851/4626/3511
f 3212/4632/3515 3851/4626/3511 3850/4625/3510
f 2642/4633/2957 3850/4625/3510 3149/4634/3015
f 3149/4634/3015 3847/4621/3506 3148/4635/3018
f 3148/4635/3018 3844/4623/3508 3147/4627/3021
f 3853/4636/3516 3857/4637/3517 3854/4638/3518
f 3854/4638/3518 3858/3962/2913 3855/3955/2906
f 3859/4639/3519 3857/4637/3517 3856/4640/3520
f 3860/4641/3521 3858/3962/2913 3857/4637/3517
f 2589/4642/2809 3853/4636/3516 3218/4643/3522
f 3218/4643/3522 3854/4638/3518 3217/4644/3523
f 3217/4644/3523 3855/3955/2906 3216/3949/2900
f 3237/4645/3524 3861/3961/2912 3860/4641/3521
f 3238/4646/3525 3860/4641/3521 3859/4639/3519
f 2590/4647/2829 3859/4639/3519 2854/4648/2827
f 2854/4648/2827 3856/4640/3520 2853/4649/2839
f 2852/4650/2933 3856/4640/3520 3853/4636/3516
f 3862/4651/3526 3866/4652/3527 3863/4653/3528
f 3863/4653/3528 3867/3970/2921 3864/3964/2915
f 3865/4654/3529 3869/4655/3530 3866/4652/3527
f 3866/4652/3527 3870/3969/2920 3867/3970/2921
f 2657/4356/2791 3862/4651/3526 2927/4354/3280
f 2927/4354/3280 3863/4653/3528 2928/4353/3279
f 2928/4353/3279 3864/3964/2915 2929/3958/2909
f 3869/4655/3530 3216/3949/2900 3870/3969/2920
f 3868/4656/3531 3217/4644/3523 3869/4655/3530
f 3059/4657/2803 3218/4643/3522 3868/4656/3531
f 3060/4658/2795 3868/4656/3531 3865/4654/3529
f 3061/4659/2790 3865/4654/3529 3862/4651/3526
f 3871/4660/3532 3875/4661/3533 3872/4662/3534
f 3872/4662/3534 3876/3980/2931 3873/3972/2923
f 3874/4663/3535 3878/4664/3536 3875/4661/3533
f 3875/4661/3533 3879/3978/2929 3876/3980/2931
f 2646/4232/3177 3871/4660/3532 3134/4230/3175
f 3134/4230/3175 3872/4662/3534 3135/4229/3174
f 3135/4229/3174 3873/3972/2923 3136/3967/2918
f 3878/4664/3536 3186/4449/3361 3879/3978/2929
f 3877/4665/3537 3187/4666/3538 3878/4664/3536
f 3031/4667/3417 3188/4668/3539 3877/4665/3537
f 3030/4669/3419 3877/4665/3537 3874/4663/3535
f 3029/4670/3421 3874/4663/3535 3871/4660/3532
f 3883/4671/3540 3881/4672/3541 3880/4673/3542
f 3884/4674/3543 3882/3975/2926 3881/4672/3541
f 3886/4675/3544 3884/4674/3543 3883/4671/3540
f 3887/4676/3545 3885/4078/3024 3884/4674/3543
f 2878/4677/2982 2937/4678/3546 2605/4679/2980
f 3880/4673/3542 2938/4680/3547 2937/4678/3546
f 3881/4672/3541 2939/3977/2928 2938/4680/3547
f 3223/4418/3331 3888/4083/3029 3887/4676/3545
f 3224/4416/3330 3887/4676/3545 3886/4675/3544
f 2606/4681/2799 3886/4675/3544 2876/4682/2997
f 2876/4682/2997 3883/4671/3540 2877/4683/2990
f 2877/4683/2990 3880/4673/3542 2878/4677/2982
f 3889/4684/3548 3893/4685/3549 3890/4686/3550
f 3890/4686/3550 3894/4108/3054 3891/4100/3046
f 3892/4687/3551 3896/4688/3552 3893/4685/3549
f 3893/4685/3549 3897/4106/3052 3894/4108/3054
f 2660/4378/2963 3889/4684/3548 2932/4376/3297
f 2932/4376/3297 3890/4686/3550 2933/4375/3296
f 2933/4375/3296 3891/4100/3046 2934/4081/3027
f 3896/4688/3552 3248/4320/3250 3897/4106/3052
f 3895/4689/3553 3249/4315/3245 3896/4688/3552
f 3065/4690/2763 3250/4313/3243 3895/4689/3553
f 3066/4691/2764 3895/4689/3553 3892/4687/3551
f 3067/4692/3554 3892/4687/3551 3889/4684/3548
f 3901/4693/3555 3899/4694/3556 3898/4695/3557
f 3902/4696/3558 3900/4105/3051 3899/4694/3556
f 3904/4697/3559 3902/4696/3558 3901/4693/3555
f 3905/4698/3560 3903/4111/3057 3902/4696/3558
f 3150/4699/3007 3128/4617/3505 2644/4618/2775
f 3898/4695/3557 3129/4616/3504 3128/4617/3505
f 3899/4694/3556 3130/3942/2893 3129/4616/3504
f 2938/4680/3547 3906/4124/3070 3905/4698/3560
f 2937/4678/3546 3905/4698/3560 3904/4697/3559
f 2605/4679/2980 3904/4697/3559 3152/4700/2998
f 3152/4700/2998 3901/4693/3555 3151/4701/3003
f 3151/4701/3003 3898/4695/3557 3150/4699/3007
f 3910/4702/3561 3908/4703/3562 3907/4704/3563
f 3908/4703/3562 3912/4705/3564 3909/4706/3565
f 3910/4702/3561 3914/4164/3110 3911/4707/3566
f 3914/4164/3110 3912/4705/3564 3911/4707/3566
f 3215/4219/3164 2999/4708/2835 2600/4218/2845
f 3907/4704/3563 3000/4709/2826 2999/4708/2835
f 3000/4709/2826 3909/4706/3565 3001/4710/2818
f 3001/4710/2818 3074/4711/3567 2599/4712/2816
f 3909/4706/3565 3075/4713/3568 3074/4711/3567
f 3915/4123/3069 3075/4713/3568 3912/4705/3564
f 3214/4220/3165 3913/4163/3109 3910/4702/3561
f 3214/4220/3165 3907/4704/3563 3215/4219/3164
f 3919/4714/3569 3917/4715/3570 3916/4716/3571
f 3917/4715/3570 3921/4717/3572 3918/4718/3573
f 3922/4173/3119 3920/4719/3574 3919/4714/3569
f 3923/4174/3120 3921/4717/3572 3920/4719/3574
f 3196/4336/3262 3037/4720/3011 2651/4335/3010
f 3916/4716/3571 3036/4721/3014 3037/4720/3011
f 3036/4721/3014 3918/4718/3573 3035/4722/3017
f 3035/4722/3017 3142/4723/3575 2653/4724/2970
f 3918/4718/3573 3143/4725/3576 3142/4723/3575
f 3924/4161/3107 3143/4725/3576 3921/4717/3572
f 3194/4172/3118 3919/4714/3569 3195/4337/3263
f 3195/4337/3263 3916/4716/3571 3196/4336/3262
f 3925/4726/3577 3929/4727/3578 3926/4728/3579
f 3926/4728/3579 3930/4179/3125 3927/4169/3115
f 3928/4729/3580 3932/4730/3581 3929/4727/3578
f 3929/4727/3578 3933/4187/3133 3930/4179/3125
f 2603/4278/2945 3925/4726/3577 3245/4276/3215
f 3245/4276/3215 3926/4728/3579 3244/4275/3214
f 3244/4275/3214 3927/4169/3115 3243/4171/3117
f 3932/4730/3581 3207/4265/3204 3933/4187/3133
f 3931/4731/3582 3208/4262/3201 3932/4730/3581
f 2870/4732/3044 3209/4260/3199 3931/4731/3582
f 2871/4733/3040 3931/4731/3582 3928/4729/3580
f 2872/4734/3034 3928/4729/3580 3925/4726/3577
f 3937/4735/3583 3935/4736/3584 3934/4737/3585
f 3938/4738/3586 3936/4184/3130 3935/4736/3584
f 3940/4739/3587 3938/4738/3586 3937/4735/3583
f 3941/4740/3588 3939/4190/3136 3938/4738/3586
f 3118/4741/2973 3182/4742/3589 2650/4743/2971
f 3934/4737/3585 3181/4744/3590 3182/4742/3589
f 3935/4736/3584 3180/4186/3132 3181/4744/3590
f 3075/4713/3568 3942/4200/3146 3941/4740/3588
f 3074/4711/3567 3941/4740/3588 3940/4739/3587
f 2599/4712/2816 3940/4739/3587 3116/4745/2984
f 3116/4745/2984 3937/4735/3583 3117/4746/2977
f 3117/4746/2977 3934/4737/3585 3118/4741/2973
f 3944/3679/2632 3948/4199/3145 3945/3677/2630
f 3239/4198/3144 3945/3677/2630 3948/4199/3145
f 3110/4430/3343 3946/4209/3155 3943/3681/2634
f 3949/3423/2376 3952/4244/3188 3950/4228/3173
f 3951/3422/2375 3954/4242/3186 3952/4244/3188
f 3200/3318/2271 3950/4228/3173 3199/3968/2919
f 3953/3424/2377 3166/4317/3247 3954/4242/3186
f 3955/4390/3306 3958/4266/3205 3956/4252/3196
f 3957/4489/3401 3960/4264/3203 3958/4266/3205
f 3145/3239/2192 3956/4252/3196 3146/4239/3183
f 3959/4490/3402 3115/4180/3126 3960/4264/3203
f 3963/3766/2719 3962/4263/3202 3961/3764/2717
f 3963/3766/2719 3966/4288/3223 3964/4274/3213
f 3961/3764/2717 2936/4170/3116 2935/3349/2302
f 3965/3765/2718 3156/4405/3321 3966/4288/3223
f 3978/3555/2508 3977/4295/3230 3976/3553/2506
f 3970/4747/3591 3968/4748/3592 3967/4749/3593
f 3971/4750/3594 3969/4285/3220 3968/4748/3592
f 3973/4751/3595 3971/4750/3594 3970/4747/3591
f 3974/4752/3596 3972/4291/3226 3971/4750/3594
f 3086/4753/2949 3221/4754/3597 2591/4755/2947
f 3967/4749/3593 3220/4756/3598 3221/4754/3597
f 3968/4748/3592 3219/4287/3222 3220/4756/3598
f 3126/3908/2859 3975/4296/3231 3974/4752/3596
f 3125/3906/2857 3974/4752/3596 3973/4751/3595
f 2643/3907/2858 3973/4751/3595 3084/4757/2961
f 3084/4757/2961 3970/4747/3591 3085/4758/2954
f 3085/4758/2954 3967/4749/3593 3086/4753/2949
f 3978/3555/2508 3981/4319/3249 3979/4305/3240
f 3227/3930/2881 3976/3553/2506 3977/4295/3230
f 3980/3554/2507 2931/4107/3053 3981/4319/3249
f 3982/3626/2579 3986/4330/3260 3983/3624/2577
f 3983/3624/2577 3987/4318/3248 3984/3622/2575
f 3984/3622/2575 3166/4317/3247 3165/3404/2357
f 3140/3748/2701 3985/4329/3259 3982/3626/2579
f 3997/3464/2417 4000/4366/3287 3998/4352/3278
f 3991/4759/3599 3989/4760/3600 3988/4761/3601
f 3992/4762/3602 3990/4328/3258 3989/4760/3600
f 3994/4763/3603 3992/4762/3602 3991/4759/3599
f 3995/4764/3604 3993/4339/3265 3992/4762/3602
f 3107/4765/3424 3238/4646/3525 2590/4647/2829
f 3988/4761/3601 3237/4645/3524 3238/4646/3525
f 3989/4760/3600 3236/3960/2911 3237/4645/3524
f 3132/4630/3513 3996/4344/3270 3995/4764/3604
f 3131/4628/3512 3995/4764/3604 3994/4763/3603
f 2645/4629/3035 3994/4763/3603 3105/4766/3433
f 3105/4766/3433 3991/4759/3599 3106/4767/3428
f 3106/4767/3428 3988/4761/3601 3107/4765/3424
f 3999/4458/3370 4002/4364/3285 4000/4366/3287
f 3252/3465/2418 3998/4352/3278 3251/3959/2910
f 4001/4459/3371 3197/4578/3475 4002/4364/3285
f 4003/3578/2531 4006/4385/3301 4004/4374/3295
f 4005/3577/2530 4008/4384/3300 4006/4385/3301
f 3247/3493/2446 4004/4374/3295 3246/4082/3028
f 4007/3579/2532 3239/4198/3144 4008/4384/3300
f 4019/3806/2759 4021/4408/3324 4022/4409/3325
f 4012/4768/3605 4010/4769/3606 4009/4770/3607
f 4013/4771/3608 4011/4383/3299 4010/4769/3606
f 4015/4772/3609 4013/4771/3608 4012/4768/3605
f 4016/4773/3610 4014/4388/3304 4013/4771/3608
f 3121/4774/2959 3212/4632/3515 2642/4633/2957
f 4009/4770/3607 3211/4631/3514 3212/4632/3515
f 4010/4769/3606 3210/3951/2902 3211/4631/3514
f 3143/4725/3576 4017/4397/3313 4016/4773/3610
f 3142/4723/3575 4016/4773/3610 4015/4772/3609
f 2653/4724/2970 4015/4772/3609 3119/4775/2968
f 3119/4775/2968 4012/4768/3605 3120/4776/2965
f 3120/4776/2965 4009/4770/3607 3121/4774/2959
f 4019/3806/2759 4023/4394/3310 4020/3804/2757
f 4020/3804/2757 3168/4396/3312 3167/3769/2722
f 3078/4084/3030 4018/3805/2758 3077/3807/2760
f 4024/4478/3390 4027/4452/3364 4025/4443/3356
f 4026/4477/3389 4029/4451/3363 4027/4452/3364
f 3155/3767/2720 4025/4443/3356 3156/4405/3321
f 4028/4479/3391 3050/4450/3362 4029/4451/3363
f 4050/3257/2210 4049/4495/3407 4048/3255/2208
f 4030/4777/3611 4034/4778/3612 4031/4779/3613
f 4031/4779/3613 4035/4467/3379 4032/4462/3374
f 4036/4780/3614 4034/4778/3612 4033/4781/3615
f 4037/4782/3616 4035/4467/3379 4034/4778/3612
f 2654/4783/2993 4030/4777/3611 3188/4668/3539
f 3188/4668/3539 4031/4779/3613 3187/4666/3538
f 3187/4666/3538 4032/4462/3374 3186/4449/3361
f 3220/4756/3598 4038/4466/3378 4037/4782/3616
f 3221/4754/3597 4037/4782/3616 4036/4780/3614
f 2591/4755/2947 4036/4780/3614 3083/4784/2974
f 3083/4784/2974 4033/4781/3615 3082/4785/2978
f 3081/4786/2986 4033/4781/3615 4030/4777/3611
f 4042/4787/3617 4040/4788/3618 4039/4789/3619
f 4043/4790/3620 4041/4465/3377 4040/4788/3618
f 4045/4791/3621 4043/4790/3620 4042/4787/3617
f 4046/4792/3622 4044/4492/3404 4043/4790/3620
f 3038/4793/3000 3173/4605/3497 2647/4606/3005
f 4039/4789/3619 3172/4604/3496 3173/4605/3497
f 4040/4788/3618 3171/3932/2883 3172/4604/3496
f 3181/4744/3590 4047/4497/3409 4046/4792/3622
f 3182/4742/3589 4046/4792/3622 4045/4791/3621
f 2650/4743/2971 4045/4791/3621 3040/4794/2987
f 3040/4794/2987 4042/4787/3617 3039/4795/2994
f 3039/4795/2994 4039/4789/3619 3038/4793/3000
f 4050/3257/2210 4053/4572/3469 4051/4561/3463
f 3234/3923/2874 4048/3255/2208 4049/4495/3407
f 4052/3256/2209 3232/4581/3478 4053/4572/3469
f 4063/4429/3342 4067/4591/3488 4064/4428/3341
f 4054/4796/3623 4058/4797/3624 4055/4798/3625
f 4055/4798/3625 4059/4582/3479 4056/4575/3472
f 4057/4799/3626 4061/4800/3627 4058/4797/3624
f 4058/4797/3624 4062/4580/3477 4059/4582/3479
f 2655/4256/2814 4054/4796/3623 3191/4254/3198
f 3191/4254/3198 4055/4798/3625 3190/4253/3197
f 3190/4253/3197 4056/4575/3472 3189/4241/3185
f 4061/4800/3627 3022/4573/3470 4062/4580/3477
f 4060/4801/3628 3021/4571/3468 4061/4800/3627
f 3160/4802/2831 3020/4569/3466 4060/4801/3628
f 3161/4803/2822 4060/4801/3628 4057/4799/3626
f 3162/4804/2813 4057/4799/3626 4054/4796/3623
f 4064/4428/3341 4068/4579/3476 4065/4426/3339
f 3197/4578/3475 4065/4426/3339 4068/4579/3476
f 3167/3769/2722 4066/4590/3487 4063/4429/3342
f 4071/3912/2863 4070/4502/3414 4069/3910/2861
f 3276/4805/3629 3067/4806/3554 2660/4017/2963
f 3099/4552/3357 3281/4807/3630 2652/3885/2836
f 4073/3914/2865 4072/4501/3413 4071/3912/2863
f 4069/3910/2861 3206/3320/2273 3205/4292/3227
f 3050/4450/3362 4074/3350/2303 4073/3914/2865
f 2889/4808/3631 3066/3811/2764 3067/4806/3554
f 3540/3921/2872 3539/3200/2153 3538/3922/2873
f 3313/3191/2144 2678/3164/2117 2679/3163/2116
f 3308/4809/3632 2896/4810/3633 3307/3152/2105
f 3273/4811/3634 4075/4812/3635 3272/4813/1385
f 3274/4814/3634 4075/4812/3635 3273/4811/3634
f 3306/4815/3636 4075/4812/3635 3274/4814/3634
f 3302/4816/3635 4075/4812/3635 2656/4817/1784
f 2656/4817/1784 4075/4812/3635 2658/4818/1808
f 2658/4818/1808 4075/4812/3635 2659/4819/3635
f 2659/4819/3635 4075/4812/3635 3286/4820/3635
f 3296/4821/3637 4075/4812/3635 2661/4822/3638
f 2889/4823/3635 4075/4812/3635 2890/4824/3635
f 2661/4822/3638 4075/4812/3635 2662/4825/3635
f 2890/4824/3635 4075/4812/3635 2891/4826/1808
f 3278/4827/3639 4075/4812/3635 2596/4828/1785
f 2662/4825/3635 4075/4812/3635 2663/4829/3640
f 2891/4826/1808 4075/4812/3635 3301/4830/144
f 2596/4828/1785 4075/4812/3635 2597/4831/3641
f 2663/4829/3640 4075/4812/3635 3281/4832/3642
f 3277/4833/3643 4075/4812/3635 2892/4834/3644
f 2597/4831/3641 4075/4812/3635 2598/4835/3636
f 3300/4836/3645 4075/4812/3635 2664/4837/3646
f 2892/4834/3644 4075/4812/3635 2893/4838/1529
f 2598/4835/3636 4075/4812/3635 3303/4839/3647
f 2664/4837/3646 4075/4812/3635 2665/4840/3645
f 2893/4838/1529 4075/4812/3635 2915/4841/144
f 3290/4842/1808 4075/4812/3635 2607/4843/3635
f 2665/4840/3645 4075/4812/3635 2861/4844/3635
f 2915/4841/144 4075/4812/3635 3306/4815/3636
f 2607/4843/3635 4075/4812/3635 2608/4845/3635
f 2861/4844/3635 4075/4812/3635 3289/4846/1385
f 2916/4847/1808 4075/4812/3635 3283/4848/3648
f 2608/4845/3635 4075/4812/3635 2609/4849/3635
f 3284/4850/3649 4075/4812/3635 2862/4851/3650
f 2917/4852/144 4075/4812/3635 2916/4847/1808
f 2862/4851/3650 4075/4812/3635 2863/4853/3635
f 2609/4849/3635 4075/4812/3635 3296/4821/3637
f 2918/4854/3635 4075/4812/3635 2917/4852/144
f 2863/4853/3635 4075/4812/3635 2864/4855/3651
f 2610/4856/3651 4075/4812/3635 3293/4857/3652
f 3286/4820/3635 4075/4812/3635 2918/4854/3635
f 2864/4855/3651 4075/4812/3635 3277/4833/3643
f 2611/4858/3653 4075/4812/3635 2610/4856/3651
f 2919/4859/3635 4075/4812/3635 3282/4860/3635
f 3292/4861/3654 4075/4812/3635 2865/4862/3638
f 2612/4863/3640 4075/4812/3635 2611/4858/3653
f 2920/4864/3635 4075/4812/3635 2919/4859/3635
f 2865/4862/3638 4075/4812/3635 2866/4865/3635
f 3289/4846/1385 4075/4812/3635 2612/4863/3640
f 2921/4866/3635 4075/4812/3635 2920/4864/3635
f 2866/4865/3635 4075/4812/3635 2873/4867/3634
f 2613/4868/3635 4075/4812/3635 3291/4869/1808
f 3280/4870/3635 4075/4812/3635 2921/4866/3635
f 2873/4867/3634 4075/4812/3635 3275/4871/3655
f 2628/4872/3635 4075/4812/3635 2613/4868/3635
f 3282/4860/3635 4075/4812/3635 2922/4873/3635
f 3294/4874/3651 4075/4812/3635 2874/4875/3646
f 2629/4876/3635 4075/4812/3635 2628/4872/3635
f 2922/4873/3635 4075/4812/3635 2923/4877/3635
f 2874/4875/3646 4075/4812/3635 2875/4878/3641
f 3288/4879/3635 4075/4812/3635 2629/4876/3635
f 2923/4877/3635 4075/4812/3635 2924/4880/1808
f 2875/4878/3641 4075/4812/3635 2879/4881/3650
f 3281/4832/3642 4075/4812/3635 2630/4882/3656
f 2924/4880/1808 4075/4812/3635 3285/4883/3635
f 2879/4881/3650 4075/4812/3635 3278/4827/3639
f 2630/4882/3656 4075/4812/3635 2631/4884/3650
f 3293/4857/3652 4075/4812/3635 3257/4885/3657
f 2925/4886/3648 4075/4812/3635 3279/4887/3645
f 3304/4888/3635 4075/4812/3635 2880/4889/1879
f 2631/4884/3650 4075/4812/3635 2632/4890/1785
f 3257/4885/3657 4075/4812/3635 3258/4891/3658
f 2926/4892/3635 4075/4812/3635 2925/4886/3648
f 2880/4889/1879 4075/4812/3635 2881/4893/144
f 2632/4890/1785 4075/4812/3635 3295/4894/3659
f 3258/4891/3658 4075/4812/3635 3259/4895/3660
f 2996/4896/3635 4075/4812/3635 2926/4892/3635
f 2881/4893/144 4075/4812/3635 2885/4897/3661
f 3291/4869/1808 4075/4812/3635 2633/4898/3648
f 3259/4895/3660 4075/4812/3635 3292/4861/3654
f 3287/4899/1808 4075/4812/3635 2996/4896/3635
f 2885/4897/3661 4075/4812/3635 3290/4842/1808
f 2633/4898/3648 4075/4812/3635 2634/4900/3635
f 3295/4894/3659 4075/4812/3635 3260/4901/3659
f 3275/4871/3655 4075/4812/3635 2997/4902/3661
f 2886/4903/3659 4075/4812/3635 3304/4888/3635
f 2634/4900/3635 4075/4812/3635 2635/4904/3635
f 3260/4901/3659 4075/4812/3635 3261/4905/3635
f 2997/4902/3661 4075/4812/3635 2998/4906/1808
f 2635/4904/3635 4075/4812/3635 3280/4870/3635
f 2887/4907/3635 4075/4812/3635 2886/4903/3659
f 3261/4905/3635 4075/4812/3635 3262/4908/3656
f 2998/4906/1808 4075/4812/3635 3062/4909/3656
f 3283/4848/3648 4075/4812/3635 2636/4910/3635
f 2888/4911/3635 4075/4812/3635 2887/4907/3635
f 3262/4908/3656 4075/4812/3635 3294/4874/3651
f 3062/4909/3656 4075/4812/3635 3284/4850/3649
f 2636/4910/3635 4075/4812/3635 2637/4912/3635
f 3279/4887/3645 4075/4812/3635 2888/4911/3635
f 3298/4913/3635 4075/4812/3635 3263/4914/3635
f 3285/4883/3635 4075/4812/3635 3063/4915/3648
f 2637/4912/3635 4075/4812/3635 2638/4916/3635
f 3276/4917/3635 4075/4812/3635 2889/4823/3635
f 3263/4914/3635 4075/4812/3635 3264/4918/3635
f 3063/4915/3648 4075/4812/3635 3064/4919/3635
f 2638/4916/3635 4075/4812/3635 3299/4920/3635
f 3264/4918/3635 4075/4812/3635 3265/4921/1808
f 3064/4919/3635 4075/4812/3635 3068/4922/3635
f 3305/4923/3644 4075/4812/3635 2639/4924/3635
f 3265/4921/1808 4075/4812/3635 3297/4925/3635
f 3068/4922/3635 4075/4812/3635 3287/4899/1808
f 2639/4924/3635 4075/4812/3635 2640/4926/3635
f 3266/4927/3643 4075/4812/3635 3300/4836/3645
f 3299/4920/3635 4075/4812/3635 3069/4928/3635
f 2640/4926/3635 4075/4812/3635 2641/4929/3635
f 3267/4930/3635 4075/4812/3635 3266/4927/3643
f 3069/4928/3635 4075/4812/3635 3070/4931/3635
f 2641/4929/3635 4075/4812/3635 3288/4879/3635
f 3070/4931/3635 4075/4812/3635 3253/4932/3635
f 3268/4933/3635 4075/4812/3635 3267/4930/3635
f 3253/4932/3635 4075/4812/3635 3298/4913/3635
f 3301/4830/144 4075/4812/3635 3268/4933/3635
f 3297/4925/3635 4075/4812/3635 3254/4934/3635
f 3269/4935/3635 4075/4812/3635 3302/4816/3635
f 3254/4934/3635 4075/4812/3635 3255/4936/3635
f 3270/4937/3635 4075/4812/3635 3269/4935/3635
f 3255/4936/3635 4075/4812/3635 3256/4938/3635
f 3271/4939/3635 4075/4812/3635 3270/4937/3635
f 3256/4938/3635 4075/4812/3635 3276/4917/3635
f 3303/4839/3647 4075/4812/3635 3271/4939/3635
f 3272/4813/1385 4075/4812/3635 3305/4923/3644
f 3828/3925/2876 3234/3923/2874 3019/4496/3408
f 3169/3284/2237 3318/3197/2150 3543/3198/2151
f 3308/4809/3632 2669/3168/2121 2668/3162/2115
f 4079/4940/3662 4078/4941/3663 4076/4942/3664
f 4078/4941/3663 4080/4943/3665 4077/4944/3666
f 4082/4945/3667 4081/4946/3668 4079/4940/3662
f 4081/4946/3668 4083/4947/3669 4080/4943/3665
f 4086/4948/329 4087/4949/2082 4085/4950/329
f 4088/4951/2082 4089/4952/2081 4087/4949/2082
f 4090/4953/2081 4091/4954/2079 4089/4952/2081
f 4092/4955/2079 4093/4956/2078 4091/4954/2079
f 4094/4957/2078 4095/4958/2077 4093/4956/2078
f 4096/4959/2077 4097/4960/2076 4095/4958/2077
f 4098/4961/2076 4099/4962/3670 4097/4960/2076
f 4100/4963/3670 4101/4964/2074 4099/4962/3670
f 4102/4965/2074 4103/4966/440 4101/4964/2074
f 4104/4967/440 4105/4968/2073 4103/4969/440
f 4106/4970/2073 4107/4971/2072 4105/4968/2073
f 4108/4972/2072 4109/4973/2070 4107/4971/2072
f 4110/4974/2070 4111/4975/2069 4109/4973/2070
f 4112/4976/2069 4113/4977/2068 4111/4975/2069
f 4114/4978/3671 4115/4979/2067 4113/4977/2068
f 4116/4980/2067 4117/4981/2066 4115/4979/2067
f 4117/4981/2066 4120/4982/2065 4119/4983/2065
f 4120/4982/2065 4085/4950/329 4119/4983/2065
f 4116/4984/2096 4137/4985/2097 4118/4986/2097
f 4108/4987/2095 4131/4988/2094 4132/4989/2095
f 4098/4990/3672 4126/4991/2091 4127/4992/3672
f 4120/4993/2093 4121/4994/2089 4086/4995/2089
f 4110/4996/2087 4134/4997/2088 4112/4998/2088
f 4088/4999/2090 4121/4994/2089 4122/5000/2090
f 4100/5001/2085 4129/5002/2086 4102/5003/2086
f 4090/5004/2083 4124/5005/2084 4092/5006/2084
f 4116/4984/2096 4135/5007/2101 4136/5008/2096
f 4104/5009/2100 4131/4988/2094 4106/5010/2094
f 4096/5011/2091 4125/5012/2099 4126/4991/2091
f 4118/4986/2097 4138/5013/2093 4120/4993/2093
f 4108/4987/2095 4133/5014/2087 4110/4996/2087
f 4098/4990/3672 4128/5015/2085 4100/5001/2085
f 4090/5004/2083 4122/5000/2090 4123/5016/2083
f 4112/4998/2088 4135/5007/2101 4114/5017/2101
f 4104/5009/2100 4129/5002/2086 4130/5018/2100
f 4092/5006/2084 4125/5012/2099 4094/5019/2099
f 4494/5020/3673 4587/5021/3674 4909/5022/3675
f 4907/5023/3676 4227/5024/3677 4496/5025/3678
f 4273/5026/3679 4911/5027/3680 4910/5028/3681
f 4495/5029/3682 4909/5022/3675 4908/5030/3683
f 4587/5021/3674 4267/5031/3684 4909/5022/3675
f 4909/5022/3675 4268/5032/3685 4908/5030/3683
f 4911/5027/3680 4279/5033/3686 4910/5028/3681
f 4910/5028/3681 4141/5034/3687 4272/5035/3688
f 4907/5023/3676 4150/5036/3689 4540/5037/3690
f 4274/5038/3691 4912/5039/3692 4911/5027/3680
f 4912/5039/3692 4278/5040/3693 4911/5027/3680
f 4275/5041/3694 4276/5042/3695 4912/5039/3692
f 4910/5028/3681 4140/5043/3696 4273/5026/3679
f 4513/5044/3697 4919/5045/3698 4514/5046/3699
f 4276/5042/3695 4277/5047/3700 4912/5039/3692
f 4285/5048/3701 4919/5045/3698 4920/5049/3702
f 4286/5050/3703 4541/5051/3704 4919/5045/3698
f 4512/5052/3705 4920/5049/3702 4513/5044/3697
f 4284/5053/3706 4920/5049/3702 4921/5054/3707
f 4277/5047/3700 4914/5055/3708 4278/5040/3693
f 4144/5056/3709 4915/5057/3710 4277/5047/3700
f 4914/5055/3708 4916/5058/3711 4913/5059/3712
f 4915/5057/3710 4917/5060/3713 4914/5055/3708
f 4292/5061/3714 4926/5062/3715 4925/5063/3716
f 4281/5064/3717 4279/5033/3686 4913/5059/3712
f 4282/5065/3718 4918/5066/3719 4915/5057/3710
f 4917/5060/3713 5143/5067/3720 5141/5068/3721
f 4916/5058/3711 5141/5068/3721 5139/5069/3722
f 4280/5070/3723 5139/5069/3722 4835/5071/3724
f 5416/5072/3725 4296/5073/3726 4833/5074/3727
f 4913/5059/3712 4280/5070/3723 4281/5064/3717
f 4214/5075/3728 4921/5054/3707 4512/5052/3705
f 4541/5051/3704 4514/5046/3699 4919/5045/3698
f 4446/5076/3729 4922/5077/3730 4445/5078/3731
f 4149/5079/3732 4921/5054/3707 4588/5080/3733
f 4291/5081/3734 4922/5077/3730 4923/5082/3735
f 4292/5061/3714 4289/5083/3736 4922/5077/3730
f 4447/5084/3737 4923/5082/3735 4446/5076/3729
f 4290/5085/3738 4923/5082/3735 4924/5086/3739
f 4139/5087/3740 4924/5086/3739 4447/5084/3737
f 4289/5083/3736 4445/5078/3731 4922/5077/3730
f 4449/5088/3741 4931/5089/3742 4448/5090/3743
f 4142/5091/3744 4924/5086/3739 4451/5092/3745
f 4298/5093/3746 4931/5089/3742 4932/5094/3747
f 4299/5095/3748 4451/5092/3745 4931/5089/3742
f 4449/5088/3741 4933/5096/3749 4932/5094/3747
f 4933/5096/3749 4298/5093/3746 4932/5094/3747
f 4291/5081/3734 4927/5097/3750 4926/5062/3715
f 4295/5098/3751 4290/5085/3738 4142/5091/3744
f 4925/5063/3716 4929/5099/3752 4928/5100/3753
f 4926/5062/3715 4930/5101/3754 4929/5099/3752
f 4299/5095/3748 4935/5102/3755 4934/5103/3756
f 4925/5063/3716 4147/5104/3757 4292/5061/3714
f 4927/5097/3750 4296/5073/3726 4930/5101/3754
f 5414/5105/3758 4930/5101/3754 5416/5072/3725
f 5412/5106/3759 4929/5099/3752 5414/5105/3758
f 4745/5107/3760 4928/5100/3753 5412/5106/3759
f 4835/5071/3724 4939/5108/3761 4280/5070/3723
f 4294/5109/3762 4928/5100/3753 4293/5110/3763
f 4450/5111/3764 4272/5035/3688 4933/5096/3749
f 4451/5092/3745 4448/5090/3743 4931/5089/3742
f 4542/5112/3765 4941/5113/3766 4940/5114/3767
f 4297/5115/3768 4272/5035/3688 4141/5034/3687
f 4941/5113/3766 4302/5116/3769 4940/5114/3767
f 4940/5114/3767 4144/5056/3709 4276/5042/3695
f 4543/5117/3770 4942/5118/3771 4941/5113/3766
f 4942/5118/3771 4301/5119/3772 4941/5113/3766
f 4297/5115/3768 4935/5102/3755 4298/5093/3746
f 4936/5120/3773 4141/5034/3687 4281/5064/3717
f 4934/5103/3756 4938/5121/3774 4937/5122/3775
f 4936/5120/3773 4938/5121/3774 4935/5102/3755
f 4301/5119/3772 4943/5123/3776 4302/5116/3769
f 4934/5103/3756 4142/5091/3744 4299/5095/3748
f 4281/5064/3717 4939/5108/3761 4936/5120/3773
f 5648/5124/3777 4938/5121/3774 4939/5108/3761
f 4938/5121/3774 5652/5125/3778 4937/5122/3775
f 4937/5122/3775 4833/5074/3727 4296/5073/3726
f 5173/5126/3779 4315/5127/3780 4753/5128/3781
f 4295/5098/3751 4937/5122/3775 4296/5073/3726
f 4544/5129/3782 4540/5037/3690 4942/5118/3771
f 4940/5114/3767 4143/5130/3783 4542/5112/3765
f 4579/5131/3784 4949/5132/3785 4578/5133/3786
f 4300/5134/3787 4540/5037/3690 4150/5036/3689
f 4304/5135/3788 4949/5132/3785 4950/5136/3789
f 4305/5137/3790 4588/5080/3733 4949/5132/3785
f 4580/5138/3791 4950/5136/3789 4579/5131/3784
f 4303/5139/3792 4950/5136/3789 4951/5140/3793
f 4300/5134/3787 4944/5141/3794 4301/5119/3772
f 4150/5036/3689 4945/5142/3795 4300/5134/3787
f 4944/5141/3794 4946/5143/3796 4943/5123/3776
f 4945/5142/3795 4947/5144/3797 4944/5141/3794
f 4319/5145/3798 4958/5146/3799 4959/5147/3800
f 4282/5065/3718 4302/5116/3769 4943/5123/3776
f 4641/5148/3801 4948/5149/3802 4945/5142/3795
f 5393/5150/3803 4948/5149/3802 5395/5151/3804
f 4946/5143/3796 5393/5150/3803 5391/5152/3805
f 4283/5153/3806 5391/5152/3805 4769/5154/3807
f 4645/5155/3808 5191/5156/3809 5346/5157/3810
f 4943/5123/3776 4283/5153/3806 4282/5065/3718
f 4146/5158/3811 4951/5140/3793 4580/5138/3791
f 4588/5080/3733 4578/5133/3786 4949/5132/3785
f 4953/5159/3812 4313/5160/3813 4952/5161/3814
f 4147/5104/3757 4951/5140/3793 4289/5083/3736
f 4953/5159/3812 4308/5162/3815 4307/5163/3816
f 4952/5161/3814 4165/5164/3817 4308/5162/3815
f 4954/5165/3818 4307/5163/3816 4306/5166/3819
f 4310/5167/3820 4306/5166/3819 4157/5168/3821
f 4963/5169/3822 4319/5145/3798 4318/5170/3823
f 4962/5171/3824 4320/5172/3825 4319/5145/3798
f 4954/5165/3818 4312/5173/3826 4953/5159/3812
f 4310/5167/3820 4311/5174/3827 4954/5165/3818
f 4952/5161/3814 4164/5175/3828 4309/5176/3829
f 4961/5177/3830 4152/5178/3831 4320/5172/3825
f 4962/5171/3824 4325/5179/3832 4961/5177/3830
f 4955/5180/3833 4959/5147/3800 4958/5146/3799
f 4956/5181/3834 4960/5182/3835 4959/5147/3800
f 4318/5170/3823 4959/5147/3800 4960/5182/3835
f 4155/5183/3836 4960/5182/3835 4317/5184/3837
f 5171/5185/3838 4955/5180/3833 5173/5126/3779
f 5169/5186/3839 4956/5181/3834 5171/5185/3838
f 4800/5187/3840 4957/5188/3841 5169/5186/3839
f 4973/5189/3842 4806/5190/3843 5275/5191/3844
f 4957/5188/3841 4317/5184/3837 4960/5182/3835
f 4314/5192/3845 4320/5172/3825 4152/5178/3831
f 4964/5193/3846 4285/5048/3701 4284/5053/3706
f 4315/5127/3780 4958/5146/3799 4314/5192/3845
f 4322/5194/3847 4318/5170/3823 4155/5183/3836
f 4328/5195/3848 4971/5196/3849 4329/5197/3850
f 4329/5197/3850 4970/5198/3851 4330/5199/3852
f 4963/5169/3822 4324/5200/3853 4962/5171/3824
f 4322/5194/3847 4323/5201/3854 4963/5169/3822
f 4961/5177/3830 4151/5202/3855 4321/5203/3856
f 4330/5199/3852 4331/5204/3857 4161/5205/3858
f 4334/5206/3859 4970/5198/3851 4971/5196/3849
f 4966/5207/3860 4286/5050/3703 4285/5048/3701
f 4965/5208/3861 4966/5207/3860 4964/5193/3846
f 4655/5209/3862 4284/5053/3706 4149/5079/3732
f 4967/5210/3863 4968/5211/3864 4966/5207/3860
f 4968/5211/3864 4148/5212/3865 4286/5050/3703
f 4656/5213/3866 4964/5193/3846 4655/5209/3862
f 4967/5210/3863 5227/5214/3867 5225/5215/3868
f 4969/5216/3869 5225/5215/3868 5223/5217/3870
f 4287/5218/3871 5223/5217/3870 4535/5219/3872
f 5674/5220/3873 4658/5221/3874 4649/5222/3875
f 4969/5216/3869 4288/5223/3876 4968/5211/3864
f 4977/5224/3877 4342/5225/3878 4976/5226/3879
f 4163/5227/3880 4972/5228/3881 4328/5195/3848
f 4340/5229/3882 4980/5230/3883 4341/5231/3884
f 4341/5231/3884 4979/5232/3885 4342/5225/3878
f 4333/5233/3886 4971/5196/3849 4972/5228/3881
f 4162/5234/3887 4972/5228/3881 4332/5235/3888
f 4335/5236/3889 4331/5204/3857 4970/5198/3851
f 4342/5225/3878 4343/5237/3890 4159/5238/3891
f 4582/5239/3892 4979/5232/3885 4980/5230/3883
f 4974/5240/3893 4976/5226/3879 4973/5189/3842
f 4975/5241/3894 4977/5224/3877 4974/5240/3893
f 4978/5242/3895 4341/5231/3884 4977/5224/3877
f 4339/5243/3896 4340/5229/3882 4978/5242/3895
f 4974/5240/3893 5275/5191/3844 5273/5244/3897
f 4975/5241/3894 5273/5244/3897 5271/5245/3898
f 4338/5246/3899 5271/5245/3898 4679/5247/3900
f 4982/5248/3901 4679/5247/3900 5371/5249/3902
f 4338/5246/3899 4978/5242/3895 4975/5241/3894
f 4976/5226/3879 4159/5238/3891 4336/5250/3903
f 4986/5251/3904 4346/5252/3905 4985/5253/3906
f 4973/5189/3842 4336/5250/3903 4337/5254/3907
f 4153/5255/3908 4981/5256/3909 4340/5229/3882
f 4990/5257/3910 4345/5258/3911 4344/5259/3912
f 4345/5258/3911 4988/5260/3913 4346/5252/3905
f 4583/5261/3914 4980/5230/3883 4981/5256/3909
f 4221/5262/3915 4981/5256/3909 4589/5263/3916
f 4581/5264/3917 4343/5237/3890 4979/5232/3885
f 4346/5252/3905 4589/5263/3916 4153/5255/3908
f 4585/5265/3918 4988/5260/3913 4989/5266/3919
f 4983/5267/3920 4985/5253/3906 4982/5248/3901
f 4983/5267/3920 4987/5268/3921 4986/5251/3904
f 4344/5259/3912 4986/5251/3904 4987/5268/3921
f 4152/5178/3831 4987/5268/3921 4314/5192/3845
f 4983/5267/3920 5371/5249/3902 5369/5269/3922
f 5367/5270/3923 4983/5267/3920 5369/5269/3922
f 4753/5128/3781 4984/5271/3924 5367/5270/3923
f 4765/5272/3925 5058/5273/3926 4652/5274/3927
f 4984/5271/3924 4314/5192/3845 4987/5268/3921
f 4985/5253/3906 4153/5255/3908 4339/5243/3896
f 4348/5275/3928 4994/5276/3929 4995/5277/3930
f 4982/5248/3901 4339/5243/3896 4338/5246/3899
f 4344/5259/3912 4321/5203/3856 4990/5257/3910
f 4999/5278/3931 4348/5275/3928 4347/5279/3932
f 4998/5280/3933 4349/5281/3934 4348/5275/3928
f 4586/5282/3935 4989/5266/3919 4990/5257/3910
f 4586/5282/3935 4321/5203/3856 4151/5202/3855
f 4584/5283/3936 4589/5263/3916 4988/5260/3913
f 4997/5284/3937 4155/5183/3836 4349/5281/3934
f 4998/5280/3933 4352/5285/3938 4997/5284/3937
f 4991/5286/3939 4995/5277/3930 4994/5276/3929
f 4992/5287/3940 4996/5288/3941 4995/5277/3930
f 4347/5279/3932 4995/5277/3930 4996/5288/3941
f 4165/5164/3817 4996/5288/3941 4651/5289/3942
f 4991/5286/3939 5551/5290/3943 4992/5287/3940
f 5551/5290/3943 4993/5291/3944 4992/5287/3940
f 5553/5292/3945 4652/5274/3927 4993/5291/3944
f 5323/5293/3946 4404/5294/3947 4793/5295/3948
f 4993/5291/3944 4651/5289/3942 4996/5288/3941
f 4317/5184/3837 4349/5281/3934 4155/5183/3836
f 5007/5296/3949 4379/5297/3950 5006/5298/3951
f 4316/5299/3952 4994/5276/3929 4317/5184/3837
f 4347/5279/3932 4309/5176/3829 4999/5278/3931
f 4353/5300/3953 5001/5301/3954 4354/5302/3955
f 4354/5302/3955 5000/5303/3956 4355/5304/3957
f 4999/5278/3931 4351/5305/3958 4998/5280/3933
f 4350/5306/3959 4309/5176/3829 4164/5175/3828
f 4997/5284/3937 4154/5307/3960 4322/5194/3847
f 4355/5304/3957 4332/5235/3888 4163/5227/3880
f 4357/5308/3961 5000/5303/3956 5001/5301/3954
f 4159/5238/3891 5002/5309/3962 4353/5300/3953
f 5011/5310/3963 4360/5311/3964 4359/5312/3965
f 5010/5313/3966 4361/5314/3967 4360/5311/3964
f 4356/5315/3968 5001/5301/3954 5002/5309/3962
f 4158/5316/3969 5002/5309/3962 4343/5237/3890
f 4358/5317/3970 4332/5235/3888 5000/5303/3956
f 5009/5318/3971 4177/5319/3972 4361/5314/3967
f 5010/5313/3966 4548/5320/3973 5009/5318/3971
f 5004/5321/3974 5006/5298/3951 5003/5322/3975
f 5005/5323/3976 5007/5296/3949 5004/5321/3974
f 5008/5324/3977 4378/5325/3978 5007/5296/3949
f 4646/5326/3979 4377/5327/3980 5008/5324/3977
f 5177/5328/3981 5003/5322/3975 5179/5329/3982
f 5175/5330/3983 5004/5321/3974 5177/5328/3981
f 4842/5331/3984 5005/5323/3976 5175/5330/3983
f 4423/5332/3985 5597/5333/3986 5364/5334/3987
f 4645/5155/3808 5008/5324/3977 5005/5323/3976
f 5006/5298/3951 4175/5335/3988 4375/5336/3989
f 4368/5337/3990 5015/5338/3991 5016/5339/3992
f 5003/5322/3975 4375/5336/3989 4376/5340/3993
f 4362/5341/3994 4359/5312/3965 4173/5342/3995
f 5020/5343/3996 4368/5337/3990 4367/5344/3997
f 5019/5345/3998 4369/5346/3999 4368/5337/3990
f 5011/5310/3963 4547/5347/4000 5010/5313/3966
f 4362/5341/3994 4546/5348/4001 5011/5310/3963
f 5009/5318/3971 4224/5349/4002 4545/5350/4003
f 5018/5351/4004 4167/5352/4005 4369/5346/3999
f 5019/5345/3998 4374/5353/4006 5018/5351/4004
f 5012/5354/4007 5016/5339/3992 5015/5338/3991
f 5013/5355/4008 5017/5356/4009 5016/5339/3992
f 4367/5344/3997 5016/5339/3992 5017/5356/4009
f 4171/5357/4010 5017/5356/4009 4366/5358/4011
f 5183/5359/4012 5012/5354/4007 5185/5360/4013
f 5181/5361/4014 5013/5355/4008 5183/5359/4012
f 4847/5362/4015 5014/5363/4016 5181/5361/4014
f 5024/5364/4017 4804/5365/4018 5149/5366/4019
f 5014/5363/4016 4366/5358/4011 5017/5356/4009
f 4363/5367/4020 4369/5346/3999 4167/5352/4005
f 5028/5368/4021 4386/5369/4022 5027/5370/4023
f 4364/5371/4024 5015/5338/3991 4363/5367/4020
f 4371/5372/4025 4367/5344/3997 4171/5357/4010
f 4377/5327/3980 5022/5373/4026 4378/5325/3978
f 4378/5325/3978 5021/5374/4027 4379/5297/3950
f 5020/5343/3996 4373/5375/4028 5019/5345/3998
f 4371/5372/4025 4372/5376/4029 5020/5343/3996
f 5018/5351/4004 4166/5377/4030 4370/5378/4031
f 4379/5297/3950 4549/5379/4032 4175/5335/3988
f 4507/5380/4033 5021/5374/4027 5022/5373/4026
f 4176/5381/4034 5023/5382/4035 4377/5327/3980
f 4384/5383/4036 5031/5384/4037 4385/5385/4038
f 4385/5385/4038 5030/5386/4039 4386/5369/4022
f 4508/5387/4040 5022/5373/4026 5023/5382/4035
f 4219/5388/4041 5023/5382/4035 4550/5389/4042
f 4506/5390/4043 4549/5379/4032 5021/5374/4027
f 4386/5369/4022 4551/5391/4044 4174/5392/4045
f 4553/5393/4046 5030/5386/4039 5031/5384/4037
f 5025/5394/4047 5027/5370/4023 5024/5364/4017
f 5026/5395/4048 5028/5368/4021 5025/5394/4047
f 5029/5396/4049 4385/5385/4038 5028/5368/4021
f 4383/5397/4050 4384/5383/4036 5029/5396/4049
f 5025/5394/4047 5149/5366/4019 5147/5398/4051
f 5026/5395/4048 5147/5398/4051 5145/5399/4052
f 4382/5400/4053 5145/5399/4052 4828/5401/4054
f 4828/5401/4054 5033/5402/4055 4382/5400/4053
f 4382/5400/4053 5029/5396/4049 5026/5395/4048
f 5027/5370/4023 4174/5392/4045 4380/5403/4056
f 5037/5404/4057 4390/5405/4058 5036/5406/4059
f 5024/5364/4017 4380/5403/4056 4381/5407/4060
f 4169/5408/4061 5032/5409/4062 4384/5383/4036
f 5041/5410/4063 4389/5411/4064 4388/5412/4065
f 4389/5411/4064 5039/5413/4066 4390/5405/4058
f 4552/5414/4067 5031/5384/4037 5032/5409/4062
f 4168/5415/4068 5032/5409/4062 4387/5416/4069
f 4554/5417/4070 4551/5391/4044 5030/5386/4039
f 4390/5405/4058 4387/5416/4069 4169/5408/4061
f 4392/5418/4071 5039/5413/4066 5040/5419/4072
f 5034/5420/4073 5036/5406/4059 5033/5402/4055
f 5034/5420/4073 5038/5421/4074 5037/5404/4057
f 4388/5412/4065 5037/5404/4057 5038/5421/4074
f 4167/5352/4005 5038/5421/4074 4363/5367/4020
f 5576/5422/4075 5034/5420/4073 5033/5402/4055
f 5034/5420/4073 5580/5423/4076 5035/5424/4077
f 5035/5424/4077 4530/5425/4078 4364/5371/4024
f 4840/5426/4079 5076/5427/4080 4643/5428/4081
f 5035/5424/4077 4363/5367/4020 5038/5421/4074
f 5036/5406/4059 4169/5408/4061 4383/5397/4050
f 4395/5429/4082 5045/5430/4083 5046/5431/4084
f 5033/5402/4055 4383/5397/4050 4382/5400/4053
f 4388/5412/4065 4370/5378/4031 5041/5410/4063
f 5050/5432/4085 4395/5429/4082 4394/5433/4086
f 5049/5434/4087 4396/5435/4088 4395/5429/4082
f 4391/5436/4089 5040/5419/4072 5041/5410/4063
f 4391/5436/4089 4370/5378/4031 4166/5377/4030
f 4393/5437/4090 4387/5416/4069 5039/5413/4066
f 5048/5438/4091 4171/5357/4010 4396/5435/4088
f 5049/5434/4087 4557/5439/4092 5048/5438/4091
f 5042/5440/4093 5046/5431/4084 5045/5430/4083
f 5043/5441/4094 5047/5442/4095 5046/5431/4084
f 4394/5433/4086 5046/5431/4084 5047/5442/4095
f 4177/5319/3972 5047/5442/4095 4644/5443/4096
f 5042/5440/4093 5605/5444/4097 5043/5441/4094
f 5605/5444/4097 5044/5445/4098 5043/5441/4094
f 5607/5446/4099 4643/5428/4081 5044/5445/4098
f 5179/5329/3982 4376/5340/3993 4677/5447/4100
f 5044/5445/4098 4644/5443/4096 5047/5442/4095
f 4366/5358/4011 4396/5435/4088 4171/5357/4010
f 5057/5448/4101 4307/5163/3816 4308/5162/3815
f 4365/5449/4102 5045/5430/4083 4366/5358/4011
f 4394/5433/4086 4545/5350/4003 5050/5432/4085
f 4397/5450/4103 5052/5451/4104 4398/5452/4105
f 4398/5452/4105 5051/5453/4106 4399/5454/4107
f 5050/5432/4085 4556/5455/4108 5049/5434/4087
f 4555/5456/4109 4545/5350/4003 4224/5349/4002
f 5048/5438/4091 4170/5457/4110 4371/5372/4025
f 4399/5454/4107 4550/5389/4042 4176/5381/4034
f 4501/5458/4111 5051/5453/4106 5052/5451/4104
f 4174/5392/4045 5053/5459/4112 4397/5450/4103
f 5056/5460/4113 4401/5461/4114 5055/5462/4115
f 5055/5462/4115 4402/5463/4116 5054/5464/4117
f 4502/5465/4118 5052/5451/4104 5053/5459/4112
f 4226/5466/4119 5053/5459/4112 4551/5391/4044
f 4500/5467/4120 4550/5389/4042 5051/5453/4106
f 5054/5464/4117 4188/5468/4121 4558/5469/4122
f 4511/5470/4123 5055/5462/4115 5054/5464/4117
f 4510/5471/4124 5056/5460/4113 5055/5462/4115
f 4509/5472/4125 4559/5473/4126 5056/5460/4113
f 5054/5464/4117 4217/5474/4127 4511/5470/4123
f 4561/5475/4128 5064/5476/4129 5063/5477/4130
f 4559/5473/4126 4400/5478/4131 5056/5460/4113
f 5064/5476/4129 4408/5479/4132 5063/5477/4130
f 5063/5477/4130 4178/5480/4133 4560/5481/4134
f 4562/5482/4135 5065/5483/4136 5064/5476/4129
f 5065/5483/4136 4407/5484/4137 5064/5476/4129
f 5059/5485/4138 4306/5166/3819 4307/5163/3816
f 5058/5273/3926 5059/5485/4138 5057/5448/4101
f 4651/5289/3942 4308/5162/3815 4165/5164/3817
f 5060/5486/4139 5061/5487/4140 5059/5485/4138
f 5061/5487/4140 4157/5168/3821 4306/5166/3819
f 4652/5274/3927 5057/5448/4101 4651/5289/3942
f 5584/5488/4141 5060/5486/4139 5058/5273/3926
f 5583/5489/4142 5062/5490/4143 5060/5486/4139
f 5582/5491/4144 4615/5492/4145 5062/5490/4143
f 5185/5360/4013 4364/5371/4024 4530/5425/4078
f 5062/5490/4143 4616/5493/4146 5061/5487/4140
f 4407/5484/4137 5066/5494/4147 4408/5479/4132
f 4563/5495/4148 4405/5496/4149 5065/5483/4136
f 5063/5477/4130 4225/5497/4150 4561/5475/4128
f 4566/5498/4151 5072/5499/4152 4565/5500/4153
f 4405/5496/4149 4406/5501/4154 5065/5483/4136
f 4415/5502/4155 5072/5499/4152 5073/5503/4156
f 4416/5504/4157 4564/5505/4158 5072/5499/4152
f 4567/5506/4159 5073/5503/4156 4566/5498/4151
f 4414/5507/4160 5073/5503/4156 5074/5508/4161
f 4406/5501/4154 5067/5509/4162 4407/5484/4137
f 4181/5510/4163 5068/5511/4164 4406/5501/4154
f 5067/5509/4162 5069/5512/4165 5066/5494/4147
f 5068/5511/4164 5070/5513/4166 5067/5509/4162
f 5075/5514/4167 4360/5311/3964 4361/5314/3967
f 4410/5515/4168 4408/5479/4132 5066/5494/4147
f 4411/5516/4169 5071/5517/4170 5068/5511/4164
f 5070/5513/4166 5299/5518/4171 5297/5519/4172
f 5069/5512/4165 5297/5519/4172 5295/5520/4173
f 4409/5521/4174 5295/5520/4173 4613/5522/4175
f 5167/5523/4176 4426/5524/4177 4708/5525/4178
f 5066/5494/4147 4409/5521/4174 4410/5515/4168
f 4186/5526/4179 5074/5508/4161 4567/5506/4159
f 4564/5505/4158 4565/5500/4153 5072/5499/4152
f 4569/5527/4180 5081/5528/4181 4568/5529/4182
f 4187/5530/4183 5074/5508/4161 4413/5531/4184
f 4421/5532/4185 5081/5528/4181 5082/5533/4186
f 4422/5534/4187 4419/5535/4188 5081/5528/4181
f 4570/5536/4189 5082/5533/4186 4569/5527/4180
f 4420/5537/4190 5082/5533/4186 5083/5538/4191
f 5077/5539/4192 4359/5312/3965 4360/5311/3964
f 5076/5427/4080 5077/5539/4192 5075/5514/4167
f 4644/5443/4096 4361/5314/3967 4177/5319/3972
f 5078/5540/4193 5079/5541/4194 5077/5539/4192
f 5079/5541/4194 4173/5342/3995 4359/5312/3965
f 4643/5428/4081 5075/5514/4167 4644/5443/4096
f 5545/5542/4195 5078/5540/4193 5076/5427/4080
f 5544/5543/4196 5080/5544/4197 5078/5540/4193
f 5543/5545/4198 4611/5546/4199 5080/5544/4197
f 5071/5517/4170 4802/5547/4200 5299/5518/4171
f 5080/5544/4197 4612/5548/4201 5079/5541/4194
f 4422/5534/4187 5085/5549/4202 5084/5550/4203
f 4220/5551/4204 5083/5538/4191 4570/5536/4189
f 4419/5535/4188 4568/5529/4182 5081/5528/4181
f 4498/5552/4205 5090/5553/4206 4499/5554/4207
f 4179/5555/4208 5083/5538/4191 4571/5556/4209
f 4428/5557/4210 5090/5553/4206 5091/5558/4211
f 4429/5559/4212 4571/5556/4209 5090/5553/4206
f 4497/5560/4213 5091/5558/4211 4498/5552/4205
f 5092/5561/4214 4428/5557/4210 5091/5558/4211
f 4421/5532/4185 5086/5562/4215 5085/5549/4202
f 4425/5563/4216 4420/5537/4190 4179/5555/4208
f 5084/5550/4203 5088/5564/4217 5087/5565/4218
f 5085/5549/4202 5089/5566/4219 5088/5564/4217
f 4429/5559/4212 5094/5567/4220 5093/5568/4221
f 5084/5550/4203 4184/5569/4222 4422/5534/4187
f 5086/5562/4215 4426/5524/4177 5089/5566/4219
f 5165/5570/4223 5089/5566/4219 5167/5523/4176
f 5163/5571/4224 5088/5564/4217 5165/5570/4223
f 4852/5572/4225 5087/5565/4218 5163/5571/4224
f 5098/5573/4226 4613/5522/4175 5161/5574/4227
f 4424/5575/4228 5087/5565/4218 4423/5332/3985
f 4497/5560/4213 4560/5481/4134 5092/5561/4214
f 4571/5556/4209 4499/5554/4207 5090/5553/4206
f 4572/5576/4229 5100/5577/4230 5099/5578/4231
f 4427/5579/4232 4560/5481/4134 4178/5480/4133
f 5100/5577/4230 4432/5580/4233 5099/5578/4231
f 5099/5578/4231 4181/5510/4163 4405/5496/4149
f 4573/5581/4234 5101/5582/4235 5100/5577/4230
f 5101/5582/4235 4431/5583/4236 5100/5577/4230
f 4427/5579/4232 5094/5567/4220 4428/5557/4210
f 5095/5584/4237 4178/5480/4133 4410/5515/4168
f 5093/5568/4221 5097/5585/4238 5096/5586/4239
f 5095/5584/4237 5097/5585/4238 5094/5567/4220
f 4431/5583/4236 5102/5587/4240 4432/5580/4233
f 5093/5568/4221 4179/5555/4208 4429/5559/4212
f 4410/5515/4168 5098/5573/4226 5095/5584/4237
f 5097/5585/4238 5161/5574/4227 5159/5588/4241
f 5157/5589/2506 5097/5585/4238 5159/5588/4241
f 4708/5525/4178 5096/5586/4239 5157/5589/2506
f 4535/5219/3872 5111/5590/4242 4287/5218/3871
f 4425/5563/4216 5096/5586/4239 4426/5524/4177
f 4574/5591/4243 4558/5469/4122 5101/5582/4235
f 5099/5578/4231 4180/5592/4244 4572/5576/4229
f 4434/5593/4245 5108/5594/4246 4433/5595/4247
f 4430/5596/4248 4558/5469/4122 4188/5468/4121
f 4437/5597/4249 5108/5594/4246 5109/5598/4250
f 4438/5599/4251 4413/5531/4184 5108/5594/4246
f 4435/5600/4252 5109/5598/4250 4434/5593/4245
f 4436/5601/4253 5109/5598/4250 5110/5602/4254
f 4430/5596/4248 5103/5603/4255 4431/5583/4236
f 4188/5468/4121 5104/5604/4256 4430/5596/4248
f 5103/5603/4255 5105/5605/4257 5102/5587/4240
f 5104/5604/4256 5106/5606/4258 5103/5603/4255
f 4440/5607/4259 5114/5608/4260 5115/5609/4261
f 4411/5516/4169 4432/5580/4233 5102/5587/4240
f 4653/5610/4262 5107/5611/4263 5104/5604/4256
f 5153/5612/4264 5107/5611/4263 5155/5613/4265
f 5105/5605/4257 5153/5612/4264 5151/5614/4266
f 4412/5615/4267 5151/5614/4266 4802/5547/4200
f 4740/5616/4268 5195/5617/4269 4615/5492/4145
f 5102/5587/4240 4412/5615/4267 4411/5516/4169
f 4183/5618/4270 5110/5602/4254 4435/5600/4252
f 4413/5531/4184 4433/5595/4247 5108/5594/4246
f 5118/5619/4271 4577/5620/4272 5117/5621/4273
f 4184/5569/4222 5110/5602/4254 4419/5535/4188
f 5118/5619/4271 4441/5622/4274 4440/5607/4259
f 5117/5621/4273 4148/5212/3865 4441/5622/4274
f 5119/5623/4275 4440/5607/4259 4439/5624/4276
f 5111/5590/4242 5115/5609/4261 5114/5608/4260
f 5113/5625/4277 5115/5609/4261 5112/5626/4278
f 5116/5627/4279 4440/5607/4259 5115/5609/4261
f 4439/5624/4276 4326/5628/4280 4161/5205/3858
f 5561/5629/4281 5112/5626/4278 5111/5590/4242
f 5112/5626/4278 5565/5630/4282 5113/5625/4277
f 5113/5625/4277 4755/5631/4283 4327/5632/4284
f 4767/5633/4285 5128/5634/4286 4417/5635/4287
f 4327/5632/4284 5116/5627/4279 5113/5625/4277
f 4288/5223/3876 4441/5622/4274 4148/5212/3865
f 4443/5636/4288 5123/5637/4289 4444/5638/4290
f 4287/5218/3871 5114/5608/4260 4288/5223/3876
f 4161/5205/3858 5119/5623/4275 4439/5624/4276
f 4442/5639/4291 5121/5640/4292 5122/5641/4293
f 5121/5640/4292 4444/5638/4290 5120/5642/4294
f 4575/5643/4295 5118/5619/4271 5119/5623/4275
f 4160/5644/4296 5119/5623/4275 4331/5204/3857
f 5117/5621/4273 4215/5645/4297 4541/5051/3704
f 5120/5642/4294 4175/5335/3988 4549/5379/4032
f 4505/5646/4298 5121/5640/4292 5120/5642/4294
f 4503/5647/4299 5121/5640/4292 4504/5648/4300
f 4223/5649/4301 5122/5641/4293 4503/5647/4299
f 5120/5642/4294 4218/5650/4302 4505/5646/4298
f 5193/5651/4303 4604/5652/4304 5192/5653/4305
f 4185/5654/4306 5122/5641/4293 4564/5505/4158
f 5193/5651/4303 4595/5655/4307 4594/5656/4308
f 5207/5657/4309 4145/5658/4310 4587/5021/3674
f 4602/5659/4311 5193/5651/4303 5194/5660/4312
f 4593/5661/4313 5193/5651/4303 4594/5656/4308
f 4443/5636/4288 5125/5662/4314 5124/5663/2753
f 4418/5664/4315 4442/5639/4291 4185/5654/4306
f 5124/5663/2753 5126/5665/4316 5123/5637/4289
f 5124/5663/2753 5128/5634/4286 5127/5666/4317
f 4594/5656/4308 5198/5667/4318 5199/5668/4319
f 4375/5336/3989 4444/5638/4290 5123/5637/4289
f 5125/5662/4314 4417/5635/4287 5128/5634/4286
f 5620/5669/4320 5127/5666/4317 5128/5634/4286
f 5127/5666/4317 5618/5670/4321 5126/5665/4316
f 5126/5665/4316 4677/5447/4100 4376/5340/3993
f 4965/5208/3861 4714/5671/4322 5227/5214/3867
f 5123/5637/4289 4376/5340/3993 4375/5336/3989
f 4665/5672/4323 4490/5673/4324 4666/5674/4325
f 4195/5675/4326 4264/5676/4327 4900/5677/4328
f 4194/5678/4329 4491/5679/3423 4665/5672/4323
f 4698/5680/4330 4265/5681/2802 4264/5676/4327
f 4697/5682/4331 4461/5683/4332 4265/5681/2802
f 4696/5684/4333 4889/5685/4334 4461/5683/4332
f 4460/5686/4335 4900/5677/4328 4866/5687/4336
f 4695/5688/4337 4884/5689/4338 4249/5690/4339
f 4459/5691/4340 4866/5687/4336 4867/5692/4341
f 4694/5693/4342 4462/5694/4343 4695/5688/4337
f 4459/5691/4340 4868/5695/4344 4458/5696/4345
f 4693/5697/4346 4463/5698/3008 4694/5693/4342
f 4661/5699/4347 4877/5700/4348 4257/5701/4349
f 4458/5696/4345 4901/5702/4350 4194/5678/4329
f 4257/5701/4349 4464/5703/4351 4693/5697/4346
f 4660/5704/4352 4492/5705/2772 4661/5699/4347
f 4457/5706/4353 4902/5707/4354 4869/5708/4355
f 4206/5709/4356 4465/5710/4357 4892/5711/4358
f 4659/5712/4359 4493/5713/4360 4660/5704/4352
f 4456/5714/4361 4869/5708/4355 4870/5715/4362
f 4692/5716/4363 4466/5717/4364 4465/5710/4357
f 4189/5718/4365 4515/5719/4366 4659/5712/4359
f 4456/5714/4361 4871/5720/4367 4455/5721/4368
f 4762/5722/4369 4878/5723/4370 4255/5724/4371
f 4690/5725/4372 4466/5726/4364 4691/5727/4373
f 4199/5728/4374 4669/5729/4375 4899/5730/4376
f 4455/5721/4368 4903/5731/4377 4192/5732/4378
f 4761/5733/4379 4196/5734/2960 4762/5722/4369
f 4266/5735/4380 4473/5736/4381 4690/5725/4372
f 4601/5737/4382 4670/5738/3013 4669/5729/4375
f 4454/5739/4383 4905/5740/4384 4872/5741/4385
f 4760/5742/4386 4197/5743/4387 4761/5733/4379
f 4689/5744/4388 4894/5745/4389 4204/5746/4390
f 4599/5747/4391 4670/5738/3013 4600/5748/4392
f 4252/5749/4393 4230/5750/4394 4881/5751/4395
f 4453/5752/4396 4872/5741/4385 4873/5753/4397
f 4192/5732/4378 4198/5754/4398 4760/5742/4386
f 4688/5755/4399 4474/5756/4400 4689/5744/4388
f 4200/5757/4401 4853/5758/4402 4599/5747/4391
f 4724/5759/4403 4231/5760/4404 4230/5750/4394
f 5130/5761/4405 5132/5762/4406 5129/5763/4407
f 5131/5764/4408 5133/5765/4409 5130/5761/4405
f 5133/5765/4409 5135/5766/4410 5132/5762/4406
f 5134/5767/4411 5136/5768/4412 5133/5765/4409
f 4725/5769/4413 4759/5770/4414 4243/5771/4415
f 4726/5772/4416 5129/5763/4407 4725/5769/4413
f 4727/5773/4417 5130/5761/4405 4726/5772/4416
f 5669/5774/4418 5134/5767/4411 5131/5764/4408
f 5671/5775/4419 5137/5776/4420 5134/5767/4411
f 5673/5777/4421 4829/5778/4422 5137/5776/4420
f 5137/5776/4420 4830/5779/4423 5136/5768/4412
f 5136/5768/4412 4831/5780/4424 5135/5766/4410
f 5135/5766/4410 4202/5781/4425 4757/5782/4426
f 5132/5762/4406 4757/5782/4426 4758/5783/4427
f 5129/5763/4407 4758/5783/4427 4759/5770/4414
f 5141/5068/3721 5142/5784/4428 5140/5785/4429
f 4835/5071/3724 5138/5786/2924 4834/5787/4430
f 5138/5786/2924 5431/5788/4431 5428/5789/2929
f 5143/5067/3720 4770/5790/4432 5142/5784/4428
f 5145/5399/4052 5146/5791/4433 5144/5792/4434
f 4827/5793/4435 5437/5794/4436 4673/5795/4437
f 5142/5784/4428 4771/5796/4438 5434/5797/2923
f 5140/5785/4429 5434/5797/2923 5431/5788/4431
f 5147/5398/4051 5148/5798/4439 5146/5791/4433
f 4828/5401/4054 5144/5792/4434 4827/5793/4435
f 5144/5792/4434 5440/5799/4440 5437/5794/4436
f 5149/5366/4019 4803/5800/4441 5148/5798/4439
f 5151/5614/4266 5152/5801/4442 5150/5802/4443
f 4801/5803/3028 5446/5804/4444 4733/5805/4445
f 5148/5798/4439 4730/5806/4446 5443/5807/4447
f 5146/5791/4433 5443/5807/4447 5440/5799/4440
f 5153/5612/4264 5154/5808/4448 5152/5801/4442
f 4802/5547/4200 5150/5802/4443 4801/5803/3028
f 5150/5802/4443 5449/5809/4449 5446/5804/4444
f 5155/5613/4265 4713/5810/4450 5154/5808/4448
f 5156/5811/4451 5159/5588/4241 5158/5812/4452
f 4816/5813/4453 5156/5811/4451 5455/5814/3234
f 5154/5808/4448 4810/5815/4454 5452/5816/4455
f 5152/5801/4442 5452/5816/4455 5449/5809/4449
f 5159/5588/4241 5160/5817/4456 5158/5812/4452
f 5157/5589/2506 4709/5818/4457 4708/5525/4178
f 5455/5814/3234 5158/5812/4452 5458/5819/4458
f 5161/5574/4227 4614/5820/4459 5160/5817/4456
f 5162/5821/4460 5165/5570/4223 5164/5822/4461
f 4529/5823/4462 5162/5821/4460 5464/5824/4463
f 5160/5817/4456 4836/5825/3250 5461/5826/3244
f 5158/5812/4452 5461/5826/3244 5458/5819/4458
f 5164/5822/4461 5167/5523/4176 5166/5827/4464
f 4851/5828/4465 5163/5571/4224 5162/5821/4460
f 5464/5824/4463 5164/5822/4461 5467/5829/4466
f 5166/5827/4464 4708/5525/4178 4709/5818/4457
f 5168/5830/4467 5171/5185/3838 5170/5831/4468
f 4736/5832/2883 5168/5830/4467 5473/5833/4469
f 5470/5834/4470 4709/5818/4457 4816/5813/4453
f 5467/5829/4466 5166/5827/4464 5470/5834/4470
f 5170/5831/4468 5173/5126/3779 5172/5835/2873
f 4799/5836/4471 5169/5186/3839 5168/5830/4467
f 5473/5833/4469 5170/5831/4468 5476/5837/4472
f 5172/5835/2873 4753/5128/3781 4754/5838/2874
f 5174/5839/4473 5177/5328/3981 5176/5840/4474
f 4841/5841/4475 5482/5842/4476 4539/5843/4477
f 5479/5844/4478 4754/5838/2874 4786/5845/4479
f 5476/5837/4472 5172/5835/2873 5479/5844/4478
f 4453/5752/4396 4874/5846/4480 4452/5847/4481
f 4243/5848/4415 4207/5849/4482 4890/5850/2812
f 4687/5851/4483 4475/5852/2939 4688/5755/4399
f 4722/5853/4484 4231/5760/4404 4723/5854/4485
f 4452/5847/4481 4906/5855/4486 4189/5718/4365
f 4759/5856/4414 4208/5857/4487 4207/5849/4482
f 4255/5724/4371 4479/5858/4488 4687/5851/4483
f 4484/5859/4489 4897/5860/4490 4201/5861/4491
f 4203/5862/4492 4232/5863/4493 4722/5853/4484
f 4758/5864/4427 4209/5865/4494 4208/5857/4487
f 4191/5866/4495 4480/5867/4496 4904/5868/4497
f 4483/5869/4498 4854/5870/4499 4484/5859/4489
f 4757/5871/4426 4896/5872/4500 4209/5865/4494
f 4686/5873/4501 4481/5874/4502 4480/5867/4496
f 4482/5875/4503 4855/5876/3022 4483/5869/4498
f 4242/5877/4504 4233/5878/4505 4891/5879/4506
f 4685/5880/4507 4485/5881/4508 4481/5874/4502
f 4260/5882/4509 4856/5883/4510 4482/5875/4503
f 4721/5884/4511 4234/5885/4512 4233/5878/4505
f 4684/5886/4513 4890/5850/2812 4485/5881/4508
f 4720/5887/4514 4235/5888/4515 4234/5885/4512
f 4719/5889/4516 4880/5890/4517 4235/5888/4515
f 4250/5891/4518 4236/5892/4519 4883/5893/4520
f 4683/5894/4521 4904/5868/4497 4486/5895/4522
f 4718/5896/4523 4237/5897/4524 4236/5892/4519
f 4682/5898/4525 4486/5895/4522 4487/5899/4526
f 4205/5900/4527 4857/5901/3442 4893/5902/4528
f 4717/5903/4529 4238/5904/3037 4237/5897/4524
f 4682/5898/4525 4488/5905/4530 4681/5906/4531
f 4640/5907/4532 4883/5893/4520 4516/5908/3448
f 4478/5909/4533 4858/5910/4534 4857/5901/3442
f 4716/5911/4535 4899/5730/4376 4238/5904/3037
f 4681/5906/4531 4879/5912/4536 4254/5913/4537
f 4639/5914/4538 4516/5908/3448 4517/5915/3450
f 4477/5916/4539 4859/5917/4540 4858/5910/4534
f 4752/5918/4541 4893/5902/4528 4210/5919/4542
f 4638/5920/4543 4517/5915/3450 4518/5921/3452
f 4476/5922/4544 4892/5711/4358 4859/5917/4540
f 4751/5923/4545 4210/5919/4542 4211/5924/4546
f 4247/5925/4547 4518/5921/3452 4886/5926/3425
f 4750/5927/4548 4211/5924/4546 4212/5928/2793
f 4251/5929/4549 4519/5930/4550 4637/5931/4551
f 4244/5932/4552 4212/5928/2793 4889/5685/4334
f 4637/5931/4551 4520/5933/4553 4636/5934/4554
f 4749/5935/4555 4891/5879/4506 4213/5936/2950
f 4635/5937/4556 4520/5933/4553 4521/5938/4557
f 4748/5939/4558 4213/5936/2950 4228/5940/4559
f 4253/5941/4560 4521/5938/4557 4880/5890/4517
f 4747/5942/4561 4228/5940/4559 4229/5943/4562
f 5176/5840/4474 5179/5329/3982 5178/5944/4563
f 4841/5841/4475 5175/5330/3983 5174/5839/4473
f 5174/5839/4473 5485/5945/4564 5482/5842/4476
f 5178/5944/4563 4677/5447/4100 4678/5946/4565
f 5180/5947/4566 5183/5359/4012 5182/5948/4567
f 4534/5949/4568 5180/5947/4566 5491/5950/3270
f 5488/5951/4569 4678/5946/4565 4822/5952/4570
f 5485/5945/4564 5178/5944/4563 5488/5951/4569
f 4634/5953/4571 4882/5954/4572 4251/5929/4549
f 4472/5955/4573 4895/5956/4574 4203/5862/4492
f 4245/5957/4575 4229/5943/4562 4888/5958/3629
f 4633/5959/4576 4522/5960/4577 4634/5953/4571
f 4471/5961/4578 4860/5962/4579 4472/5955/4573
f 4632/5963/4580 4523/5964/4581 4633/5959/4576
f 4470/5965/4582 4861/5966/4583 4471/5961/4578
f 5182/5948/4567 5185/5360/4013 5184/5967/4584
f 4846/5968/2891 5181/5361/4014 5180/5947/4566
f 5491/5950/3270 5182/5948/4567 5494/5969/3265
f 5184/5967/4584 4530/5425/4078 4531/5970/4585
f 5187/5971/4586 5188/5972/4587 5186/5973/4588
f 4803/5800/4441 5500/5974/4589 4730/5806/4446
f 5497/5975/4590 4531/5970/4585 4848/5976/2911
f 5494/5969/3265 5184/5967/4584 5497/5975/4590
f 5189/5977/4591 5190/5978/4592 5188/5972/4587
f 4804/5365/4018 5186/5973/4588 4803/5800/4441
f 5186/5973/4588 5503/5979/4593 5500/5974/4589
f 5191/5156/3809 4841/5841/4475 5190/5978/4592
f 4798/5980/4594 5340/5981/4595 4647/5982/4596
f 5187/5971/4586 4381/5407/4060 5350/5983/4597
f 5189/5977/4591 5350/5983/4597 5348/5984/4598
f 5346/5157/3810 5189/5977/4591 5348/5984/4598
f 5214/5985/4599 5210/5986/4600 5211/5987/4601
f 4676/5988/4602 5212/5989/4603 5515/5990/4604
f 5190/5978/4592 4539/5843/4477 5506/5991/4605
f 5188/5972/4587 5506/5991/4605 5503/5979/4593
f 4248/5992/4606 4524/5993/4607 4632/5963/4580
f 4216/5994/4608 5194/5660/4312 4559/5473/4126
f 5192/5653/4305 4156/5995/4609 4310/5167/3820
f 4592/5996/4610 5208/5997/4611 4591/5998/4612
f 5194/5660/4312 4182/5999/4613 4559/5473/4126
f 4605/6000/4614 5208/5997/4611 5207/5657/4309
f 4157/5168/3821 5192/5653/4305 4310/5167/3820
f 5208/5997/4611 4590/6001/4615 4591/5998/4612
f 5195/5617/4269 5199/5668/4319 5198/5667/4318
f 5197/6002/4616 5199/5668/4319 5196/6003/4617
f 5200/6004/4618 4594/5656/4308 5199/5668/4319
f 4593/5661/4313 4403/6005/4619 4182/5999/4613
f 5219/6006/4620 5196/6003/4617 5195/5617/4269
f 5221/6007/4621 5196/6003/4617 5220/6008/4622
f 4793/5295/3948 5197/6002/4616 5221/6007/4621
f 5233/6009/4623 4271/6010/4624 4826/6011/4625
f 4404/5294/3947 5200/6004/4618 5197/6002/4616
f 4616/5493/4146 4595/5655/4307 4157/5168/3821
f 4591/5998/4612 5201/6012/4626 4592/5996/4610
f 4615/5492/4145 5198/5667/4318 4616/5493/4146
f 4591/5998/4612 5203/6013/4627 5202/6014/4628
f 4612/5548/4201 4590/6001/4615 4173/5342/3995
f 5202/6014/4628 5204/6015/4629 5201/6012/4626
f 5202/6014/4628 5206/6016/4630 5205/6017/4631
f 5334/6018/4632 4268/5032/3685 5336/6019/4633
f 4270/6020/4634 4592/5996/4610 5201/6012/4626
f 5203/6013/4627 4611/5546/4199 5206/6016/4630
f 5213/6021/4635 5205/6017/4631 5206/6016/4630
f 5215/6022/4636 5205/6017/4631 5214/5985/4599
f 4826/6011/4625 5204/6015/4629 5215/6022/4636
f 5155/5613/4265 4654/6023/4637 4712/6024/4638
f 5201/6012/4626 4271/6010/4624 4270/6020/4634
f 4173/5342/3995 5209/6025/4639 4362/5341/3994
f 4607/6026/4640 5208/5997/4611 4606/6027/4641
f 4172/6028/4642 5209/6025/4639 4607/6026/4640
f 5207/5657/4309 4222/6029/4643 4605/6000/4614
f 5212/5989/4603 5214/5985/4599 5211/5987/4601
f 4825/6030/4644 5215/6022/4636 5212/5989/4603
f 4744/6031/4645 5218/6032/4646 5524/6033/4647
f 4813/6034/4648 5210/5986/4600 4711/6035/4649
f 5513/6036/4650 5211/5987/4601 5210/5986/4600
f 5515/5990/4604 5211/5987/4601 5514/6037/4651
f 4711/6035/4649 5213/6021/4635 4710/6038/4652
f 5220/6008/4622 5216/6039/4653 5217/6040/4654
f 5218/6032/4646 5220/6008/4622 5217/6040/4654
f 4792/6041/4655 5221/6007/4621 5218/6032/4646
f 4536/6042/4656 5527/6043/4657 4843/6044/4658
f 4794/6045/4659 5216/6039/4653 4741/6046/4660
f 5522/6047/4661 5217/6040/4654 5216/6039/4653
f 5524/6033/4647 5217/6040/4654 5523/6048/4662
f 4741/6046/4660 5219/6006/4620 4740/5616/4268
f 5223/5217/3870 5224/6049/4663 5222/6050/4664
f 5225/5215/3868 5226/6051/4665 5224/6049/4663
f 4535/5219/3872 5222/6050/4664 4536/6042/4656
f 5222/6050/4664 5530/6052/4666 5527/6043/4657
f 5227/5214/3867 4715/6053/4667 5226/6051/4665
f 5228/6054/4668 5231/6055/4669 5230/6056/4670
f 4764/6057/4671 5536/6058/4672 4780/6059/4673
f 5533/6060/4674 4715/6053/4667 4807/6061/4675
f 5530/6052/4666 5226/6051/4665 5533/6060/4674
f 5230/6056/4670 5233/6009/4623 5232/6062/4676
f 5229/6063/4677 4764/6057/4671 4763/6064/4678
f 5228/6054/4668 5539/6065/4679 5536/6058/4672
f 5232/6062/4676 4826/6011/4625 4825/6030/4644
f 4365/5449/4102 5603/6066/4680 5042/5440/4093
f 5333/6067/4681 4763/6064/4678 4642/6068/4682
f 5229/6063/4677 5335/6069/4683 5231/6055/4669
f 5231/6055/4669 5337/6070/4684 5233/6009/4623
f 5271/5245/3898 5272/6071/4685 5270/6072/4686
f 4839/6073/4687 5236/6074/4688 5548/6075/4689
f 5542/6076/4690 4825/6030/4644 4676/5988/4602
f 5539/6065/4679 5232/6062/4676 5542/6076/4690
f 5235/6077/4691 5237/6078/4692 5234/6079/4693
f 5236/6074/4688 5238/6080/4694 5235/6077/4691
f 5238/6080/4694 5240/6081/4695 5237/6078/4692
f 5239/6082/4696 5241/6083/4697 5238/6080/4694
f 4799/5836/4471 5243/6084/4698 5550/6085/4699
f 4711/6035/4649 5234/6079/4693 4813/6034/4648
f 5546/6086/4700 5235/6077/4691 5234/6079/4693
f 5548/6075/4689 5235/6077/4691 5547/6087/4701
f 4610/6088/4702 5239/6082/4696 5236/6074/4688
f 4609/6089/4703 5242/6090/4704 5239/6082/4696
f 4608/6091/4705 4467/6092/4706 5242/6090/4704
f 5242/6090/4704 4468/6093/4707 5241/6083/4697
f 5241/6083/4697 4469/6094/4708 5240/6081/4695
f 5240/6081/4695 4200/6095/4401 4815/6096/4709
f 5237/6078/4692 4815/6096/4709 4814/6097/4710
f 5234/6079/4693 4814/6097/4710 4813/6034/4648
f 5243/6084/4698 5247/6098/4711 5246/6099/4712
f 5244/6100/4713 5248/6101/4714 5247/6098/4711
f 5246/6099/4712 5250/6102/4715 5249/6103/4716
f 5247/6098/4711 5251/6104/4717 5250/6102/4715
f 5550/6085/4699 5246/6099/4712 5552/6105/4718
f 4736/5832/2883 5244/6100/4713 5243/6084/4698
f 4735/6106/4719 5245/6107/4720 5244/6100/4713
f 4734/6108/4721 4623/6109/4722 5245/6107/4720
f 5245/6107/4720 4624/6110/4723 5248/6101/4714
f 5248/6101/4714 4625/6111/4724 5251/6104/4717
f 5251/6104/4717 4248/6112/4606 4779/6113/4725
f 5250/6102/4715 4779/6113/4725 4778/6114/4726
f 5249/6103/4716 4778/6114/4726 4777/6115/4727
f 4746/6116/4728 5252/6117/4729 5556/6118/4730
f 5554/6119/4731 4777/6115/4727 4766/6120/4732
f 5552/6105/4718 5249/6103/4716 5554/6119/4731
f 5252/6117/4729 5256/6121/4733 5255/6122/4734
f 5253/6123/4735 5257/6124/4736 5256/6121/4733
f 5255/6122/4734 5259/6125/4737 5258/6126/4738
f 5256/6121/4733 5260/6127/4739 5259/6125/4737
f 5556/6118/4730 5255/6122/4734 5558/6128/4740
f 4789/6129/4741 5253/6123/4735 5252/6117/4729
f 4790/6130/4742 5254/6131/4743 5253/6123/4735
f 4791/6132/4744 4687/6133/4483 5254/6131/4743
f 5254/6131/4743 4688/6134/4399 5257/6124/4736
f 5257/6124/4736 4689/6135/4388 5260/6127/4739
f 5260/6127/4739 4204/6136/4390 4809/6137/4745
f 5259/6125/4737 4809/6137/4745 4808/6138/4746
f 5258/6126/4738 4808/6138/4746 4807/6061/4675
f 4843/6044/4658 5562/6139/4747 4536/6042/4656
f 5560/6140/4748 4807/6061/4675 4715/6053/4667
f 5558/6128/4740 5258/6126/4738 5560/6140/4748
f 5261/6141/4749 5265/6142/4750 5264/6143/4751
f 5262/6144/4752 5266/6145/4753 5265/6142/4750
f 5264/6143/4751 5268/6146/4754 5267/6147/4755
f 5266/6145/4753 5268/6146/4754 5265/6142/4750
f 5261/6141/4749 5564/6148/4756 5562/6139/4747
f 4844/6149/4757 5261/6141/4749 4843/6044/4658
f 4844/6149/4757 5263/6150/4758 5262/6144/4752
f 4845/6151/4759 4722/6152/4484 5263/6150/4758
f 5263/6150/4758 4723/6153/4485 5266/6145/4753
f 4723/6153/4485 5269/6154/4760 5266/6145/4753
f 4724/6155/4403 4785/6156/4761 5269/6154/4760
f 5269/6154/4760 4784/6157/4762 5268/6146/4754
f 5267/6147/4755 4784/6157/4762 4783/6158/4763
f 4680/6159/4764 5569/6160/4765 4819/6161/3470
f 5566/6162/4766 4783/6158/4763 4756/6163/4767
f 5564/6148/4756 5267/6147/4755 5566/6162/4766
f 5273/5244/3897 5274/6164/4768 5272/6071/4685
f 4679/5247/3900 5270/6072/4686 4680/6159/4764
f 5270/6072/4686 5572/6165/4769 5569/6160/4765
f 5275/5191/3844 4805/6166/4770 5274/6164/4768
f 5295/5520/4173 5296/6167/4771 5294/6168/4772
f 4673/5795/4437 5577/6169/4773 4827/5793/4435
f 5274/6164/4768 4727/5773/4417 5575/6170/4774
f 5272/6071/4685 5575/6170/4774 5572/6165/4769
f 5277/6171/4775 5279/6172/2913 5276/6173/2906
f 5278/6174/4776 5280/6175/4777 5277/6171/4775
f 5279/6172/2913 5283/6176/4778 5282/6177/4779
f 5280/6175/4777 5284/6178/3519 5283/6176/4778
f 5276/6173/2906 5579/6179/4780 5577/6169/4773
f 4672/6180/4781 5276/6173/2906 4673/5795/4437
f 4671/6181/4782 5277/6171/4775 4672/6180/4781
f 4195/6182/4326 5278/6174/4776 4671/6181/4782
f 4460/6183/4335 5281/6184/4783 5278/6174/4776
f 5281/6184/4783 4458/6185/4345 5284/6178/3519
f 5284/6178/3519 4194/6186/4329 4850/6187/4784
f 5283/6176/4778 4850/6187/4784 4849/6188/4785
f 5282/6177/4779 4849/6188/4785 4848/5976/2911
f 4766/6120/4732 5287/6189/4786 5587/6190/4787
f 5581/6191/4788 4848/5976/2911 4531/5970/4585
f 5579/6179/4780 5282/6177/4779 5581/6191/4788
f 5286/6192/4789 5288/6193/4790 5285/6194/4791
f 5287/6189/4786 5289/6195/4792 5286/6192/4789
f 5289/6195/4792 5291/6196/4793 5288/6193/4790
f 5290/6197/4794 5292/6198/4795 5289/6195/4792
f 4614/5820/4459 5590/6199/4796 4836/5825/3250
f 4741/6046/4660 5285/6194/4791 4794/6045/4659
f 5585/6200/4797 5286/6192/4789 5285/6194/4791
f 5587/6190/4787 5286/6192/4789 5586/6201/4798
f 4777/6115/4727 5290/6197/4794 5287/6189/4786
f 4778/6114/4726 5293/6202/4799 5290/6197/4794
f 4779/6113/4725 4632/6203/4580 5293/6202/4799
f 5293/6202/4799 4633/6204/4576 5292/6198/4795
f 5292/6198/4795 4634/6205/4571 5291/6196/4793
f 5291/6196/4793 4251/6206/4549 4796/6207/4800
f 5288/6193/4790 4796/6207/4800 4795/6208/4801
f 5285/6194/4791 4795/6208/4801 4794/6045/4659
f 5297/5519/4172 5298/6209/4802 5296/6167/4771
f 4613/5522/4175 5294/6168/4772 4614/5820/4459
f 5294/6168/4772 5593/6210/4803 5590/6199/4796
f 5299/5518/4171 4801/5803/3028 5298/6209/4802
f 5318/6211/4804 5321/6212/4805 5320/6213/4806
f 4851/5828/4465 5300/6214/4807 5598/6215/3050
f 5298/6209/4802 4733/5805/4445 5596/6216/3046
f 5296/6167/4771 5596/6216/3046 5593/6210/4803
f 5300/6214/4807 5304/6217/4808 5303/6218/4809
f 5301/6219/4810 5305/6220/4811 5304/6217/4808
f 5303/6218/4809 5307/6221/4812 5306/6222/4813
f 5304/6217/4808 5308/6223/4814 5307/6221/4812
f 5598/6215/3050 5303/6218/4809 5600/6224/4815
f 4529/5823/4462 5301/6219/4810 5300/6214/4807
f 4528/6225/4816 5302/6226/4817 5301/6219/4810
f 4527/6227/4818 4693/6228/4346 5302/6226/4817
f 5302/6226/4817 4694/6229/4342 5305/6220/4811
f 5305/6220/4811 4695/6230/4337 5308/6223/4814
f 5308/6223/4814 4249/6231/4339 4737/6232/4819
f 5307/6221/4812 4737/6232/4819 4738/6233/4820
f 5306/6222/4813 4738/6233/4820 4739/6234/4821
f 4846/5968/2891 5309/6235/4822 5604/6236/4823
f 5602/6237/4824 4739/6234/4821 4797/6238/4825
f 5600/6224/4815 5306/6222/4813 5602/6237/4824
f 5309/6235/4822 5313/6239/4826 5312/6240/4827
f 5310/6241/4828 5314/6242/4829 5313/6239/4826
f 5312/6240/4827 5316/6243/4830 5315/6244/4831
f 5313/6239/4826 5317/6245/4832 5316/6243/4830
f 5604/6236/4823 5312/6240/4827 5606/6246/4833
f 4534/5949/4568 5310/6241/4828 5309/6235/4822
f 4533/6247/4834 5311/6248/4835 5310/6241/4828
f 4532/6249/4836 4482/6250/4503 5311/6248/4835
f 5311/6248/4835 4483/6251/4498 5314/6242/4829
f 5314/6242/4829 4484/6252/4489 5317/6245/4832
f 5317/6245/4832 4201/6253/4491 4608/6091/4705
f 5316/6243/4830 4608/6091/4705 4609/6089/4703
f 5315/6244/4831 4609/6089/4703 4610/6088/4702
f 4713/5810/4450 5611/6254/4837 4810/5815/4454
f 5608/6255/4838 4610/6088/4702 4839/6073/4687
f 5606/6246/4833 5315/6244/4831 5608/6255/4838
f 5320/6213/4806 5323/5293/3946 5322/6256/4839
f 5319/6257/4840 4713/5810/4450 4712/6024/4638
f 5318/6211/4804 5614/6258/4841 5611/6254/4837
f 5322/6256/4839 4793/5295/3948 4792/6041/4655
f 4293/5110/3763 5555/6259/4842 5388/6260/4843
f 5372/6261/4844 4712/6024/4638 4654/6023/4637
f 5319/6257/4840 5374/6262/4845 5321/6212/4805
f 5321/6212/4805 5376/6263/4846 5323/5293/3946
f 5366/6264/4847 5369/5269/3922 5368/6265/4848
f 5623/6266/4849 4774/6267/4850 5326/6268/4851
f 5617/6269/4852 4792/6041/4655 4744/6031/4645
f 5614/6258/4841 5322/6256/4839 5617/6269/4852
f 5325/6270/4853 5327/6271/4854 5324/6272/4855
f 5325/6270/4853 5329/6273/4856 5328/6274/4857
f 5327/6271/4854 5331/6275/4858 5330/6276/4859
f 5329/6273/4856 5331/6275/4858 5328/6274/4857
f 4756/6163/4767 5351/6277/4860 5625/6278/4861
f 5621/6279/4862 4822/5952/4570 4678/5946/4565
f 5622/6280/4863 5324/6272/4855 5621/6279/4862
f 5622/6280/4863 5326/6268/4851 5325/6270/4853
f 5326/6268/4851 4775/6281/4864 5329/6273/4856
f 4775/6281/4864 5332/6282/4865 5329/6273/4856
f 4776/6283/4866 4690/6284/4372 5332/6282/4865
f 5332/6282/4865 4691/6285/4373 5331/6275/4858
f 5330/6276/4859 4691/6285/4373 4692/6286/4363
f 4824/6287/4867 4692/6286/4363 4206/6288/4356
f 4823/6289/4868 5330/6276/4859 4824/6287/4867
f 5324/6272/4855 4823/6289/4868 4822/5952/4570
f 5333/6067/4681 5336/6019/4633 5335/6069/4683
f 5336/6019/4633 4267/5031/3684 5338/6290/4869
f 5335/6069/4683 5338/6290/4869 5337/6070/4684
f 4269/6291/4870 4641/5148/3801 4150/5036/3689
f 4642/6068/4682 5334/6018/4632 5333/6067/4681
f 5338/6290/4869 4145/5658/4310 4270/6020/4634
f 5339/6292/4871 4415/5502/4155 4414/5507/4160
f 5337/6070/4684 4270/6020/4634 4271/6010/4624
f 5341/6293/4872 4416/5504/4157 4415/5502/4155
f 5340/5981/4595 5341/6293/4872 5339/6292/4871
f 4648/6294/4873 4414/5507/4160 4187/5530/4183
f 5342/6295/4874 5343/6296/4875 5341/6293/4872
f 5343/6296/4875 4185/5654/4306 4416/5504/4157
f 4647/5982/4596 5339/6292/4871 4648/6294/4873
f 5665/6297/4876 5342/6295/4874 5340/5981/4595
f 5664/6298/4877 5344/6299/4878 5342/6295/4874
f 5663/6300/4879 4417/5635/4287 5344/6299/4878
f 4710/6038/4652 5206/6016/4630 4611/5546/4199
f 5344/6299/4878 4418/5664/4315 5343/6296/4875
f 4399/5454/4107 5347/6301/4880 4398/5452/4105
f 4398/5452/4105 5349/6302/4881 4397/5450/4103
f 5345/6303/4882 5348/5984/4598 5347/6301/4880
f 5345/6303/4882 4176/5381/4034 4646/5326/3979
f 5347/6301/4880 5350/5983/4597 5349/6302/4881
f 4397/5450/4103 4380/5403/4056 4174/5392/4045
f 4646/5326/3979 5346/5157/3810 5345/6303/4882
f 5349/6302/4881 4381/5407/4060 4380/5403/4056
f 4438/5599/4251 5363/6304/4883 5361/6305/4884
f 5352/6306/4885 5354/6307/4886 5351/6277/4860
f 5353/6308/4887 5355/6309/4888 5352/6306/4885
f 5355/6309/4888 5357/6310/4889 5354/6307/4886
f 5356/6311/4890 5358/6312/4891 5355/6309/4888
f 5625/6278/4861 5354/6307/4886 5627/6313/4892
f 4784/6157/4762 5351/6277/4860 4783/6158/4763
f 4785/6156/4761 5352/6306/4885 4784/6157/4762
f 4252/6314/4393 5353/6308/4887 4785/6156/4761
f 4699/6315/4893 5356/6311/4890 5353/6308/4887
f 4700/6316/4894 5359/6317/4895 5356/6311/4890
f 4701/6318/4896 4831/5780/4424 5359/6317/4895
f 5359/6317/4895 4830/5779/4423 5358/6312/4891
f 5358/6312/4891 4829/5778/4422 5357/6310/4889
f 4786/5845/4479 5366/6264/4847 5632/6319/4897
f 5357/6310/4889 4650/6320/4898 5629/6321/4899
f 5354/6307/4886 5629/6321/4899 5627/6313/4892
f 5361/6305/4884 5362/6322/4900 5360/6323/4901
f 4437/5597/4249 5365/6324/4902 5363/6304/4883
f 5363/6304/4883 5364/5334/3987 5362/6322/4900
f 4187/5530/4183 5361/6305/4884 4648/6294/4873
f 4316/5299/3952 5549/6325/4903 4991/5286/3939
f 4648/6294/4873 5360/6323/4901 4647/5982/4596
f 4436/5601/4253 4424/5575/4228 5365/6324/4902
f 5373/6326/4904 4401/5461/4114 5375/6327/4905
f 5365/6324/4902 4423/5332/3985 5364/5334/3987
f 5364/5334/3987 5599/6328/4906 5362/6322/4900
f 5599/6328/4906 5360/6323/4901 5362/6322/4900
f 5601/6329/4907 4647/5982/4596 5360/6323/4901
f 5369/5269/3922 5370/6330/4908 5368/6265/4848
f 5367/5270/3923 4754/5838/2874 4753/5128/3781
f 5632/6319/4897 5368/6265/4848 5635/6331/3455
f 5371/5249/3902 4680/6159/4764 5370/6330/4908
f 5391/5152/3805 5392/6332/4909 5390/6333/4910
f 4770/5790/4432 5641/6334/4911 4771/5796/4438
f 5370/6330/4908 4819/6161/3470 5638/6335/4912
f 5368/6265/4848 5638/6335/4912 5635/6331/3455
f 5372/6261/4844 5375/6327/4905 5374/6262/4845
f 5375/6327/4905 4400/5478/4131 5377/6336/4913
f 5374/6262/4845 5377/6336/4913 5376/6263/4846
f 4402/5463/4116 4653/5610/4262 4188/5468/4121
f 4654/6023/4637 5373/6326/4904 5372/6261/4844
f 5377/6336/4913 4182/5999/4613 4403/6005/4619
f 5382/6337/4914 4330/5199/3852 5381/6338/4915
f 5376/6263/4846 4403/6005/4619 4404/5294/3947
f 5379/6339/4916 5381/6338/4915 5378/6340/4917
f 5380/6341/4918 5382/6337/4914 5379/6339/4916
f 5383/6342/4919 4329/5197/3850 5382/6337/4914
f 4328/5195/3848 4657/6343/4920 4163/5227/3880
f 5378/6340/4917 5626/6344/4921 5379/6339/4916
f 5379/6339/4916 5628/6345/4922 5380/6341/4918
f 5380/6341/4918 4649/5222/3875 4658/5221/3874
f 4658/5221/3874 5383/6342/4919 5380/6341/4918
f 5381/6338/4915 4161/5205/3858 4326/5628/4280
f 4305/5137/3790 5387/6346/4923 5385/6347/4924
f 5378/6340/4917 4326/5628/4280 4327/5632/4284
f 5385/6347/4924 5386/6348/4925 5384/6349/4926
f 4304/5135/3788 5389/6350/4927 5387/6346/4923
f 5387/6346/4923 5388/6260/4843 5386/6348/4925
f 4149/5079/3732 5385/6347/4924 4655/5209/3862
f 4327/5632/4284 5624/6351/4928 5378/6340/4917
f 4655/5209/3862 5384/6349/4926 4656/5213/3866
f 4303/5139/3792 4294/5109/3762 5389/6350/4927
f 4355/5304/3957 5398/6352/4929 4354/5302/3955
f 5389/6350/4927 4293/5110/3763 5388/6260/4843
f 5388/6260/4843 5557/6353/4930 5386/6348/4925
f 5557/6353/4930 5384/6349/4926 5386/6348/4925
f 5559/6354/4931 4656/5213/3866 5384/6349/4926
f 5393/5150/3803 5394/6355/4932 5392/6332/4909
f 4769/5154/3807 5390/6333/4910 4770/5790/4432
f 5390/6333/4910 5644/6356/4933 5641/6334/4911
f 5395/5151/3804 4764/6057/4671 5394/6355/4932
f 5411/6357/4934 5414/5105/3758 5413/6358/4935
f 4619/6359/4936 5649/6360/3309 4834/5787/4430
f 5394/6355/4932 4780/6059/4673 5647/6361/4937
f 5392/6332/4909 5647/6361/4937 5644/6356/4933
f 4354/5302/3955 5400/6362/4938 4353/5300/3953
f 5396/6363/4939 5399/6364/4940 5398/6352/4929
f 4163/5227/3880 5396/6363/4939 4355/5304/3957
f 5398/6352/4929 5401/6365/4941 5400/6362/4938
f 4353/5300/3953 4336/5250/3903 4159/5238/3891
f 4657/6343/4920 5397/6366/4942 5396/6363/4939
f 5672/6367/4943 5397/6366/4942 5674/5220/3873
f 5401/6365/4941 5672/6367/4943 5670/6368/4944
f 4337/5254/3907 5670/6368/4944 4806/5190/3843
f 5395/5151/3804 4642/6068/4682 4763/6064/4678
f 5400/6362/4938 4337/5254/3907 4336/5250/3903
f 4204/5746/4390 4862/6369/4945 4470/5965/4582
f 4254/5913/4537 4525/6370/3440 4631/6371/4946
f 4631/6371/4946 4526/6372/3443 4630/6373/4947
f 4630/6373/4947 4596/6374/3446 4629/6375/4948
f 4469/6376/4708 4898/6377/4949 4200/5757/4401
f 4190/6378/4950 4239/6379/4951 4905/5740/4384
f 4629/6375/4948 4887/6380/4952 4246/6381/4953
f 4468/6382/4707 4863/6383/4954 4469/6376/4708
f 4707/6384/4955 4240/6385/4956 4239/6379/4951
f 4467/6386/4706 4864/6387/4957 4468/6382/4707
f 4628/6388/4958 4875/6389/4959 4266/5735/4380
f 4706/6390/4960 4241/6391/3631 4240/6385/4956
f 4201/5861/4491 4865/6392/4961 4467/6386/4706
f 4627/6393/4962 4597/6394/4963 4628/6388/4958
f 4705/6395/4964 4888/5958/3629 4241/6391/3631
f 4626/6396/4965 4598/6397/4966 4627/6393/4962
f 4193/6398/4967 4256/6399/3416 4902/5707/4354
f 4249/5690/4339 4662/6400/2981 4626/6396/4965
f 4704/6401/4968 4258/6402/3418 4256/6399/3416
f 4625/6403/4724 4885/6404/4969 4248/5992/4606
f 4703/6405/4970 4259/6406/3420 4258/6402/3418
f 4624/6407/4723 4663/6408/2995 4625/6403/4724
f 4702/6409/4971 4886/5926/3425 4259/6406/3420
f 4623/6410/4722 4664/6411/3001 4624/6407/4723
f 4202/6412/4425 4261/6413/4972 4896/5872/4500
f 4246/6381/4953 4668/6414/3006 4623/6410/4722
f 4701/6415/4896 4262/6416/4973 4261/6413/4972
f 4700/6417/4894 4263/6418/4974 4262/6416/4973
f 5403/6419/4975 5405/6420/3379 5402/6421/4976
f 5404/6422/4977 5406/6423/4978 5403/6419/4975
f 5405/6420/3379 5409/6424/4979 5408/6425/3378
f 5406/6423/4978 5410/6426/4980 5409/6424/4979
f 5402/6421/4976 5651/6427/4981 5649/6360/3309
f 4618/6428/4982 5402/6421/4976 4619/6359/4936
f 4617/6429/4983 5403/6419/4975 4618/6428/4982
f 4193/6430/4967 5404/6422/4977 4617/6429/4983
f 4457/6431/4353 5407/6432/4984 5404/6422/4977
f 5407/6432/4984 4455/6433/4368 5410/6426/4980
f 5410/6426/4980 4192/6434/4378 4620/6435/4985
f 5409/6424/4979 4620/6435/4985 4621/6436/4986
f 5408/6425/3378 4621/6436/4986 4622/6437/4987
f 4789/6129/4741 5411/6357/4934 5656/6438/4988
f 5653/6439/4989 4622/6437/4987 4832/6440/4990
f 5651/6427/4981 5408/6425/3378 5653/6439/4989
f 5413/6358/4935 5416/5072/3725 5415/6441/4991
f 5412/5106/3759 4746/6116/4728 4745/5107/3760
f 5656/6438/4988 5413/6358/4935 5659/6442/4992
f 5415/6441/4991 4833/5074/3727 4832/6440/4990
f 5547/6087/4701 5543/5545/4198 5544/5543/4196
f 4797/6238/4825 5419/6443/4993 5668/6444/4994
f 5662/6445/4995 4832/6440/4990 4622/6437/4987
f 5659/6442/4992 5415/6441/4991 5662/6445/4995
f 5418/6446/4996 5420/6447/4997 5417/6448/4998
f 5419/6443/4993 5421/6449/4999 5418/6446/4996
f 5421/6449/4999 5423/6450/5000 5420/6447/4997
f 5422/6451/5001 5424/6452/5002 5421/6449/4999
f 4805/6166/4770 5131/5764/4408 4727/5773/4417
f 4768/6453/5003 5417/6448/4998 4774/6267/4850
f 5666/6454/5004 5418/6446/4996 5417/6448/4998
f 5668/6444/4994 5418/6446/4996 5667/6455/5005
f 4739/6234/4821 5422/6451/5001 5419/6443/4993
f 4738/6233/4820 5425/6456/5006 5422/6451/5001
f 4737/6232/4819 4626/6457/4965 5425/6456/5006
f 5425/6456/5006 4627/6458/4962 5424/6452/5002
f 5424/6452/5002 4628/6459/4958 5423/6450/5000
f 5423/6450/5000 4266/6460/4380 4776/6283/4866
f 5420/6447/4997 4776/6283/4866 4775/6281/4864
f 5417/6448/4998 4775/6281/4864 4774/6267/4850
f 5427/6461/5007 5429/6462/5008 5426/6463/5009
f 5428/5789/2929 5430/6464/5010 5427/6461/5007
f 5430/6464/5010 5432/6465/5011 5429/6462/5008
f 5431/5788/4431 5433/6466/5012 5430/6464/5010
f 4617/6429/4983 4704/6467/4968 4193/6430/4967
f 4618/6428/4982 5426/6463/5009 4617/6429/4983
f 4619/6359/4936 5427/6461/5007 4618/6428/4982
f 5434/5797/2923 4772/6468/5013 5433/6466/5012
f 5433/6466/5012 4773/6469/5014 5432/6465/5011
f 5432/6465/5011 4247/6470/4547 4702/6471/4971
f 5429/6462/5008 4702/6471/4971 4703/6472/4970
f 5426/6463/5009 4703/6472/4970 4704/6467/4968
f 5436/6473/5015 5438/6474/5016 5435/6475/5017
f 5437/5794/4436 5439/6476/5018 5436/6473/5015
f 5439/6476/5018 5441/6477/5019 5438/6474/5016
f 5440/5799/4440 5442/6478/5020 5439/6476/5018
f 4671/6181/4782 4698/6479/4330 4195/6182/4326
f 4672/6180/4781 5435/6475/5017 4671/6181/4782
f 4673/5795/4437 5436/6473/5015 4672/6180/4781
f 5443/5807/4447 4729/6480/5021 5442/6478/5020
f 5442/6478/5020 4728/6481/5022 5441/6477/5019
f 5441/6477/5019 4244/6482/4552 4696/6483/4333
f 5438/6474/5016 4696/6483/4333 4697/6484/4331
f 5435/6475/5017 4697/6484/4331 4698/6479/4330
f 5445/6485/5023 5447/6486/5024 5444/6487/5025
f 5446/5804/4444 5448/6488/5026 5445/6485/5023
f 5448/6488/5026 5450/6489/5027 5447/6486/5024
f 5449/5809/4449 5451/6490/5028 5448/6488/5026
f 4731/6491/5029 4747/6492/4561 4245/6493/4575
f 4732/6494/5030 5444/6487/5025 4731/6491/5029
f 4733/5805/4445 5445/6485/5023 4732/6494/5030
f 5452/5816/4455 4811/6495/5031 5451/6490/5028
f 5451/6490/5028 4812/6496/5032 5450/6489/5027
f 5450/6489/5027 4242/6497/4504 4749/6498/4555
f 5447/6486/5024 4749/6498/4555 4748/6499/4558
f 5444/6487/5025 4748/6499/4558 4747/6492/4561
f 5453/6500/5033 5457/6501/5034 5456/6502/5035
f 5454/6503/5036 5458/5819/4458 5457/6501/5034
f 5457/6501/5034 5459/6504/5037 5456/6502/5035
f 5458/5819/4458 5460/6505/5038 5457/6501/5034
f 4189/6506/4365 5453/6500/5033 4452/6507/4481
f 4818/6508/5039 5454/6503/5036 5453/6500/5033
f 4817/6509/5040 5455/5814/3234 5454/6503/5036
f 5461/5826/3244 4837/6510/5041 5460/6505/5038
f 5460/6505/5038 4838/6511/5042 5459/6504/5037
f 5459/6504/5037 4190/6512/4950 4454/6513/4383
f 5456/6502/5035 4454/6513/4383 4453/6514/4396
f 4452/6507/4481 5456/6502/5035 4453/6514/4396
f 5462/6515/5043 5466/6516/5044 5465/6517/5045
f 5463/6518/5046 5467/5829/4466 5466/6516/5044
f 5465/6517/5045 5469/6519/5047 5468/6520/5048
f 5466/6516/5044 5470/5834/4470 5469/6519/5047
f 4257/6521/4349 5462/6515/5043 4661/6522/4347
f 4527/6227/4818 5463/6518/5046 5462/6515/5043
f 4528/6225/4816 5464/5824/4463 5463/6518/5046
f 5469/6519/5047 4816/5813/4453 4817/6509/5040
f 5468/6520/5048 4817/6509/5040 4818/6508/5039
f 4659/6523/4359 4818/6508/5039 4189/6506/4365
f 4660/6524/4352 5468/6520/5048 4659/6523/4359
f 4661/6522/4347 5465/6517/5045 4660/6524/4352
f 5471/6525/5049 5475/6526/5050 5474/6527/5051
f 5472/6528/5052 5476/5837/4472 5475/6526/5050
f 5474/6527/5051 5478/6529/5053 5477/6530/5054
f 5475/6526/5050 5479/5844/4478 5478/6529/5053
f 4246/6531/4953 5471/6525/5049 4629/6532/4948
f 4734/6108/4721 5472/6528/5052 5471/6525/5049
f 4735/6106/4719 5473/5833/4469 5472/6528/5052
f 5478/6529/5053 4786/5845/4479 4787/6533/5055
f 5477/6530/5054 4787/6533/5055 4788/6534/5056
f 4631/6535/4946 4788/6534/5056 4254/6536/4537
f 4630/6537/4947 5477/6530/5054 4631/6535/4946
f 4629/6532/4948 5474/6527/5051 4630/6537/4947
f 5481/6538/5057 5483/6539/5058 5480/6540/5059
f 5482/5842/4476 5484/6541/5060 5481/6538/5057
f 5484/6541/5060 5486/6542/5061 5483/6539/5058
f 5485/5945/4564 5487/6543/5062 5484/6541/5060
f 4537/6544/5063 4478/6545/4533 4205/6546/4527
f 4538/6547/5064 5480/6540/5059 4537/6544/5063
f 4539/5843/4477 5481/6538/5057 4538/6547/5064
f 5488/5951/4569 4823/6289/4868 5487/6543/5062
f 5487/6543/5062 4824/6287/4867 5486/6542/5061
f 5486/6542/5061 4206/6288/4356 4476/6548/4544
f 5483/6539/5058 4476/6548/4544 4477/6549/4539
f 5480/6540/5059 4477/6549/4539 4478/6545/4533
f 5489/6550/5065 5493/6551/5066 5492/6552/5067
f 5490/6553/5068 5494/5969/3265 5493/6551/5066
f 5492/6552/5067 5496/6554/5069 5495/6555/5070
f 5493/6551/5066 5497/5975/4590 5496/6554/5069
f 4260/6556/4509 5489/6550/5065 4667/6557/5071
f 4532/6249/4836 5490/6553/5068 5489/6550/5065
f 4533/6247/4834 5491/5950/3270 5490/6553/5068
f 5496/6554/5069 4848/5976/2911 4849/6188/4785
f 5495/6555/5070 4849/6188/4785 4850/6187/4784
f 4665/6558/4323 4850/6187/4784 4194/6186/4329
f 4666/6559/4325 5495/6555/5070 4665/6558/4323
f 4667/6557/5071 5492/6552/5067 4666/6559/4325
f 5499/6560/5072 5501/6561/5073 5498/6562/5074
f 5500/5974/4589 5502/6563/5075 5499/6560/5072
f 5502/6563/5075 5504/6564/5076 5501/6561/5073
f 5503/5979/4593 5505/6565/5077 5502/6563/5075
f 4728/6481/5022 4750/6566/4548 4244/6482/4552
f 4729/6480/5021 5498/6562/5074 4728/6481/5022
f 4730/5806/4446 5499/6560/5072 4729/6480/5021
f 5506/5991/4605 4538/6547/5064 5505/6565/5077
f 5505/6565/5077 4537/6544/5063 5504/6564/5076
f 5504/6564/5076 4205/6546/4527 4752/6567/4541
f 5501/6561/5073 4752/6567/4541 4751/6568/4545
f 5498/6562/5074 4751/6568/4545 4750/6566/4548
f 5508/6569/5078 5510/6570/5079 5507/6571/5080
f 5508/6569/5078 5512/6572/5081 5511/6573/5082
f 5510/6570/5079 5514/6037/4651 5513/6036/4650
f 5512/6572/5081 5514/6037/4651 5511/6573/5082
f 4599/6574/4391 4815/6096/4709 4200/6095/4401
f 4600/6575/4392 5507/6571/5080 4599/6574/4391
f 4600/6575/4392 5509/6576/5083 5508/6569/5078
f 4601/6577/4382 4674/6578/5084 5509/6576/5083
f 5509/6576/5083 4675/6579/5085 5512/6572/5081
f 4675/6579/5085 5515/5990/4604 5512/6572/5081
f 4814/6097/4710 5513/6036/4650 4813/6034/4648
f 5507/6571/5080 4814/6097/4710 4815/6096/4709
f 5517/6580/5086 5519/6581/5087 5516/6582/5088
f 5517/6580/5086 5521/6583/5089 5520/6584/5090
f 5520/6584/5090 5522/6047/4661 5519/6581/5087
f 5521/6583/5089 5523/6048/4662 5520/6584/5090
f 4637/6585/4551 4796/6207/4800 4251/6206/4549
f 4636/6586/4554 5516/6582/5088 4637/6585/4551
f 4636/6586/4554 5518/6587/5091 5517/6580/5086
f 4635/6588/4556 4742/6589/5092 5518/6587/5091
f 5518/6587/5091 4743/6590/5093 5521/6583/5089
f 4743/6590/5093 5524/6033/4647 5521/6583/5089
f 5519/6581/5087 4794/6045/4659 4795/6208/4801
f 5516/6582/5088 4795/6208/4801 4796/6207/4800
f 5525/6591/5094 5529/6592/5095 5528/6593/5096
f 5526/6594/5097 5530/6052/4666 5529/6592/5095
f 5528/6593/5096 5532/6595/5098 5531/6596/5099
f 5529/6592/5095 5533/6060/4674 5532/6595/5098
f 4203/6597/4492 5525/6591/5094 4472/6598/4573
f 4845/6151/4759 5526/6594/5097 5525/6591/5094
f 4844/6149/4757 5527/6043/4657 5526/6594/5097
f 5532/6595/5098 4807/6061/4675 4808/6138/4746
f 5531/6596/5099 4808/6138/4746 4809/6137/4745
f 4470/6599/4582 4809/6137/4745 4204/6136/4390
f 4471/6600/4578 5531/6596/5099 4470/6599/4582
f 4472/6598/4573 5528/6593/5096 4471/6600/4578
f 5535/6601/5100 5537/6602/5101 5534/6603/5102
f 5536/6058/4672 5538/6604/5103 5535/6601/5100
f 5538/6604/5103 5540/6605/5104 5537/6602/5101
f 5539/6065/4679 5541/6606/5105 5538/6604/5103
f 4782/6607/5106 4718/6608/4523 4250/6609/4518
f 4781/6610/5107 5534/6603/5102 4782/6607/5106
f 4780/6059/4673 5535/6601/5100 4781/6610/5107
f 5542/6076/4690 4675/6579/5085 5541/6606/5105
f 5541/6606/5105 4674/6578/5084 5540/6605/5104
f 5540/6605/5104 4199/6611/4374 4716/6612/4535
f 5537/6602/5101 4716/6612/4535 4717/6613/4529
f 5534/6603/5102 4717/6613/4529 4718/6608/4523
f 5548/6075/4689 5544/5543/4196 5545/5542/4195
f 4839/6073/4687 5545/5542/4195 4840/5426/4079
f 4710/6038/4652 5546/6086/4700 4711/6035/4649
f 5549/6325/4903 5552/6105/4718 5551/5290/3943
f 5551/5290/3943 5554/6119/4731 5553/5292/3945
f 5550/6085/4699 4800/5187/3840 4799/5836/4471
f 5553/5292/3945 4766/6120/4732 4765/5272/3925
f 5555/6259/4842 5558/6128/4740 5557/6353/4930
f 5557/6353/4930 5560/6140/4748 5559/6354/4931
f 4745/5107/3760 5556/6118/4730 5555/6259/4842
f 5559/6354/4931 4715/6053/4667 4714/5671/4322
f 5562/6139/4747 5563/6614/5108 5561/5629/4281
f 5563/6614/5108 5566/6162/4766 5565/5630/4282
f 4536/6042/4656 5561/5629/4281 4535/5219/3872
f 5565/5630/4282 4756/6163/4767 4755/5631/4283
f 5577/6169/4773 5578/6615/5109 5576/5422/4075
f 5568/6616/5110 5570/6617/5111 5567/6618/5112
f 5569/6160/4765 5571/6619/5113 5568/6616/5110
f 5571/6619/5113 5573/6620/5114 5570/6617/5111
f 5572/6165/4769 5574/6621/5115 5571/6619/5113
f 4821/6622/5116 4686/6623/4501 4191/6624/4495
f 4820/6625/5117 5567/6618/5112 4821/6622/5116
f 4819/6161/3470 5568/6616/5110 4820/6625/5117
f 5575/6170/4774 4726/5772/4416 5574/6621/5115
f 5574/6621/5115 4725/5769/4413 5573/6620/5114
f 5573/6620/5114 4243/5771/4415 4684/6626/4513
f 5570/6617/5111 4684/6626/4513 4685/6627/4507
f 5567/6618/5112 4685/6627/4507 4686/6623/4501
f 5578/6615/5109 5581/6191/4788 5580/5423/4076
f 4827/5793/4435 5576/5422/4075 4828/5401/4054
f 5580/5423/4076 4531/5970/4585 4530/5425/4078
f 5586/6201/4798 5582/5491/4144 5583/5489/4142
f 5587/6190/4787 5583/5489/4142 5584/5488/4141
f 4766/6120/4732 5584/5488/4141 4765/5272/3925
f 4740/5616/4268 5585/6200/4797 4741/6046/4660
f 5597/5333/3986 5600/6224/4815 5599/6328/4906
f 5589/6628/5118 5591/6629/5119 5588/6630/5120
f 5590/6199/4796 5592/6631/5121 5589/6628/5118
f 5592/6631/5121 5594/6632/5122 5591/6629/5119
f 5593/6210/4803 5595/6633/5123 5592/6631/5121
f 4838/6511/5042 4707/6634/4955 4190/6512/4950
f 4837/6510/5041 5588/6630/5120 4838/6511/5042
f 4836/5825/3250 5589/6628/5118 4837/6510/5041
f 5596/6216/3046 4732/6494/5030 5595/6633/5123
f 5595/6633/5123 4731/6491/5029 5594/6632/5122
f 5594/6632/5122 4245/6493/4575 4705/6635/4964
f 5591/6629/5119 4705/6635/4964 4706/6636/4960
f 5588/6630/5120 4706/6636/4960 4707/6634/4955
f 5599/6328/4906 5602/6237/4824 5601/6329/4907
f 5598/6215/3050 4852/5572/4225 4851/5828/4465
f 5601/6329/4907 4797/6238/4825 4798/5980/4594
f 5603/6066/4680 5606/6246/4833 5605/5444/4097
f 5605/5444/4097 5608/6255/4838 5607/5446/4099
f 5604/6236/4823 4847/5362/4015 4846/5968/2891
f 5607/5446/4099 4839/6073/4687 4840/5426/4079
f 5619/6637/5124 5621/6279/4862 5618/5670/4321
f 5610/6638/5125 5612/6639/5126 5609/6640/5127
f 5611/6254/4837 5613/6641/5128 5610/6638/5125
f 5613/6641/5128 5615/6642/5129 5612/6639/5126
f 5614/6258/4841 5616/6643/5130 5613/6641/5128
f 4812/6496/5032 4721/6644/4511 4242/6497/4504
f 4811/6495/5031 5609/6640/5127 4812/6496/5032
f 4810/5815/4454 5610/6638/5125 4811/6495/5031
f 5617/6269/4852 4743/6590/5093 5616/6643/5130
f 5616/6643/5130 4742/6589/5092 5615/6642/5129
f 5615/6642/5129 4253/6645/4560 4719/6646/4516
f 5612/6639/5126 4719/6646/4516 4720/6647/4514
f 5609/6640/5127 4720/6647/4514 4721/6644/4511
f 5623/6266/4849 5619/6637/5124 5620/5669/4320
f 4768/6453/5003 5620/5669/4320 4767/5633/4285
f 5618/5670/4321 4678/5946/4565 4677/5447/4100
f 5624/6351/4928 5627/6313/4892 5626/6344/4921
f 5626/6344/4921 5629/6321/4899 5628/6345/4922
f 4755/5631/4283 5625/6278/4861 5624/6351/4928
f 5628/6345/4922 4650/6320/4898 4649/5222/3875
f 5649/6360/3309 5650/6648/5131 5648/5124/3777
f 5630/6649/5132 5634/6650/5133 5633/6651/5134
f 5631/6652/5135 5635/6331/3455 5634/6650/5133
f 5634/6650/5133 5636/6653/5136 5633/6651/5134
f 5635/6331/3455 5637/6654/5137 5634/6650/5133
f 4254/6536/4537 5630/6649/5132 4681/6655/4531
f 4788/6534/5056 5631/6652/5135 5630/6649/5132
f 4787/6533/5055 5632/6319/4897 5631/6652/5135
f 5638/6335/4912 4820/6625/5117 5637/6654/5137
f 5637/6654/5137 4821/6622/5116 5636/6653/5136
f 5636/6653/5136 4191/6624/4495 4683/6656/4521
f 5633/6651/5134 4683/6656/4521 4682/6657/4525
f 4681/6655/4531 5633/6651/5134 4682/6657/4525
f 5640/6658/5138 5642/6659/5139 5639/6660/5140
f 5641/6334/4911 5643/6661/5141 5640/6658/5138
f 5643/6661/5141 5645/6662/5142 5642/6659/5139
f 5644/6356/4933 5646/6663/5143 5643/6661/5141
f 4773/6469/5014 4638/6664/4543 4247/6470/4547
f 4772/6468/5013 5639/6660/5140 4773/6469/5014
f 4771/5796/4438 5640/6658/5138 4772/6468/5013
f 5647/6361/4937 4781/6610/5107 5646/6663/5143
f 5646/6663/5143 4782/6607/5106 5645/6662/5142
f 5645/6662/5142 4250/6609/4518 4640/6665/4532
f 5642/6659/5139 4640/6665/4532 4639/6666/4538
f 5639/6660/5140 4639/6666/4538 4638/6664/4543
f 5650/6648/5131 5653/6439/4989 5652/5125/3778
f 4834/5787/4430 5648/5124/3777 4835/5071/3724
f 5652/5125/3778 4832/6440/4990 4833/5074/3727
f 5667/6455/5005 5663/6300/4879 5664/6298/4877
f 5654/6667/5144 5658/6668/5145 5657/6669/5146
f 5655/6670/5147 5659/6442/4992 5658/6668/5145
f 5657/6669/5146 5661/6671/5148 5660/6672/5149
f 5658/6668/5145 5662/6445/4995 5661/6671/5148
f 4255/6673/4371 5654/6667/5144 4762/6674/4369
f 4791/6132/4744 5655/6670/5147 5654/6667/5144
f 4790/6130/4742 5656/6438/4988 5655/6670/5147
f 5661/6671/5148 4622/6437/4987 4621/6436/4986
f 5660/6672/5149 4621/6436/4986 4620/6435/4985
f 4760/6675/4386 4620/6435/4985 4192/6434/4378
f 4761/6676/4379 5660/6672/5149 4760/6675/4386
f 4762/6674/4369 5657/6669/5146 4761/6676/4379
f 5668/6444/4994 5664/6298/4877 5665/6297/4876
f 4797/6238/4825 5665/6297/4876 4798/5980/4594
f 4767/5633/4285 5666/6454/5004 4768/6453/5003
f 5670/6368/4944 5671/5775/4419 5669/5774/4418
f 4667/6677/5071 4876/6678/3437 4260/5882/4509
f 4699/6679/4893 4881/5751/4395 4263/6418/4974
f 5672/6367/4943 5673/5777/4421 5671/5775/4419
f 4806/5190/3843 5669/5774/4418 4805/6166/4770
f 5674/5220/3873 4650/6320/4898 5673/5777/4421
f 4666/5674/4325 4489/6680/3432 4667/6677/5071
f 5139/5069/3722 5140/5785/4429 5138/5786/2924
f 4278/5040/3693 4913/5059/3712 4279/5033/3686
f 4908/5030/3683 4496/5025/3678 4495/5029/3682
f 4873/6681/3636 4872/6682/1785 5675/6683/3635
f 4874/6684/3636 4873/6681/3636 5675/6683/3635
f 4906/6685/3634 4874/6684/3636 5675/6683/3635
f 4902/6686/3635 4256/6687/3644 5675/6683/3635
f 4256/6687/3644 4258/6688/3648 5675/6683/3635
f 4258/6688/3648 4259/6689/3635 5675/6683/3635
f 4259/6689/3635 4886/6690/3635 5675/6683/3635
f 4896/6691/3646 4261/6692/3661 5675/6683/3635
f 4489/6693/3635 4490/6694/3635 5675/6683/3635
f 4261/6692/3661 4262/6695/3635 5675/6683/3635
f 4490/6694/3635 4491/6696/3648 5675/6683/3635
f 4878/6697/5150 4196/6698/1385 5675/6683/3635
f 4262/6695/3635 4263/6699/5151 5675/6683/3635
f 4491/6696/3648 4901/6700/3645 5675/6683/3635
f 4196/6698/1385 4197/6701/3650 5675/6683/3635
f 4263/6699/5151 4881/6702/3660 5675/6683/3635
f 4877/6703/3659 4492/6704/1784 5675/6683/3635
f 4197/6701/3650 4198/6705/3634 5675/6683/3635
f 4900/6706/3635 4264/6707/1785 5675/6683/3635
f 4492/6704/1784 4493/6708/1879 5675/6683/3635
f 4198/6705/3634 4903/6709/3654 5675/6683/3635
f 4264/6707/1785 4265/6710/144 5675/6683/3635
f 4493/6708/1879 4515/6711/3645 5675/6683/3635
f 4890/6712/3648 4207/6713/3635 5675/6683/3635
f 4265/6710/144 4461/6714/3635 5675/6683/3635
f 4515/6711/3645 4906/6685/3634 5675/6683/3635
f 4207/6713/3635 4208/6715/3635 5675/6683/3635
f 4461/6714/3635 4889/6716/1785 5675/6683/3635
f 4516/6717/3648 4883/6718/1808 5675/6683/3635
f 4208/6715/3635 4209/6719/3635 5675/6683/3635
f 4884/6720/5151 4462/6721/3641 5675/6683/3635
f 4517/6722/3635 4516/6717/3648 5675/6683/3635
f 4462/6721/3641 4463/6723/3635 5675/6683/3635
f 4209/6719/3635 4896/6691/3646 5675/6683/3635
f 4518/6724/3635 4517/6722/3635 5675/6683/3635
f 4463/6723/3635 4464/6725/3652 5675/6683/3635
f 4210/6726/3652 4893/6727/3651 5675/6683/3635
f 4886/6690/3635 4518/6724/3635 5675/6683/3635
f 4464/6725/3652 4877/6703/3659 5675/6683/3635
f 4211/6728/5152 4210/6726/3652 5675/6683/3635
f 4519/6729/3635 4882/6730/3635 5675/6683/3635
f 4892/6731/3647 4465/6732/3661 5675/6683/3635
f 4212/6733/5151 4211/6728/5152 5675/6683/3635
f 4520/6734/3635 4519/6729/3635 5675/6683/3635
f 4465/6732/3661 4466/6735/3635 5675/6683/3635
f 4889/6716/1785 4212/6733/5151 5675/6683/3635
f 4521/6736/3635 4520/6734/3635 5675/6683/3635
f 4466/6735/3635 4473/6737/3636 5675/6683/3635
f 4213/6738/3635 4891/6739/3648 5675/6683/3635
f 4880/6740/3635 4521/6736/3635 5675/6683/3635
f 4473/6737/3636 4875/6741/5153 5675/6683/3635
f 4228/6742/3635 4213/6738/3635 5675/6683/3635
f 4882/6730/3635 4522/6743/3635 5675/6683/3635
f 4894/6744/3652 4474/6745/3637 5675/6683/3635
f 4229/6746/3635 4228/6742/3635 5675/6683/3635
f 4522/6743/3635 4523/6747/3635 5675/6683/3635
f 4474/6745/3637 4475/6748/3650 5675/6683/3635
f 4888/6749/3635 4229/6746/3635 5675/6683/3635
f 4523/6747/3635 4524/6750/3648 5675/6683/3635
f 4475/6748/3650 4479/6751/3641 5675/6683/3635
f 4881/6702/3660 4230/6752/3659 5675/6683/3635
f 4524/6750/3648 4885/6753/3635 5675/6683/3635
f 4479/6751/3641 4878/6697/5150 5675/6683/3635
f 4230/6752/3659 4231/6754/3641 5675/6683/3635
f 4893/6727/3651 4857/6755/3649 5675/6683/3635
f 4525/6756/1808 4879/6757/144 5675/6683/3635
f 4904/6758/3635 4480/6759/1529 5675/6683/3635
f 4231/6754/3641 4232/6760/3647 5675/6683/3635
f 4857/6755/3649 4858/6761/5154 5675/6683/3635
f 4526/6762/3635 4525/6756/1808 5675/6683/3635
f 4480/6759/1529 4481/6763/3645 5675/6683/3635
f 4232/6760/3647 4895/6764/3643 5675/6683/3635
f 4858/6761/5154 4859/6765/3642 5675/6683/3635
f 4596/6766/3635 4526/6762/3635 5675/6683/3635
f 4481/6763/3645 4485/6767/3638 5675/6683/3635
f 4891/6739/3648 4233/6768/1808 5675/6683/3635
f 4859/6765/3642 4892/6731/3647 5675/6683/3635
f 4887/6769/3648 4596/6766/3635 5675/6683/3635
f 4485/6767/3638 4890/6712/3648 5675/6683/3635
f 4233/6768/1808 4234/6770/3635 5675/6683/3635
f 4895/6764/3643 4860/6771/3643 5675/6683/3635
f 4875/6741/5153 4597/6772/3636 5675/6683/3635
f 4486/6773/3643 4904/6758/3635 5675/6683/3635
f 4234/6770/3635 4235/6774/3635 5675/6683/3635
f 4860/6771/3643 4861/6775/3635 5675/6683/3635
f 4597/6772/3636 4598/6776/3648 5675/6683/3635
f 4235/6774/3635 4880/6740/3635 5675/6683/3635
f 4487/6777/3635 4486/6773/3643 5675/6683/3635
f 4861/6775/3635 4862/6778/5155 5675/6683/3635
f 4598/6776/3648 4662/6779/5155 5675/6683/3635
f 4883/6718/1808 4236/6780/3635 5675/6683/3635
f 4488/6781/3635 4487/6777/3635 5675/6683/3635
f 4862/6778/5155 4894/6744/3652 5675/6683/3635
f 4662/6779/5155 4884/6720/5151 5675/6683/3635
f 4236/6780/3635 4237/6782/3635 5675/6683/3635
f 4879/6757/144 4488/6781/3635 5675/6683/3635
f 4898/6783/3635 4863/6784/3635 5675/6683/3635
f 4885/6753/3635 4663/6785/1808 5675/6683/3635
f 4237/6782/3635 4238/6786/3635 5675/6683/3635
f 4876/6787/3635 4489/6693/3635 5675/6683/3635
f 4863/6784/3635 4864/6788/3635 5675/6683/3635
f 4663/6785/1808 4664/6789/3635 5675/6683/3635
f 4238/6786/3635 4899/6790/3635 5675/6683/3635
f 4864/6788/3635 4865/6791/3648 5675/6683/3635
f 4664/6789/3635 4668/6792/3635 5675/6683/3635
f 4905/6793/1784 4239/6794/3635 5675/6683/3635
f 4865/6791/3648 4897/6795/3635 5675/6683/3635
f 4668/6792/3635 4887/6769/3648 5675/6683/3635
f 4239/6794/3635 4240/6796/3635 5675/6683/3635
f 4866/6797/3659 4900/6706/3635 5675/6683/3635
f 4899/6790/3635 4669/6798/3635 5675/6683/3635
f 4240/6796/3635 4241/6799/3635 5675/6683/3635
f 4867/6800/3635 4866/6797/3659 5675/6683/3635
f 4669/6798/3635 4670/6801/3635 5675/6683/3635
f 4241/6799/3635 4888/6749/3635 5675/6683/3635
f 4670/6801/3635 4853/6802/3635 5675/6683/3635
f 4868/6803/3635 4867/6800/3635 5675/6683/3635
f 4853/6802/3635 4898/6783/3635 5675/6683/3635
f 4901/6700/3645 4868/6803/3635 5675/6683/3635
f 4897/6795/3635 4854/6804/3635 5675/6683/3635
f 4869/6805/3635 4902/6686/3635 5675/6683/3635
f 4854/6804/3635 4855/6806/3635 5675/6683/3635
f 4870/6807/3635 4869/6805/3635 5675/6683/3635
f 4855/6806/3635 4856/6808/3635 5675/6683/3635
f 4871/6809/3635 4870/6807/3635 5675/6683/3635
f 4856/6808/3635 4876/6787/3635 5675/6683/3635
f 4903/6709/3654 4871/6809/3635 5675/6683/3635
f 4872/6682/1785 4905/6793/1784 5675/6683/3635
f 4834/5787/4430 5428/5789/2929 4619/6359/4936
f 4918/5066/3719 4769/5154/3807 5143/5067/3720
f 4908/5030/3683 4269/6291/4870 4907/5023/3676
f 5676/6810/5156 5680/6811/5157 5677/6812/5158
f 5678/6813/5159 5680/6814/5157 5681/6815/5160
f 5679/6816/5161 5683/6817/5162 5680/6811/5157
f 5681/6815/5160 5683/6818/5162 5684/6819/5163
f 5693/6820/5164 5686/6821/5165 5687/6822/5166
f 5693/6820/5164 5688/6823/5167 5685/6824/5168
f 5686/6821/5165 5690/6825/5169 5687/6822/5166
f 5687/6822/5166 5691/6826/5170 5688/6823/5167
f 2487/3080/2065 2488/3084/2065 2486/3081/329
f 2489/3083/2066 2490/3086/2066 2488/3084/2065
f 2491/3085/2067 2492/3088/2067 2490/3086/2066
f 2493/3087/2068 2494/3090/2068 2492/3088/2067
f 2495/3089/2069 2496/3092/2071 2494/3090/2068
f 2497/3091/2070 2498/3094/2070 2496/3092/2071
f 2499/3093/2072 2500/3096/2072 2498/3094/2070
f 2501/3095/2073 2502/3098/2073 2500/3096/2072
f 2503/3097/440 2504/6898/440 2502/3098/2073
f 2505/3099/2074 2506/3103/2074 2504/3100/440
f 2507/3102/2075 2508/3105/2075 2506/3103/2074
f 2509/3104/2076 2510/3107/2076 2508/3105/2075
f 2511/3106/2077 2512/3109/2077 2510/3107/2076
f 2513/3108/2078 2514/3111/2080 2512/3109/2077
f 2515/3110/2079 2516/3113/2079 2514/3111/2080
f 2517/3112/2081 2518/3115/2081 2516/3113/2079
f 2517/3112/2081 2519/3116/2082 2520/3114/2082
f 2485/3082/329 2486/3081/329 2520/3114/2082
f 2537/3117/2083 2536/6899/2084 2516/3118/2084
f 2508/3120/2085 2532/3146/2085 2531/3121/2086
f 2498/3123/2087 2527/6900/2087 2526/3124/2088
f 2486/3126/2089 2521/6901/2089 2538/3127/2090
f 2534/3129/2091 2533/6902/3672 2510/3130/2092
f 2522/3132/2093 2521/6901/2089 2486/3126/2089
f 2502/3134/2094 2529/3148/2094 2528/3135/2095
f 2524/3137/2096 2523/3147/2097 2490/3138/2097
f 2516/3118/2084 2536/6899/2084 2535/3140/2099
f 2506/3122/2086 2531/3121/2086 2530/3142/2100
f 2496/3125/2088 2526/3124/2088 2525/3144/2101
f 2538/3127/2090 2537/3117/2083 2518/3119/2083
f 2510/3130/2092 2533/6902/3672 2532/3146/2085
f 2528/3135/2095 2527/6900/2087 2498/3123/2087
f 2523/3147/2097 2522/3132/2093 2488/3133/2093
f 2535/3140/2099 2534/3129/2091 2512/3131/2091
f 2504/3143/2100 2530/3142/2100 2529/3148/2094
f 2525/3144/2101 2524/3137/2096 2492/3139/2098
f 2894/3149/2102 3309/3159/2112 2987/3150/2103
f 3307/3152/2105 2896/4810/3633 2627/3153/2106
f 2673/3155/2108 3310/3165/2118 3311/3156/2109
f 2895/3158/2111 3308/4809/3632 3309/3159/2112
f 2987/3150/2103 3309/3159/2112 2667/3160/2113
f 3309/3159/2112 3308/4809/3632 2668/3162/2115
f 3311/3156/2109 3310/3165/2118 2679/3163/2116
f 3310/3165/2118 2672/3175/2128 2541/3166/2119
f 3307/3152/2105 2940/3154/2107 2550/3167/2120
f 2674/3157/2110 3311/3156/2109 3312/3169/2122
f 3312/3169/2122 3311/3156/2109 2678/3164/2117
f 2675/3170/2123 3312/3169/2122 2676/3172/2125
f 3310/3165/2118 2673/3155/2108 2540/3174/2127
f 3319/3176/2129 3320/3181/2134 2913/3177/2130
f 2676/3172/2125 3312/3169/2122 2677/3171/2124
f 3319/3176/2129 2686/3183/2136 2685/3180/2133
f 2941/3182/2135 2548/3342/2295 2686/3183/2136
f 3320/3181/2134 3321/3186/2139 2912/3184/2137
f 3320/3181/2134 2685/3180/2133 2684/3185/2138
f 3314/3187/2140 3315/3188/2141 2677/3171/2124
f 2544/3179/2132 2677/3171/2124 3315/3188/2141
f 3316/3190/2143 3317/3192/2145 3314/3187/2140
f 3317/3192/2145 3318/3197/2150 3315/3188/2141
f 2692/3193/2146 3325/3231/2184 3326/3194/2147
f 2679/3163/2116 2541/3166/2119 2681/3196/2149
f 3318/3197/2150 2683/3283/2236 2682/3189/2142
f 3543/3198/2151 3318/3197/2150 3317/3192/2145
f 3541/3199/2152 3317/3192/2145 3316/3190/2143
f 3539/3200/2153 3316/3190/2143 2680/3201/2154
f 3816/3203/2156 3233/3259/2212 2696/3204/2157
f 2680/3201/2154 3316/3190/2143 3313/3191/2144
f 3321/3186/2139 2988/3211/2164 2614/3206/2159
f 2914/3178/2131 2615/3780/2733 2941/3182/2135
f 3322/3207/2160 3323/3212/2165 2846/3208/2161
f 3321/3186/2139 2684/3185/2138 2549/3210/2163
f 3322/3207/2160 2692/3193/2146 2691/3195/2148
f 2689/3213/2166 2547/3234/2187 2692/3193/2146
f 3323/3212/2165 3324/3216/2169 2847/3214/2167
f 3323/3212/2165 2691/3195/2148 2690/3215/2168
f 3324/3216/2169 2851/3222/2175 2539/3217/2170
f 2845/3209/2162 2546/3288/2241 2689/3213/2166
f 3331/3218/2171 3332/3224/2177 2849/3219/2172
f 3324/3216/2169 2690/3215/2168 2542/3221/2174
f 3331/3218/2171 2699/3225/2178 2698/3223/2176
f 2851/3222/2175 2542/3221/2174 2699/3225/2178
f 3332/3224/2177 3333/3227/2180 2850/3226/2179
f 3333/3227/2180 3332/3224/2177 2698/3223/2176
f 2691/3195/2148 3326/3194/2147 3327/3229/2182
f 2690/3215/2168 3327/3229/2182 2695/3230/2183
f 3325/3231/2184 3328/3238/2191 3329/3232/2185
f 3326/3194/2147 3329/3232/2185 3330/3205/2158
f 2699/3225/2178 3334/3252/2205 3335/3233/2186
f 3325/3231/2184 2692/3193/2146 2547/3234/2187
f 3327/3229/2182 3330/3205/2158 2696/3204/2157
f 3814/3236/2189 3816/3203/2156 3330/3205/2158
f 3812/3237/2190 3814/3236/2189 3329/3232/2185
f 3145/3239/2192 3812/3237/2190 3328/3238/2191
f 3339/3241/2194 4048/3255/2208 3235/3202/2155
f 2694/3235/2188 2693/3240/2193 3328/3238/2191
f 2850/3226/2179 3333/3227/2180 2672/3175/2128
f 2848/3220/2173 2539/3217/2170 2851/3222/2175
f 2942/3242/2195 3340/3247/2200 3341/3243/2196
f 2672/3175/2128 3333/3227/2180 2697/3228/2181
f 3341/3243/2196 3340/3247/2200 2702/3245/2198
f 3340/3247/2200 2676/3172/2125 2544/3179/2132
f 2943/3244/2197 3341/3243/2196 3342/3248/2201
f 3342/3248/2201 3341/3243/2196 2701/3246/2199
f 3335/3233/2186 3336/3251/2204 2697/3228/2181
f 2541/3166/2119 2697/3228/2181 3336/3251/2204
f 3334/3252/2205 3337/3258/2211 3338/3253/2206
f 3338/3253/2206 3339/3241/2194 3336/3251/2204
f 3343/3254/2207 3344/3272/2225 2701/3246/2199
f 3334/3252/2205 2699/3225/2178 2542/3221/2174
f 3339/3241/2194 2680/3201/2154 2681/3196/2149
f 3338/3253/2206 4050/3257/2210 4048/3255/2208
f 3338/3253/2206 3337/3258/2211 4052/3256/2209
f 3337/3258/2211 2696/3204/2157 3233/3259/2212
f 3573/3260/2213 3153/3402/2355 2715/3261/2214
f 2695/3230/2183 2696/3204/2157 3337/3258/2211
f 2944/3249/2202 3342/3248/2201 2940/3154/2107
f 3340/3247/2200 2942/3242/2195 2543/3173/2126
f 3349/3263/2216 3350/3267/2220 2979/3264/2217
f 2940/3154/2107 3342/3248/2201 2700/3250/2203
f 3349/3263/2216 2705/3268/2221 2704/3266/2219
f 2988/3211/2164 2549/3210/2163 2705/3268/2221
f 3350/3267/2220 3351/3271/2224 2980/3269/2222
f 3350/3267/2220 2704/3266/2219 2703/3270/2223
f 3344/3272/2225 3345/3273/2226 2700/3250/2203
f 2550/3167/2120 2700/3250/2203 3345/3273/2226
f 3346/3275/2228 3347/3276/2229 3344/3272/2225
f 3347/3276/2229 3348/3280/2233 3345/3273/2226
f 3358/3277/2230 2720/3302/2255 2719/3278/2231
f 2702/3245/2198 2544/3179/2132 2682/3189/2142
f 3348/3280/2233 3042/4193/3139 3041/3274/2227
f 3793/3281/2234 3795/4493/3405 3348/3280/2233
f 3793/3281/2234 3347/3276/2229 3346/3275/2228
f 3791/3282/2235 3346/3275/2228 2683/3283/2236
f 3045/3285/2238 3746/4117/3063 3591/3286/2239
f 2683/3283/2236 3346/3275/2228 3343/3254/2207
f 3351/3271/2224 2689/3213/2166 2546/3288/2241
f 2978/3265/2218 2614/3206/2159 2988/3211/2164
f 3353/3289/2242 3352/3295/2248 2713/3290/2243
f 2547/3234/2187 2689/3213/2166 3351/3271/2224
f 2708/3292/2245 3352/3295/2248 3353/3289/2242
f 2565/3294/2247 2709/3432/2385 3352/3295/2248
f 2707/3293/2246 3353/3289/2242 3354/3296/2249
f 2706/3297/2250 3354/3296/2249 2710/3298/2251
f 2719/3278/2231 3362/3303/2256 3363/3300/2253
f 2720/3302/2255 3361/3308/2261 3362/3303/2256
f 3354/3296/2249 3353/3289/2242 2712/3291/2244
f 2710/3298/2251 3354/3296/2249 2711/3304/2257
f 3352/3295/2248 2709/3432/2385 2564/3306/2259
f 2552/3307/2260 2721/3409/2362 3361/3308/2261
f 3362/3303/2256 3361/3308/2261 2725/3309/2262
f 3355/3262/2215 3358/3277/2230 3359/3279/2232
f 3356/3311/2264 3359/3279/2232 3360/3312/2265
f 3359/3279/2232 2719/3278/2231 2718/3301/2254
f 3360/3312/2265 2718/3301/2254 2555/3314/2267
f 3571/3316/2269 3573/3260/2213 3355/3262/2215
f 3569/3317/2270 3571/3316/2269 3356/3311/2264
f 3200/3318/2271 3569/3317/2270 3357/3313/2266
f 3206/3320/2273 2737/3385/2338 3373/3321/2274
f 3357/3313/2266 3360/3312/2265 2717/3315/2268
f 2714/3323/2276 2552/3307/2260 2720/3302/2255
f 2685/3180/2133 3366/3337/2290 3364/3324/2277
f 2715/3261/2214 2714/3323/2276 3358/3277/2230
f 2718/3301/2254 3363/3300/2253 2722/3325/2278
f 2728/3326/2279 2729/3329/2282 3371/3327/2280
f 2729/3329/2282 2730/3334/2287 3370/3330/2283
f 3363/3300/2253 3362/3303/2256 2724/3310/2263
f 2722/3325/2278 3363/3300/2253 2723/3331/2284
f 3361/3308/2261 2721/3409/2362 2551/3333/2286
f 2730/3334/2287 2561/3763/2716 2731/3335/2288
f 3370/3330/2283 2735/3365/2318 2734/3336/2289
f 2686/3183/2136 3368/3340/2293 3366/3337/2290
f 3366/3337/2290 3367/3341/2294 3365/3338/2291
f 2684/3185/2138 3364/3324/2277 3055/3339/2292
f 3368/3340/2293 3369/3346/2299 3367/3341/2294
f 2548/3342/2295 2688/3353/2306 3368/3340/2293
f 3364/3324/2277 3365/3338/2291 3056/3343/2296
f 3627/3344/2297 3365/3338/2291 3367/3341/2294
f 3625/3345/2298 3367/3341/2294 3369/3346/2299
f 3623/3347/2300 3369/3346/2299 2687/3348/2301
f 4074/3350/2303 3049/4480/3392 3058/3351/2304
f 2688/3353/2306 2687/3348/2301 3369/3346/2299
f 3377/3354/2307 3376/3368/2321 2742/3355/2308
f 2563/3357/2310 2728/3326/2279 3372/3328/2281
f 2740/3359/2312 2741/3356/2309 3380/3360/2313
f 2741/3356/2309 2742/3355/2308 3379/3362/2315
f 3371/3327/2280 2734/3336/2289 2733/3363/2316
f 3372/3328/2281 2733/3363/2316 2562/3364/2317
f 2731/3335/2288 2560/3779/2732 2735/3365/2318
f 2742/3355/2308 2559/3380/2333 2743/3366/2319
f 3379/3362/2315 2981/3393/2346 2982/3367/2320
f 3376/3368/2321 3377/3354/2307 3374/3369/2322
f 3377/3354/2307 3378/3371/2324 3375/3370/2323
f 3378/3371/2324 3377/3354/2307 2741/3356/2309
f 2739/3372/2325 3378/3371/2324 2740/3359/2312
f 3675/3322/2275 3373/3321/2274 3374/3369/2322
f 3673/3374/2327 3374/3369/2322 3375/3370/2323
f 3671/3375/2328 3375/3370/2323 2738/3376/2329
f 3079/3377/2330 2738/3376/2329 3382/3378/2331
f 3378/3371/2324 2739/3372/2325 2738/3376/2329
f 2559/3380/2333 2742/3355/2308 3376/3368/2321
f 3386/3382/2335 3385/3396/2349 2746/3383/2336
f 2736/3381/2334 3376/3368/2321 3373/3321/2274
f 2553/3373/2326 2740/3359/2312 3381/3361/2314
f 2745/3384/2337 3389/3390/2343 3390/3387/2340
f 2745/3384/2337 2746/3383/2336 3388/3389/2342
f 3380/3360/2313 2982/3367/2320 2983/3391/2344
f 3381/3361/2314 2983/3391/2344 2621/3392/2345
f 2743/3366/2319 2558/3447/2400 2981/3393/2346
f 2746/3383/2336 2553/3373/2326 2989/3386/2339
f 3389/3390/2343 3388/3389/2342 2984/3394/2347
f 3385/3396/2349 3386/3382/2335 3383/3397/2350
f 3383/3397/2350 3386/3382/2335 3387/3398/2351
f 3386/3382/2335 2745/3384/2337 2744/3388/2341
f 2552/3307/2260 2714/3323/2276 3387/3398/2351
f 3771/3379/2332 3382/3378/2331 3383/3397/2350
f 3767/3401/2354 3769/3400/2353 3383/3397/2350
f 3153/3402/2355 3767/3401/2354 3384/3399/2352
f 3458/3403/2356 3984/3622/2575 3165/3404/2357
f 3384/3399/2352 3387/3398/2351 2714/3323/2276
f 2553/3373/2326 2746/3383/2336 3385/3396/2349
f 3394/3406/2359 2749/3412/2365 2748/3407/2360
f 2739/3372/2325 3385/3396/2349 3382/3378/2331
f 2744/3388/2341 3390/3387/2340 2721/3409/2362
f 2748/3407/2360 3398/3413/2366 3399/3410/2363
f 2749/3412/2365 3397/3415/2368 3398/3413/2366
f 3389/3390/2343 2985/3395/2348 2986/3414/2367
f 2721/3409/2362 3390/3387/2340 2986/3414/2367
f 2989/3386/2339 2621/3392/2345 2984/3394/2347
f 2555/3314/2267 2722/3325/2278 3397/3415/2368
f 3398/3413/2366 3397/3415/2368 2752/3416/2369
f 3391/3418/2371 3394/3406/2359 3395/3408/2361
f 3392/3419/2372 3395/3408/2361 3396/3420/2373
f 3395/3408/2361 2748/3407/2360 2747/3411/2364
f 2565/3294/2247 3051/3428/2381 3396/3420/2373
f 3391/3418/2371 3392/3419/2372 3951/3422/2375
f 3393/3421/2374 3953/3424/2377 3951/3422/2375
f 3052/3405/2358 3165/3404/2357 3953/3424/2377
f 3723/3425/2378 3193/4140/3086 2804/3426/2379
f 3393/3421/2374 3396/3420/2373 3051/3428/2381
f 2717/3315/2268 2555/3314/2267 2749/3412/2365
f 3407/3429/2382 3406/3453/2406 2779/3430/2383
f 2716/3319/2272 2717/3315/2268 3394/3406/2359
f 2747/3411/2364 3399/3410/2363 2709/3432/2385
f 2753/3433/2386 2754/3436/2389 3401/3434/2387
f 2754/3436/2389 2755/3439/2392 3400/3437/2390
f 3399/3410/2363 3398/3413/2366 2751/3417/2370
f 2709/3432/2385 3399/3410/2363 2750/3438/2391
f 3397/3415/2368 2722/3325/2278 2554/3332/2285
f 2755/3439/2392 2563/3357/2310 2732/3358/2311
f 3400/3437/2390 2758/3448/2401 2757/3440/2393
f 3402/3435/2388 2743/3366/2319 2559/3380/2333
f 2760/3441/2394 3410/3445/2398 3411/3442/2395
f 2761/3444/2397 3409/3450/2403 3410/3445/2398
f 3401/3434/2387 2757/3440/2393 2756/3446/2399
f 2558/3447/2400 2743/3366/2319 3402/3435/2388
f 2732/3358/2311 2562/3364/2317 2758/3448/2401
f 2577/3449/2402 2945/3582/2535 3409/3450/2403
f 3410/3445/2398 3409/3450/2403 2948/3451/2404
f 3406/3453/2406 3407/3429/2382 3404/3454/2407
f 3407/3429/2382 3408/3457/2410 3405/3456/2409
f 3408/3457/2410 3407/3429/2382 2778/3431/2384
f 3046/3459/2412 3408/3457/2410 2777/3458/2411
f 3577/3461/2414 3579/3580/2533 3403/3455/2408
f 3575/3462/2415 3577/3461/2414 3404/3454/2407
f 3242/3287/2240 3575/3462/2415 3405/3456/2409
f 2823/3463/2416 3764/4456/3368 3997/3464/2417
f 3408/3457/2410 3046/3459/2412 3045/3285/2238
f 2575/3466/2419 2779/3430/2383 3406/3453/2406
f 3415/3468/2421 2769/3476/2429 2768/3469/2422
f 2775/3467/2420 3406/3453/2406 3403/3455/2408
f 2759/3443/2396 3411/3442/2395 2762/3472/2425
f 2768/3469/2422 3419/3477/2430 3420/3474/2427
f 2769/3476/2429 3418/3482/2435 3419/3477/2430
f 3411/3442/2395 3410/3445/2398 2947/3452/2405
f 2762/3472/2425 3411/3442/2395 2946/3478/2431
f 3409/3450/2403 2945/3582/2535 2624/3480/2433
f 2567/3481/2434 2770/3563/2516 3418/3482/2435
f 3419/3477/2430 3418/3482/2435 2774/3483/2436
f 3412/3485/2438 3415/3468/2421 3416/3470/2423
f 3413/3486/2439 3416/3470/2423 3417/3487/2440
f 3416/3470/2423 2768/3469/2422 2767/3475/2428
f 3417/3487/2440 2767/3475/2428 2571/3489/2442
f 3583/3491/2444 3585/3627/2580 3412/3485/2438
f 3581/3492/2445 3583/3491/2444 3413/3486/2439
f 3247/3493/2446 3581/3492/2445 3414/3488/2441
f 3204/3495/2448 2781/3538/2491 3424/3496/2449
f 3414/3488/2441 3417/3487/2440 2766/3490/2443
f 2763/3498/2451 2567/3481/2434 2769/3476/2429
f 3428/3499/2452 3427/3522/2475 2786/3500/2453
f 2764/3502/2455 2763/3498/2451 3415/3468/2421
f 2767/3475/2428 3420/3474/2427 2771/3503/2456
f 2777/3458/2411 2778/3431/2384 3422/3504/2457
f 2778/3431/2384 2779/3430/2383 3421/3506/2459
f 3420/3474/2427 3419/3477/2430 2773/3484/2437
f 2771/3503/2456 3420/3474/2427 2772/3507/2460
f 3418/3482/2435 2770/3563/2516 2566/3509/2462
f 2779/3430/2383 2575/3466/2419 2949/3510/2463
f 3421/3506/2459 2906/3519/2472 2907/3511/2464
f 2576/3460/2413 2777/3458/2411 3423/3505/2458
f 2784/3513/2466 2785/3501/2454 3431/3514/2467
f 2785/3501/2454 2786/3500/2453 3430/3516/2469
f 3422/3504/2457 2907/3511/2464 2908/3517/2470
f 3423/3505/2458 2908/3517/2470 2619/3518/2471
f 2949/3510/2463 2618/3786/2739 2906/3519/2472
f 2786/3500/2453 2574/3533/2486 2951/3520/2473
f 3430/3516/2469 2954/3546/2499 2953/3521/2474
f 3427/3522/2475 3428/3499/2452 3425/3523/2476
f 3428/3499/2452 3429/3525/2478 3426/3524/2477
f 3429/3525/2478 3428/3499/2452 2785/3501/2454
f 2783/3526/2479 3429/3525/2478 2784/3513/2466
f 3549/3497/2450 3424/3496/2449 3425/3523/2476
f 3547/3528/2481 3425/3523/2476 3426/3524/2477
f 3545/3529/2482 3426/3524/2477 2782/3530/2483
f 3433/3532/2485 3976/3553/2506 3228/3531/2484
f 3429/3525/2478 2783/3526/2479 2782/3530/2483
f 2574/3533/2486 2786/3500/2453 3427/3522/2475
f 3437/3535/2488 3436/3549/2502 2790/3536/2489
f 2780/3534/2487 3427/3522/2475 3424/3496/2449
f 2569/3527/2480 2784/3513/2466 3432/3515/2468
f 2789/3537/2490 3440/3543/2496 3441/3540/2493
f 2789/3537/2490 2790/3536/2489 3439/3542/2495
f 3431/3514/2467 2953/3521/2474 2952/3544/2497
f 3432/3515/2468 2952/3544/2497 2568/3545/2498
f 2951/3520/2473 2626/3597/2550 2954/3546/2499
f 2790/3536/2489 2569/3527/2480 2787/3539/2492
f 3440/3543/2496 3439/3542/2495 2793/3547/2500
f 3436/3549/2502 3437/3535/2488 3434/3550/2503
f 3434/3550/2503 3437/3535/2488 3438/3551/2504
f 3437/3535/2488 2789/3537/2490 2788/3541/2494
f 2567/3481/2434 2763/3498/2451 3438/3551/2504
f 3434/3550/2503 3978/3555/2508 3976/3553/2506
f 3434/3550/2503 3435/3552/2505 3980/3554/2507
f 3435/3552/2505 2764/3502/2455 2930/3556/2509
f 3476/3557/2510 3945/3677/2630 3240/3558/2511
f 3435/3552/2505 3438/3551/2504 2763/3498/2451
f 2569/3527/2480 2790/3536/2489 3436/3549/2502
f 3445/3560/2513 2796/3566/2519 2795/3561/2514
f 2783/3526/2479 3436/3549/2502 3433/3532/2485
f 2788/3541/2494 3441/3540/2493 2770/3563/2516
f 2795/3561/2514 3449/3567/2520 3450/3564/2517
f 2796/3566/2519 3448/3569/2522 3449/3567/2520
f 3440/3543/2496 2792/3548/2501 2791/3568/2521
f 2770/3563/2516 3441/3540/2493 2791/3568/2521
f 2787/3539/2492 2568/3545/2498 2793/3547/2500
f 2571/3489/2442 2771/3503/2456 3448/3569/2522
f 3449/3567/2520 3448/3569/2522 2957/3570/2523
f 3442/3572/2525 3445/3560/2513 3446/3562/2515
f 3443/3573/2526 3446/3562/2515 3447/3574/2527
f 3446/3562/2515 2795/3561/2514 2794/3565/2518
f 3447/3574/2527 2794/3565/2518 2577/3449/2402
f 3442/3572/2525 3443/3573/2526 4005/3577/2530
f 3444/3575/2528 4007/3579/2532 4005/3577/2530
f 3043/3559/2512 3240/3558/2511 4007/3579/2532
f 3579/3580/2533 3077/3807/2760 2776/3471/2424
f 3444/3575/2528 3447/3574/2527 3044/3576/2529
f 2766/3490/2443 2571/3489/2442 2796/3566/2519
f 2707/3293/2246 3459/3619/2572 3457/3581/2534
f 2765/3494/2447 2766/3490/2443 3445/3560/2513
f 2794/3565/2518 3450/3564/2517 2945/3582/2535
f 2797/3583/2536 2798/3586/2539 3452/3584/2537
f 2798/3586/2539 2799/3589/2542 3451/3587/2540
f 3450/3564/2517 3449/3567/2520 2956/3571/2524
f 2945/3582/2535 3450/3564/2517 2955/3588/2541
f 3448/3569/2522 2771/3503/2456 2570/3508/2461
f 2799/3589/2542 2576/3460/2413 2950/3512/2465
f 3451/3587/2540 2900/3598/2551 2901/3590/2543
f 3453/3585/2538 2951/3520/2473 2574/3533/2486
f 3456/3591/2544 3455/3594/2547 2801/3592/2545
f 3455/3594/2547 3454/3599/2552 2802/3595/2548
f 3452/3584/2537 2901/3590/2543 2902/3596/2549
f 2626/3597/2550 2951/3520/2473 3453/3585/2538
f 2950/3512/2465 2619/3518/2471 2900/3598/2551
f 3454/3599/2552 2958/3607/2560 2588/3600/2553
f 2911/3601/2554 3454/3599/2552 3455/3594/2547
f 2910/3602/2555 3455/3594/2547 3456/3591/2544
f 2909/3603/2556 3456/3591/2544 2959/3604/2557
f 3454/3599/2552 2911/3601/2554 2617/3606/2559
f 2961/3608/2561 3463/3614/2567 3464/3609/2562
f 2959/3604/2557 3456/3591/2544 2800/3593/2546
f 3464/3609/2562 3463/3614/2567 2808/3612/2565
f 3463/3614/2567 2960/3633/2586 2578/3615/2568
f 2962/3610/2563 3464/3609/2562 3465/3616/2569
f 3465/3616/2569 3464/3609/2562 2807/3613/2566
f 2706/3297/2250 3461/3620/2573 3459/3619/2572
f 3459/3619/2572 3460/3621/2574 3458/3403/2356
f 2708/3292/2245 3457/3581/2534 3051/3428/2381
f 3461/3620/2573 3462/3623/2576 3460/3621/2574
f 2557/3299/2252 3016/3628/2581 3461/3620/2573
f 3457/3581/2534 3458/3403/2356 3052/3405/2358
f 3460/3621/2574 3983/3624/2577 3984/3622/2575
f 3462/3623/2576 3982/3626/2579 3983/3624/2577
f 3015/3625/2578 3140/3748/2701 3982/3626/2579
f 3585/3627/2580 2930/3556/2509 2764/3502/2455
f 3016/3628/2581 3015/3625/2578 3462/3623/2576
f 3466/3629/2582 3467/3645/2598 2807/3613/2566
f 2963/3617/2570 3465/3616/2569 2805/3630/2583
f 3463/3614/2567 2961/3608/2561 2625/3632/2585
f 3472/3634/2587 3473/3639/2592 2966/3635/2588
f 2805/3630/2583 3465/3616/2569 2806/3618/2571
f 3472/3634/2587 2816/3641/2594 2815/3638/2591
f 2964/3640/2593 2585/3790/2743 2816/3641/2594
f 3473/3639/2592 3474/3644/2597 2967/3642/2595
f 3473/3639/2592 2815/3638/2591 2814/3643/2596
f 3467/3645/2598 3468/3646/2599 2806/3618/2571
f 2581/3637/2590 2806/3618/2571 3468/3646/2599
f 3469/3648/2601 3470/3649/2602 3467/3645/2598
f 3470/3649/2602 3471/3652/2605 3468/3646/2599
f 2760/3441/2394 3477/3674/2627 3475/3650/2603
f 2808/3612/2565 2578/3615/2568 2810/3651/2604
f 3471/3652/2605 2812/3747/2700 2811/3647/2600
f 3699/3653/2606 3471/3652/2605 3470/3649/2602
f 3697/3654/2607 3470/3649/2602 3469/3648/2601
f 3695/3655/2608 3469/3648/2601 2809/3656/2609
f 3567/3658/2611 3108/3725/2678 2826/3659/2612
f 2809/3656/2609 3469/3648/2601 3466/3629/2582
f 3474/3644/2597 2813/3666/2619 2586/3661/2614
f 2965/3636/2589 2623/3785/2738 2964/3640/2593
f 3481/3662/2615 3482/3668/2621 2969/3663/2616
f 3474/3644/2597 2814/3643/2596 2587/3665/2618
f 3481/3662/2615 2822/3670/2623 2821/3667/2620
f 2819/3669/2622 2584/3702/2655 2822/3670/2623
f 3482/3668/2621 3483/3673/2626 2970/3671/2624
f 3482/3668/2621 2821/3667/2620 2820/3672/2625
f 2759/3443/2396 3479/3675/2628 3477/3674/2627
f 3477/3674/2627 3478/3676/2629 3476/3557/2510
f 3044/3576/2529 2577/3449/2402 2761/3444/2397
f 3479/3675/2628 3480/3678/2631 3478/3676/2629
f 2573/3473/2426 3012/3683/2636 3479/3675/2628
f 3475/3650/2603 3476/3557/2510 3043/3559/2512
f 3478/3676/2629 3944/3679/2632 3945/3677/2630
f 3480/3678/2631 3943/3681/2634 3944/3679/2632
f 3011/3680/2633 3110/4430/3343 3943/3681/2634
f 3202/3682/2635 2812/3747/2700 3471/3652/2605
f 3012/3683/2636 3011/3680/2633 3480/3678/2631
f 2822/3670/2623 3484/3699/2652 3485/3684/2637
f 3483/3673/2626 2971/3690/2643 2620/3685/2638
f 2968/3664/2617 2583/3751/2704 2819/3669/2622
f 3490/3686/2639 3491/3692/2645 2898/3687/2640
f 3483/3673/2626 2820/3672/2625 2579/3689/2642
f 3490/3686/2639 2829/3693/2646 2828/3691/2644
f 2971/3690/2643 2579/3689/2642 2829/3693/2646
f 2898/3687/2640 3491/3692/2645 3492/3694/2647
f 3492/3694/2647 3491/3692/2645 2828/3691/2644
f 2821/3667/2620 3485/3684/2637 3486/3697/2650
f 2820/3672/2625 3486/3697/2650 2825/3698/2651
f 3484/3699/2652 3487/3706/2659 3488/3700/2653
f 3485/3684/2637 3488/3700/2653 3489/3660/2613
f 2829/3693/2646 3493/3719/2672 3494/3701/2654
f 3484/3699/2652 2822/3670/2623 2584/3702/2655
f 3486/3697/2650 3489/3660/2613 2826/3659/2612
f 3565/3704/2657 3567/3658/2611 3489/3660/2613
f 3563/3705/2658 3565/3704/2657 3488/3700/2653
f 3252/3465/2418 3563/3705/2658 3487/3706/2659
f 3013/3657/2610 2809/3656/2609 3498/3707/2660
f 2824/3703/2656 2823/3463/2416 3487/3706/2659
f 2897/3695/2648 3492/3694/2647 2960/3633/2586
f 2899/3688/2641 2620/3685/2638 2971/3690/2643
f 2972/3709/2662 3499/3714/2667 3500/3710/2663
f 2960/3633/2586 3492/3694/2647 2827/3696/2649
f 3500/3710/2663 3499/3714/2667 2832/3712/2665
f 3499/3714/2667 2805/3630/2583 2581/3637/2590
f 2973/3711/2664 3500/3710/2663 3501/3715/2668
f 3501/3715/2668 3500/3710/2663 2831/3713/2666
f 3494/3701/2654 3495/3718/2671 2827/3696/2649
f 2578/3615/2568 2827/3696/2649 3495/3718/2671
f 3493/3719/2672 3496/3724/2677 3497/3720/2673
f 3497/3720/2673 3498/3707/2660 3495/3718/2671
f 3502/3721/2674 3503/3736/2689 2831/3713/2666
f 3493/3719/2672 2829/3693/2646 2579/3689/2642
f 3498/3707/2660 2809/3656/2609 2810/3651/2604
f 3561/3708/2661 3498/3707/2660 3497/3720/2673
f 3557/3723/2676 3559/3722/2675 3497/3720/2673
f 3108/3725/2678 3557/3723/2676 3496/3724/2677
f 3511/3726/2679 3961/3764/2717 2935/3349/2302
f 2825/3698/2651 2826/3659/2612 3496/3724/2677
f 2974/3716/2669 3501/3715/2668 2958/3607/2560
f 3499/3714/2667 2972/3709/2662 2580/3631/2584
f 3508/3727/2680 3509/3731/2684 2834/3728/2681
f 2958/3607/2560 3501/3715/2668 2830/3717/2670
f 3508/3727/2680 2838/3732/2685 2837/3730/2683
f 2813/3666/2619 2587/3665/2618 2838/3732/2685
f 3509/3731/2684 3510/3735/2688 2835/3733/2686
f 3509/3731/2684 2837/3730/2683 2836/3734/2687
f 3503/3736/2689 3504/3737/2690 2830/3717/2670
f 2588/3600/2553 2830/3717/2670 3504/3737/2690
f 3505/3739/2692 3506/3740/2693 3503/3736/2689
f 3506/3740/2693 3507/3744/2697 3504/3737/2690
f 3514/3741/2694 2841/3755/2708 2840/3742/2695
f 2832/3712/2665 2581/3637/2590 2811/3647/2600
f 3507/3744/2697 3054/4155/3101 3053/3738/2691
f 3553/3745/2698 3555/3947/2898 3507/3744/2697
f 3553/3745/2698 3506/3740/2693 3505/3739/2692
f 3551/3746/2699 3505/3739/2692 2812/3747/2700
f 3140/3748/2701 3015/3625/2578 3595/3749/2702
f 2812/3747/2700 3505/3739/2692 3502/3721/2674
f 3510/3735/2688 2819/3669/2622 2583/3751/2704
f 2833/3729/2682 2586/3661/2614 2813/3666/2619
f 3518/3752/2705 3517/3756/2709 2977/3753/2706
f 2584/3702/2655 2819/3669/2622 3510/3735/2688
f 2841/3755/2708 3517/3756/2709 3518/3752/2705
f 2548/3342/2295 2941/3182/2135 3517/3756/2709
f 2840/3742/2695 3518/3752/2705 3519/3757/2710
f 3511/3726/2679 3514/3741/2694 3515/3743/2696
f 3515/3743/2696 3516/3761/2714 3513/3760/2713
f 3516/3761/2714 3515/3743/2696 2840/3742/2695
f 2726/3762/2715 3516/3761/2714 2839/3758/2711
f 3512/3759/2712 3963/3766/2719 3961/3764/2717
f 3512/3759/2712 3513/3760/2713 3965/3765/2718
f 3513/3760/2713 2727/3771/2724 3155/3767/2720
f 3528/3768/2721 4020/3804/2757 3167/3769/2722
f 3516/3761/2714 2726/3762/2715 2727/3771/2724
f 2688/3353/2306 2548/3342/2295 2841/3755/2708
f 3523/3772/2725 3524/3800/2753 2843/3773/2726
f 2687/3348/2301 2688/3353/2306 3514/3741/2694
f 3519/3757/2710 2731/3335/2288 2561/3763/2716
f 3521/3775/2728 2843/3773/2726 2842/3776/2729
f 3521/3775/2728 3520/3781/2734 2844/3774/2727
f 3518/3752/2705 2976/3754/2707 2975/3778/2731
f 2560/3779/2732 2731/3335/2288 3519/3757/2710
f 3517/3756/2709 2941/3182/2135 2615/3780/2733
f 3520/3781/2734 2949/3510/2463 2575/3466/2419
f 2905/3782/2735 3520/3781/2734 3521/3775/2728
f 3521/3775/2728 3522/3777/2730 2903/3784/2737
f 3522/3777/2730 2964/3640/2593 2623/3785/2738
f 3520/3781/2734 2905/3782/2735 2618/3786/2739
f 3593/3787/2740 3592/4127/3073 3004/3788/2741
f 2585/3790/2743 2964/3640/2593 3522/3777/2730
f 2995/3791/2744 3592/4127/3073 3593/3787/2740
f 2545/3161/2114 2992/4128/3074 3607/3793/2746
f 3593/3787/2740 3003/3789/2742 3002/3794/2747
f 3593/3787/2740 3594/3795/2748 2993/3796/2749
f 2843/3773/2726 3524/3800/2753 3525/3797/2750
f 2818/3798/2751 2585/3790/2743 2842/3776/2729
f 3526/3799/2752 3527/3803/2756 3524/3800/2753
f 3524/3800/2753 3527/3803/2756 3528/3768/2721
f 3598/3801/2754 2995/3791/2744 2994/3792/2745
f 2844/3774/2727 2575/3466/2419 2775/3467/2420
f 3525/3797/2750 3528/3768/2721 2817/3770/2723
f 3527/3803/2756 4019/3806/2759 4020/3804/2757
f 3527/3803/2756 3526/3799/2752 4018/3805/2758
f 3526/3799/2752 2776/3471/2424 3077/3807/2760
f 3114/3808/2761 3056/3343/2296 3365/3338/2291
f 2776/3471/2424 3526/3799/2752 3523/3772/2725
f 2890/3809/2762 2891/3815/2768 3065/3810/2763
f 2595/3812/2765 3300/3824/2777 2664/3813/2766
f 2891/3815/2768 3301/3839/2792 2594/3816/2769
f 3098/3814/2767 2664/3813/2766 2665/3817/2770
f 3097/3818/2771 2665/3817/2770 2861/3819/2772
f 3096/3820/2773 2861/3819/2772 3289/3821/2774
f 2860/3823/2776 3266/3829/2782 3300/3824/2777
f 3284/3825/2778 2862/3830/2783 3095/3826/2779
f 2859/3828/2781 3267/6903/5172 3266/3829/2782
f 2862/3830/2783 2863/3834/2787 3094/3831/2784
f 3268/3832/2785 3267/6903/5172 2859/3828/2781
f 2863/3834/2787 2864/3840/2793 3093/3835/2788
f 3277/3836/2789 2892/3841/2794 3061/3837/2790
f 3301/3839/2792 3268/3832/2785 2858/3833/2786
f 2864/3840/2793 3277/3836/2789 2657/3838/2791
f 2892/3841/2794 2893/3849/2802 3060/3842/2795
f 2857/3843/2796 3269/3852/2805 3302/3844/2797
f 2606/3846/2799 3292/4056/3002 2865/3847/2800
f 2893/3849/2802 2915/3855/2808 3059/3850/2803
f 2856/3851/2804 3270/6904/5173 3269/3852/2805
f 3092/3848/2801 2865/3847/2800 2866/3853/2806
f 2915/3855/2808 3306/3989/2938 2589/3856/2809
f 3271/3857/2810 3270/6904/5173 2856/3851/2804
f 3278/3859/2812 2596/3870/2821 3162/3860/2813
f 2866/3862/2806 2873/3872/2823 3090/3863/2815
f 2599/3865/2816 3299/4045/2991 3069/3866/2817
f 3303/3868/2819 3271/3857/2810 2855/3858/2811
f 2596/3870/2821 2597/3879/2830 3161/3871/2822
f 2873/3872/2823 3275/4522/3430 2666/3873/2824
f 3001/3867/2818 3069/3866/2817 3070/3874/2825
f 2854/3876/2827 3272/3889/2840 3305/3877/2828
f 2597/3879/2830 2598/3890/2841 3160/3880/2831
f 3294/3881/2832 2874/3891/2842 3089/3882/2833
f 3070/3874/2825 3253/3893/2844 2999/3884/2835
f 2652/3885/2836 3281/4807/3630 2630/3886/2837
f 2853/3888/2839 3273/6905/5174 3272/3889/2840
f 2598/3890/2841 3303/3868/2819 2592/3869/2820
f 2874/3891/2842 2875/3986/2935 3088/3892/2843
f 3253/3893/2844 3298/4510/3422 2600/3894/2845
f 3124/3887/2838 2630/3886/2837 2631/3895/2846
f 3532/3897/2848 3533/3900/2851 3530/3898/2849
f 3533/3900/2851 3534/3904/2855 3531/3901/2852
f 3535/3902/2853 3536/3903/2854 3533/3900/2851
f 3536/3903/2854 3537/3911/2862 3534/3904/2855
f 3159/3905/2856 3529/3899/2850 3125/3906/2857
f 3529/3899/2850 3530/3898/2849 3126/3908/2859
f 3530/3898/2849 3531/3901/2852 3127/3909/2860
f 3534/3904/2855 4071/3912/2863 4069/3910/2861
f 3537/3911/2862 4073/3914/2865 4071/3912/2863
f 3229/3913/2864 3050/4450/3362 4073/3914/2865
f 3230/3915/2866 3229/3913/2864 3537/3911/2862
f 3231/3916/2867 3230/3915/2866 3536/3903/2854
f 2602/3917/2868 3231/3916/2867 3535/3902/2853
f 3157/3918/2869 3535/3902/2853 3532/3897/2848
f 3158/3919/2870 3532/3897/2848 3529/3899/2850
f 3542/3920/2871 3543/3198/2151 3541/3199/2152
f 3538/3922/2873 3539/3200/2153 3235/3202/2155
f 3831/3924/2875 3540/3921/2872 3538/3922/2873
f 3170/3926/2877 3169/3284/2237 3543/3198/2151
f 3546/3927/2878 3547/3528/2481 3545/3529/2482
f 3837/3929/2880 3544/3928/2879 3227/3930/2881
f 3171/3932/2883 3170/3926/2877 3542/3920/2871
f 3834/3933/2884 3542/3920/2871 3540/3921/2872
f 3548/3934/2885 3549/3497/2450 3547/3528/2481
f 3544/3928/2879 3545/3529/2482 3228/3531/2484
f 3840/3935/2886 3546/3927/2878 3544/3928/2879
f 3203/3936/2887 3204/3495/2448 3549/3497/2450
f 3552/3937/2888 3553/3745/2698 3551/3746/2699
f 3846/3939/2890 3550/3938/2889 3201/3940/2891
f 3130/3942/2893 3203/3936/2887 3548/3934/2885
f 3843/3943/2894 3548/3934/2885 3546/3927/2878
f 3554/3944/2895 3555/3947/2898 3553/3745/2698
f 3550/3938/2889 3551/3746/2699 3202/3682/2635
f 3849/3945/2896 3552/3937/2888 3550/3938/2889
f 3113/3946/2897 3112/4387/3303 3555/3947/2898
f 3556/3948/2899 3558/3954/2905 3559/3722/2675
f 3216/3949/2900 3855/3955/2906 3556/3948/2899
f 3210/3951/2902 3113/3946/2897 3554/3944/2895
f 3852/3952/2903 3554/3944/2895 3552/3937/2888
f 3560/3953/2904 3561/3708/2661 3559/3722/2675
f 3109/3950/2901 3556/3948/2899 3557/3723/2676
f 3855/3955/2906 3858/3962/2913 3558/3954/2905
f 3014/3956/2907 3013/3657/2610 3561/3708/2661
f 3562/3957/2908 3564/3963/2914 3565/3704/2657
f 2929/3958/2909 3864/3964/2915 3562/3957/2908
f 3236/3960/2911 3014/3956/2907 3560/3953/2904
f 3861/3961/2912 3560/3953/2904 3558/3954/2905
f 3564/3963/2914 3566/3965/2916 3567/3658/2611
f 3251/3959/2910 3562/3957/2908 3563/3705/2658
f 3864/3964/2915 3867/3970/2921 3564/3963/2914
f 3566/3965/2916 3109/3950/2901 3108/3725/2678
f 3568/3966/2917 3570/3971/2922 3571/3316/2269
f 3136/3967/2918 3873/3972/2923 3568/3966/2917
f 3870/3969/2920 3216/3949/2900 3109/3950/2901
f 3867/3970/2921 3870/3969/2920 3566/3965/2916
f 3570/3971/2922 3572/3973/2924 3573/3260/2213
f 3199/3968/2919 3568/3966/2917 3569/3317/2270
f 3873/3972/2923 3876/3980/2931 3570/3971/2922
f 3572/3973/2924 3154/3979/2930 3153/3402/2355
f 3574/3974/2925 3576/4077/3023 3577/3461/2414
f 3882/3975/2926 3574/3974/2925 3241/3976/2927
f 3879/3978/2929 3186/4449/3361 3154/3979/2930
f 3876/3980/2931 3879/3978/2929 3572/3973/2924
f 3274/3981/2932 3273/6905/5174 2853/3888/2839
f 2643/3983/2858 3290/4020/2966 2607/3984/2934
f 2875/3986/2935 2879/3992/2940 3087/3987/2936
f 2631/3895/2846 2632/3996/2944 3122/3988/2937
f 3306/3989/2938 3274/3981/2932 2852/3982/2933
f 3159/3985/2856 2607/3984/2934 2608/3990/2939
f 2879/3992/2940 3278/3859/2812 2655/3861/2814
f 3297/3993/2941 3254/4003/2950 2884/3994/2942
f 2632/3996/2944 3295/4087/3033 2603/3997/2945
f 3158/3991/2870 2608/3990/2939 2609/3998/2946
f 2591/4000/2947 3304/4029/2975 2880/4001/2948
f 3254/4003/2950 3255/4009/2955 2883/4004/2951
f 3157/3999/2869 2609/3998/2946 3296/4005/2952
f 3086/4002/2949 2880/4001/2948 2881/4007/2953
f 3255/4009/2955 3256/4016/2962 2882/4010/2956
f 2642/4011/2957 3291/4070/3016 2633/4012/2958
f 3085/4008/2954 2881/4007/2953 2885/4014/2960
f 3256/4016/2962 3276/4805/3629 2660/4017/2963
f 3121/4013/2959 2633/4012/2958 2634/4018/2964
f 3084/4015/2961 2885/4014/2960 3290/4020/2966
f 3120/4019/2965 2634/4018/2964 2635/4021/2967
f 3119/4022/2968 2635/4021/2967 3280/4023/2969
f 2650/4025/2971 3283/4042/2988 2636/4026/2972
f 3083/4028/2974 2886/4033/2979 3304/4029/2975
f 3118/4027/2973 2636/4026/2972 2637/4030/2976
f 3082/4032/2978 2887/6906/5175 2886/4033/2979
f 2605/4034/2980 3293/4053/2999 3257/4035/2981
f 3117/4031/2977 2637/4030/2976 2638/4037/2983
f 2888/4039/2985 2887/6906/5175 3082/4032/2978
f 3040/4041/2987 2916/4049/2995 3283/4042/2988
f 2878/4036/2982 3257/4035/2981 3258/4043/2989
f 3116/4038/2984 2638/4037/2983 3299/4045/2991
f 3279/4046/2992 2888/4039/2985 3081/4040/2986
f 3039/4048/2994 2917/4055/3001 2916/4049/2995
f 2877/4044/2990 3258/4043/2989 3259/4050/2996
f 3152/4052/2998 2610/4058/3004 3293/4053/2999
f 3038/4054/3000 2918/4060/3006 2917/4055/3001
f 2876/4051/2997 3259/4050/2996 3292/4056/3002
f 3151/4057/3003 2611/4062/3008 2610/4058/3004
f 2647/4059/3005 3286/4543/3449 2918/4060/3006
f 3150/4061/3007 2612/4066/3012 2611/4062/3008
f 2919/4063/3009 3282/4085/3031 2651/4064/3010
f 2644/3822/2775 3289/3821/2774 2612/4066/3012
f 2920/4067/3013 2919/4063/3009 3037/4065/3011
f 3149/4069/3015 2613/4073/3019 3291/4070/3016
f 3035/4071/3017 2921/4074/3020 2920/4067/3013
f 3148/4072/3018 2628/4076/3022 2613/4073/3019
f 2653/4024/2970 3280/4023/2969 2921/4074/3020
f 3147/4075/3021 2629/4090/3036 2628/4076/3022
f 3576/4077/3023 3578/4079/3025 3579/3580/2533
f 3241/3976/2927 3574/3974/2925 3575/3462/2415
f 3885/4078/3024 3576/4077/3023 3574/3974/2925
f 3578/4079/3025 3078/4084/3030 3077/3807/2760
f 3580/4080/3026 3582/4099/3045 3583/3491/2444
f 2934/4081/3027 3891/4100/3046 3580/4080/3026
f 3888/4083/3029 3222/4407/3323 3078/4084/3030
f 3885/4078/3024 3888/4083/3029 3578/4079/3025
f 3282/4085/3031 2922/4091/3037 3034/4086/3032
f 3295/4087/3033 3260/4093/3039 2872/4088/3034
f 2645/4089/3035 3288/4529/3437 2629/4090/3036
f 2922/4091/3037 2923/4095/3041 3033/4092/3038
f 3260/4093/3039 3261/4097/3043 2871/4094/3040
f 2923/4095/3041 2924/4125/3071 3032/4096/3042
f 3261/4097/3043 3262/4503/3415 2870/4098/3044
f 3582/4099/3045 3584/4101/3047 3585/3627/2580
f 3246/4082/3028 3580/4080/3026 3581/3492/2445
f 3891/4100/3046 3894/4108/3054 3582/4099/3045
f 3584/4101/3047 2931/4107/3053 2930/3556/2509
f 3588/4102/3048 3589/4110/3056 3587/4103/3049
f 3900/4105/3051 3586/4104/3050 3203/3936/2887
f 3897/4106/3052 3248/4320/3250 2931/4107/3053
f 3894/4108/3054 3897/4106/3052 3584/4101/3047
f 3590/4109/3055 3591/3286/2239 3589/4110/3056
f 3586/4104/3050 3587/4103/3049 3204/3495/2448
f 3903/4111/3057 3588/4102/3048 3586/4104/3050
f 3241/3976/2927 3242/3287/2240 3591/3286/2239
f 3740/4112/3058 4065/4426/3339 3198/4113/3059
f 2781/3538/2491 3204/3495/2448 3587/4103/3049
f 3750/4115/3061 3587/4103/3049 3589/4110/3056
f 3746/4117/3063 3748/4116/3062 3589/4110/3056
f 3610/4118/3064 3613/4151/3097 3614/4119/3065
f 3612/4121/3067 3225/4158/3104 3076/4122/3068
f 2939/3977/2928 3241/3976/2927 3590/4109/3055
f 3906/4124/3070 3590/4109/3055 3588/4102/3048
f 2924/4125/3071 3285/4537/3445 2648/4126/3072
f 2616/3605/2558 2959/3604/2557 3594/3795/2748
f 3592/4127/3073 2710/3298/2251 2556/3305/2258
f 2992/4128/3074 2991/4133/3079 3608/4129/3075
f 3594/3795/2748 2959/3604/2557 2582/3611/2564
f 3005/4130/3076 3607/3793/2746 3608/4129/3075
f 2557/3299/2252 2710/3298/2251 3592/4127/3073
f 2990/4132/3078 3609/4156/3102 3608/4129/3075
f 3595/3749/2702 3598/3801/2754 3599/3802/2755
f 3599/3802/2755 3600/4136/3082 3597/4135/3081
f 3600/4136/3082 3599/3802/2755 2994/3792/2745
f 2803/4137/3083 3600/4136/3082 2993/3796/2749
f 3619/3750/2703 3595/3749/2702 3596/4134/3080
f 3596/4134/3080 3597/4135/3081 3621/4139/3085
f 3597/4135/3081 2804/3426/2379 3193/4140/3086
f 3633/4141/3087 3226/4154/3100 2671/4142/3088
f 3600/4136/3082 2803/4137/3083 2804/3426/2379
f 3016/3628/2581 2557/3299/2252 2995/3791/2744
f 3601/4144/3090 3602/4147/3093 2991/4133/3079
f 3015/3625/2578 3016/3628/2581 3598/3801/2754
f 2991/4133/3079 3602/4147/3093 3603/4145/3091
f 3012/3683/2636 2573/3473/2426 2990/4132/3078
f 3604/4146/3092 3605/4152/3098 3602/4147/3093
f 3602/4147/3093 3605/4152/3098 3606/4148/3094
f 3734/4149/3095 3736/4419/3332 2668/3162/2115
f 2992/4128/3074 2545/3161/2114 2670/4150/3096
f 3603/4145/3091 3606/4148/3094 3011/3680/2633
f 3613/4151/3097 3606/4148/3094 3605/4152/3098
f 3605/4152/3098 3604/4146/3092 3615/4153/3099
f 3604/4146/3092 2671/4142/3088 3226/4154/3100
f 3555/3947/2898 3112/4387/3303 3054/4155/3101
f 2671/4142/3088 3604/4146/3092 3601/4144/3090
f 2573/3473/2426 2762/3472/2425 3609/4156/3102
f 3608/4129/3075 3609/4156/3102 3007/4157/3103
f 3609/4156/3102 2762/3472/2425 2572/3479/2432
f 3607/3793/2746 3005/4130/3076 2622/3151/2104
f 3612/4121/3067 3611/4120/3066 3614/4119/3065
f 3225/4158/3104 3612/4121/3067 3615/4153/3099
f 3618/4159/3105 3192/4168/3114 3144/4160/3106
f 3213/4162/3108 3111/4165/3111 3610/4118/3064
f 3913/4163/3109 3610/4118/3064 3611/4120/3066
f 3611/4120/3066 3612/4121/3067 3915/4123/3069
f 3111/4165/3111 3110/4430/3343 3613/4151/3097
f 3616/4166/3112 3619/3750/2703 3620/4138/3084
f 3618/4159/3105 3617/4167/3113 3620/4138/3084
f 3192/4168/3114 3618/4159/3105 3621/4139/3085
f 3927/4169/3115 3622/4177/3123 2936/4170/3116
f 3194/4172/3118 3141/4175/3121 3616/4166/3112
f 3922/4173/3119 3616/4166/3112 3617/4167/3113
f 3617/4167/3113 3618/4159/3105 3924/4161/3107
f 3141/4175/3121 3140/3748/2701 3619/3750/2703
f 3624/4176/3122 3625/3345/2298 3623/3347/2300
f 3626/4178/3124 3627/3344/2297 3625/3345/2298
f 2935/3349/2302 2936/4170/3116 3622/4177/3123
f 3930/4179/3125 3624/4176/3122 3622/4177/3123
f 3115/4180/3126 3114/3808/2761 3627/3344/2297
f 3628/4181/3127 3630/4188/3134 3631/4182/3128
f 3936/4184/3130 3628/4181/3127 3164/4185/3131
f 3933/4187/3133 3207/4265/3204 3115/4180/3126
f 3930/4179/3125 3933/4187/3133 3626/4178/3124
f 3630/4188/3134 3632/4191/3137 3633/4141/3087
f 3164/4185/3131 3628/4181/3127 3629/4183/3129
f 3939/4190/3136 3630/4188/3134 3628/4181/3127
f 3632/4191/3137 3225/4158/3104 3226/4154/3100
f 2765/3494/2447 3442/3572/2525 4003/3578/2531
f 3163/4189/3135 3629/4183/3129 3733/4192/3138
f 3629/4183/3129 3631/4182/3128 3735/4194/3140
f 3631/4182/3128 3633/4141/3087 3737/4143/3089
f 3672/4195/3141 3673/3374/2327 3671/3375/2328
f 3636/4197/3143 3010/4211/3157 3239/4198/3144
f 3942/4200/3146 3076/4122/3068 3225/4158/3104
f 3939/4190/3136 3942/4200/3146 3632/4191/3137
f 3637/4201/3147 3638/4204/3150 3635/4202/3148
f 3638/4204/3150 3639/4207/3153 3636/4197/3143
f 3640/4205/3151 3641/4206/3152 3638/4204/3150
f 3641/4206/3152 3642/4212/3158 3639/4207/3153
f 3199/3968/2919 3950/4228/3173 3643/4208/3154
f 3111/4165/3111 3213/4162/3108 3634/4203/3149
f 3946/4209/3155 3634/4203/3149 3635/4202/3148
f 3635/4202/3148 3636/4197/3143 3948/4199/3145
f 3639/4207/3153 3009/4213/3159 3010/4211/3157
f 3642/4212/3158 3008/4215/3161 3009/4213/3159
f 2867/4214/3160 2601/4381/2943 3008/4215/3161
f 2868/4216/3162 2867/4214/3160 3642/4212/3158
f 2869/4217/3163 2868/4216/3162 3641/4206/3152
f 2600/4218/2845 2869/4217/3163 3640/4205/3151
f 3215/4219/3164 3640/4205/3151 3637/4201/3147
f 3214/4220/3165 3637/4201/3147 3634/4203/3149
f 3643/4208/3154 3646/4225/3170 3647/4221/3166
f 3644/4222/3167 3647/4221/3166 3648/4223/3168
f 3646/4225/3170 3649/4237/3181 3650/4226/3171
f 3647/4221/3166 3650/4226/3171 3651/4227/3172
f 3950/4228/3173 3952/4244/3188 3646/4225/3170
f 3136/3967/2918 3643/4208/3154 3644/4222/3167
f 3135/4229/3174 3644/4222/3167 3645/4224/3169
f 3134/4230/3175 3645/4224/3169 3023/4231/3176
f 3645/4224/3169 3648/4223/3168 3024/4233/3178
f 3648/4223/3168 3651/4227/3172 3025/4234/3179
f 3651/4227/3172 3179/4236/3180 2648/4235/3072
f 3650/4226/3171 3178/4238/3182 3179/4236/3180
f 3649/4237/3181 3177/4243/3187 3178/4238/3182
f 3146/4239/3183 3956/4252/3196 3652/4240/3184
f 3954/4242/3186 3166/4317/3247 3177/4243/3187
f 3952/4244/3188 3954/4242/3186 3649/4237/3181
f 3652/4240/3184 3655/4249/3193 3656/4245/3189
f 3653/4246/3190 3656/4245/3189 3657/4247/3191
f 3655/4249/3193 3658/4261/3200 3659/4250/3194
f 3656/4245/3189 3659/4250/3194 3660/4251/3195
f 3956/4252/3196 3958/4266/3205 3655/4249/3193
f 3189/4241/3185 3652/4240/3184 3653/4246/3190
f 3190/4253/3197 3653/4246/3190 3654/4248/3192
f 3191/4254/3198 3654/4248/3192 3087/4255/2936
f 3654/4248/3192 3657/4247/3191 3088/4257/2843
f 3657/4247/3191 3660/4251/3195 3089/4258/2833
f 3660/4251/3195 3209/4260/3199 2604/4259/2834
f 3659/4250/3194 3208/4262/3201 3209/4260/3199
f 3658/4261/3200 3207/4265/3204 3208/4262/3201
f 3962/4263/3202 3661/4267/3206 3243/4171/3117
f 3960/4264/3203 3115/4180/3126 3207/4265/3204
f 3958/4266/3205 3960/4264/3203 3658/4261/3200
f 3661/4267/3206 3664/4272/3211 3665/4268/3207
f 3662/4269/3208 3665/4268/3207 3666/4270/3209
f 3664/4272/3211 3667/4284/3219 3668/4273/3212
f 3668/4273/3212 3669/4280/3216 3666/4270/3209
f 3964/4274/3213 3664/4272/3211 3661/4267/3206
f 3661/4267/3206 3662/4269/3208 3244/4275/3214
f 3244/4275/3214 3662/4269/3208 3663/4271/3210
f 3245/4276/3215 3663/4271/3210 3122/4277/2937
f 3663/4271/3210 3666/4270/3209 3123/4279/2847
f 3669/4280/3216 3124/4282/2838 3123/4279/2847
f 3185/4281/3217 2652/4444/2836 3124/4282/2838
f 3184/4283/3218 3185/4281/3217 3669/4280/3216
f 3667/4284/3219 3183/4289/3224 3184/4283/3218
f 3969/4285/3220 3670/4196/3142 3080/4286/3221
f 3966/4288/3223 3156/4405/3321 3183/4289/3224
f 3964/4274/3213 3966/4288/3223 3667/4284/3219
f 3674/4290/3225 3675/3322/2275 3673/3374/2327
f 3079/3377/2330 3080/4286/3221 3670/4196/3142
f 3972/4291/3226 3672/4195/3141 3670/4196/3142
f 3205/4292/3227 3206/3320/2273 3675/3322/2275
f 3696/4293/3228 3697/3654/2607 3695/3655/2608
f 3977/4295/3230 3676/4299/3234 3073/3931/2882
f 3127/3909/2860 3205/4292/3227 3674/4290/3225
f 3975/4296/3231 3674/4290/3225 3672/4195/3141
f 3679/4297/3232 3680/4300/3235 3677/4298/3233
f 3680/4300/3235 3681/4304/3239 3678/4301/3236
f 3679/4297/3232 3682/4314/3244 3683/4302/3237
f 3680/4300/3235 3683/4302/3237 3684/4303/3238
f 3979/4305/3240 3679/4297/3232 3676/4299/3234
f 3676/4299/3234 3677/4298/3233 3072/4306/3241
f 3677/4298/3233 3678/4301/3236 3071/4307/3242
f 3678/4301/3236 2860/4309/2776 2595/4308/2765
f 3681/4304/3239 2859/4311/2781 2860/4309/2776
f 3681/4304/3239 3684/4303/3238 2858/4310/2786
f 3684/4303/3238 3250/4313/3243 2594/4312/2769
f 3683/4302/3237 3249/4315/3245 3250/4313/3243
f 3682/4314/3244 3248/4320/3250 3249/4315/3245
f 3687/4316/3246 3177/4243/3187 3166/4317/3247
f 3981/4319/3249 2931/4107/3053 3248/4320/3250
f 3979/4305/3240 3981/4319/3249 3682/4314/3244
f 3688/4321/3251 3689/4324/3254 3686/4322/3252
f 3689/4324/3254 3690/4327/3257 3687/4316/3246
f 3691/4325/3255 3692/4326/3256 3689/4324/3254
f 3692/4326/3256 3693/4331/3261 3690/4327/3257
f 3990/4328/3258 3694/4294/3229 3014/3956/2907
f 3141/4175/3121 3194/4172/3118 3685/4323/3253
f 3985/4329/3259 3685/4323/3253 3686/4322/3252
f 3686/4322/3252 3687/4316/3246 3987/4318/3248
f 3690/4327/3257 3178/4238/3182 3177/4243/3187
f 3693/4331/3261 3179/4236/3180 3178/4238/3182
f 3032/4332/3042 2648/4235/3072 3179/4236/3180
f 3033/4333/3038 3032/4332/3042 3693/4331/3261
f 3034/4334/3032 3033/4333/3038 3692/4326/3256
f 2651/4335/3010 3034/4334/3032 3691/4325/3255
f 3196/4336/3262 3691/4325/3255 3688/4321/3251
f 3195/4337/3263 3688/4321/3251 3685/4323/3253
f 3698/4338/3264 3699/3653/2606 3697/3654/2607
f 3013/3657/2610 3014/3956/2907 3694/4294/3229
f 3993/4339/3265 3696/4293/3228 3694/4294/3229
f 3201/3940/2891 3202/3682/2635 3699/3653/2606
f 3718/4340/3266 3720/4386/3302 3721/4341/3267
f 3251/3959/2910 3998/4352/3278 3700/4343/3269
f 3133/3941/2892 3201/3940/2891 3698/4338/3264
f 3996/4344/3270 3698/4338/3264 3696/4293/3228
f 3700/4343/3269 3703/4349/3275 3704/4345/3271
f 3701/4346/3272 3704/4345/3271 3705/4347/3273
f 3703/4349/3275 3706/4361/3282 3707/4350/3276
f 3704/4345/3271 3707/4350/3276 3708/4351/3277
f 3998/4352/3278 4000/4366/3287 3703/4349/3275
f 2929/3958/2909 3700/4343/3269 3701/4346/3272
f 2928/4353/3279 3701/4346/3272 3702/4348/3274
f 2927/4354/3280 3702/4348/3274 3093/4355/2788
f 3702/4348/3274 3705/4347/3273 3094/4357/2784
f 3705/4347/3273 3708/4351/3277 3095/4358/2779
f 3708/4351/3277 3137/4360/3281 2649/4359/2780
f 3707/4350/3276 3138/4362/3283 3137/4360/3281
f 3706/4361/3282 3139/4365/3286 3138/4362/3283
f 3246/4082/3028 4004/4374/3295 3709/4363/3284
f 4002/4364/3285 3197/4578/3475 3139/4365/3286
f 4000/4366/3287 4002/4364/3285 3706/4361/3282
f 3709/4363/3284 3712/4371/3292 3713/4367/3288
f 3710/4368/3289 3713/4367/3288 3714/4369/3290
f 3712/4371/3292 3715/4382/3298 3716/4372/3293
f 3713/4367/3288 3716/4372/3293 3717/4373/3294
f 4004/4374/3295 4006/4385/3301 3712/4371/3292
f 2934/4081/3027 3709/4363/3284 3710/4368/3289
f 2933/4375/3296 3710/4368/3289 3711/4370/3291
f 2932/4376/3297 3711/4370/3291 2882/4377/2956
f 3711/4370/3291 3714/4369/3290 2883/4379/2951
f 3714/4369/3290 3717/4373/3294 2884/4380/2942
f 3717/4373/3294 3008/4215/3161 2601/4381/2943
f 3716/4372/3293 3009/4213/3159 3008/4215/3161
f 3715/4382/3298 3010/4211/3157 3009/4213/3159
f 4011/4383/3299 3718/4340/3266 3113/3946/2897
f 4008/4384/3300 3239/4198/3144 3010/4211/3157
f 4006/4385/3301 4008/4384/3300 3715/4382/3298
f 3720/4386/3302 3722/4389/3305 3723/3425/2378
f 3113/3946/2897 3718/4340/3266 3719/4342/3268
f 4014/4388/3304 3720/4386/3302 3718/4340/3266
f 3722/4389/3305 3192/4168/3114 3193/4140/3086
f 2693/3240/2193 3788/4486/3398 3955/4390/3306
f 3112/4387/3303 3719/4342/3268 3772/4391/3307
f 3719/4342/3268 3721/4341/3267 3774/4392/3308
f 3721/4341/3267 3723/3425/2378 3776/3427/2380
f 3766/4393/3309 3768/4461/3373 3769/3400/2353
f 4023/4394/3310 3726/4402/3318 3174/4395/3311
f 4017/4397/3313 3144/4160/3106 3192/4168/3114
f 4014/4388/3304 4017/4397/3313 3722/4389/3305
f 3727/4398/3314 3728/4404/3320 3725/4399/3315
f 3725/4399/3315 3728/4404/3320 3729/4401/3317
f 3727/4398/3314 3730/4415/3329 3731/4403/3319
f 3731/4403/3319 3732/4411/3327 3729/4401/3317
f 3156/4405/3321 4025/4443/3356 3751/4406/3322
f 3222/4407/3323 3724/4400/3316 4021/4408/3324
f 3724/4400/3316 3725/4399/3315 4022/4409/3325
f 4022/4409/3325 3725/4399/3315 3726/4402/3318
f 3726/4402/3318 3729/4401/3317 3175/4410/3326
f 3732/4411/3327 3176/4413/3328 3175/4410/3326
f 3090/4412/2815 2666/4596/2824 3176/4413/3328
f 3091/4414/2807 3090/4412/2815 3732/4411/3327
f 3730/4415/3329 3092/4417/2801 3091/4414/2807
f 3224/4416/3330 2606/4681/2799 3092/4417/2801
f 3223/4418/3331 3224/4416/3330 3730/4415/3329
f 3223/4418/3331 3727/4398/3314 3724/4400/3316
f 3733/4192/3138 3735/4194/3140 3736/4419/3332
f 3736/4419/3332 3738/4420/3333 2667/3160/2113
f 3735/4194/3140 3737/4143/3089 3738/4420/3333
f 3041/3274/2227 3734/4149/3095 2669/3168/2121
f 3042/4193/3139 3733/4192/3138 3734/4149/3095
f 3738/4420/3333 2670/4150/3096 2545/3161/2114
f 2815/3638/2591 3741/4422/3335 3739/4421/3334
f 3737/4143/3089 2671/4142/3088 2670/4150/3096
f 2816/3641/2594 3743/4424/3337 3741/4422/3335
f 3741/4422/3335 3742/4425/3338 3740/4112/3058
f 3048/4423/3336 2587/3665/2618 2814/3643/2596
f 3743/4424/3337 3744/4427/3340 3742/4425/3338
f 2585/3790/2743 2818/3798/2751 3743/4424/3337
f 3739/4421/3334 3740/4112/3058 3047/4114/3060
f 3742/4425/3338 4064/4428/3341 4065/4426/3339
f 3744/4427/3340 4063/4429/3342 4064/4428/3341
f 2817/3770/2723 3167/3769/2722 4063/4429/3342
f 3110/4430/3343 3011/3680/2633 3606/4148/3094
f 2818/3798/2751 2817/3770/2723 3744/4427/3340
f 2799/3589/2542 2798/3586/2539 3747/4431/3344
f 2798/3586/2539 2797/3583/2536 3749/4433/3346
f 3745/4432/3345 3747/4431/3344 3748/4116/3062
f 2576/3460/2413 2799/3589/2542 3745/4432/3345
f 3747/4431/3344 3749/4433/3346 3750/4115/3061
f 2797/3583/2536 2574/3533/2486 2780/3534/2487
f 3046/3459/2412 3745/4432/3345 3746/4117/3063
f 3749/4433/3346 2780/3534/2487 2781/3538/2491
f 3763/4434/3347 2837/3730/2683 2838/3732/2685
f 3754/4436/3349 3755/4438/3351 3752/4437/3350
f 3755/4438/3351 3756/4442/3355 3753/4439/3352
f 3757/4440/3353 3758/4441/3354 3755/4438/3351
f 3758/4441/3354 3759/4446/3358 3756/4442/3355
f 4025/4443/3356 4027/4452/3364 3754/4436/3349
f 3751/4406/3322 3752/4437/3350 3184/4283/3218
f 3752/4437/3350 3753/4439/3352 3185/4281/3217
f 3753/4439/3352 3099/4445/3357 2652/4444/2836
f 3756/4442/3355 3100/4447/3359 3099/4445/3357
f 3759/4446/3358 3101/4448/3360 3100/4447/3359
f 3231/3916/2867 2602/3917/2868 3101/4448/3360
f 3230/3915/2866 3231/3916/2867 3759/4446/3358
f 3229/3913/2864 3230/3915/2866 3758/4441/3354
f 3186/4449/3361 4032/4462/3374 3766/4393/3309
f 3050/4450/3362 3229/3913/2864 3757/4440/3353
f 4029/4451/3363 3757/4440/3353 3754/4436/3349
f 3762/4453/3365 3763/4434/3347 3761/4435/3348
f 3765/4455/3367 2836/3734/2687 2837/3730/2683
f 3764/4456/3368 3765/4455/3367 3763/4434/3347
f 3761/4435/3348 2838/3732/2685 2587/3665/2618
f 2716/3319/2272 3391/3418/2371 3949/3423/2376
f 3760/4454/3366 3761/4435/3348 3048/4423/3336
f 2824/3703/2656 2584/3702/2655 2836/3734/2687
f 3773/4457/3369 3775/4468/3380 2801/3592/2545
f 2823/3463/2416 2824/3703/2656 3765/4455/3367
f 3764/4456/3368 3762/4453/3365 3999/4458/3370
f 3760/4454/3366 4001/4459/3371 3999/4458/3370
f 3047/4114/3060 3198/4113/3059 4001/4459/3371
f 3770/4460/3372 3771/3379/2332 3769/3400/2353
f 3154/3979/2930 3766/4393/3309 3767/3401/2354
f 4032/4462/3374 4035/4467/3379 3768/4461/3373
f 3080/4286/3221 3079/3377/2330 3771/3379/2332
f 3792/4463/3375 3793/3281/2234 3791/3282/2235
f 4041/4465/3377 3790/4464/3376 3170/3926/2877
f 3219/4287/3222 3080/4286/3221 3770/4460/3372
f 4038/4466/3378 3770/4460/3372 3768/4461/3373
f 3772/4391/3307 3774/4392/3308 3775/4468/3380
f 3775/4468/3380 3777/4469/3381 2800/3593/2546
f 3774/4392/3308 3776/3427/2380 3777/4469/3381
f 3053/3738/2691 3773/4457/3369 2802/3595/2548
f 3054/4155/3101 3772/4391/3307 3773/4457/3369
f 3777/4469/3381 2803/4137/3083 2582/3611/2564
f 3782/4470/3382 3781/4471/3383 2730/3334/2287
f 3776/3427/2380 2804/3426/2379 2803/4137/3083
f 3781/4471/3383 3782/4470/3382 3779/4472/3384
f 3782/4470/3382 3783/4475/3387 3780/4474/3386
f 3783/4475/3387 3782/4470/3382 2729/3329/2282
f 3057/4476/3388 3783/4475/3387 2728/3326/2279
f 3778/4473/3385 3779/4472/3384 4026/4477/3389
f 3779/4472/3384 3780/4474/3386 4028/4479/3391
f 3780/4474/3386 3058/3351/2304 3049/4480/3392
f 3783/4475/3387 3057/4476/3388 3058/3351/2304
f 2561/3763/2716 2730/3334/2287 3781/4471/3383
f 3787/4481/3393 2704/3266/2219 2705/3268/2221
f 2726/3762/2715 3781/4471/3383 3778/4473/3385
f 3786/4483/3395 3787/4481/3393 3785/4482/3394
f 3789/4485/3397 2703/3270/2223 2704/3266/2219
f 3788/4486/3398 3789/4485/3397 3787/4481/3393
f 2549/3210/2163 3055/3339/2292 3785/4482/3394
f 2727/3771/2724 3778/4473/3385 4024/4478/3390
f 3784/4484/3396 3785/4482/3394 3055/3339/2292
f 2694/3235/2188 2547/3234/2187 2703/3270/2223
f 2755/3439/2392 2754/3436/2389 3798/4487/3399
f 2693/3240/2193 2694/3235/2188 3789/4485/3397
f 3788/4486/3398 3786/4483/3395 3957/4489/3401
f 3784/4484/3396 3959/4490/3402 3957/4489/3401
f 3056/3343/2296 3114/3808/2761 3959/4490/3402
f 3794/4491/3403 3795/4493/3405 3793/3281/2234
f 3169/3284/2237 3170/3926/2877 3790/4464/3376
f 4044/4492/3404 3792/4463/3375 3790/4464/3376
f 3164/4185/3131 3163/4189/3135 3795/4493/3405
f 3811/4494/3406 3813/4574/3471 3814/3236/2189
f 4049/4495/3407 3802/4555/3457 3019/4496/3408
f 3180/4186/3132 3164/4185/3131 3794/4491/3403
f 4047/4497/3409 3794/4491/3403 3792/4463/3375
f 2754/3436/2389 2753/3433/2386 3800/4498/3410
f 3796/4488/3400 3798/4487/3399 3799/4499/3411
f 2563/3357/2310 2755/3439/2392 3796/4488/3400
f 3798/4487/3399 3800/4498/3410 3801/4500/3412
f 2753/3433/2386 2559/3380/2333 2736/3381/2334
f 3057/4476/3388 3796/4488/3400 3797/3352/2305
f 4072/4501/3413 4074/3350/2303 3797/3352/2305
f 4072/4501/3413 3799/4499/3411 3801/4500/3412
f 4070/4502/3414 3801/4500/3412 2737/3385/2338
f 3795/4493/3405 3163/4189/3135 3042/4193/3139
f 3800/4498/3410 2736/3381/2334 2737/3385/2338
f 3262/4503/3415 3294/3881/2832 2604/3883/2834
f 2925/4504/3416 3279/4046/2992 2654/4047/2993
f 2926/4506/3418 2925/4504/3416 3031/4505/3417
f 2996/4508/3420 2926/4506/3418 3030/4507/3419
f 3298/4510/3422 3263/4516/3426 2869/4511/3163
f 2590/3878/2829 3305/3877/2828 2639/4512/3423
f 3287/4514/3425 2996/4508/3420 3029/4509/3421
f 3263/4516/3426 3264/4520/3429 2868/4517/3162
f 3107/4513/3424 2639/4512/3423 2640/4518/3427
f 3264/4520/3429 3265/4526/3434 2867/4521/3160
f 3275/4522/3430 2997/4527/3435 3028/4523/3431
f 3106/4519/3428 2640/4518/3427 2641/4524/3432
f 3265/4526/3434 3297/3993/2941 2601/3995/2943
f 2997/4527/3435 2998/4530/3438 3027/4528/3436
f 3105/4525/3433 2641/4524/3432 3288/4529/3437
f 2998/4530/3438 3062/4534/3442 3026/4531/3439
f 2593/3845/2798 3302/3844/2797 2656/4532/3440
f 3062/4534/3442 3284/3825/2778 2649/3827/2780
f 3104/4533/3441 2656/4532/3440 2658/4535/3443
f 3285/4537/3445 3063/4541/3448 3025/4538/3179
f 3103/4536/3444 2658/4535/3443 2659/4539/3446
f 3063/4541/3448 3064/4544/3450 3024/4542/3178
f 3102/4540/3447 2659/4539/3446 3286/4543/3449
f 3064/4544/3450 3068/4548/3452 3023/4545/3176
f 2602/4006/2868 3296/4005/2952 2661/4546/3451
f 3068/4548/3452 3287/4514/3425 2646/4515/3177
f 3101/4547/3360 2661/4546/3451 2662/4549/3453
f 3100/4550/3359 2662/4549/3453 2663/4551/3454
f 3805/4553/3455 3806/4556/3458 3803/4554/3456
f 3806/4556/3458 3807/4560/3462 3804/4557/3459
f 3805/4553/3455 3808/4570/3467 3809/4558/3460
f 3806/4556/3458 3809/4558/3460 3810/4559/3461
f 4051/4561/3463 3805/4553/3455 3802/4555/3457
f 3802/4555/3457 3803/4554/3456 3018/4562/3464
f 3803/4554/3456 3804/4557/3459 3017/4563/3465
f 3804/4557/3459 2857/4565/2796 2593/4564/2798
f 3807/4560/3462 2856/4567/2804 2857/4565/2796
f 3807/4560/3462 3810/4559/3461 2855/4566/2811
f 3810/4559/3461 3020/4569/3466 2592/4568/2820
f 3809/4558/3460 3021/4571/3468 3020/4569/3466
f 3808/4570/3467 3022/4573/3470 3021/4571/3468
f 3189/4241/3185 4056/4575/3472 3811/4494/3406
f 4053/4572/3469 3232/4581/3478 3022/4573/3470
f 4051/4561/3463 4053/4572/3469 3808/4570/3467
f 3813/4574/3471 3815/4576/3473 3816/3203/2156
f 3146/4239/3183 3811/4494/3406 3812/3237/2190
f 4056/4575/3472 4059/4582/3479 3813/4574/3471
f 3815/4576/3473 3232/4581/3478 3233/3259/2212
f 3943/3681/2634 3946/4209/3155 3947/4210/3156
f 3819/4577/3474 3139/4365/3286 3197/4578/3475
f 4062/4580/3477 3022/4573/3470 3232/4581/3478
f 4059/4582/3479 4062/4580/3477 3815/4576/3473
f 3820/4583/3480 3821/4586/3483 3818/4584/3481
f 3821/4586/3483 3822/4589/3486 3819/4577/3474
f 3823/4587/3484 3824/4588/3485 3821/4586/3483
f 3824/4588/3485 3825/4592/3489 3822/4589/3486
f 3531/3901/2852 4069/3910/2861 3205/4292/3227
f 3168/4396/3312 3174/4395/3311 3817/4585/3482
f 4066/4590/3487 3817/4585/3482 3818/4584/3481
f 3818/4584/3481 3819/4577/3474 4068/4579/3476
f 3822/4589/3486 3138/4362/3283 3139/4365/3286
f 3825/4592/3489 3137/4360/3281 3138/4362/3283
f 3026/4593/3439 2649/4359/2780 3137/4360/3281
f 3027/4594/3436 3026/4593/3439 3825/4592/3489
f 3028/4595/3431 3027/4594/3436 3824/4588/3485
f 2666/4596/2824 3028/4595/3431 3823/4587/3484
f 3176/4413/3328 3823/4587/3484 3820/4583/3480
f 3175/4410/3326 3820/4583/3480 3817/4585/3482
f 3829/4597/3490 3830/4600/3493 3827/4598/3491
f 3830/4600/3493 3831/3924/2875 3828/3925/2876
f 3832/4601/3494 3833/4602/3495 3830/4600/3493
f 3833/4602/3495 3834/3933/2884 3831/3924/2875
f 3104/4603/3441 3826/4599/3492 3017/4563/3465
f 3826/4599/3492 3827/4598/3491 3018/4562/3464
f 3827/4598/3491 3828/3925/2876 3019/4496/3408
f 3172/4604/3496 3171/3932/2883 3834/3933/2884
f 3173/4605/3497 3172/4604/3496 3833/4602/3495
f 2647/4606/3005 3173/4605/3497 3832/4601/3494
f 3102/4607/3447 3832/4601/3494 3829/4597/3490
f 3103/4608/3444 3829/4597/3490 3826/4599/3492
f 3838/4609/3498 3839/4612/3501 3836/4610/3499
f 3839/4612/3501 3840/3935/2886 3837/3929/2880
f 3841/4613/3502 3842/4614/3503 3839/4612/3501
f 3842/4614/3503 3843/3943/2894 3840/3935/2886
f 3098/4615/2767 3835/4611/3500 3071/4307/3242
f 3835/4611/3500 3836/4610/3499 3072/4306/3241
f 3836/4610/3499 3837/3929/2880 3073/3931/2882
f 3129/4616/3504 3130/3942/2893 3843/3943/2894
f 3128/4617/3505 3129/4616/3504 3842/4614/3503
f 2644/4618/2775 3128/4617/3505 3841/4613/3502
f 3096/4619/2773 3841/4613/3502 3838/4609/3498
f 3097/4620/2771 3838/4609/3498 3835/4611/3500
f 3847/4621/3506 3848/4624/3509 3845/4622/3507
f 3848/4624/3509 3849/3945/2896 3846/3939/2890
f 3850/4625/3510 3851/4626/3511 3848/4624/3509
f 3851/4626/3511 3852/3952/2903 3849/3945/2896
f 3147/4627/3021 3844/4623/3508 3131/4628/3512
f 3844/4623/3508 3845/4622/3507 3132/4630/3513
f 3845/4622/3507 3846/3939/2890 3133/3941/2892
f 3211/4631/3514 3210/3951/2902 3852/3952/2903
f 3212/4632/3515 3211/4631/3514 3851/4626/3511
f 2642/4633/2957 3212/4632/3515 3850/4625/3510
f 3149/4634/3015 3850/4625/3510 3847/4621/3506
f 3148/4635/3018 3847/4621/3506 3844/4623/3508
f 3853/4636/3516 3856/4640/3520 3857/4637/3517
f 3854/4638/3518 3857/4637/3517 3858/3962/2913
f 3859/4639/3519 3860/4641/3521 3857/4637/3517
f 3860/4641/3521 3861/3961/2912 3858/3962/2913
f 2589/4642/2809 2852/4650/2933 3853/4636/3516
f 3218/4643/3522 3853/4636/3516 3854/4638/3518
f 3217/4644/3523 3854/4638/3518 3855/3955/2906
f 3237/4645/3524 3236/3960/2911 3861/3961/2912
f 3238/4646/3525 3237/4645/3524 3860/4641/3521
f 2590/4647/2829 3238/4646/3525 3859/4639/3519
f 2854/4648/2827 3859/4639/3519 3856/4640/3520
f 2852/4650/2933 2853/4649/2839 3856/4640/3520
f 3862/4651/3526 3865/4654/3529 3866/4652/3527
f 3863/4653/3528 3866/4652/3527 3867/3970/2921
f 3865/4654/3529 3868/4656/3531 3869/4655/3530
f 3866/4652/3527 3869/4655/3530 3870/3969/2920
f 2657/4356/2791 3061/4659/2790 3862/4651/3526
f 2927/4354/3280 3862/4651/3526 3863/4653/3528
f 2928/4353/3279 3863/4653/3528 3864/3964/2915
f 3869/4655/3530 3217/4644/3523 3216/3949/2900
f 3868/4656/3531 3218/4643/3522 3217/4644/3523
f 3059/4657/2803 2589/4642/2809 3218/4643/3522
f 3060/4658/2795 3059/4657/2803 3868/4656/3531
f 3061/4659/2790 3060/4658/2795 3865/4654/3529
f 3871/4660/3532 3874/4663/3535 3875/4661/3533
f 3872/4662/3534 3875/4661/3533 3876/3980/2931
f 3874/4663/3535 3877/4665/3537 3878/4664/3536
f 3875/4661/3533 3878/4664/3536 3879/3978/2929
f 2646/4232/3177 3029/4670/3421 3871/4660/3532
f 3134/4230/3175 3871/4660/3532 3872/4662/3534
f 3135/4229/3174 3872/4662/3534 3873/3972/2923
f 3878/4664/3536 3187/4666/3538 3186/4449/3361
f 3877/4665/3537 3188/4668/3539 3187/4666/3538
f 3031/4667/3417 2654/4783/2993 3188/4668/3539
f 3030/4669/3419 3031/4667/3417 3877/4665/3537
f 3029/4670/3421 3030/4669/3419 3874/4663/3535
f 3883/4671/3540 3884/4674/3543 3881/4672/3541
f 3884/4674/3543 3885/4078/3024 3882/3975/2926
f 3886/4675/3544 3887/4676/3545 3884/4674/3543
f 3887/4676/3545 3888/4083/3029 3885/4078/3024
f 2878/4677/2982 3880/4673/3542 2937/4678/3546
f 3880/4673/3542 3881/4672/3541 2938/4680/3547
f 3881/4672/3541 3882/3975/2926 2939/3977/2928
f 3223/4418/3331 3222/4407/3323 3888/4083/3029
f 3224/4416/3330 3223/4418/3331 3887/4676/3545
f 2606/4681/2799 3224/4416/3330 3886/4675/3544
f 2876/4682/2997 3886/4675/3544 3883/4671/3540
f 2877/4683/2990 3883/4671/3540 3880/4673/3542
f 3889/4684/3548 3892/4687/3551 3893/4685/3549
f 3890/4686/3550 3893/4685/3549 3894/4108/3054
f 3892/4687/3551 3895/4689/3553 3896/4688/3552
f 3893/4685/3549 3896/4688/3552 3897/4106/3052
f 2660/4378/2963 3067/4692/3554 3889/4684/3548
f 2932/4376/3297 3889/4684/3548 3890/4686/3550
f 2933/4375/3296 3890/4686/3550 3891/4100/3046
f 3896/4688/3552 3249/4315/3245 3248/4320/3250
f 3895/4689/3553 3250/4313/3243 3249/4315/3245
f 3065/4690/2763 2594/4312/2769 3250/4313/3243
f 3066/4691/2764 3065/4690/2763 3895/4689/3553
f 3067/4692/3554 3066/4691/2764 3892/4687/3551
f 3901/4693/3555 3902/4696/3558 3899/4694/3556
f 3902/4696/3558 3903/4111/3057 3900/4105/3051
f 3904/4697/3559 3905/4698/3560 3902/4696/3558
f 3905/4698/3560 3906/4124/3070 3903/4111/3057
f 3150/4699/3007 3898/4695/3557 3128/4617/3505
f 3898/4695/3557 3899/4694/3556 3129/4616/3504
f 3899/4694/3556 3900/4105/3051 3130/3942/2893
f 2938/4680/3547 2939/3977/2928 3906/4124/3070
f 2937/4678/3546 2938/4680/3547 3905/4698/3560
f 2605/4679/2980 2937/4678/3546 3904/4697/3559
f 3152/4700/2998 3904/4697/3559 3901/4693/3555
f 3151/4701/3003 3901/4693/3555 3898/4695/3557
f 3910/4702/3561 3911/4707/3566 3908/4703/3562
f 3908/4703/3562 3911/4707/3566 3912/4705/3564
f 3910/4702/3561 3913/4163/3109 3914/4164/3110
f 3914/4164/3110 3915/4123/3069 3912/4705/3564
f 3215/4219/3164 3907/4704/3563 2999/4708/2835
f 3907/4704/3563 3908/4703/3562 3000/4709/2826
f 3000/4709/2826 3908/4703/3562 3909/4706/3565
f 3001/4710/2818 3909/4706/3565 3074/4711/3567
f 3909/4706/3565 3912/4705/3564 3075/4713/3568
f 3915/4123/3069 3076/4122/3068 3075/4713/3568
f 3214/4220/3165 3213/4162/3108 3913/4163/3109
f 3214/4220/3165 3910/4702/3561 3907/4704/3563
f 3919/4714/3569 3920/4719/3574 3917/4715/3570
f 3917/4715/3570 3920/4719/3574 3921/4717/3572
f 3922/4173/3119 3923/4174/3120 3920/4719/3574
f 3923/4174/3120 3924/4161/3107 3921/4717/3572
f 3196/4336/3262 3916/4716/3571 3037/4720/3011
f 3916/4716/3571 3917/4715/3570 3036/4721/3014
f 3036/4721/3014 3917/4715/3570 3918/4718/3573
f 3035/4722/3017 3918/4718/3573 3142/4723/3575
f 3918/4718/3573 3921/4717/3572 3143/4725/3576
f 3924/4161/3107 3144/4160/3106 3143/4725/3576
f 3194/4172/3118 3922/4173/3119 3919/4714/3569
f 3195/4337/3263 3919/4714/3569 3916/4716/3571
f 3925/4726/3577 3928/4729/3580 3929/4727/3578
f 3926/4728/3579 3929/4727/3578 3930/4179/3125
f 3928/4729/3580 3931/4731/3582 3932/4730/3581
f 3929/4727/3578 3932/4730/3581 3933/4187/3133
f 2603/4278/2945 2872/4734/3034 3925/4726/3577
f 3245/4276/3215 3925/4726/3577 3926/4728/3579
f 3244/4275/3214 3926/4728/3579 3927/4169/3115
f 3932/4730/3581 3208/4262/3201 3207/4265/3204
f 3931/4731/3582 3209/4260/3199 3208/4262/3201
f 2870/4732/3044 2604/4259/2834 3209/4260/3199
f 2871/4733/3040 2870/4732/3044 3931/4731/3582
f 2872/4734/3034 2871/4733/3040 3928/4729/3580
f 3937/4735/3583 3938/4738/3586 3935/4736/3584
f 3938/4738/3586 3939/4190/3136 3936/4184/3130
f 3940/4739/3587 3941/4740/3588 3938/4738/3586
f 3941/4740/3588 3942/4200/3146 3939/4190/3136
f 3118/4741/2973 3934/4737/3585 3182/4742/3589
f 3934/4737/3585 3935/4736/3584 3181/4744/3590
f 3935/4736/3584 3936/4184/3130 3180/4186/3132
f 3075/4713/3568 3076/4122/3068 3942/4200/3146
f 3074/4711/3567 3075/4713/3568 3941/4740/3588
f 2599/4712/2816 3074/4711/3567 3940/4739/3587
f 3116/4745/2984 3940/4739/3587 3937/4735/3583
f 3117/4746/2977 3937/4735/3583 3934/4737/3585
f 3944/3679/2632 3947/4210/3156 3948/4199/3145
f 3239/4198/3144 3240/3558/2511 3945/3677/2630
f 3110/4430/3343 3111/4165/3111 3946/4209/3155
f 3949/3423/2376 3951/3422/2375 3952/4244/3188
f 3951/3422/2375 3953/3424/2377 3954/4242/3186
f 3200/3318/2271 3949/3423/2376 3950/4228/3173
f 3953/3424/2377 3165/3404/2357 3166/4317/3247
f 3955/4390/3306 3957/4489/3401 3958/4266/3205
f 3957/4489/3401 3959/4490/3402 3960/4264/3203
f 3145/3239/2192 3955/4390/3306 3956/4252/3196
f 3959/4490/3402 3114/3808/2761 3115/4180/3126
f 3963/3766/2719 3964/4274/3213 3962/4263/3202
f 3963/3766/2719 3965/3765/2718 3966/4288/3223
f 3961/3764/2717 3962/4263/3202 2936/4170/3116
f 3965/3765/2718 3155/3767/2720 3156/4405/3321
f 3978/3555/2508 3979/4305/3240 3977/4295/3230
f 3970/4747/3591 3971/4750/3594 3968/4748/3592
f 3971/4750/3594 3972/4291/3226 3969/4285/3220
f 3973/4751/3595 3974/4752/3596 3971/4750/3594
f 3974/4752/3596 3975/4296/3231 3972/4291/3226
f 3086/4753/2949 3967/4749/3593 3221/4754/3597
f 3967/4749/3593 3968/4748/3592 3220/4756/3598
f 3968/4748/3592 3969/4285/3220 3219/4287/3222
f 3126/3908/2859 3127/3909/2860 3975/4296/3231
f 3125/3906/2857 3126/3908/2859 3974/4752/3596
f 2643/3907/2858 3125/3906/2857 3973/4751/3595
f 3084/4757/2961 3973/4751/3595 3970/4747/3591
f 3085/4758/2954 3970/4747/3591 3967/4749/3593
f 3978/3555/2508 3980/3554/2507 3981/4319/3249
f 3227/3930/2881 3228/3531/2484 3976/3553/2506
f 3980/3554/2507 2930/3556/2509 2931/4107/3053
f 3982/3626/2579 3985/4329/3259 3986/4330/3260
f 3983/3624/2577 3986/4330/3260 3987/4318/3248
f 3984/3622/2575 3987/4318/3248 3166/4317/3247
f 3140/3748/2701 3141/4175/3121 3985/4329/3259
f 3997/3464/2417 3999/4458/3370 4000/4366/3287
f 3991/4759/3599 3992/4762/3602 3989/4760/3600
f 3992/4762/3602 3993/4339/3265 3990/4328/3258
f 3994/4763/3603 3995/4764/3604 3992/4762/3602
f 3995/4764/3604 3996/4344/3270 3993/4339/3265
f 3107/4765/3424 3988/4761/3601 3238/4646/3525
f 3988/4761/3601 3989/4760/3600 3237/4645/3524
f 3989/4760/3600 3990/4328/3258 3236/3960/2911
f 3132/4630/3513 3133/3941/2892 3996/4344/3270
f 3131/4628/3512 3132/4630/3513 3995/4764/3604
f 2645/4629/3035 3131/4628/3512 3994/4763/3603
f 3105/4766/3433 3994/4763/3603 3991/4759/3599
f 3106/4767/3428 3991/4759/3599 3988/4761/3601
f 3999/4458/3370 4001/4459/3371 4002/4364/3285
f 3252/3465/2418 3997/3464/2417 3998/4352/3278
f 4001/4459/3371 3198/4113/3059 3197/4578/3475
f 4003/3578/2531 4005/3577/2530 4006/4385/3301
f 4005/3577/2530 4007/3579/2532 4008/4384/3300
f 3247/3493/2446 4003/3578/2531 4004/4374/3295
f 4007/3579/2532 3240/3558/2511 3239/4198/3144
f 4019/3806/2759 4018/3805/2758 4021/4408/3324
f 4012/4768/3605 4013/4771/3608 4010/4769/3606
f 4013/4771/3608 4014/4388/3304 4011/4383/3299
f 4015/4772/3609 4016/4773/3610 4013/4771/3608
f 4016/4773/3610 4017/4397/3313 4014/4388/3304
f 3121/4774/2959 4009/4770/3607 3212/4632/3515
f 4009/4770/3607 4010/4769/3606 3211/4631/3514
f 4010/4769/3606 4011/4383/3299 3210/3951/2902
f 3143/4725/3576 3144/4160/3106 4017/4397/3313
f 3142/4723/3575 3143/4725/3576 4016/4773/3610
f 2653/4724/2970 3142/4723/3575 4015/4772/3609
f 3119/4775/2968 4015/4772/3609 4012/4768/3605
f 3120/4776/2965 4012/4768/3605 4009/4770/3607
f 4019/3806/2759 4022/4409/3325 4023/4394/3310
f 4020/3804/2757 4023/4394/3310 3168/4396/3312
f 3078/4084/3030 4021/4408/3324 4018/3805/2758
f 4024/4478/3390 4026/4477/3389 4027/4452/3364
f 4026/4477/3389 4028/4479/3391 4029/4451/3363
f 3155/3767/2720 4024/4478/3390 4025/4443/3356
f 4028/4479/3391 3049/4480/3392 3050/4450/3362
f 4050/3257/2210 4051/4561/3463 4049/4495/3407
f 4030/4777/3611 4033/4781/3615 4034/4778/3612
f 4031/4779/3613 4034/4778/3612 4035/4467/3379
f 4036/4780/3614 4037/4782/3616 4034/4778/3612
f 4037/4782/3616 4038/4466/3378 4035/4467/3379
f 2654/4783/2993 3081/4786/2986 4030/4777/3611
f 3188/4668/3539 4030/4777/3611 4031/4779/3613
f 3187/4666/3538 4031/4779/3613 4032/4462/3374
f 3220/4756/3598 3219/4287/3222 4038/4466/3378
f 3221/4754/3597 3220/4756/3598 4037/4782/3616
f 2591/4755/2947 3221/4754/3597 4036/4780/3614
f 3083/4784/2974 4036/4780/3614 4033/4781/3615
f 3081/4786/2986 3082/4785/2978 4033/4781/3615
f 4042/4787/3617 4043/4790/3620 4040/4788/3618
f 4043/4790/3620 4044/4492/3404 4041/4465/3377
f 4045/4791/3621 4046/4792/3622 4043/4790/3620
f 4046/4792/3622 4047/4497/3409 4044/4492/3404
f 3038/4793/3000 4039/4789/3619 3173/4605/3497
f 4039/4789/3619 4040/4788/3618 3172/4604/3496
f 4040/4788/3618 4041/4465/3377 3171/3932/2883
f 3181/4744/3590 3180/4186/3132 4047/4497/3409
f 3182/4742/3589 3181/4744/3590 4046/4792/3622
f 2650/4743/2971 3182/4742/3589 4045/4791/3621
f 3040/4794/2987 4045/4791/3621 4042/4787/3617
f 3039/4795/2994 4042/4787/3617 4039/4789/3619
f 4050/3257/2210 4052/3256/2209 4053/4572/3469
f 3234/3923/2874 3235/3202/2155 4048/3255/2208
f 4052/3256/2209 3233/3259/2212 3232/4581/3478
f 4063/4429/3342 4066/4590/3487 4067/4591/3488
f 4054/4796/3623 4057/4799/3626 4058/4797/3624
f 4055/4798/3625 4058/4797/3624 4059/4582/3479
f 4057/4799/3626 4060/4801/3628 4061/4800/3627
f 4058/4797/3624 4061/4800/3627 4062/4580/3477
f 2655/4256/2814 3162/4804/2813 4054/4796/3623
f 3191/4254/3198 4054/4796/3623 4055/4798/3625
f 3190/4253/3197 4055/4798/3625 4056/4575/3472
f 4061/4800/3627 3021/4571/3468 3022/4573/3470
f 4060/4801/3628 3020/4569/3466 3021/4571/3468
f 3160/4802/2831 2592/4568/2820 3020/4569/3466
f 3161/4803/2822 3160/4802/2831 4060/4801/3628
f 3162/4804/2813 3161/4803/2822 4057/4799/3626
f 4064/4428/3341 4067/4591/3488 4068/4579/3476
f 3197/4578/3475 3198/4113/3059 4065/4426/3339
f 3167/3769/2722 3168/4396/3312 4066/4590/3487
f 4071/3912/2863 4072/4501/3413 4070/4502/3414
f 3276/4805/3629 2889/4808/3631 3067/4806/3554
f 3099/4552/3357 2663/4551/3454 3281/4807/3630
f 4073/3914/2865 4074/3350/2303 4072/4501/3413
f 4069/3910/2861 4070/4502/3414 3206/3320/2273
f 3050/4450/3362 3049/4480/3392 4074/3350/2303
f 2889/4808/3631 2890/3809/2762 3066/3811/2764
f 3540/3921/2872 3541/3199/2152 3539/3200/2153
f 3313/3191/2144 3314/3187/2140 2678/3164/2117
f 3308/4809/3632 2895/3158/2111 2896/4810/3633
f 3828/3925/2876 3538/3922/2873 3234/3923/2874
f 3169/3284/2237 2683/3283/2236 3318/3197/2150
f 3308/4809/3632 3307/3152/2105 2669/3168/2121
f 4079/4940/3662 4081/4946/3668 4078/4941/3663
f 4078/4941/3663 4081/4946/3668 4080/4943/3665
f 4082/4945/3667 4084/6907/5176 4081/4946/3668
f 4081/4946/3668 4084/6907/5176 4083/4947/3669
f 4086/4948/329 4088/4951/2082 4087/4949/2082
f 4088/4951/2082 4090/4953/2081 4089/4952/2081
f 4090/4953/2081 4092/4955/2079 4091/4954/2079
f 4092/4955/2079 4094/4957/2078 4093/4956/2078
f 4094/4957/2078 4096/4959/2077 4095/4958/2077
f 4096/4959/2077 4098/4961/2076 4097/4960/2076
f 4098/4961/2076 4100/4963/3670 4099/4962/3670
f 4100/4963/3670 4102/4965/2074 4101/4964/2074
f 4102/4965/2074 4104/6908/440 4103/4966/440
f 4104/4967/440 4106/4970/2073 4105/4968/2073
f 4106/4970/2073 4108/4972/2072 4107/4971/2072
f 4108/4972/2072 4110/4974/2070 4109/4973/2070
f 4110/4974/2070 4112/4976/2069 4111/4975/2069
f 4112/4976/2069 4114/4978/3671 4113/4977/2068
f 4114/4978/3671 4116/4980/2067 4115/4979/2067
f 4116/4980/2067 4118/6909/2066 4117/4981/2066
f 4117/4981/2066 4118/6909/2066 4120/4982/2065
f 4120/4982/2065 4086/4948/329 4085/4950/329
f 4116/4984/2096 4136/5008/2096 4137/4985/2097
f 4108/4987/2095 4106/5010/2094 4131/4988/2094
f 4098/4990/3672 4096/5011/2091 4126/4991/2091
f 4120/4993/2093 4138/5013/2093 4121/4994/2089
f 4110/4996/2087 4133/5014/2087 4134/4997/2088
f 4088/4999/2090 4086/4995/2089 4121/4994/2089
f 4100/5001/2085 4128/5015/2085 4129/5002/2086
f 4090/5004/2083 4123/5016/2083 4124/5005/2084
f 4116/4984/2096 4114/5017/2101 4135/5007/2101
f 4104/5009/2100 4130/5018/2100 4131/4988/2094
f 4096/5011/2091 4094/5019/2099 4125/5012/2099
f 4118/4986/2097 4137/4985/2097 4138/5013/2093
f 4108/4987/2095 4132/4989/2095 4133/5014/2087
f 4098/4990/3672 4127/4992/3672 4128/5015/2085
f 4090/5004/2083 4088/4999/2090 4122/5000/2090
f 4112/4998/2088 4134/4997/2088 4135/5007/2101
f 4104/5009/2100 4102/5003/2086 4129/5002/2086
f 4092/5006/2084 4124/5005/2084 4125/5012/2099
f 4494/5020/3673 4222/6029/4643 4587/5021/3674
f 4907/5023/3676 4540/5037/3690 4227/5024/3677
f 4273/5026/3679 4274/5038/3691 4911/5027/3680
f 4495/5029/3682 4494/5020/3673 4909/5022/3675
f 4587/5021/3674 4145/5658/4310 4267/5031/3684
f 4909/5022/3675 4267/5031/3684 4268/5032/3685
f 4911/5027/3680 4278/5040/3693 4279/5033/3686
f 4910/5028/3681 4279/5033/3686 4141/5034/3687
f 4907/5023/3676 4269/6291/4870 4150/5036/3689
f 4274/5038/3691 4275/5041/3694 4912/5039/3692
f 4912/5039/3692 4277/5047/3700 4278/5040/3693
f 4275/5041/3694 4143/5130/3783 4276/5042/3695
f 4910/5028/3681 4272/5035/3688 4140/5043/3696
f 4513/5044/3697 4920/5049/3702 4919/5045/3698
f 4276/5042/3695 4144/5056/3709 4277/5047/3700
f 4285/5048/3701 4286/5050/3703 4919/5045/3698
f 4286/5050/3703 4148/5212/3865 4541/5051/3704
f 4512/5052/3705 4921/5054/3707 4920/5049/3702
f 4284/5053/3706 4285/5048/3701 4920/5049/3702
f 4277/5047/3700 4915/5057/3710 4914/5055/3708
f 4144/5056/3709 4282/5065/3718 4915/5057/3710
f 4914/5055/3708 4917/5060/3713 4916/5058/3711
f 4915/5057/3710 4918/5066/3719 4917/5060/3713
f 4292/5061/3714 4291/5081/3734 4926/5062/3715
f 4281/5064/3717 4141/5034/3687 4279/5033/3686
f 4282/5065/3718 4283/5153/3806 4918/5066/3719
f 4917/5060/3713 4918/5066/3719 5143/5067/3720
f 4916/5058/3711 4917/5060/3713 5141/5068/3721
f 4280/5070/3723 4916/5058/3711 5139/5069/3722
f 5416/5072/3725 4930/5101/3754 4296/5073/3726
f 4913/5059/3712 4916/5058/3711 4280/5070/3723
f 4214/5075/3728 4588/5080/3733 4921/5054/3707
f 4541/5051/3704 4215/5645/4297 4514/5046/3699
f 4446/5076/3729 4923/5082/3735 4922/5077/3730
f 4149/5079/3732 4284/5053/3706 4921/5054/3707
f 4291/5081/3734 4292/5061/3714 4922/5077/3730
f 4292/5061/3714 4147/5104/3757 4289/5083/3736
f 4447/5084/3737 4924/5086/3739 4923/5082/3735
f 4290/5085/3738 4291/5081/3734 4923/5082/3735
f 4139/5087/3740 4451/5092/3745 4924/5086/3739
f 4289/5083/3736 4146/5158/3811 4445/5078/3731
f 4449/5088/3741 4932/5094/3747 4931/5089/3742
f 4142/5091/3744 4290/5085/3738 4924/5086/3739
f 4298/5093/3746 4299/5095/3748 4931/5089/3742
f 4299/5095/3748 4142/5091/3744 4451/5092/3745
f 4449/5088/3741 4450/5111/3764 4933/5096/3749
f 4933/5096/3749 4297/5115/3768 4298/5093/3746
f 4291/5081/3734 4290/5085/3738 4927/5097/3750
f 4295/5098/3751 4927/5097/3750 4290/5085/3738
f 4925/5063/3716 4926/5062/3715 4929/5099/3752
f 4926/5062/3715 4927/5097/3750 4930/5101/3754
f 4299/5095/3748 4298/5093/3746 4935/5102/3755
f 4925/5063/3716 4294/5109/3762 4147/5104/3757
f 4927/5097/3750 4295/5098/3751 4296/5073/3726
f 5414/5105/3758 4929/5099/3752 4930/5101/3754
f 5412/5106/3759 4928/5100/3753 4929/5099/3752
f 4745/5107/3760 4293/5110/3763 4928/5100/3753
f 4835/5071/3724 5648/5124/3777 4939/5108/3761
f 4294/5109/3762 4925/5063/3716 4928/5100/3753
f 4450/5111/3764 4140/5043/3696 4272/5035/3688
f 4451/5092/3745 4139/5087/3740 4448/5090/3743
f 4542/5112/3765 4543/5117/3770 4941/5113/3766
f 4297/5115/3768 4933/5096/3749 4272/5035/3688
f 4941/5113/3766 4301/5119/3772 4302/5116/3769
f 4940/5114/3767 4302/5116/3769 4144/5056/3709
f 4543/5117/3770 4544/5129/3782 4942/5118/3771
f 4942/5118/3771 4300/5134/3787 4301/5119/3772
f 4297/5115/3768 4936/5120/3773 4935/5102/3755
f 4936/5120/3773 4297/5115/3768 4141/5034/3687
f 4934/5103/3756 4935/5102/3755 4938/5121/3774
f 4936/5120/3773 4939/5108/3761 4938/5121/3774
f 4301/5119/3772 4944/5141/3794 4943/5123/3776
f 4934/5103/3756 4295/5098/3751 4142/5091/3744
f 4281/5064/3717 4280/5070/3723 4939/5108/3761
f 5648/5124/3777 5650/6648/5131 4938/5121/3774
f 4938/5121/3774 5650/6648/5131 5652/5125/3778
f 4937/5122/3775 5652/5125/3778 4833/5074/3727
f 5173/5126/3779 4955/5180/3833 4315/5127/3780
f 4295/5098/3751 4934/5103/3756 4937/5122/3775
f 4544/5129/3782 4227/5024/3677 4540/5037/3690
f 4940/5114/3767 4276/5042/3695 4143/5130/3783
f 4579/5131/3784 4950/5136/3789 4949/5132/3785
f 4300/5134/3787 4942/5118/3771 4540/5037/3690
f 4304/5135/3788 4305/5137/3790 4949/5132/3785
f 4305/5137/3790 4149/5079/3732 4588/5080/3733
f 4580/5138/3791 4951/5140/3793 4950/5136/3789
f 4303/5139/3792 4304/5135/3788 4950/5136/3789
f 4300/5134/3787 4945/5142/3795 4944/5141/3794
f 4150/5036/3689 4641/5148/3801 4945/5142/3795
f 4944/5141/3794 4947/5144/3797 4946/5143/3796
f 4945/5142/3795 4948/5149/3802 4947/5144/3797
f 4319/5145/3798 4320/5172/3825 4958/5146/3799
f 4282/5065/3718 4144/5056/3709 4302/5116/3769
f 4641/5148/3801 4642/6068/4682 4948/5149/3802
f 5393/5150/3803 4947/5144/3797 4948/5149/3802
f 4946/5143/3796 4947/5144/3797 5393/5150/3803
f 4283/5153/3806 4946/5143/3796 5391/5152/3805
f 4645/5155/3808 4842/5331/3984 5191/5156/3809
f 4943/5123/3776 4946/5143/3796 4283/5153/3806
f 4146/5158/3811 4289/5083/3736 4951/5140/3793
f 4588/5080/3733 4214/5075/3728 4578/5133/3786
f 4953/5159/3812 4312/5173/3826 4313/5160/3813
f 4147/5104/3757 4303/5139/3792 4951/5140/3793
f 4953/5159/3812 4952/5161/3814 4308/5162/3815
f 4952/5161/3814 4309/5176/3829 4165/5164/3817
f 4954/5165/3818 4953/5159/3812 4307/5163/3816
f 4310/5167/3820 4954/5165/3818 4306/5166/3819
f 4963/5169/3822 4962/5171/3824 4319/5145/3798
f 4962/5171/3824 4961/5177/3830 4320/5172/3825
f 4954/5165/3818 4311/5174/3827 4312/5173/3826
f 4310/5167/3820 4156/5995/4609 4311/5174/3827
f 4952/5161/3814 4313/5160/3813 4164/5175/3828
f 4961/5177/3830 4321/5203/3856 4152/5178/3831
f 4962/5171/3824 4324/5200/3853 4325/5179/3832
f 4955/5180/3833 4956/5181/3834 4959/5147/3800
f 4956/5181/3834 4957/5188/3841 4960/5182/3835
f 4318/5170/3823 4319/5145/3798 4959/5147/3800
f 4155/5183/3836 4318/5170/3823 4960/5182/3835
f 5171/5185/3838 4956/5181/3834 4955/5180/3833
f 5169/5186/3839 4957/5188/3841 4956/5181/3834
f 4800/5187/3840 4316/5299/3952 4957/5188/3841
f 4973/5189/3842 4337/5254/3907 4806/5190/3843
f 4957/5188/3841 4316/5299/3952 4317/5184/3837
f 4314/5192/3845 4958/5146/3799 4320/5172/3825
f 4964/5193/3846 4966/5207/3860 4285/5048/3701
f 4315/5127/3780 4955/5180/3833 4958/5146/3799
f 4322/5194/3847 4963/5169/3822 4318/5170/3823
f 4328/5195/3848 4972/5228/3881 4971/5196/3849
f 4329/5197/3850 4971/5196/3849 4970/5198/3851
f 4963/5169/3822 4323/5201/3854 4324/5200/3853
f 4322/5194/3847 4154/5307/3960 4323/5201/3854
f 4961/5177/3830 4325/5179/3832 4151/5202/3855
f 4330/5199/3852 4970/5198/3851 4331/5204/3857
f 4334/5206/3859 4335/5236/3889 4970/5198/3851
f 4966/5207/3860 4968/5211/3864 4286/5050/3703
f 4965/5208/3861 4967/5210/3863 4966/5207/3860
f 4655/5209/3862 4964/5193/3846 4284/5053/3706
f 4967/5210/3863 4969/5216/3869 4968/5211/3864
f 4968/5211/3864 4288/5223/3876 4148/5212/3865
f 4656/5213/3866 4965/5208/3861 4964/5193/3846
f 4967/5210/3863 4965/5208/3861 5227/5214/3867
f 4969/5216/3869 4967/5210/3863 5225/5215/3868
f 4287/5218/3871 4969/5216/3869 5223/5217/3870
f 5674/5220/3873 5397/6366/4942 4658/5221/3874
f 4969/5216/3869 4287/5218/3871 4288/5223/3876
f 4977/5224/3877 4341/5231/3884 4342/5225/3878
f 4163/5227/3880 4332/5235/3888 4972/5228/3881
f 4340/5229/3882 4981/5256/3909 4980/5230/3883
f 4341/5231/3884 4980/5230/3883 4979/5232/3885
f 4333/5233/3886 4334/5206/3859 4971/5196/3849
f 4162/5234/3887 4333/5233/3886 4972/5228/3881
f 4335/5236/3889 4160/5644/4296 4331/5204/3857
f 4342/5225/3878 4979/5232/3885 4343/5237/3890
f 4582/5239/3892 4581/5264/3917 4979/5232/3885
f 4974/5240/3893 4977/5224/3877 4976/5226/3879
f 4975/5241/3894 4978/5242/3895 4977/5224/3877
f 4978/5242/3895 4340/5229/3882 4341/5231/3884
f 4339/5243/3896 4153/5255/3908 4340/5229/3882
f 4974/5240/3893 4973/5189/3842 5275/5191/3844
f 4975/5241/3894 4974/5240/3893 5273/5244/3897
f 4338/5246/3899 4975/5241/3894 5271/5245/3898
f 4982/5248/3901 4338/5246/3899 4679/5247/3900
f 4338/5246/3899 4339/5243/3896 4978/5242/3895
f 4976/5226/3879 4342/5225/3878 4159/5238/3891
f 4986/5251/3904 4345/5258/3911 4346/5252/3905
f 4973/5189/3842 4976/5226/3879 4336/5250/3903
f 4153/5255/3908 4589/5263/3916 4981/5256/3909
f 4990/5257/3910 4989/5266/3919 4345/5258/3911
f 4345/5258/3911 4989/5266/3919 4988/5260/3913
f 4583/5261/3914 4582/5239/3892 4980/5230/3883
f 4221/5262/3915 4583/5261/3914 4981/5256/3909
f 4581/5264/3917 4158/5316/3969 4343/5237/3890
f 4346/5252/3905 4988/5260/3913 4589/5263/3916
f 4585/5265/3918 4584/5283/3936 4988/5260/3913
f 4983/5267/3920 4986/5251/3904 4985/5253/3906
f 4983/5267/3920 4984/5271/3924 4987/5268/3921
f 4344/5259/3912 4345/5258/3911 4986/5251/3904
f 4152/5178/3831 4344/5259/3912 4987/5268/3921
f 4983/5267/3920 4982/5248/3901 5371/5249/3902
f 5367/5270/3923 4984/5271/3924 4983/5267/3920
f 4753/5128/3781 4315/5127/3780 4984/5271/3924
f 4765/5272/3925 5584/5488/4141 5058/5273/3926
f 4984/5271/3924 4315/5127/3780 4314/5192/3845
f 4985/5253/3906 4346/5252/3905 4153/5255/3908
f 4348/5275/3928 4349/5281/3934 4994/5276/3929
f 4982/5248/3901 4985/5253/3906 4339/5243/3896
f 4344/5259/3912 4152/5178/3831 4321/5203/3856
f 4999/5278/3931 4998/5280/3933 4348/5275/3928
f 4998/5280/3933 4997/5284/3937 4349/5281/3934
f 4586/5282/3935 4585/5265/3918 4989/5266/3919
f 4586/5282/3935 4990/5257/3910 4321/5203/3856
f 4584/5283/3936 4221/5262/3915 4589/5263/3916
f 4997/5284/3937 4322/5194/3847 4155/5183/3836
f 4998/5280/3933 4351/5305/3958 4352/5285/3938
f 4991/5286/3939 4992/5287/3940 4995/5277/3930
f 4992/5287/3940 4993/5291/3944 4996/5288/3941
f 4347/5279/3932 4348/5275/3928 4995/5277/3930
f 4165/5164/3817 4347/5279/3932 4996/5288/3941
f 4991/5286/3939 5549/6325/4903 5551/5290/3943
f 5551/5290/3943 5553/5292/3945 4993/5291/3944
f 5553/5292/3945 4765/5272/3925 4652/5274/3927
f 5323/5293/3946 5376/6263/4846 4404/5294/3947
f 4993/5291/3944 4652/5274/3927 4651/5289/3942
f 4317/5184/3837 4994/5276/3929 4349/5281/3934
f 5007/5296/3949 4378/5325/3978 4379/5297/3950
f 4316/5299/3952 4991/5286/3939 4994/5276/3929
f 4347/5279/3932 4165/5164/3817 4309/5176/3829
f 4353/5300/3953 5002/5309/3962 5001/5301/3954
f 4354/5302/3955 5001/5301/3954 5000/5303/3956
f 4999/5278/3931 4350/5306/3959 4351/5305/3958
f 4350/5306/3959 4999/5278/3931 4309/5176/3829
f 4997/5284/3937 4352/5285/3938 4154/5307/3960
f 4355/5304/3957 5000/5303/3956 4332/5235/3888
f 4357/5308/3961 4358/5317/3970 5000/5303/3956
f 4159/5238/3891 4343/5237/3890 5002/5309/3962
f 5011/5310/3963 5010/5313/3966 4360/5311/3964
f 5010/5313/3966 5009/5318/3971 4361/5314/3967
f 4356/5315/3968 4357/5308/3961 5001/5301/3954
f 4158/5316/3969 4356/5315/3968 5002/5309/3962
f 4358/5317/3970 4162/5234/3887 4332/5235/3888
f 5009/5318/3971 4545/5350/4003 4177/5319/3972
f 5010/5313/3966 4547/5347/4000 4548/5320/3973
f 5004/5321/3974 5007/5296/3949 5006/5298/3951
f 5005/5323/3976 5008/5324/3977 5007/5296/3949
f 5008/5324/3977 4377/5327/3980 4378/5325/3978
f 4646/5326/3979 4176/5381/4034 4377/5327/3980
f 5177/5328/3981 5004/5321/3974 5003/5322/3975
f 5175/5330/3983 5005/5323/3976 5004/5321/3974
f 4842/5331/3984 4645/5155/3808 5005/5323/3976
f 4423/5332/3985 4852/5572/4225 5597/5333/3986
f 4645/5155/3808 4646/5326/3979 5008/5324/3977
f 5006/5298/3951 4379/5297/3950 4175/5335/3988
f 4368/5337/3990 4369/5346/3999 5015/5338/3991
f 5003/5322/3975 5006/5298/3951 4375/5336/3989
f 4362/5341/3994 5011/5310/3963 4359/5312/3965
f 5020/5343/3996 5019/5345/3998 4368/5337/3990
f 5019/5345/3998 5018/5351/4004 4369/5346/3999
f 5011/5310/3963 4546/5348/4001 4547/5347/4000
f 4362/5341/3994 4172/6028/4642 4546/5348/4001
f 5009/5318/3971 4548/5320/3973 4224/5349/4002
f 5018/5351/4004 4370/5378/4031 4167/5352/4005
f 5019/5345/3998 4373/5375/4028 4374/5353/4006
f 5012/5354/4007 5013/5355/4008 5016/5339/3992
f 5013/5355/4008 5014/5363/4016 5017/5356/4009
f 4367/5344/3997 4368/5337/3990 5016/5339/3992
f 4171/5357/4010 4367/5344/3997 5017/5356/4009
f 5183/5359/4012 5013/5355/4008 5012/5354/4007
f 5181/5361/4014 5014/5363/4016 5013/5355/4008
f 4847/5362/4015 4365/5449/4102 5014/5363/4016
f 5024/5364/4017 4381/5407/4060 4804/5365/4018
f 5014/5363/4016 4365/5449/4102 4366/5358/4011
f 4363/5367/4020 5015/5338/3991 4369/5346/3999
f 5028/5368/4021 4385/5385/4038 4386/5369/4022
f 4364/5371/4024 5012/5354/4007 5015/5338/3991
f 4371/5372/4025 5020/5343/3996 4367/5344/3997
f 4377/5327/3980 5023/5382/4035 5022/5373/4026
f 4378/5325/3978 5022/5373/4026 5021/5374/4027
f 5020/5343/3996 4372/5376/4029 4373/5375/4028
f 4371/5372/4025 4170/5457/4110 4372/5376/4029
f 5018/5351/4004 4374/5353/4006 4166/5377/4030
f 4379/5297/3950 5021/5374/4027 4549/5379/4032
f 4507/5380/4033 4506/5390/4043 5021/5374/4027
f 4176/5381/4034 4550/5389/4042 5023/5382/4035
f 4384/5383/4036 5032/5409/4062 5031/5384/4037
f 4385/5385/4038 5031/5384/4037 5030/5386/4039
f 4508/5387/4040 4507/5380/4033 5022/5373/4026
f 4219/5388/4041 4508/5387/4040 5023/5382/4035
f 4506/5390/4043 4218/5650/4302 4549/5379/4032
f 4386/5369/4022 5030/5386/4039 4551/5391/4044
f 4553/5393/4046 4554/5417/4070 5030/5386/4039
f 5025/5394/4047 5028/5368/4021 5027/5370/4023
f 5026/5395/4048 5029/5396/4049 5028/5368/4021
f 5029/5396/4049 4384/5383/4036 4385/5385/4038
f 4383/5397/4050 4169/5408/4061 4384/5383/4036
f 5025/5394/4047 5024/5364/4017 5149/5366/4019
f 5026/5395/4048 5025/5394/4047 5147/5398/4051
f 4382/5400/4053 5026/5395/4048 5145/5399/4052
f 4828/5401/4054 5576/5422/4075 5033/5402/4055
f 4382/5400/4053 4383/5397/4050 5029/5396/4049
f 5027/5370/4023 4386/5369/4022 4174/5392/4045
f 5037/5404/4057 4389/5411/4064 4390/5405/4058
f 5024/5364/4017 5027/5370/4023 4380/5403/4056
f 4169/5408/4061 4387/5416/4069 5032/5409/4062
f 5041/5410/4063 5040/5419/4072 4389/5411/4064
f 4389/5411/4064 5040/5419/4072 5039/5413/4066
f 4552/5414/4067 4553/5393/4046 5031/5384/4037
f 4168/5415/4068 4552/5414/4067 5032/5409/4062
f 4554/5417/4070 4226/5466/4119 4551/5391/4044
f 4390/5405/4058 5039/5413/4066 4387/5416/4069
f 4392/5418/4071 4393/5437/4090 5039/5413/4066
f 5034/5420/4073 5037/5404/4057 5036/5406/4059
f 5034/5420/4073 5035/5424/4077 5038/5421/4074
f 4388/5412/4065 4389/5411/4064 5037/5404/4057
f 4167/5352/4005 4388/5412/4065 5038/5421/4074
f 5576/5422/4075 5578/6615/5109 5034/5420/4073
f 5034/5420/4073 5578/6615/5109 5580/5423/4076
f 5035/5424/4077 5580/5423/4076 4530/5425/4078
f 4840/5426/4079 5545/5542/4195 5076/5427/4080
f 5035/5424/4077 4364/5371/4024 4363/5367/4020
f 5036/5406/4059 4390/5405/4058 4169/5408/4061
f 4395/5429/4082 4396/5435/4088 5045/5430/4083
f 5033/5402/4055 5036/5406/4059 4383/5397/4050
f 4388/5412/4065 4167/5352/4005 4370/5378/4031
f 5050/5432/4085 5049/5434/4087 4395/5429/4082
f 5049/5434/4087 5048/5438/4091 4396/5435/4088
f 4391/5436/4089 4392/5418/4071 5040/5419/4072
f 4391/5436/4089 5041/5410/4063 4370/5378/4031
f 4393/5437/4090 4168/5415/4068 4387/5416/4069
f 5048/5438/4091 4371/5372/4025 4171/5357/4010
f 5049/5434/4087 4556/5455/4108 4557/5439/4092
f 5042/5440/4093 5043/5441/4094 5046/5431/4084
f 5043/5441/4094 5044/5445/4098 5047/5442/4095
f 4394/5433/4086 4395/5429/4082 5046/5431/4084
f 4177/5319/3972 4394/5433/4086 5047/5442/4095
f 5042/5440/4093 5603/6066/4680 5605/5444/4097
f 5605/5444/4097 5607/5446/4099 5044/5445/4098
f 5607/5446/4099 4840/5426/4079 4643/5428/4081
f 5179/5329/3982 5003/5322/3975 4376/5340/3993
f 5044/5445/4098 4643/5428/4081 4644/5443/4096
f 4366/5358/4011 5045/5430/4083 4396/5435/4088
f 5057/5448/4101 5059/5485/4138 4307/5163/3816
f 4365/5449/4102 5042/5440/4093 5045/5430/4083
f 4394/5433/4086 4177/5319/3972 4545/5350/4003
f 4397/5450/4103 5053/5459/4112 5052/5451/4104
f 4398/5452/4105 5052/5451/4104 5051/5453/4106
f 5050/5432/4085 4555/5456/4109 4556/5455/4108
f 4555/5456/4109 5050/5432/4085 4545/5350/4003
f 5048/5438/4091 4557/5439/4092 4170/5457/4110
f 4399/5454/4107 5051/5453/4106 4550/5389/4042
f 4501/5458/4111 4500/5467/4120 5051/5453/4106
f 4174/5392/4045 4551/5391/4044 5053/5459/4112
f 5056/5460/4113 4400/5478/4131 4401/5461/4114
f 5055/5462/4115 4401/5461/4114 4402/5463/4116
f 4502/5465/4118 4501/5458/4111 5052/5451/4104
f 4226/5466/4119 4502/5465/4118 5053/5459/4112
f 4500/5467/4120 4219/5388/4041 4550/5389/4042
f 5054/5464/4117 4402/5463/4116 4188/5468/4121
f 4511/5470/4123 4510/5471/4124 5055/5462/4115
f 4510/5471/4124 4509/5472/4125 5056/5460/4113
f 4509/5472/4125 4216/5994/4608 4559/5473/4126
f 5054/5464/4117 4558/5469/4122 4217/5474/4127
f 4561/5475/4128 4562/5482/4135 5064/5476/4129
f 4559/5473/4126 4182/5999/4613 4400/5478/4131
f 5064/5476/4129 4407/5484/4137 4408/5479/4132
f 5063/5477/4130 4408/5479/4132 4178/5480/4133
f 4562/5482/4135 4563/5495/4148 5065/5483/4136
f 5065/5483/4136 4406/5501/4154 4407/5484/4137
f 5059/5485/4138 5061/5487/4140 4306/5166/3819
f 5058/5273/3926 5060/5486/4139 5059/5485/4138
f 4651/5289/3942 5057/5448/4101 4308/5162/3815
f 5060/5486/4139 5062/5490/4143 5061/5487/4140
f 5061/5487/4140 4616/5493/4146 4157/5168/3821
f 4652/5274/3927 5058/5273/3926 5057/5448/4101
f 5584/5488/4141 5583/5489/4142 5060/5486/4139
f 5583/5489/4142 5582/5491/4144 5062/5490/4143
f 5582/5491/4144 4740/5616/4268 4615/5492/4145
f 5185/5360/4013 5012/5354/4007 4364/5371/4024
f 5062/5490/4143 4615/5492/4145 4616/5493/4146
f 4407/5484/4137 5067/5509/4162 5066/5494/4147
f 4563/5495/4148 4180/5592/4244 4405/5496/4149
f 5063/5477/4130 4560/5481/4134 4225/5497/4150
f 4566/5498/4151 5073/5503/4156 5072/5499/4152
f 4405/5496/4149 4181/5510/4163 4406/5501/4154
f 4415/5502/4155 4416/5504/4157 5072/5499/4152
f 4416/5504/4157 4185/5654/4306 4564/5505/4158
f 4567/5506/4159 5074/5508/4161 5073/5503/4156
f 4414/5507/4160 4415/5502/4155 5073/5503/4156
f 4406/5501/4154 5068/5511/4164 5067/5509/4162
f 4181/5510/4163 4411/5516/4169 5068/5511/4164
f 5067/5509/4162 5070/5513/4166 5069/5512/4165
f 5068/5511/4164 5071/5517/4170 5070/5513/4166
f 5075/5514/4167 5077/5539/4192 4360/5311/3964
f 4410/5515/4168 4178/5480/4133 4408/5479/4132
f 4411/5516/4169 4412/5615/4267 5071/5517/4170
f 5070/5513/4166 5071/5517/4170 5299/5518/4171
f 5069/5512/4165 5070/5513/4166 5297/5519/4172
f 4409/5521/4174 5069/5512/4165 5295/5520/4173
f 5167/5523/4176 5089/5566/4219 4426/5524/4177
f 5066/5494/4147 5069/5512/4165 4409/5521/4174
f 4186/5526/4179 4413/5531/4184 5074/5508/4161
f 4564/5505/4158 4223/5649/4301 4565/5500/4153
f 4569/5527/4180 5082/5533/4186 5081/5528/4181
f 4187/5530/4183 4414/5507/4160 5074/5508/4161
f 4421/5532/4185 4422/5534/4187 5081/5528/4181
f 4422/5534/4187 4184/5569/4222 4419/5535/4188
f 4570/5536/4189 5083/5538/4191 5082/5533/4186
f 4420/5537/4190 4421/5532/4185 5082/5533/4186
f 5077/5539/4192 5079/5541/4194 4359/5312/3965
f 5076/5427/4080 5078/5540/4193 5077/5539/4192
f 4644/5443/4096 5075/5514/4167 4361/5314/3967
f 5078/5540/4193 5080/5544/4197 5079/5541/4194
f 5079/5541/4194 4612/5548/4201 4173/5342/3995
f 4643/5428/4081 5076/5427/4080 5075/5514/4167
f 5545/5542/4195 5544/5543/4196 5078/5540/4193
f 5544/5543/4196 5543/5545/4198 5080/5544/4197
f 5543/5545/4198 4710/6038/4652 4611/5546/4199
f 5071/5517/4170 4412/5615/4267 4802/5547/4200
f 5080/5544/4197 4611/5546/4199 4612/5548/4201
f 4422/5534/4187 4421/5532/4185 5085/5549/4202
f 4220/5551/4204 4571/5556/4209 5083/5538/4191
f 4419/5535/4188 4183/5618/4270 4568/5529/4182
f 4498/5552/4205 5091/5558/4211 5090/5553/4206
f 4179/5555/4208 4420/5537/4190 5083/5538/4191
f 4428/5557/4210 4429/5559/4212 5090/5553/4206
f 4429/5559/4212 4179/5555/4208 4571/5556/4209
f 4497/5560/4213 5092/5561/4214 5091/5558/4211
f 5092/5561/4214 4427/5579/4232 4428/5557/4210
f 4421/5532/4185 4420/5537/4190 5086/5562/4215
f 4425/5563/4216 5086/5562/4215 4420/5537/4190
f 5084/5550/4203 5085/5549/4202 5088/5564/4217
f 5085/5549/4202 5086/5562/4215 5089/5566/4219
f 4429/5559/4212 4428/5557/4210 5094/5567/4220
f 5084/5550/4203 4424/5575/4228 4184/5569/4222
f 5086/5562/4215 4425/5563/4216 4426/5524/4177
f 5165/5570/4223 5088/5564/4217 5089/5566/4219
f 5163/5571/4224 5087/5565/4218 5088/5564/4217
f 4852/5572/4225 4423/5332/3985 5087/5565/4218
f 5098/5573/4226 4409/5521/4174 4613/5522/4175
f 4424/5575/4228 5084/5550/4203 5087/5565/4218
f 4497/5560/4213 4225/5497/4150 4560/5481/4134
f 4571/5556/4209 4220/5551/4204 4499/5554/4207
f 4572/5576/4229 4573/5581/4234 5100/5577/4230
f 4427/5579/4232 5092/5561/4214 4560/5481/4134
f 5100/5577/4230 4431/5583/4236 4432/5580/4233
f 5099/5578/4231 4432/5580/4233 4181/5510/4163
f 4573/5581/4234 4574/5591/4243 5101/5582/4235
f 5101/5582/4235 4430/5596/4248 4431/5583/4236
f 4427/5579/4232 5095/5584/4237 5094/5567/4220
f 5095/5584/4237 4427/5579/4232 4178/5480/4133
f 5093/5568/4221 5094/5567/4220 5097/5585/4238
f 5095/5584/4237 5098/5573/4226 5097/5585/4238
f 4431/5583/4236 5103/5603/4255 5102/5587/4240
f 5093/5568/4221 4425/5563/4216 4179/5555/4208
f 4410/5515/4168 4409/5521/4174 5098/5573/4226
f 5097/5585/4238 5098/5573/4226 5161/5574/4227
f 5157/5589/2506 5096/5586/4239 5097/5585/4238
f 4708/5525/4178 4426/5524/4177 5096/5586/4239
f 4535/5219/3872 5561/5629/4281 5111/5590/4242
f 4425/5563/4216 5093/5568/4221 5096/5586/4239
f 4574/5591/4243 4217/5474/4127 4558/5469/4122
f 5099/5578/4231 4405/5496/4149 4180/5592/4244
f 4434/5593/4245 5109/5598/4250 5108/5594/4246
f 4430/5596/4248 5101/5582/4235 4558/5469/4122
f 4437/5597/4249 4438/5599/4251 5108/5594/4246
f 4438/5599/4251 4187/5530/4183 4413/5531/4184
f 4435/5600/4252 5110/5602/4254 5109/5598/4250
f 4436/5601/4253 4437/5597/4249 5109/5598/4250
f 4430/5596/4248 5104/5604/4256 5103/5603/4255
f 4188/5468/4121 4653/5610/4262 5104/5604/4256
f 5103/5603/4255 5106/5606/4258 5105/5605/4257
f 5104/5604/4256 5107/5611/4263 5106/5606/4258
f 4440/5607/4259 4441/5622/4274 5114/5608/4260
f 4411/5516/4169 4181/5510/4163 4432/5580/4233
f 4653/5610/4262 4654/6023/4637 5107/5611/4263
f 5153/5612/4264 5106/5606/4258 5107/5611/4263
f 5105/5605/4257 5106/5606/4258 5153/5612/4264
f 4412/5615/4267 5105/5605/4257 5151/5614/4266
f 4740/5616/4268 5219/6006/4620 5195/5617/4269
f 5102/5587/4240 5105/5605/4257 4412/5615/4267
f 4183/5618/4270 4419/5535/4188 5110/5602/4254
f 4413/5531/4184 4186/5526/4179 4433/5595/4247
f 5118/5619/4271 4576/6910/5177 4577/5620/4272
f 4184/5569/4222 4436/5601/4253 5110/5602/4254
f 5118/5619/4271 5117/5621/4273 4441/5622/4274
f 5117/5621/4273 4541/5051/3704 4148/5212/3865
f 5119/5623/4275 5118/5619/4271 4440/5607/4259
f 5111/5590/4242 5112/5626/4278 5115/5609/4261
f 5113/5625/4277 5116/5627/4279 5115/5609/4261
f 5116/5627/4279 4439/5624/4276 4440/5607/4259
f 4439/5624/4276 5116/5627/4279 4326/5628/4280
f 5561/5629/4281 5563/6614/5108 5112/5626/4278
f 5112/5626/4278 5563/6614/5108 5565/5630/4282
f 5113/5625/4277 5565/5630/4282 4755/5631/4283
f 4767/5633/4285 5620/5669/4320 5128/5634/4286
f 4327/5632/4284 4326/5628/4280 5116/5627/4279
f 4288/5223/3876 5114/5608/4260 4441/5622/4274
f 4443/5636/4288 5124/5663/2753 5123/5637/4289
f 4287/5218/3871 5111/5590/4242 5114/5608/4260
f 4161/5205/3858 4331/5204/3857 5119/5623/4275
f 4442/5639/4291 4443/5636/4288 5121/5640/4292
f 5121/5640/4292 4443/5636/4288 4444/5638/4290
f 4575/5643/4295 4576/6910/5177 5118/5619/4271
f 4160/5644/4296 4575/5643/4295 5119/5623/4275
f 5117/5621/4273 4577/5620/4272 4215/5645/4297
f 5120/5642/4294 4444/5638/4290 4175/5335/3988
f 4505/5646/4298 4504/5648/4300 5121/5640/4292
f 4503/5647/4299 5122/5641/4293 5121/5640/4292
f 4223/5649/4301 4564/5505/4158 5122/5641/4293
f 5120/5642/4294 4549/5379/4032 4218/5650/4302
f 5193/5651/4303 4603/6911/5178 4604/5652/4304
f 4185/5654/4306 4442/5639/4291 5122/5641/4293
f 5193/5651/4303 5192/5653/4305 4595/5655/4307
f 5207/5657/4309 4592/5996/4610 4145/5658/4310
f 4602/5659/4311 4603/6911/5178 5193/5651/4303
f 4593/5661/4313 5194/5660/4312 5193/5651/4303
f 4443/5636/4288 4442/5639/4291 5125/5662/4314
f 4418/5664/4315 5125/5662/4314 4442/5639/4291
f 5124/5663/2753 5127/5666/4317 5126/5665/4316
f 5124/5663/2753 5125/5662/4314 5128/5634/4286
f 4594/5656/4308 4595/5655/4307 5198/5667/4318
f 4375/5336/3989 4175/5335/3988 4444/5638/4290
f 5125/5662/4314 4418/5664/4315 4417/5635/4287
f 5620/5669/4320 5619/6637/5124 5127/5666/4317
f 5127/5666/4317 5619/6637/5124 5618/5670/4321
f 5126/5665/4316 5618/5670/4321 4677/5447/4100
f 4965/5208/3861 4656/5213/3866 4714/5671/4322
f 5123/5637/4289 5126/5665/4316 4376/5340/3993
f 4665/5672/4323 4491/5679/3423 4490/5673/4324
f 4195/5675/4326 4698/5680/4330 4264/5676/4327
f 4194/5678/4329 4901/5702/4350 4491/5679/3423
f 4698/5680/4330 4697/5682/4331 4265/5681/2802
f 4697/5682/4331 4696/5684/4333 4461/5683/4332
f 4696/5684/4333 4244/5932/4552 4889/5685/4334
f 4460/5686/4335 4195/5675/4326 4900/5677/4328
f 4695/5688/4337 4462/5694/4343 4884/5689/4338
f 4459/5691/4340 4460/5686/4335 4866/5687/4336
f 4694/5693/4342 4463/5698/3008 4462/5694/4343
f 4459/5691/4340 4867/5692/4341 4868/5695/4344
f 4693/5697/4346 4464/5703/4351 4463/5698/3008
f 4661/5699/4347 4492/5705/2772 4877/5700/4348
f 4458/5696/4345 4868/5695/4344 4901/5702/4350
f 4257/5701/4349 4877/5700/4348 4464/5703/4351
f 4660/5704/4352 4493/5713/4360 4492/5705/2772
f 4457/5706/4353 4193/6398/4967 4902/5707/4354
f 4206/5709/4356 4692/5716/4363 4465/5710/4357
f 4659/5712/4359 4515/5719/4366 4493/5713/4360
f 4456/5714/4361 4457/5706/4353 4869/5708/4355
f 4692/5716/4363 4691/6912/4373 4466/5717/4364
f 4189/5718/4365 4906/5855/4486 4515/5719/4366
f 4456/5714/4361 4870/5715/4362 4871/5720/4367
f 4762/5722/4369 4196/5734/2960 4878/5723/4370
f 4690/5725/4372 4473/5736/4381 4466/5726/4364
f 4199/5728/4374 4601/5737/4382 4669/5729/4375
f 4455/5721/4368 4871/5720/4367 4903/5731/4377
f 4761/5733/4379 4197/5743/4387 4196/5734/2960
f 4266/5735/4380 4875/6389/4959 4473/5736/4381
f 4601/5737/4382 4600/5748/4392 4670/5738/3013
f 4454/5739/4383 4190/6378/4950 4905/5740/4384
f 4760/5742/4386 4198/5754/4398 4197/5743/4387
f 4689/5744/4388 4474/5756/4400 4894/5745/4389
f 4599/5747/4391 4853/5758/4402 4670/5738/3013
f 4252/5749/4393 4724/5759/4403 4230/5750/4394
f 4453/5752/4396 4454/5739/4383 4872/5741/4385
f 4192/5732/4378 4903/5731/4377 4198/5754/4398
f 4688/5755/4399 4475/5852/2939 4474/5756/4400
f 4200/5757/4401 4898/6377/4949 4853/5758/4402
f 4724/5759/4403 4723/5854/4485 4231/5760/4404
f 5130/5761/4405 5133/5765/4409 5132/5762/4406
f 5131/5764/4408 5134/5767/4411 5133/5765/4409
f 5133/5765/4409 5136/5768/4412 5135/5766/4410
f 5134/5767/4411 5137/5776/4420 5136/5768/4412
f 4725/5769/4413 5129/5763/4407 4759/5770/4414
f 4726/5772/4416 5130/5761/4405 5129/5763/4407
f 4727/5773/4417 5131/5764/4408 5130/5761/4405
f 5669/5774/4418 5671/5775/4419 5134/5767/4411
f 5671/5775/4419 5673/5777/4421 5137/5776/4420
f 5673/5777/4421 4650/6320/4898 4829/5778/4422
f 5137/5776/4420 4829/5778/4422 4830/5779/4423
f 5136/5768/4412 4830/5779/4423 4831/5780/4424
f 5135/5766/4410 4831/5780/4424 4202/5781/4425
f 5132/5762/4406 5135/5766/4410 4757/5782/4426
f 5129/5763/4407 5132/5762/4406 4758/5783/4427
f 5141/5068/3721 5143/5067/3720 5142/5784/4428
f 4835/5071/3724 5139/5069/3722 5138/5786/2924
f 5138/5786/2924 5140/5785/4429 5431/5788/4431
f 5143/5067/3720 4769/5154/3807 4770/5790/4432
f 5145/5399/4052 5147/5398/4051 5146/5791/4433
f 4827/5793/4435 5144/5792/4434 5437/5794/4436
f 5142/5784/4428 4770/5790/4432 4771/5796/4438
f 5140/5785/4429 5142/5784/4428 5434/5797/2923
f 5147/5398/4051 5149/5366/4019 5148/5798/4439
f 4828/5401/4054 5145/5399/4052 5144/5792/4434
f 5144/5792/4434 5146/5791/4433 5440/5799/4440
f 5149/5366/4019 4804/5365/4018 4803/5800/4441
f 5151/5614/4266 5153/5612/4264 5152/5801/4442
f 4801/5803/3028 5150/5802/4443 5446/5804/4444
f 5148/5798/4439 4803/5800/4441 4730/5806/4446
f 5146/5791/4433 5148/5798/4439 5443/5807/4447
f 5153/5612/4264 5155/5613/4265 5154/5808/4448
f 4802/5547/4200 5151/5614/4266 5150/5802/4443
f 5150/5802/4443 5152/5801/4442 5449/5809/4449
f 5155/5613/4265 4712/6024/4638 4713/5810/4450
f 5156/5811/4451 5157/5589/2506 5159/5588/4241
f 4816/5813/4453 4709/5818/4457 5156/5811/4451
f 5154/5808/4448 4713/5810/4450 4810/5815/4454
f 5152/5801/4442 5154/5808/4448 5452/5816/4455
f 5159/5588/4241 5161/5574/4227 5160/5817/4456
f 5157/5589/2506 5156/5811/4451 4709/5818/4457
f 5455/5814/3234 5156/5811/4451 5158/5812/4452
f 5161/5574/4227 4613/5522/4175 4614/5820/4459
f 5162/5821/4460 5163/5571/4224 5165/5570/4223
f 4529/5823/4462 4851/5828/4465 5162/5821/4460
f 5160/5817/4456 4614/5820/4459 4836/5825/3250
f 5158/5812/4452 5160/5817/4456 5461/5826/3244
f 5164/5822/4461 5165/5570/4223 5167/5523/4176
f 4851/5828/4465 4852/5572/4225 5163/5571/4224
f 5464/5824/4463 5162/5821/4460 5164/5822/4461
f 5166/5827/4464 5167/5523/4176 4708/5525/4178
f 5168/5830/4467 5169/5186/3839 5171/5185/3838
f 4736/5832/2883 4799/5836/4471 5168/5830/4467
f 5470/5834/4470 5166/5827/4464 4709/5818/4457
f 5467/5829/4466 5164/5822/4461 5166/5827/4464
f 5170/5831/4468 5171/5185/3838 5173/5126/3779
f 4799/5836/4471 4800/5187/3840 5169/5186/3839
f 5473/5833/4469 5168/5830/4467 5170/5831/4468
f 5172/5835/2873 5173/5126/3779 4753/5128/3781
f 5174/5839/4473 5175/5330/3983 5177/5328/3981
f 4841/5841/4475 5174/5839/4473 5482/5842/4476
f 5479/5844/4478 5172/5835/2873 4754/5838/2874
f 5476/5837/4472 5170/5831/4468 5172/5835/2873
f 4453/5752/4396 4873/5753/4397 4874/5846/4480
f 4243/5848/4415 4759/5856/4414 4207/5849/4482
f 4687/5851/4483 4479/5858/4488 4475/5852/2939
f 4722/5853/4484 4232/5863/4493 4231/5760/4404
f 4452/5847/4481 4874/5846/4480 4906/5855/4486
f 4759/5856/4414 4758/5864/4427 4208/5857/4487
f 4255/5724/4371 4878/5723/4370 4479/5858/4488
f 4484/5859/4489 4854/5870/4499 4897/5860/4490
f 4203/5862/4492 4895/5956/4574 4232/5863/4493
f 4758/5864/4427 4757/5871/4426 4209/5865/4494
f 4191/5866/4495 4686/5873/4501 4480/5867/4496
f 4483/5869/4498 4855/5876/3022 4854/5870/4499
f 4757/5871/4426 4202/6412/4425 4896/5872/4500
f 4686/5873/4501 4685/5880/4507 4481/5874/4502
f 4482/5875/4503 4856/5883/4510 4855/5876/3022
f 4242/5877/4504 4721/5884/4511 4233/5878/4505
f 4685/5880/4507 4684/5886/4513 4485/5881/4508
f 4260/5882/4509 4876/6678/3437 4856/5883/4510
f 4721/5884/4511 4720/5887/4514 4234/5885/4512
f 4684/5886/4513 4243/5848/4415 4890/5850/2812
f 4720/5887/4514 4719/5889/4516 4235/5888/4515
f 4719/5889/4516 4253/5941/4560 4880/5890/4517
f 4250/5891/4518 4718/5896/4523 4236/5892/4519
f 4683/5894/4521 4191/5866/4495 4904/5868/4497
f 4718/5896/4523 4717/5903/4529 4237/5897/4524
f 4682/5898/4525 4683/5894/4521 4486/5895/4522
f 4205/5900/4527 4478/5909/4533 4857/5901/3442
f 4717/5903/4529 4716/5911/4535 4238/5904/3037
f 4682/5898/4525 4487/5899/4526 4488/5905/4530
f 4640/5907/4532 4250/5891/4518 4883/5893/4520
f 4478/5909/4533 4477/5916/4539 4858/5910/4534
f 4716/5911/4535 4199/5728/4374 4899/5730/4376
f 4681/5906/4531 4488/5905/4530 4879/5912/4536
f 4639/5914/4538 4640/5907/4532 4516/5908/3448
f 4477/5916/4539 4476/5922/4544 4859/5917/4540
f 4752/5918/4541 4205/5900/4527 4893/5902/4528
f 4638/5920/4543 4639/5914/4538 4517/5915/3450
f 4476/5922/4544 4206/5709/4356 4892/5711/4358
f 4751/5923/4545 4752/5918/4541 4210/5919/4542
f 4247/5925/4547 4638/5920/4543 4518/5921/3452
f 4750/5927/4548 4751/5923/4545 4211/5924/4546
f 4251/5929/4549 4882/5954/4572 4519/5930/4550
f 4244/5932/4552 4750/5927/4548 4212/5928/2793
f 4637/5931/4551 4519/5930/4550 4520/5933/4553
f 4749/5935/4555 4242/5877/4504 4891/5879/4506
f 4635/5937/4556 4636/5934/4554 4520/5933/4553
f 4748/5939/4558 4749/5935/4555 4213/5936/2950
f 4253/5941/4560 4635/5937/4556 4521/5938/4557
f 4747/5942/4561 4748/5939/4558 4228/5940/4559
f 5176/5840/4474 5177/5328/3981 5179/5329/3982
f 4841/5841/4475 4842/5331/3984 5175/5330/3983
f 5174/5839/4473 5176/5840/4474 5485/5945/4564
f 5178/5944/4563 5179/5329/3982 4677/5447/4100
f 5180/5947/4566 5181/5361/4014 5183/5359/4012
f 4534/5949/4568 4846/5968/2891 5180/5947/4566
f 5488/5951/4569 5178/5944/4563 4678/5946/4565
f 5485/5945/4564 5176/5840/4474 5178/5944/4563
f 4634/5953/4571 4522/5960/4577 4882/5954/4572
f 4472/5955/4573 4860/5962/4579 4895/5956/4574
f 4245/5957/4575 4747/5942/4561 4229/5943/4562
f 4633/5959/4576 4523/5964/4581 4522/5960/4577
f 4471/5961/4578 4861/5966/4583 4860/5962/4579
f 4632/5963/4580 4524/5993/4607 4523/5964/4581
f 4470/5965/4582 4862/6369/4945 4861/5966/4583
f 5182/5948/4567 5183/5359/4012 5185/5360/4013
f 4846/5968/2891 4847/5362/4015 5181/5361/4014
f 5491/5950/3270 5180/5947/4566 5182/5948/4567
f 5184/5967/4584 5185/5360/4013 4530/5425/4078
f 5187/5971/4586 5189/5977/4591 5188/5972/4587
f 4803/5800/4441 5186/5973/4588 5500/5974/4589
f 5497/5975/4590 5184/5967/4584 4531/5970/4585
f 5494/5969/3265 5182/5948/4567 5184/5967/4584
f 5189/5977/4591 5191/5156/3809 5190/5978/4592
f 4804/5365/4018 5187/5971/4586 5186/5973/4588
f 5186/5973/4588 5188/5972/4587 5503/5979/4593
f 5191/5156/3809 4842/5331/3984 4841/5841/4475
f 4798/5980/4594 5665/6297/4876 5340/5981/4595
f 5187/5971/4586 4804/5365/4018 4381/5407/4060
f 5189/5977/4591 5187/5971/4586 5350/5983/4597
f 5346/5157/3810 5191/5156/3809 5189/5977/4591
f 5214/5985/4599 5213/6021/4635 5210/5986/4600
f 4676/5988/4602 4825/6030/4644 5212/5989/4603
f 5190/5978/4592 4841/5841/4475 4539/5843/4477
f 5188/5972/4587 5190/5978/4592 5506/5991/4605
f 4248/5992/4606 4885/6404/4969 4524/5993/4607
f 4216/5994/4608 4602/5659/4311 5194/5660/4312
f 5192/5653/4305 4604/5652/4304 4156/5995/4609
f 4592/5996/4610 5207/5657/4309 5208/5997/4611
f 5194/5660/4312 4593/5661/4313 4182/5999/4613
f 4605/6000/4614 4606/6027/4641 5208/5997/4611
f 4157/5168/3821 4595/5655/4307 5192/5653/4305
f 5208/5997/4611 5209/6025/4639 4590/6001/4615
f 5195/5617/4269 5196/6003/4617 5199/5668/4319
f 5197/6002/4616 5200/6004/4618 5199/5668/4319
f 5200/6004/4618 4593/5661/4313 4594/5656/4308
f 4593/5661/4313 5200/6004/4618 4403/6005/4619
f 5219/6006/4620 5220/6008/4622 5196/6003/4617
f 5221/6007/4621 5197/6002/4616 5196/6003/4617
f 4793/5295/3948 4404/5294/3947 5197/6002/4616
f 5233/6009/4623 5337/6070/4684 4271/6010/4624
f 4404/5294/3947 4403/6005/4619 5200/6004/4618
f 4616/5493/4146 5198/5667/4318 4595/5655/4307
f 4591/5998/4612 5202/6014/4628 5201/6012/4626
f 4615/5492/4145 5195/5617/4269 5198/5667/4318
f 4591/5998/4612 4590/6001/4615 5203/6013/4627
f 4612/5548/4201 5203/6013/4627 4590/6001/4615
f 5202/6014/4628 5205/6017/4631 5204/6015/4629
f 5202/6014/4628 5203/6013/4627 5206/6016/4630
f 5334/6018/4632 4269/6291/4870 4268/5032/3685
f 4270/6020/4634 4145/5658/4310 4592/5996/4610
f 5203/6013/4627 4612/5548/4201 4611/5546/4199
f 5213/6021/4635 5214/5985/4599 5205/6017/4631
f 5215/6022/4636 5204/6015/4629 5205/6017/4631
f 4826/6011/4625 4271/6010/4624 5204/6015/4629
f 5155/5613/4265 5107/5611/4263 4654/6023/4637
f 5201/6012/4626 5204/6015/4629 4271/6010/4624
f 4173/5342/3995 4590/6001/4615 5209/6025/4639
f 4607/6026/4640 5209/6025/4639 5208/5997/4611
f 4172/6028/4642 4362/5341/3994 5209/6025/4639
f 5207/5657/4309 4587/5021/3674 4222/6029/4643
f 5212/5989/4603 5215/6022/4636 5214/5985/4599
f 4825/6030/4644 4826/6011/4625 5215/6022/4636
f 4744/6031/4645 4792/6041/4655 5218/6032/4646
f 4813/6034/4648 5513/6036/4650 5210/5986/4600
f 5513/6036/4650 5514/6037/4651 5211/5987/4601
f 5515/5990/4604 5212/5989/4603 5211/5987/4601
f 4711/6035/4649 5210/5986/4600 5213/6021/4635
f 5220/6008/4622 5219/6006/4620 5216/6039/4653
f 5218/6032/4646 5221/6007/4621 5220/6008/4622
f 4792/6041/4655 4793/5295/3948 5221/6007/4621
f 4536/6042/4656 5222/6050/4664 5527/6043/4657
f 4794/6045/4659 5522/6047/4661 5216/6039/4653
f 5522/6047/4661 5523/6048/4662 5217/6040/4654
f 5524/6033/4647 5218/6032/4646 5217/6040/4654
f 4741/6046/4660 5216/6039/4653 5219/6006/4620
f 5223/5217/3870 5225/5215/3868 5224/6049/4663
f 5225/5215/3868 5227/5214/3867 5226/6051/4665
f 4535/5219/3872 5223/5217/3870 5222/6050/4664
f 5222/6050/4664 5224/6049/4663 5530/6052/4666
f 5227/5214/3867 4714/5671/4322 4715/6053/4667
f 5228/6054/4668 5229/6063/4677 5231/6055/4669
f 4764/6057/4671 5228/6054/4668 5536/6058/4672
f 5533/6060/4674 5226/6051/4665 4715/6053/4667
f 5530/6052/4666 5224/6049/4663 5226/6051/4665
f 5230/6056/4670 5231/6055/4669 5233/6009/4623
f 5229/6063/4677 5228/6054/4668 4764/6057/4671
f 5228/6054/4668 5230/6056/4670 5539/6065/4679
f 5232/6062/4676 5233/6009/4623 4826/6011/4625
f 4365/5449/4102 4847/5362/4015 5603/6066/4680
f 5333/6067/4681 5229/6063/4677 4763/6064/4678
f 5229/6063/4677 5333/6067/4681 5335/6069/4683
f 5231/6055/4669 5335/6069/4683 5337/6070/4684
f 5271/5245/3898 5273/5244/3897 5272/6071/4685
f 4839/6073/4687 4610/6088/4702 5236/6074/4688
f 5542/6076/4690 5232/6062/4676 4825/6030/4644
f 5539/6065/4679 5230/6056/4670 5232/6062/4676
f 5235/6077/4691 5238/6080/4694 5237/6078/4692
f 5236/6074/4688 5239/6082/4696 5238/6080/4694
f 5238/6080/4694 5241/6083/4697 5240/6081/4695
f 5239/6082/4696 5242/6090/4704 5241/6083/4697
f 4799/5836/4471 4736/5832/2883 5243/6084/4698
f 4711/6035/4649 5546/6086/4700 5234/6079/4693
f 5546/6086/4700 5547/6087/4701 5235/6077/4691
f 5548/6075/4689 5236/6074/4688 5235/6077/4691
f 4610/6088/4702 4609/6089/4703 5239/6082/4696
f 4609/6089/4703 4608/6091/4705 5242/6090/4704
f 4608/6091/4705 4201/6253/4491 4467/6092/4706
f 5242/6090/4704 4467/6092/4706 4468/6093/4707
f 5241/6083/4697 4468/6093/4707 4469/6094/4708
f 5240/6081/4695 4469/6094/4708 4200/6095/4401
f 5237/6078/4692 5240/6081/4695 4815/6096/4709
f 5234/6079/4693 5237/6078/4692 4814/6097/4710
f 5243/6084/4698 5244/6100/4713 5247/6098/4711
f 5244/6100/4713 5245/6107/4720 5248/6101/4714
f 5246/6099/4712 5247/6098/4711 5250/6102/4715
f 5247/6098/4711 5248/6101/4714 5251/6104/4717
f 5550/6085/4699 5243/6084/4698 5246/6099/4712
f 4736/5832/2883 4735/6106/4719 5244/6100/4713
f 4735/6106/4719 4734/6108/4721 5245/6107/4720
f 4734/6108/4721 4246/6531/4953 4623/6109/4722
f 5245/6107/4720 4623/6109/4722 4624/6110/4723
f 5248/6101/4714 4624/6110/4723 4625/6111/4724
f 5251/6104/4717 4625/6111/4724 4248/6112/4606
f 5250/6102/4715 5251/6104/4717 4779/6113/4725
f 5249/6103/4716 5250/6102/4715 4778/6114/4726
f 4746/6116/4728 4789/6129/4741 5252/6117/4729
f 5554/6119/4731 5249/6103/4716 4777/6115/4727
f 5552/6105/4718 5246/6099/4712 5249/6103/4716
f 5252/6117/4729 5253/6123/4735 5256/6121/4733
f 5253/6123/4735 5254/6131/4743 5257/6124/4736
f 5255/6122/4734 5256/6121/4733 5259/6125/4737
f 5256/6121/4733 5257/6124/4736 5260/6127/4739
f 5556/6118/4730 5252/6117/4729 5255/6122/4734
f 4789/6129/4741 4790/6130/4742 5253/6123/4735
f 4790/6130/4742 4791/6132/4744 5254/6131/4743
f 4791/6132/4744 4255/6673/4371 4687/6133/4483
f 5254/6131/4743 4687/6133/4483 4688/6134/4399
f 5257/6124/4736 4688/6134/4399 4689/6135/4388
f 5260/6127/4739 4689/6135/4388 4204/6136/4390
f 5259/6125/4737 5260/6127/4739 4809/6137/4745
f 5258/6126/4738 5259/6125/4737 4808/6138/4746
f 4843/6044/4658 5261/6141/4749 5562/6139/4747
f 5560/6140/4748 5258/6126/4738 4807/6061/4675
f 5558/6128/4740 5255/6122/4734 5258/6126/4738
f 5261/6141/4749 5262/6144/4752 5265/6142/4750
f 5262/6144/4752 5263/6150/4758 5266/6145/4753
f 5264/6143/4751 5265/6142/4750 5268/6146/4754
f 5266/6145/4753 5269/6154/4760 5268/6146/4754
f 5261/6141/4749 5264/6143/4751 5564/6148/4756
f 4844/6149/4757 5262/6144/4752 5261/6141/4749
f 4844/6149/4757 4845/6151/4759 5263/6150/4758
f 4845/6151/4759 4203/6597/4492 4722/6152/4484
f 5263/6150/4758 4722/6152/4484 4723/6153/4485
f 4723/6153/4485 4724/6155/4403 5269/6154/4760
f 4724/6155/4403 4252/6314/4393 4785/6156/4761
f 5269/6154/4760 4785/6156/4761 4784/6157/4762
f 5267/6147/4755 5268/6146/4754 4784/6157/4762
f 4680/6159/4764 5270/6072/4686 5569/6160/4765
f 5566/6162/4766 5267/6147/4755 4783/6158/4763
f 5564/6148/4756 5264/6143/4751 5267/6147/4755
f 5273/5244/3897 5275/5191/3844 5274/6164/4768
f 4679/5247/3900 5271/5245/3898 5270/6072/4686
f 5270/6072/4686 5272/6071/4685 5572/6165/4769
f 5275/5191/3844 4806/5190/3843 4805/6166/4770
f 5295/5520/4173 5297/5519/4172 5296/6167/4771
f 4673/5795/4437 5276/6173/2906 5577/6169/4773
f 5274/6164/4768 4805/6166/4770 4727/5773/4417
f 5272/6071/4685 5274/6164/4768 5575/6170/4774
f 5277/6171/4775 5280/6175/4777 5279/6172/2913
f 5278/6174/4776 5281/6184/4783 5280/6175/4777
f 5279/6172/2913 5280/6175/4777 5283/6176/4778
f 5280/6175/4777 5281/6184/4783 5284/6178/3519
f 5276/6173/2906 5279/6172/2913 5579/6179/4780
f 4672/6180/4781 5277/6171/4775 5276/6173/2906
f 4671/6181/4782 5278/6174/4776 5277/6171/4775
f 4195/6182/4326 4460/6183/4335 5278/6174/4776
f 4460/6183/4335 4459/6913/4340 5281/6184/4783
f 5281/6184/4783 4459/6913/4340 4458/6185/4345
f 5284/6178/3519 4458/6185/4345 4194/6186/4329
f 5283/6176/4778 5284/6178/3519 4850/6187/4784
f 5282/6177/4779 5283/6176/4778 4849/6188/4785
f 4766/6120/4732 4777/6115/4727 5287/6189/4786
f 5581/6191/4788 5282/6177/4779 4848/5976/2911
f 5579/6179/4780 5279/6172/2913 5282/6177/4779
f 5286/6192/4789 5289/6195/4792 5288/6193/4790
f 5287/6189/4786 5290/6197/4794 5289/6195/4792
f 5289/6195/4792 5292/6198/4795 5291/6196/4793
f 5290/6197/4794 5293/6202/4799 5292/6198/4795
f 4614/5820/4459 5294/6168/4772 5590/6199/4796
f 4741/6046/4660 5585/6200/4797 5285/6194/4791
f 5585/6200/4797 5586/6201/4798 5286/6192/4789
f 5587/6190/4787 5287/6189/4786 5286/6192/4789
f 4777/6115/4727 4778/6114/4726 5290/6197/4794
f 4778/6114/4726 4779/6113/4725 5293/6202/4799
f 4779/6113/4725 4248/6112/4606 4632/6203/4580
f 5293/6202/4799 4632/6203/4580 4633/6204/4576
f 5292/6198/4795 4633/6204/4576 4634/6205/4571
f 5291/6196/4793 4634/6205/4571 4251/6206/4549
f 5288/6193/4790 5291/6196/4793 4796/6207/4800
f 5285/6194/4791 5288/6193/4790 4795/6208/4801
f 5297/5519/4172 5299/5518/4171 5298/6209/4802
f 4613/5522/4175 5295/5520/4173 5294/6168/4772
f 5294/6168/4772 5296/6167/4771 5593/6210/4803
f 5299/5518/4171 4802/5547/4200 4801/5803/3028
f 5318/6211/4804 5319/6257/4840 5321/6212/4805
f 4851/5828/4465 4529/5823/4462 5300/6214/4807
f 5298/6209/4802 4801/5803/3028 4733/5805/4445
f 5296/6167/4771 5298/6209/4802 5596/6216/3046
f 5300/6214/4807 5301/6219/4810 5304/6217/4808
f 5301/6219/4810 5302/6226/4817 5305/6220/4811
f 5303/6218/4809 5304/6217/4808 5307/6221/4812
f 5304/6217/4808 5305/6220/4811 5308/6223/4814
f 5598/6215/3050 5300/6214/4807 5303/6218/4809
f 4529/5823/4462 4528/6225/4816 5301/6219/4810
f 4528/6225/4816 4527/6227/4818 5302/6226/4817
f 4527/6227/4818 4257/6521/4349 4693/6228/4346
f 5302/6226/4817 4693/6228/4346 4694/6229/4342
f 5305/6220/4811 4694/6229/4342 4695/6230/4337
f 5308/6223/4814 4695/6230/4337 4249/6231/4339
f 5307/6221/4812 5308/6223/4814 4737/6232/4819
f 5306/6222/4813 5307/6221/4812 4738/6233/4820
f 4846/5968/2891 4534/5949/4568 5309/6235/4822
f 5602/6237/4824 5306/6222/4813 4739/6234/4821
f 5600/6224/4815 5303/6218/4809 5306/6222/4813
f 5309/6235/4822 5310/6241/4828 5313/6239/4826
f 5310/6241/4828 5311/6248/4835 5314/6242/4829
f 5312/6240/4827 5313/6239/4826 5316/6243/4830
f 5313/6239/4826 5314/6242/4829 5317/6245/4832
f 5604/6236/4823 5309/6235/4822 5312/6240/4827
f 4534/5949/4568 4533/6247/4834 5310/6241/4828
f 4533/6247/4834 4532/6249/4836 5311/6248/4835
f 4532/6249/4836 4260/6556/4509 4482/6250/4503
f 5311/6248/4835 4482/6250/4503 4483/6251/4498
f 5314/6242/4829 4483/6251/4498 4484/6252/4489
f 5317/6245/4832 4484/6252/4489 4201/6253/4491
f 5316/6243/4830 5317/6245/4832 4608/6091/4705
f 5315/6244/4831 5316/6243/4830 4609/6089/4703
f 4713/5810/4450 5318/6211/4804 5611/6254/4837
f 5608/6255/4838 5315/6244/4831 4610/6088/4702
f 5606/6246/4833 5312/6240/4827 5315/6244/4831
f 5320/6213/4806 5321/6212/4805 5323/5293/3946
f 5319/6257/4840 5318/6211/4804 4713/5810/4450
f 5318/6211/4804 5320/6213/4806 5614/6258/4841
f 5322/6256/4839 5323/5293/3946 4793/5295/3948
f 4293/5110/3763 4745/5107/3760 5555/6259/4842
f 5372/6261/4844 5319/6257/4840 4712/6024/4638
f 5319/6257/4840 5372/6261/4844 5374/6262/4845
f 5321/6212/4805 5374/6262/4845 5376/6263/4846
f 5366/6264/4847 5367/5270/3923 5369/5269/3922
f 5623/6266/4849 4768/6453/5003 4774/6267/4850
f 5617/6269/4852 5322/6256/4839 4792/6041/4655
f 5614/6258/4841 5320/6213/4806 5322/6256/4839
f 5325/6270/4853 5328/6274/4857 5327/6271/4854
f 5325/6270/4853 5326/6268/4851 5329/6273/4856
f 5327/6271/4854 5328/6274/4857 5331/6275/4858
f 5329/6273/4856 5332/6282/4865 5331/6275/4858
f 4756/6163/4767 4783/6158/4763 5351/6277/4860
f 5621/6279/4862 5324/6272/4855 4822/5952/4570
f 5622/6280/4863 5325/6270/4853 5324/6272/4855
f 5622/6280/4863 5623/6266/4849 5326/6268/4851
f 5326/6268/4851 4774/6267/4850 4775/6281/4864
f 4775/6281/4864 4776/6283/4866 5332/6282/4865
f 4776/6283/4866 4266/6460/4380 4690/6284/4372
f 5332/6282/4865 4690/6284/4372 4691/6285/4373
f 5330/6276/4859 5331/6275/4858 4691/6285/4373
f 4824/6287/4867 5330/6276/4859 4692/6286/4363
f 4823/6289/4868 5327/6271/4854 5330/6276/4859
f 5324/6272/4855 5327/6271/4854 4823/6289/4868
f 5333/6067/4681 5334/6018/4632 5336/6019/4633
f 5336/6019/4633 4268/5032/3685 4267/5031/3684
f 5335/6069/4683 5336/6019/4633 5338/6290/4869
f 4269/6291/4870 5334/6018/4632 4641/5148/3801
f 4642/6068/4682 4641/5148/3801 5334/6018/4632
f 5338/6290/4869 4267/5031/3684 4145/5658/4310
f 5339/6292/4871 5341/6293/4872 4415/5502/4155
f 5337/6070/4684 5338/6290/4869 4270/6020/4634
f 5341/6293/4872 5343/6296/4875 4416/5504/4157
f 5340/5981/4595 5342/6295/4874 5341/6293/4872
f 4648/6294/4873 5339/6292/4871 4414/5507/4160
f 5342/6295/4874 5344/6299/4878 5343/6296/4875
f 5343/6296/4875 4418/5664/4315 4185/5654/4306
f 4647/5982/4596 5340/5981/4595 5339/6292/4871
f 5665/6297/4876 5664/6298/4877 5342/6295/4874
f 5664/6298/4877 5663/6300/4879 5344/6299/4878
f 5663/6300/4879 4767/5633/4285 4417/5635/4287
f 4710/6038/4652 5213/6021/4635 5206/6016/4630
f 5344/6299/4878 4417/5635/4287 4418/5664/4315
f 4399/5454/4107 5345/6303/4882 5347/6301/4880
f 4398/5452/4105 5347/6301/4880 5349/6302/4881
f 5345/6303/4882 5346/5157/3810 5348/5984/4598
f 5345/6303/4882 4399/5454/4107 4176/5381/4034
f 5347/6301/4880 5348/5984/4598 5350/5983/4597
f 4397/5450/4103 5349/6302/4881 4380/5403/4056
f 4646/5326/3979 4645/5155/3808 5346/5157/3810
f 5349/6302/4881 5350/5983/4597 4381/5407/4060
f 4438/5599/4251 4437/5597/4249 5363/6304/4883
f 5352/6306/4885 5355/6309/4888 5354/6307/4886
f 5353/6308/4887 5356/6311/4890 5355/6309/4888
f 5355/6309/4888 5358/6312/4891 5357/6310/4889
f 5356/6311/4890 5359/6317/4895 5358/6312/4891
f 5625/6278/4861 5351/6277/4860 5354/6307/4886
f 4784/6157/4762 5352/6306/4885 5351/6277/4860
f 4785/6156/4761 5353/6308/4887 5352/6306/4885
f 4252/6314/4393 4699/6315/4893 5353/6308/4887
f 4699/6315/4893 4700/6316/4894 5356/6311/4890
f 4700/6316/4894 4701/6318/4896 5359/6317/4895
f 4701/6318/4896 4202/5781/4425 4831/5780/4424
f 5359/6317/4895 4831/5780/4424 4830/5779/4423
f 5358/6312/4891 4830/5779/4423 4829/5778/4422
f 4786/5845/4479 4754/5838/2874 5366/6264/4847
f 5357/6310/4889 4829/5778/4422 4650/6320/4898
f 5354/6307/4886 5357/6310/4889 5629/6321/4899
f 5361/6305/4884 5363/6304/4883 5362/6322/4900
f 4437/5597/4249 4436/5601/4253 5365/6324/4902
f 5363/6304/4883 5365/6324/4902 5364/5334/3987
f 4187/5530/4183 4438/5599/4251 5361/6305/4884
f 4316/5299/3952 4800/5187/3840 5549/6325/4903
f 4648/6294/4873 5361/6305/4884 5360/6323/4901
f 4436/5601/4253 4184/5569/4222 4424/5575/4228
f 5373/6326/4904 4402/5463/4116 4401/5461/4114
f 5365/6324/4902 4424/5575/4228 4423/5332/3985
f 5364/5334/3987 5597/5333/3986 5599/6328/4906
f 5599/6328/4906 5601/6329/4907 5360/6323/4901
f 5601/6329/4907 4798/5980/4594 4647/5982/4596
f 5369/5269/3922 5371/5249/3902 5370/6330/4908
f 5367/5270/3923 5366/6264/4847 4754/5838/2874
f 5632/6319/4897 5366/6264/4847 5368/6265/4848
f 5371/5249/3902 4679/5247/3900 4680/6159/4764
f 5391/5152/3805 5393/5150/3803 5392/6332/4909
f 4770/5790/4432 5390/6333/4910 5641/6334/4911
f 5370/6330/4908 4680/6159/4764 4819/6161/3470
f 5368/6265/4848 5370/6330/4908 5638/6335/4912
f 5372/6261/4844 5373/6326/4904 5375/6327/4905
f 5375/6327/4905 4401/5461/4114 4400/5478/4131
f 5374/6262/4845 5375/6327/4905 5377/6336/4913
f 4402/5463/4116 5373/6326/4904 4653/5610/4262
f 4654/6023/4637 4653/5610/4262 5373/6326/4904
f 5377/6336/4913 4400/5478/4131 4182/5999/4613
f 5382/6337/4914 4329/5197/3850 4330/5199/3852
f 5376/6263/4846 5377/6336/4913 4403/6005/4619
f 5379/6339/4916 5382/6337/4914 5381/6338/4915
f 5380/6341/4918 5383/6342/4919 5382/6337/4914
f 5383/6342/4919 4328/5195/3848 4329/5197/3850
f 4328/5195/3848 5383/6342/4919 4657/6343/4920
f 5378/6340/4917 5624/6351/4928 5626/6344/4921
f 5379/6339/4916 5626/6344/4921 5628/6345/4922
f 5380/6341/4918 5628/6345/4922 4649/5222/3875
f 4658/5221/3874 4657/6343/4920 5383/6342/4919
f 5381/6338/4915 4330/5199/3852 4161/5205/3858
f 4305/5137/3790 4304/5135/3788 5387/6346/4923
f 5378/6340/4917 5381/6338/4915 4326/5628/4280
f 5385/6347/4924 5387/6346/4923 5386/6348/4925
f 4304/5135/3788 4303/5139/3792 5389/6350/4927
f 5387/6346/4923 5389/6350/4927 5388/6260/4843
f 4149/5079/3732 4305/5137/3790 5385/6347/4924
f 4327/5632/4284 4755/5631/4283 5624/6351/4928
f 4655/5209/3862 5385/6347/4924 5384/6349/4926
f 4303/5139/3792 4147/5104/3757 4294/5109/3762
f 4355/5304/3957 5396/6363/4939 5398/6352/4929
f 5389/6350/4927 4294/5109/3762 4293/5110/3763
f 5388/6260/4843 5555/6259/4842 5557/6353/4930
f 5557/6353/4930 5559/6354/4931 5384/6349/4926
f 5559/6354/4931 4714/5671/4322 4656/5213/3866
f 5393/5150/3803 5395/5151/3804 5394/6355/4932
f 4769/5154/3807 5391/5152/3805 5390/6333/4910
f 5390/6333/4910 5392/6332/4909 5644/6356/4933
f 5395/5151/3804 4763/6064/4678 4764/6057/4671
f 5411/6357/4934 5412/5106/3759 5414/5105/3758
f 4619/6359/4936 5402/6421/4976 5649/6360/3309
f 5394/6355/4932 4764/6057/4671 4780/6059/4673
f 5392/6332/4909 5394/6355/4932 5647/6361/4937
f 4354/5302/3955 5398/6352/4929 5400/6362/4938
f 5396/6363/4939 5397/6366/4942 5399/6364/4940
f 4163/5227/3880 4657/6343/4920 5396/6363/4939
f 5398/6352/4929 5399/6364/4940 5401/6365/4941
f 4353/5300/3953 5400/6362/4938 4336/5250/3903
f 4657/6343/4920 4658/5221/3874 5397/6366/4942
f 5672/6367/4943 5399/6364/4940 5397/6366/4942
f 5401/6365/4941 5399/6364/4940 5672/6367/4943
f 4337/5254/3907 5401/6365/4941 5670/6368/4944
f 5395/5151/3804 4948/5149/3802 4642/6068/4682
f 5400/6362/4938 5401/6365/4941 4337/5254/3907
f 4204/5746/4390 4894/5745/4389 4862/6369/4945
f 4254/5913/4537 4879/5912/4536 4525/6370/3440
f 4631/6371/4946 4525/6370/3440 4526/6372/3443
f 4630/6373/4947 4526/6372/3443 4596/6374/3446
f 4469/6376/4708 4863/6383/4954 4898/6377/4949
f 4190/6378/4950 4707/6384/4955 4239/6379/4951
f 4629/6375/4948 4596/6374/3446 4887/6380/4952
f 4468/6382/4707 4864/6387/4957 4863/6383/4954
f 4707/6384/4955 4706/6390/4960 4240/6385/4956
f 4467/6386/4706 4865/6392/4961 4864/6387/4957
f 4628/6388/4958 4597/6394/4963 4875/6389/4959
f 4706/6390/4960 4705/6395/4964 4241/6391/3631
f 4201/5861/4491 4897/5860/4490 4865/6392/4961
f 4627/6393/4962 4598/6397/4966 4597/6394/4963
f 4705/6395/4964 4245/5957/4575 4888/5958/3629
f 4626/6396/4965 4662/6400/2981 4598/6397/4966
f 4193/6398/4967 4704/6401/4968 4256/6399/3416
f 4249/5690/4339 4884/5689/4338 4662/6400/2981
f 4704/6401/4968 4703/6405/4970 4258/6402/3418
f 4625/6403/4724 4663/6408/2995 4885/6404/4969
f 4703/6405/4970 4702/6409/4971 4259/6406/3420
f 4624/6407/4723 4664/6411/3001 4663/6408/2995
f 4702/6409/4971 4247/5925/4547 4886/5926/3425
f 4623/6410/4722 4668/6414/3006 4664/6411/3001
f 4202/6412/4425 4701/6415/4896 4261/6413/4972
f 4246/6381/4953 4887/6380/4952 4668/6414/3006
f 4701/6415/4896 4700/6417/4894 4262/6416/4973
f 4700/6417/4894 4699/6679/4893 4263/6418/4974
f 5403/6419/4975 5406/6423/4978 5405/6420/3379
f 5404/6422/4977 5407/6432/4984 5406/6423/4978
f 5405/6420/3379 5406/6423/4978 5409/6424/4979
f 5406/6423/4978 5407/6432/4984 5410/6426/4980
f 5402/6421/4976 5405/6420/3379 5651/6427/4981
f 4618/6428/4982 5403/6419/4975 5402/6421/4976
f 4617/6429/4983 5404/6422/4977 5403/6419/4975
f 4193/6430/4967 4457/6431/4353 5404/6422/4977
f 4457/6431/4353 4456/6914/4361 5407/6432/4984
f 5407/6432/4984 4456/6914/4361 4455/6433/4368
f 5410/6426/4980 4455/6433/4368 4192/6434/4378
f 5409/6424/4979 5410/6426/4980 4620/6435/4985
f 5408/6425/3378 5409/6424/4979 4621/6436/4986
f 4789/6129/4741 4746/6116/4728 5411/6357/4934
f 5653/6439/4989 5408/6425/3378 4622/6437/4987
f 5651/6427/4981 5405/6420/3379 5408/6425/3378
f 5413/6358/4935 5414/5105/3758 5416/5072/3725
f 5412/5106/3759 5411/6357/4934 4746/6116/4728
f 5656/6438/4988 5411/6357/4934 5413/6358/4935
f 5415/6441/4991 5416/5072/3725 4833/5074/3727
f 5547/6087/4701 5546/6086/4700 5543/5545/4198
f 4797/6238/4825 4739/6234/4821 5419/6443/4993
f 5662/6445/4995 5415/6441/4991 4832/6440/4990
f 5659/6442/4992 5413/6358/4935 5415/6441/4991
f 5418/6446/4996 5421/6449/4999 5420/6447/4997
f 5419/6443/4993 5422/6451/5001 5421/6449/4999
f 5421/6449/4999 5424/6452/5002 5423/6450/5000
f 5422/6451/5001 5425/6456/5006 5424/6452/5002
f 4805/6166/4770 5669/5774/4418 5131/5764/4408
f 4768/6453/5003 5666/6454/5004 5417/6448/4998
f 5666/6454/5004 5667/6455/5005 5418/6446/4996
f 5668/6444/4994 5419/6443/4993 5418/6446/4996
f 4739/6234/4821 4738/6233/4820 5422/6451/5001
f 4738/6233/4820 4737/6232/4819 5425/6456/5006
f 4737/6232/4819 4249/6231/4339 4626/6457/4965
f 5425/6456/5006 4626/6457/4965 4627/6458/4962
f 5424/6452/5002 4627/6458/4962 4628/6459/4958
f 5423/6450/5000 4628/6459/4958 4266/6460/4380
f 5420/6447/4997 5423/6450/5000 4776/6283/4866
f 5417/6448/4998 5420/6447/4997 4775/6281/4864
f 5427/6461/5007 5430/6464/5010 5429/6462/5008
f 5428/5789/2929 5431/5788/4431 5430/6464/5010
f 5430/6464/5010 5433/6466/5012 5432/6465/5011
f 5431/5788/4431 5434/5797/2923 5433/6466/5012
f 4617/6429/4983 5426/6463/5009 4704/6467/4968
f 4618/6428/4982 5427/6461/5007 5426/6463/5009
f 4619/6359/4936 5428/5789/2929 5427/6461/5007
f 5434/5797/2923 4771/5796/4438 4772/6468/5013
f 5433/6466/5012 4772/6468/5013 4773/6469/5014
f 5432/6465/5011 4773/6469/5014 4247/6470/4547
f 5429/6462/5008 5432/6465/5011 4702/6471/4971
f 5426/6463/5009 5429/6462/5008 4703/6472/4970
f 5436/6473/5015 5439/6476/5018 5438/6474/5016
f 5437/5794/4436 5440/5799/4440 5439/6476/5018
f 5439/6476/5018 5442/6478/5020 5441/6477/5019
f 5440/5799/4440 5443/5807/4447 5442/6478/5020
f 4671/6181/4782 5435/6475/5017 4698/6479/4330
f 4672/6180/4781 5436/6473/5015 5435/6475/5017
f 4673/5795/4437 5437/5794/4436 5436/6473/5015
f 5443/5807/4447 4730/5806/4446 4729/6480/5021
f 5442/6478/5020 4729/6480/5021 4728/6481/5022
f 5441/6477/5019 4728/6481/5022 4244/6482/4552
f 5438/6474/5016 5441/6477/5019 4696/6483/4333
f 5435/6475/5017 5438/6474/5016 4697/6484/4331
f 5445/6485/5023 5448/6488/5026 5447/6486/5024
f 5446/5804/4444 5449/5809/4449 5448/6488/5026
f 5448/6488/5026 5451/6490/5028 5450/6489/5027
f 5449/5809/4449 5452/5816/4455 5451/6490/5028
f 4731/6491/5029 5444/6487/5025 4747/6492/4561
f 4732/6494/5030 5445/6485/5023 5444/6487/5025
f 4733/5805/4445 5446/5804/4444 5445/6485/5023
f 5452/5816/4455 4810/5815/4454 4811/6495/5031
f 5451/6490/5028 4811/6495/5031 4812/6496/5032
f 5450/6489/5027 4812/6496/5032 4242/6497/4504
f 5447/6486/5024 5450/6489/5027 4749/6498/4555
f 5444/6487/5025 5447/6486/5024 4748/6499/4558
f 5453/6500/5033 5454/6503/5036 5457/6501/5034
f 5454/6503/5036 5455/5814/3234 5458/5819/4458
f 5457/6501/5034 5460/6505/5038 5459/6504/5037
f 5458/5819/4458 5461/5826/3244 5460/6505/5038
f 4189/6506/4365 4818/6508/5039 5453/6500/5033
f 4818/6508/5039 4817/6509/5040 5454/6503/5036
f 4817/6509/5040 4816/5813/4453 5455/5814/3234
f 5461/5826/3244 4836/5825/3250 4837/6510/5041
f 5460/6505/5038 4837/6510/5041 4838/6511/5042
f 5459/6504/5037 4838/6511/5042 4190/6512/4950
f 5456/6502/5035 5459/6504/5037 4454/6513/4383
f 4452/6507/4481 5453/6500/5033 5456/6502/5035
f 5462/6515/5043 5463/6518/5046 5466/6516/5044
f 5463/6518/5046 5464/5824/4463 5467/5829/4466
f 5465/6517/5045 5466/6516/5044 5469/6519/5047
f 5466/6516/5044 5467/5829/4466 5470/5834/4470
f 4257/6521/4349 4527/6227/4818 5462/6515/5043
f 4527/6227/4818 4528/6225/4816 5463/6518/5046
f 4528/6225/4816 4529/5823/4462 5464/5824/4463
f 5469/6519/5047 5470/5834/4470 4816/5813/4453
f 5468/6520/5048 5469/6519/5047 4817/6509/5040
f 4659/6523/4359 5468/6520/5048 4818/6508/5039
f 4660/6524/4352 5465/6517/5045 5468/6520/5048
f 4661/6522/4347 5462/6515/5043 5465/6517/5045
f 5471/6525/5049 5472/6528/5052 5475/6526/5050
f 5472/6528/5052 5473/5833/4469 5476/5837/4472
f 5474/6527/5051 5475/6526/5050 5478/6529/5053
f 5475/6526/5050 5476/5837/4472 5479/5844/4478
f 4246/6531/4953 4734/6108/4721 5471/6525/5049
f 4734/6108/4721 4735/6106/4719 5472/6528/5052
f 4735/6106/4719 4736/5832/2883 5473/5833/4469
f 5478/6529/5053 5479/5844/4478 4786/5845/4479
f 5477/6530/5054 5478/6529/5053 4787/6533/5055
f 4631/6535/4946 5477/6530/5054 4788/6534/5056
f 4630/6537/4947 5474/6527/5051 5477/6530/5054
f 4629/6532/4948 5471/6525/5049 5474/6527/5051
f 5481/6538/5057 5484/6541/5060 5483/6539/5058
f 5482/5842/4476 5485/5945/4564 5484/6541/5060
f 5484/6541/5060 5487/6543/5062 5486/6542/5061
f 5485/5945/4564 5488/5951/4569 5487/6543/5062
f 4537/6544/5063 5480/6540/5059 4478/6545/4533
f 4538/6547/5064 5481/6538/5057 5480/6540/5059
f 4539/5843/4477 5482/5842/4476 5481/6538/5057
f 5488/5951/4569 4822/5952/4570 4823/6289/4868
f 5487/6543/5062 4823/6289/4868 4824/6287/4867
f 5486/6542/5061 4824/6287/4867 4206/6288/4356
f 5483/6539/5058 5486/6542/5061 4476/6548/4544
f 5480/6540/5059 5483/6539/5058 4477/6549/4539
f 5489/6550/5065 5490/6553/5068 5493/6551/5066
f 5490/6553/5068 5491/5950/3270 5494/5969/3265
f 5492/6552/5067 5493/6551/5066 5496/6554/5069
f 5493/6551/5066 5494/5969/3265 5497/5975/4590
f 4260/6556/4509 4532/6249/4836 5489/6550/5065
f 4532/6249/4836 4533/6247/4834 5490/6553/5068
f 4533/6247/4834 4534/5949/4568 5491/5950/3270
f 5496/6554/5069 5497/5975/4590 4848/5976/2911
f 5495/6555/5070 5496/6554/5069 4849/6188/4785
f 4665/6558/4323 5495/6555/5070 4850/6187/4784
f 4666/6559/4325 5492/6552/5067 5495/6555/5070
f 4667/6557/5071 5489/6550/5065 5492/6552/5067
f 5499/6560/5072 5502/6563/5075 5501/6561/5073
f 5500/5974/4589 5503/5979/4593 5502/6563/5075
f 5502/6563/5075 5505/6565/5077 5504/6564/5076
f 5503/5979/4593 5506/5991/4605 5505/6565/5077
f 4728/6481/5022 5498/6562/5074 4750/6566/4548
f 4729/6480/5021 5499/6560/5072 5498/6562/5074
f 4730/5806/4446 5500/5974/4589 5499/6560/5072
f 5506/5991/4605 4539/5843/4477 4538/6547/5064
f 5505/6565/5077 4538/6547/5064 4537/6544/5063
f 5504/6564/5076 4537/6544/5063 4205/6546/4527
f 5501/6561/5073 5504/6564/5076 4752/6567/4541
f 5498/6562/5074 5501/6561/5073 4751/6568/4545
f 5508/6569/5078 5511/6573/5082 5510/6570/5079
f 5508/6569/5078 5509/6576/5083 5512/6572/5081
f 5510/6570/5079 5511/6573/5082 5514/6037/4651
f 5512/6572/5081 5515/5990/4604 5514/6037/4651
f 4599/6574/4391 5507/6571/5080 4815/6096/4709
f 4600/6575/4392 5508/6569/5078 5507/6571/5080
f 4600/6575/4392 4601/6577/4382 5509/6576/5083
f 4601/6577/4382 4199/6611/4374 4674/6578/5084
f 5509/6576/5083 4674/6578/5084 4675/6579/5085
f 4675/6579/5085 4676/5988/4602 5515/5990/4604
f 4814/6097/4710 5510/6570/5079 5513/6036/4650
f 5507/6571/5080 5510/6570/5079 4814/6097/4710
f 5517/6580/5086 5520/6584/5090 5519/6581/5087
f 5517/6580/5086 5518/6587/5091 5521/6583/5089
f 5520/6584/5090 5523/6048/4662 5522/6047/4661
f 5521/6583/5089 5524/6033/4647 5523/6048/4662
f 4637/6585/4551 5516/6582/5088 4796/6207/4800
f 4636/6586/4554 5517/6580/5086 5516/6582/5088
f 4636/6586/4554 4635/6588/4556 5518/6587/5091
f 4635/6588/4556 4253/6645/4560 4742/6589/5092
f 5518/6587/5091 4742/6589/5092 4743/6590/5093
f 4743/6590/5093 4744/6031/4645 5524/6033/4647
f 5519/6581/5087 5522/6047/4661 4794/6045/4659
f 5516/6582/5088 5519/6581/5087 4795/6208/4801
f 5525/6591/5094 5526/6594/5097 5529/6592/5095
f 5526/6594/5097 5527/6043/4657 5530/6052/4666
f 5528/6593/5096 5529/6592/5095 5532/6595/5098
f 5529/6592/5095 5530/6052/4666 5533/6060/4674
f 4203/6597/4492 4845/6151/4759 5525/6591/5094
f 4845/6151/4759 4844/6149/4757 5526/6594/5097
f 4844/6149/4757 4843/6044/4658 5527/6043/4657
f 5532/6595/5098 5533/6060/4674 4807/6061/4675
f 5531/6596/5099 5532/6595/5098 4808/6138/4746
f 4470/6599/4582 5531/6596/5099 4809/6137/4745
f 4471/6600/4578 5528/6593/5096 5531/6596/5099
f 4472/6598/4573 5525/6591/5094 5528/6593/5096
f 5535/6601/5100 5538/6604/5103 5537/6602/5101
f 5536/6058/4672 5539/6065/4679 5538/6604/5103
f 5538/6604/5103 5541/6606/5105 5540/6605/5104
f 5539/6065/4679 5542/6076/4690 5541/6606/5105
f 4782/6607/5106 5534/6603/5102 4718/6608/4523
f 4781/6610/5107 5535/6601/5100 5534/6603/5102
f 4780/6059/4673 5536/6058/4672 5535/6601/5100
f 5542/6076/4690 4676/5988/4602 4675/6579/5085
f 5541/6606/5105 4675/6579/5085 4674/6578/5084
f 5540/6605/5104 4674/6578/5084 4199/6611/4374
f 5537/6602/5101 5540/6605/5104 4716/6612/4535
f 5534/6603/5102 5537/6602/5101 4717/6613/4529
f 5548/6075/4689 5547/6087/4701 5544/5543/4196
f 4839/6073/4687 5548/6075/4689 5545/5542/4195
f 4710/6038/4652 5543/5545/4198 5546/6086/4700
f 5549/6325/4903 5550/6085/4699 5552/6105/4718
f 5551/5290/3943 5552/6105/4718 5554/6119/4731
f 5550/6085/4699 5549/6325/4903 4800/5187/3840
f 5553/5292/3945 5554/6119/4731 4766/6120/4732
f 5555/6259/4842 5556/6118/4730 5558/6128/4740
f 5557/6353/4930 5558/6128/4740 5560/6140/4748
f 4745/5107/3760 4746/6116/4728 5556/6118/4730
f 5559/6354/4931 5560/6140/4748 4715/6053/4667
f 5562/6139/4747 5564/6148/4756 5563/6614/5108
f 5563/6614/5108 5564/6148/4756 5566/6162/4766
f 4536/6042/4656 5562/6139/4747 5561/5629/4281
f 5565/5630/4282 5566/6162/4766 4756/6163/4767
f 5577/6169/4773 5579/6179/4780 5578/6615/5109
f 5568/6616/5110 5571/6619/5113 5570/6617/5111
f 5569/6160/4765 5572/6165/4769 5571/6619/5113
f 5571/6619/5113 5574/6621/5115 5573/6620/5114
f 5572/6165/4769 5575/6170/4774 5574/6621/5115
f 4821/6622/5116 5567/6618/5112 4686/6623/4501
f 4820/6625/5117 5568/6616/5110 5567/6618/5112
f 4819/6161/3470 5569/6160/4765 5568/6616/5110
f 5575/6170/4774 4727/5773/4417 4726/5772/4416
f 5574/6621/5115 4726/5772/4416 4725/5769/4413
f 5573/6620/5114 4725/5769/4413 4243/5771/4415
f 5570/6617/5111 5573/6620/5114 4684/6626/4513
f 5567/6618/5112 5570/6617/5111 4685/6627/4507
f 5578/6615/5109 5579/6179/4780 5581/6191/4788
f 4827/5793/4435 5577/6169/4773 5576/5422/4075
f 5580/5423/4076 5581/6191/4788 4531/5970/4585
f 5586/6201/4798 5585/6200/4797 5582/5491/4144
f 5587/6190/4787 5586/6201/4798 5583/5489/4142
f 4766/6120/4732 5587/6190/4787 5584/5488/4141
f 4740/5616/4268 5582/5491/4144 5585/6200/4797
f 5597/5333/3986 5598/6215/3050 5600/6224/4815
f 5589/6628/5118 5592/6631/5121 5591/6629/5119
f 5590/6199/4796 5593/6210/4803 5592/6631/5121
f 5592/6631/5121 5595/6633/5123 5594/6632/5122
f 5593/6210/4803 5596/6216/3046 5595/6633/5123
f 4838/6511/5042 5588/6630/5120 4707/6634/4955
f 4837/6510/5041 5589/6628/5118 5588/6630/5120
f 4836/5825/3250 5590/6199/4796 5589/6628/5118
f 5596/6216/3046 4733/5805/4445 4732/6494/5030
f 5595/6633/5123 4732/6494/5030 4731/6491/5029
f 5594/6632/5122 4731/6491/5029 4245/6493/4575
f 5591/6629/5119 5594/6632/5122 4705/6635/4964
f 5588/6630/5120 5591/6629/5119 4706/6636/4960
f 5599/6328/4906 5600/6224/4815 5602/6237/4824
f 5598/6215/3050 5597/5333/3986 4852/5572/4225
f 5601/6329/4907 5602/6237/4824 4797/6238/4825
f 5603/6066/4680 5604/6236/4823 5606/6246/4833
f 5605/5444/4097 5606/6246/4833 5608/6255/4838
f 5604/6236/4823 5603/6066/4680 4847/5362/4015
f 5607/5446/4099 5608/6255/4838 4839/6073/4687
f 5619/6637/5124 5622/6280/4863 5621/6279/4862
f 5610/6638/5125 5613/6641/5128 5612/6639/5126
f 5611/6254/4837 5614/6258/4841 5613/6641/5128
f 5613/6641/5128 5616/6643/5130 5615/6642/5129
f 5614/6258/4841 5617/6269/4852 5616/6643/5130
f 4812/6496/5032 5609/6640/5127 4721/6644/4511
f 4811/6495/5031 5610/6638/5125 5609/6640/5127
f 4810/5815/4454 5611/6254/4837 5610/6638/5125
f 5617/6269/4852 4744/6031/4645 4743/6590/5093
f 5616/6643/5130 4743/6590/5093 4742/6589/5092
f 5615/6642/5129 4742/6589/5092 4253/6645/4560
f 5612/6639/5126 5615/6642/5129 4719/6646/4516
f 5609/6640/5127 5612/6639/5126 4720/6647/4514
f 5623/6266/4849 5622/6280/4863 5619/6637/5124
f 4768/6453/5003 5623/6266/4849 5620/5669/4320
f 5618/5670/4321 5621/6279/4862 4678/5946/4565
f 5624/6351/4928 5625/6278/4861 5627/6313/4892
f 5626/6344/4921 5627/6313/4892 5629/6321/4899
f 4755/5631/4283 4756/6163/4767 5625/6278/4861
f 5628/6345/4922 5629/6321/4899 4650/6320/4898
f 5649/6360/3309 5651/6427/4981 5650/6648/5131
f 5630/6649/5132 5631/6652/5135 5634/6650/5133
f 5631/6652/5135 5632/6319/4897 5635/6331/3455
f 5634/6650/5133 5637/6654/5137 5636/6653/5136
f 5635/6331/3455 5638/6335/4912 5637/6654/5137
f 4254/6536/4537 4788/6534/5056 5630/6649/5132
f 4788/6534/5056 4787/6533/5055 5631/6652/5135
f 4787/6533/5055 4786/5845/4479 5632/6319/4897
f 5638/6335/4912 4819/6161/3470 4820/6625/5117
f 5637/6654/5137 4820/6625/5117 4821/6622/5116
f 5636/6653/5136 4821/6622/5116 4191/6624/4495
f 5633/6651/5134 5636/6653/5136 4683/6656/4521
f 4681/6655/4531 5630/6649/5132 5633/6651/5134
f 5640/6658/5138 5643/6661/5141 5642/6659/5139
f 5641/6334/4911 5644/6356/4933 5643/6661/5141
f 5643/6661/5141 5646/6663/5143 5645/6662/5142
f 5644/6356/4933 5647/6361/4937 5646/6663/5143
f 4773/6469/5014 5639/6660/5140 4638/6664/4543
f 4772/6468/5013 5640/6658/5138 5639/6660/5140
f 4771/5796/4438 5641/6334/4911 5640/6658/5138
f 5647/6361/4937 4780/6059/4673 4781/6610/5107
f 5646/6663/5143 4781/6610/5107 4782/6607/5106
f 5645/6662/5142 4782/6607/5106 4250/6609/4518
f 5642/6659/5139 5645/6662/5142 4640/6665/4532
f 5639/6660/5140 5642/6659/5139 4639/6666/4538
f 5650/6648/5131 5651/6427/4981 5653/6439/4989
f 4834/5787/4430 5649/6360/3309 5648/5124/3777
f 5652/5125/3778 5653/6439/4989 4832/6440/4990
f 5667/6455/5005 5666/6454/5004 5663/6300/4879
f 5654/6667/5144 5655/6670/5147 5658/6668/5145
f 5655/6670/5147 5656/6438/4988 5659/6442/4992
f 5657/6669/5146 5658/6668/5145 5661/6671/5148
f 5658/6668/5145 5659/6442/4992 5662/6445/4995
f 4255/6673/4371 4791/6132/4744 5654/6667/5144
f 4791/6132/4744 4790/6130/4742 5655/6670/5147
f 4790/6130/4742 4789/6129/4741 5656/6438/4988
f 5661/6671/5148 5662/6445/4995 4622/6437/4987
f 5660/6672/5149 5661/6671/5148 4621/6436/4986
f 4760/6675/4386 5660/6672/5149 4620/6435/4985
f 4761/6676/4379 5657/6669/5146 5660/6672/5149
f 4762/6674/4369 5654/6667/5144 5657/6669/5146
f 5668/6444/4994 5667/6455/5005 5664/6298/4877
f 4797/6238/4825 5668/6444/4994 5665/6297/4876
f 4767/5633/4285 5663/6300/4879 5666/6454/5004
f 5670/6368/4944 5672/6367/4943 5671/5775/4419
f 4667/6677/5071 4489/6680/3432 4876/6678/3437
f 4699/6679/4893 4252/5749/4393 4881/5751/4395
f 5672/6367/4943 5674/5220/3873 5673/5777/4421
f 4806/5190/3843 5670/6368/4944 5669/5774/4418
f 5674/5220/3873 4649/5222/3875 4650/6320/4898
f 4666/5674/4325 4490/5673/4324 4489/6680/3432
f 5139/5069/3722 5141/5068/3721 5140/5785/4429
f 4278/5040/3693 4914/5055/3708 4913/5059/3712
f 4908/5030/3683 4907/5023/3676 4496/5025/3678
f 4834/5787/4430 5138/5786/2924 5428/5789/2929
f 4918/5066/3719 4283/5153/3806 4769/5154/3807
f 4908/5030/3683 4268/5032/3685 4269/6291/4870
f 5676/6810/5156 5679/6816/5161 5680/6811/5157
f 5678/6813/5159 5677/6915/5158 5680/6814/5157
f 5679/6816/5161 5682/6916/5179 5683/6817/5162
f 5681/6815/5160 5680/6814/5157 5683/6818/5162
f 5693/6820/5164 5692/6917/5180 5686/6821/5165
f 5693/6820/5164 5687/6822/5166 5688/6823/5167
f 5686/6821/5165 5689/6918/5181 5690/6825/5169
f 5687/6822/5166 5690/6825/5169 5691/6826/5170
usemtl Wood
f 15/1/1 9/2/2 13/3/3
f 8/4/4 37/5/5 7/6/6
f 32/7/7 41/8/8 39/9/9
f 46/10/10 38/11/11 45/12/12
f 33/13/13 40/14/14 42/15/15
f 45/12/12 39/9/9 41/8/8
f 45/12/12 36/16/16 43/17/17
f 44/18/18 37/5/5 46/10/10
f 27/19/19 25/20/20 23/21/21
f 187/22/22 54/23/23 52/24/24
f 188/25/25 55/26/26 54/23/23
f 47/27/27 53/28/28 55/26/26
f 58/29/29 52/24/24 54/23/23
f 55/26/26 57/30/30 59/31/31
f 184/32/32 24/33/33 17/34/34
f 50/35/35 33/13/13 34/36/36
f 51/37/37 31/38/38 33/13/13
f 7/6/6 35/39/39 5/40/40
f 48/41/41 34/36/36 32/7/7
f 22/42/42 1/43/43 20/44/44
f 57/30/30 51/37/37 59/31/31
f 2/45/45 11/46/46 4/47/47
f 18/48/48 25/20/20 185/49/49
f 61/50/50 19/51/51 78/52/52
f 6/53/53 15/1/1 13/3/3
f 4/47/47 12/54/54 3/55/55
f 7/6/6 14/56/56 16/57/57
f 15/1/1 12/54/54 11/46/46
f 16/57/57 10/58/58 12/54/54
f 8/4/4 16/57/57 15/1/1
f 55/26/26 58/29/29 54/23/23
f 30/59/59 24/33/33 26/60/60
f 34/36/36 42/15/15 41/8/8
f 58/29/29 48/41/41 56/61/61
f 59/31/31 50/35/35 58/29/29
f 29/62/62 26/60/60 25/20/20
f 42/15/15 45/12/12 41/8/8
f 19/63/51 29/62/62 27/19/19
f 21/64/63 30/59/59 29/62/62
f 22/42/42 28/65/64 30/59/59
f 19/63/51 4/47/47 21/64/63
f 185/49/49 26/60/60 184/32/32
f 86/66/65 23/67/21 82/68/66
f 3/55/55 10/58/58 1/43/43
f 42/15/15 44/18/18 46/10/10
f 21/64/63 3/55/55 22/42/42
f 107/69/67 52/70/24 112/71/68
f 112/71/68 56/72/61 116/73/69
f 48/74/41 91/75/70 108/76/71
f 98/77/72 32/78/7 39/79/9
f 6/53/53 38/11/11 8/4/4
f 68/80/73 2/81/45 61/50/50
f 65/82/74 36/83/16 6/84/53
f 116/73/69 48/74/41 108/76/71
f 72/85/75 6/84/53 13/86/3
f 82/68/66 18/87/48 77/88/76
f 78/52/52 27/89/19 86/66/65
f 72/85/75 9/90/2 68/80/73
f 102/91/77 36/83/16 95/92/78
f 68/93/73 74/94/79 72/95/75
f 66/96/80 97/97/81 67/98/82
f 91/99/70 100/100/83 93/101/84
f 105/102/85 97/97/81 96/103/86
f 92/104/87 99/105/88 90/106/89
f 98/107/72 104/108/90 100/100/83
f 104/108/90 95/109/78 97/97/81
f 103/110/91 96/103/86 94/111/92
f 86/112/65 84/113/93 88/114/94
f 107/115/67 114/116/95 256/117/96
f 256/117/96 115/118/97 255/119/98
f 255/119/98 113/120/99 106/121/100
f 114/116/95 116/122/69 118/123/101
f 115/118/97 117/124/102 113/120/99
f 253/125/103 83/126/104 85/127/105
f 110/128/106 92/104/87 111/129/107
f 111/129/107 90/106/89 109/130/108
f 108/131/71 93/101/84 110/128/106
f 81/132/109 60/133/110 62/134/111
f 117/124/102 111/129/107 109/130/108
f 61/135/50 70/136/112 68/93/73
f 77/137/76 84/113/93 82/138/66
f 65/139/74 74/94/79 67/98/82
f 63/140/113 71/141/114 70/136/112
f 66/96/80 73/142/115 64/143/116
f 74/94/79 71/141/114 75/144/117
f 71/141/114 73/142/115 75/144/117
f 67/98/82 75/144/117 66/96/80
f 118/123/101 115/118/97 114/116/95
f 85/127/105 87/145/118 89/146/119
f 93/101/84 101/147/120 92/104/87
f 118/123/101 108/131/71 110/128/106
f 119/148/121 110/128/106 111/129/107
f 85/127/105 88/114/94 84/113/93
f 100/100/83 105/102/85 101/147/120
f 78/149/52 88/114/94 80/150/122
f 80/150/122 89/146/119 81/132/109
f 81/132/109 87/145/118 79/151/123
f 78/149/52 63/140/113 61/135/50
f 254/152/124 85/127/105 84/113/93
f 62/134/111 69/153/125 71/141/114
f 101/147/120 103/110/91 99/105/88
f 80/150/122 62/134/111 63/140/113
f 97/97/81 65/139/74 67/98/82
f 102/91/77 39/79/9 43/154/17
f 66/96/80 94/111/92 96/103/86
f 128/155/126 134/156/127 132/157/128
f 126/158/129 159/159/130 127/160/131
f 153/161/132 162/162/133 155/163/134
f 167/164/135 159/159/130 158/165/136
f 154/166/137 161/167/138 152/168/139
f 160/169/140 166/170/141 162/162/133
f 166/170/141 157/171/142 159/159/130
f 165/172/143 158/165/136 156/173/144
f 144/174/145 150/175/146 148/176/147
f 169/177/148 178/178/149 171/179/150
f 171/179/150 179/180/151 170/181/152
f 170/181/152 177/182/153 168/183/154
f 176/184/155 182/185/156 178/178/149
f 179/180/151 181/186/157 177/182/153
f 138/187/158 145/188/159 147/189/160
f 174/190/161 154/166/137 175/191/162
f 175/191/162 152/168/139 173/192/163
f 156/173/144 126/158/129 124/193/164
f 172/194/165 155/163/134 174/190/161
f 143/195/166 120/196/167 122/197/168
f 181/186/157 175/191/162 173/192/163
f 121/198/169 130/199/170 128/155/126
f 137/200/171 146/201/172 144/174/145
f 140/202/173 190/203/174 209/204/175
f 125/205/176 134/156/127 127/160/131
f 123/206/177 131/207/178 130/199/170
f 126/158/129 133/208/179 124/193/164
f 130/199/170 135/209/180 134/156/127
f 129/210/181 135/209/180 131/207/178
f 127/160/131 135/209/180 126/158/129
f 182/185/156 179/180/151 178/178/149
f 147/189/160 149/211/182 151/212/183
f 155/163/134 163/213/184 154/166/137
f 182/185/156 172/194/165 174/190/161
f 183/214/185 174/190/161 175/191/162
f 146/201/172 151/212/183 150/175/146
f 162/162/133 167/164/135 163/213/184
f 140/215/173 150/175/146 142/216/186
f 142/216/186 151/212/183 143/195/166
f 143/195/166 149/211/182 141/217/187
f 140/215/173 123/206/177 121/198/169
f 139/218/188 147/189/160 146/201/172
f 144/219/145 217/220/189 213/221/190
f 122/197/168 129/210/181 131/207/178
f 163/213/184 165/172/143 161/167/138
f 142/216/186 122/197/168 123/206/177
f 176/222/155 238/223/191 245/224/192
f 180/225/193 245/224/192 249/226/194
f 222/227/195 172/228/165 241/229/196
f 153/230/132 229/231/197 160/232/140
f 186/233/198 296/234/199 257/235/200
f 297/236/201 185/49/49 264/237/202
f 264/237/202 184/32/32 268/238/203
f 188/25/25 276/239/204 269/240/205
f 159/159/130 125/205/176 127/160/131
f 268/238/203 17/34/34 304/241/206
f 47/27/27 269/240/205 296/234/199
f 121/242/169 197/243/207 190/203/174
f 157/244/142 194/245/208 125/246/176
f 172/228/165 249/226/194 241/229/196
f 125/246/176 201/247/209 132/248/128
f 137/249/171 213/221/190 206/250/210
f 148/251/147 209/204/175 217/220/189
f 300/252/211 206/250/210 312/253/212
f 128/254/126 201/247/209 197/243/207
f 276/255/204 107/69/67 316/256/213
f 157/244/142 233/257/214 226/258/215
f 203/259/216 197/260/207 201/261/209
f 195/262/217 228/263/218 227/264/219
f 222/265/195 231/266/220 229/267/197
f 236/268/221 228/263/218 235/269/222
f 223/270/223 230/271/224 232/272/225
f 235/269/222 229/267/197 231/266/220
f 235/269/222 226/273/215 233/274/214
f 234/275/226 227/264/219 236/268/221
f 219/276/227 213/277/190 217/278/189
f 238/279/191 247/280/228 245/281/192
f 240/282/229 248/283/230 247/280/228
f 239/284/231 246/285/232 248/283/230
f 247/280/228 249/286/194 245/281/192
f 246/285/232 252/287/233 248/283/230
f 207/288/234 214/289/235 205/290/236
f 243/291/237 223/270/223 224/292/238
f 244/293/239 221/294/240 223/270/223
f 241/295/196 224/292/238 222/265/195
f 212/296/241 189/297/242 210/298/243
f 250/299/244 244/293/239 252/287/233
f 190/300/174 199/301/245 192/302/246
f 206/303/210 215/304/247 208/305/248
f 194/306/208 203/259/216 201/261/209
f 192/302/246 200/307/249 191/308/250
f 195/262/217 202/309/251 204/310/252
f 204/310/252 199/301/245 203/259/216
f 200/307/249 202/309/251 198/311/253
f 196/312/254 204/310/252 203/259/216
f 248/283/230 251/313/255 247/280/228
f 216/314/256 218/315/257 214/289/235
f 224/292/238 232/272/225 231/266/220
f 251/313/255 241/295/196 249/286/194
f 252/287/233 243/291/237 251/313/255
f 215/304/247 220/316/258 216/314/256
f 232/272/225 235/269/222 231/266/220
f 209/317/175 219/276/227 217/278/189
f 211/318/259 220/316/258 219/276/227
f 212/296/241 218/315/257 220/316/258
f 209/317/175 192/302/246 211/318/259
f 208/305/248 216/314/256 207/288/234
f 191/308/250 198/311/253 189/297/242
f 232/272/225 234/275/226 236/268/221
f 211/318/259 191/308/250 212/296/241
f 280/319/260 106/121/100 305/320/261
f 309/321/262 254/152/124 77/137/76
f 284/322/263 253/125/103 254/152/124
f 316/323/213 256/117/96 289/324/264
f 194/306/208 228/263/218 196/312/254
f 288/325/265 76/326/266 253/125/103
f 289/324/264 255/119/98 280/319/260
f 160/232/140 233/257/214 164/327/267
f 227/264/219 193/328/268 195/262/217
f 103/110/91 64/143/116 73/142/115
f 165/172/143 124/193/164 133/208/179
f 165/172/143 129/210/181 161/167/138
f 161/167/138 120/196/167 152/168/139
f 152/168/139 141/217/187 173/192/163
f 181/186/157 141/217/187 149/211/182
f 181/186/157 145/188/159 177/182/153
f 177/182/153 136/329/269 168/183/154
f 168/183/154 301/330/206 260/331/200
f 186/233/198 24/33/33 53/28/28
f 57/30/30 24/33/33 28/65/64
f 57/30/30 20/44/44 49/332/270
f 49/332/270 1/43/43 31/38/38
f 31/38/38 10/58/58 40/14/14
f 40/14/14 14/56/56 44/18/18
f 44/18/18 5/40/40 35/39/39
f 103/110/91 69/153/125 99/105/88
f 99/105/88 60/133/110 90/106/89
f 90/106/89 79/151/123 109/130/108
f 117/124/102 79/151/123 87/145/118
f 117/124/102 83/126/104 113/120/99
f 106/121/100 83/126/104 76/326/266
f 106/121/100 320/333/271 305/320/261
f 237/334/272 214/289/235 246/285/232
f 250/299/244 214/289/235 218/315/257
f 250/299/244 210/298/243 242/335/273
f 242/335/273 189/297/242 221/294/240
f 221/294/240 198/311/253 230/271/224
f 230/271/224 202/309/251 234/275/226
f 234/275/226 193/328/268 225/336/274
f 308/337/275 205/290/236 237/334/272
f 307/338/276 317/339/277 308/337/275
f 306/340/275 318/341/277 307/338/276
f 305/320/261 319/342/278 306/340/275
f 186/233/198 304/241/206 17/34/34
f 258/343/279 304/241/206 257/235/200
f 258/343/279 302/344/280 303/345/281
f 259/346/282 301/330/206 302/344/280
f 239/284/231 292/347/264 277/348/260
f 277/348/260 291/349/264 278/350/283
f 291/349/264 279/351/283 278/350/283
f 290/352/264 280/319/260 279/351/283
f 205/290/236 285/353/265 207/288/234
f 317/339/277 286/354/284 285/353/265
f 318/341/277 287/355/265 286/354/284
f 287/355/265 320/333/271 288/325/265
f 240/282/229 313/356/213 292/347/264
f 292/347/264 314/357/285 291/349/264
f 314/357/285 290/352/264 291/349/264
f 315/358/286 289/324/264 290/352/264
f 207/288/234 281/359/263 208/305/248
f 285/353/265 282/360/263 281/359/263
f 282/360/263 287/355/265 283/361/263
f 283/361/263 288/325/265 284/322/263
f 208/305/248 312/362/212 206/303/210
f 281/359/263 311/363/212 312/362/212
f 282/360/263 310/364/287 311/363/212
f 310/364/287 284/322/263 309/321/262
f 237/334/272 277/348/260 308/337/275
f 308/337/275 278/350/283 307/338/276
f 278/350/283 306/340/275 307/338/276
f 279/351/283 305/320/261 306/340/275
f 169/365/148 313/366/213 238/223/191
f 273/367/288 314/368/285 313/366/213
f 274/369/289 315/370/286 314/368/285
f 275/371/288 316/256/213 315/370/286
f 18/372/48 309/373/262 77/374/76
f 297/375/201 310/376/287 309/373/262
f 298/377/290 311/378/212 310/376/287
f 299/379/291 312/253/212 311/378/212
f 170/181/152 272/380/205 171/179/150
f 293/381/199 271/382/205 272/380/205
f 295/383/199 271/382/205 294/384/199
f 296/234/199 270/385/205 295/383/199
f 265/386/203 136/329/269 138/187/158
f 266/387/203 301/330/206 265/386/203
f 267/388/203 302/344/280 266/387/203
f 267/388/203 304/241/206 303/345/281
f 171/179/150 273/389/288 169/177/148
f 272/380/205 274/390/289 273/389/288
f 270/385/205 274/390/289 271/382/205
f 269/240/205 275/391/288 270/385/205
f 261/392/202 138/187/158 139/218/188
f 262/393/202 265/386/203 261/392/202
f 262/393/202 267/388/203 266/387/203
f 263/394/202 268/238/203 267/388/203
f 300/395/211 139/218/188 137/200/171
f 299/396/291 261/392/202 300/395/211
f 298/397/290 262/393/202 299/396/291
f 298/397/290 264/237/202 263/394/202
f 168/183/154 293/381/199 170/181/152
f 260/331/200 294/384/199 293/381/199
f 258/343/279 294/384/199 259/346/282
f 257/235/200 295/383/199 258/343/279
f 431/398/292 327/399/293 437/400/294
f 522/401/295 427/402/296 537/403/297
f 327/399/293 338/404/298 336/405/299
f 330/406/300 339/407/301 338/404/298
f 329/408/302 340/409/303 339/407/301
f 328/410/304 337/411/305 340/409/303
f 338/404/298 341/412/306 336/405/299
f 339/407/301 343/413/307 338/404/298
f 340/409/303 344/414/308 339/407/301
f 337/411/305 345/415/309 340/409/303
f 341/412/306 348/416/310 346/417/311
f 343/413/307 349/418/312 348/416/310
f 344/414/308 350/419/313 349/418/312
f 345/415/309 347/420/314 350/419/313
f 348/416/310 332/421/315 346/417/311
f 349/418/312 335/422/316 348/416/310
f 350/419/313 334/423/317 349/418/312
f 347/420/314 333/424/318 350/419/313
f 361/425/319 353/426/320 351/427/321
f 363/428/322 354/429/323 353/426/320
f 364/430/324 355/431/325 354/429/323
f 365/432/326 352/433/327 355/431/325
f 368/434/328 361/425/319 366/435/329
f 369/436/330 363/428/322 368/434/328
f 370/437/331 364/430/324 369/436/330
f 367/438/332 365/432/326 370/437/331
f 371/439/333 368/434/328 366/435/329
f 373/440/334 369/436/330 368/434/328
f 374/441/335 370/437/331 369/436/330
f 375/442/336 367/438/332 370/437/331
f 358/443/337 371/439/333 356/444/338
f 359/445/339 373/440/334 358/443/337
f 360/446/340 374/441/335 359/445/339
f 357/447/341 375/442/336 360/446/340
f 321/448/342 330/406/300 327/399/293
f 323/449/343 329/408/302 330/406/300
f 324/450/344 328/410/304 329/408/302
f 325/451/345 326/452/346 328/410/304
f 332/421/315 355/431/325 352/433/327
f 335/422/316 354/429/323 355/431/325
f 334/423/317 353/426/320 354/429/323
f 333/424/318 351/427/321 353/426/320
f 442/453/347 346/417/311 332/421/315
f 472/454/348 367/438/332 477/455/349
f 446/456/350 327/399/293 336/405/299
f 569/457/351 358/443/337 543/458/352
f 382/459/353 393/460/354 385/461/355
f 385/461/355 394/462/356 384/463/357
f 384/463/357 395/464/358 383/465/359
f 383/465/359 392/466/360 381/467/361
f 396/468/362 393/460/354 391/469/363
f 398/470/364 394/462/356 393/460/354
f 399/471/365 395/464/358 394/462/356
f 400/472/366 392/466/360 395/464/358
f 396/468/362 403/473/367 398/470/364
f 398/470/364 404/474/368 399/471/365
f 399/471/365 405/475/369 400/472/366
f 400/472/366 402/476/370 397/477/371
f 387/478/372 403/473/367 401/479/373
f 390/480/374 404/474/368 403/473/367
f 389/481/375 405/475/369 404/474/368
f 388/482/376 402/476/370 405/475/369
f 416/483/377 408/484/378 418/485/379
f 418/485/379 409/486/380 419/487/381
f 419/487/381 410/488/382 420/489/383
f 420/489/383 407/490/384 417/491/385
f 416/483/377 423/492/386 421/493/329
f 418/485/379 424/494/387 423/492/386
f 419/487/381 425/495/388 424/494/387
f 420/489/383 422/496/389 425/495/388
f 426/497/390 423/492/386 428/498/391
f 428/498/391 424/494/387 429/499/392
f 429/499/392 425/495/388 430/500/393
f 430/500/393 422/496/389 427/402/296
f 426/497/390 413/501/394 411/502/395
f 428/498/391 414/503/396 413/501/394
f 429/499/392 415/504/397 414/503/396
f 430/500/393 412/505/398 415/504/397
f 376/506/399 385/461/355 378/507/400
f 378/507/400 384/463/357 379/508/401
f 379/508/401 383/465/359 380/509/402
f 380/509/402 381/467/361 377/510/361
f 387/478/372 410/488/382 390/480/374
f 390/480/374 409/486/380 389/481/375
f 389/481/375 408/484/378 388/482/376
f 388/482/376 406/511/403 386/512/404
f 564/513/329 585/514/329 576/515/329
f 367/438/332 482/516/405 477/455/349
f 446/456/350 341/412/306 451/517/406
f 472/454/348 352/433/327 362/518/407
f 396/468/362 501/519/408 506/520/409
f 537/403/297 422/496/389 532/521/410
f 437/400/294 448/522/411 440/523/412
f 440/523/412 449/524/413 439/525/414
f 439/525/414 450/526/415 438/527/416
f 438/527/416 447/528/417 436/529/418
f 451/517/406 448/522/411 446/456/350
f 453/530/419 449/524/413 448/522/411
f 454/531/420 450/526/415 449/524/413
f 455/532/421 447/528/417 450/526/415
f 451/517/406 458/533/422 453/530/419
f 453/530/419 459/534/423 454/531/420
f 454/531/420 460/535/424 455/532/421
f 455/532/421 457/536/425 452/537/426
f 442/453/347 458/533/422 456/538/427
f 445/539/428 459/534/423 458/533/422
f 444/540/429 460/535/424 459/534/423
f 443/541/430 457/536/425 460/535/424
f 471/542/431 463/543/432 473/544/433
f 473/544/433 464/545/434 474/546/435
f 474/546/435 465/547/436 475/548/437
f 475/548/437 462/549/438 472/454/348
f 471/542/431 478/550/439 476/551/440
f 473/544/433 479/552/441 478/550/439
f 474/546/435 480/553/442 479/552/441
f 475/548/437 477/455/349 480/553/442
f 481/554/443 478/550/439 483/555/444
f 483/555/444 479/552/441 484/556/445
f 484/556/445 480/553/442 485/557/446
f 485/557/446 477/455/349 482/516/405
f 481/554/443 468/558/447 466/559/448
f 483/555/444 469/560/449 468/558/447
f 484/556/445 470/561/450 469/560/449
f 485/557/446 467/562/451 470/561/450
f 431/398/292 440/523/412 433/563/452
f 433/563/452 439/525/414 434/564/453
f 434/564/453 438/527/416 435/565/454
f 435/565/454 436/529/418 432/566/455
f 442/453/347 465/547/436 445/539/428
f 445/539/428 464/545/434 444/540/429
f 444/540/429 463/543/432 443/541/430
f 443/541/430 461/567/456 441/568/457
f 527/569/458 422/496/389 417/491/385
f 570/570/459 359/445/339 569/457/351
f 543/458/352 356/444/338 562/571/460
f 371/572/333 542/573/329 552/574/329
f 486/575/461 382/459/353 376/506/399
f 492/576/462 503/577/463 501/519/408
f 495/578/464 504/579/465 503/577/463
f 494/580/466 505/581/467 504/579/465
f 493/582/468 502/583/469 505/581/467
f 503/577/463 506/520/409 501/519/408
f 504/579/465 508/584/470 503/577/463
f 505/581/467 509/585/471 504/579/465
f 502/583/469 510/586/472 505/581/467
f 506/520/409 513/587/473 511/588/474
f 508/584/470 514/589/475 513/587/473
f 509/585/471 515/590/476 514/589/475
f 510/586/472 512/591/477 515/590/476
f 513/587/473 497/592/478 511/588/474
f 514/589/475 500/593/479 513/587/473
f 515/590/476 499/594/480 514/589/475
f 512/591/477 498/595/481 515/590/476
f 526/596/482 518/597/483 516/598/484
f 528/599/485 519/600/486 518/597/483
f 529/601/487 520/602/488 519/600/486
f 530/603/489 517/604/490 520/602/488
f 533/605/491 526/596/482 531/606/440
f 534/607/492 528/599/485 533/605/491
f 535/608/493 529/601/487 534/607/492
f 532/521/410 530/603/489 535/608/493
f 536/609/494 533/605/491 531/606/440
f 538/610/495 534/607/492 533/605/491
f 539/611/496 535/608/493 534/607/492
f 540/612/497 532/521/410 535/608/493
f 523/613/498 536/609/494 521/614/499
f 524/615/500 538/610/495 523/613/498
f 525/616/501 539/611/496 524/615/500
f 522/401/295 540/612/497 525/616/501
f 486/575/461 495/578/464 492/576/462
f 488/617/502 494/580/466 495/578/464
f 489/618/503 493/582/468 494/580/466
f 490/619/504 491/620/505 493/582/468
f 497/592/478 520/602/488 517/604/490
f 500/593/479 519/600/486 520/602/488
f 499/594/480 518/597/483 519/600/486
f 498/595/481 516/598/484 518/597/483
f 497/592/478 407/490/384 387/478/372
f 401/479/373 506/520/409 511/588/474
f 387/478/372 511/588/474 497/592/478
f 391/469/363 492/576/462 501/519/408
f 541/621/506 468/558/447 469/560/449
f 417/491/385 517/604/490 527/569/458
f 341/412/306 456/538/427 451/517/406
f 372/622/507 467/562/451 482/516/405
f 442/453/347 352/433/327 462/549/438
f 542/573/329 588/623/329 577/624/329
f 562/625/460 587/626/329 580/627/508
f 554/628/329 586/629/329 585/514/329
f 563/630/329 584/631/329 583/632/329
f 553/633/329 322/634/509 549/635/329
f 592/636/510 541/621/506 545/637/510
f 347/638/314 564/513/329 561/639/329
f 571/640/440 565/641/440 597/642/440
f 575/643/511 544/644/512 547/645/511
f 507/646/513 595/647/440 574/648/440
f 536/649/494 597/642/440 582/650/440
f 596/651/514 415/504/397 412/505/398
f 595/647/440 548/652/440 560/653/440
f 516/654/484 573/655/440 599/656/440
f 558/657/440 598/658/440 574/648/440
f 591/659/329 563/630/329 583/632/329
f 526/660/482 599/656/440 571/640/440
f 555/661/440 466/662/448 544/663/512
f 496/664/515 598/658/440 573/655/440
f 546/665/329 361/666/319 351/667/321
f 568/668/516 470/561/450 467/562/451
f 467/562/451 559/669/236 568/668/516
f 469/560/449 545/637/510 541/621/506
f 356/670/338 552/574/329 562/625/460
f 331/671/517 561/639/329 563/630/329
f 342/672/518 554/628/329 564/513/329
f 547/645/511 466/559/448 468/558/447
f 366/673/329 551/674/329 542/573/329
f 558/657/440 457/675/425 566/676/440
f 556/677/440 476/678/440 565/641/440
f 502/679/469 572/680/440 595/647/440
f 568/668/516 596/651/514 600/681/519
f 337/682/305 553/633/329 554/628/329
f 563/630/329 351/667/321 331/671/517
f 491/683/505 589/684/440 572/680/440
f 592/636/510 568/668/516 600/681/519
f 588/623/329 546/665/329 591/659/329
f 566/676/440 573/655/440 598/658/440
f 582/650/440 544/663/512 578/685/520
f 567/686/440 571/640/440 599/656/440
f 557/687/440 599/656/440 573/655/440
f 594/688/459 559/669/236 570/570/459
f 565/641/440 582/650/440 597/642/440
f 558/657/440 595/647/440 560/653/440
f 576/515/329 561/639/329 564/513/329
f 586/629/329 549/635/329 590/689/329
f 579/690/521 547/645/511 541/621/506
f 577/624/329 552/574/329 542/573/329
f 580/691/508 543/458/352 562/571/460
f 569/457/351 594/688/459 570/570/459
f 581/692/352 569/457/351 543/458/352
f 452/693/426 560/653/440 447/694/417
f 481/695/443 565/641/440 476/678/440
f 360/446/340 559/669/236 357/447/341
f 461/696/456 557/687/440 441/697/457
f 471/698/431 567/686/440 461/696/456
f 441/697/457 566/676/440 457/675/425
f 447/694/417 548/652/440 436/699/418
f 550/700/440 572/680/440 589/684/440
f 548/652/440 432/701/455 436/699/418
f 593/702/522 413/501/394 414/503/396
f 594/688/459 414/503/396 415/504/397
f 581/692/352 411/502/395 413/501/394
f 426/703/390 577/624/329 421/704/329
f 523/613/498 579/690/521 524/615/500
f 381/705/361 590/689/329 377/706/361
f 402/707/370 576/515/329 397/708/371
f 521/709/499 582/650/440 578/685/520
f 416/710/377 591/659/329 406/711/403
f 525/616/501 600/681/519 522/401/295
f 600/681/519 412/505/398 522/401/295
f 392/712/360 586/629/329 381/705/361
f 386/713/404 584/631/329 402/707/370
f 397/708/371 585/514/329 392/712/360
f 531/714/440 571/640/440 597/642/440
f 411/715/395 587/626/329 426/703/390
f 521/614/499 575/643/511 523/613/498
f 512/716/477 574/648/440 598/658/440
f 524/615/500 592/636/510 525/616/501
f 406/711/403 583/632/329 386/713/404
f 421/704/329 588/623/329 416/710/377
f 649/717/523 626/718/524 664/719/525
f 648/720/526 625/721/527 622/722/528
f 634/723/529 621/724/530 618/725/531
f 639/726/532 630/727/533 656/728/534
f 634/729/529 620/730/535 635/731/536
f 635/731/536 619/732/537 637/733/538
f 637/733/538 617/734/539 639/726/532
f 642/735/540 616/736/541 643/737/542
f 643/737/542 615/738/543 645/739/544
f 645/739/544 613/740/545 647/741/546
f 602/742/547 651/743/548 650/744/549
f 604/745/550 653/746/551 651/743/548
f 603/747/552 655/748/553 653/746/551
f 658/749/554 612/750/555 659/751/556
f 659/751/556 611/752/557 661/753/558
f 661/753/558 609/754/559 663/755/560
f 662/756/561 626/718/524 628/757/562
f 661/753/558 664/719/525 662/756/561
f 660/758/556 628/757/562 627/759/563
f 659/751/556 662/756/561 660/758/556
f 657/760/564 627/759/563 625/721/527
f 658/749/554 660/758/556 657/760/564
f 632/761/565 656/728/534 630/727/533
f 654/762/566 655/748/553 656/728/534
f 631/763/567 654/762/566 632/761/565
f 652/764/568 653/746/551 654/762/566
f 629/765/569 652/764/568 631/763/567
f 649/717/523 651/743/548 652/764/568
f 646/766/570 622/722/528 624/767/571
f 645/739/544 648/720/526 646/766/570
f 644/768/572 624/767/571 623/769/573
f 643/737/542 646/766/570 644/768/572
f 641/770/574 623/769/573 621/724/530
f 642/735/540 644/768/572 641/770/574
f 638/771/575 606/772/576 608/773/577
f 638/771/575 639/726/532 640/774/578
f 636/775/536 608/773/577 607/776/579
f 636/775/536 637/733/538 638/771/575
f 633/777/580 607/776/579 605/778/581
f 633/777/580 635/731/536 636/775/536
f 601/779/370 640/774/578 655/748/553
f 640/774/578 656/728/534 655/748/553
f 605/780/581 642/735/540 633/781/580
f 633/781/580 641/770/574 634/723/529
f 610/782/477 647/741/546 613/740/545
f 647/741/546 657/760/564 648/720/526
f 602/742/547 663/755/560 609/754/559
f 650/744/549 664/719/525 663/755/560
f 690/783/582 713/784/583 728/785/584
f 712/786/585 689/787/586 721/788/587
f 698/789/588 685/790/589 705/791/590
f 694/792/591 703/793/592 720/794/593
f 698/795/588 684/796/594 682/797/595
f 699/798/596 683/799/597 684/796/594
f 701/800/598 681/801/599 683/799/597
f 706/802/600 680/803/601 678/804/602
f 707/805/603 679/806/604 680/803/601
f 709/807/605 677/808/606 679/806/604
f 715/809/607 666/810/608 714/811/609
f 717/812/610 668/813/611 715/809/607
f 719/814/612 667/815/613 717/812/610
f 722/816/614 676/817/615 674/818/616
f 723/819/617 675/820/618 676/817/615
f 725/821/619 673/822/620 675/820/618
f 690/783/582 726/823/619 692/824/621
f 728/785/584 725/821/619 726/823/619
f 692/824/621 724/825/617 691/826/622
f 726/823/619 723/819/617 724/825/617
f 691/826/622 721/788/587 689/787/586
f 724/825/617 722/816/614 721/788/587
f 696/827/623 720/794/593 718/828/610
f 718/828/610 719/814/612 717/812/610
f 695/829/624 718/828/610 716/830/625
f 716/830/625 717/812/610 715/809/607
f 693/831/626 716/830/625 713/784/583
f 713/784/583 715/809/607 714/811/609
f 686/832/627 710/833/628 688/834/629
f 712/786/585 709/807/605 710/833/628
f 688/834/629 708/835/630 687/836/631
f 710/833/628 707/805/603 708/835/630
f 687/836/631 705/791/590 685/790/589
f 708/835/630 706/802/600 705/791/590
f 670/837/632 702/838/633 672/839/634
f 702/838/633 703/793/592 701/800/598
f 672/839/634 700/840/635 671/841/636
f 700/840/635 701/800/598 699/798/596
f 671/841/636 697/842/637 669/843/638
f 697/842/637 699/798/596 698/795/588
f 665/844/314 704/845/639 670/837/632
f 720/794/593 704/845/639 719/814/612
f 669/846/638 706/802/600 678/804/602
f 697/847/637 705/791/590 706/802/600
f 711/848/640 674/818/616 677/808/606
f 711/848/640 721/788/587 722/816/614
f 727/849/641 666/810/608 673/822/620
f 728/785/584 714/811/609 727/849/641
f 754/850/642 777/851/525 792/852/643
f 776/853/532 753/854/533 785/855/644
f 762/856/645 749/857/646 769/858/647
f 758/859/527 767/860/546 784/861/648
f 762/862/645 748/863/649 746/864/650
f 763/865/542 747/866/571 748/863/649
f 765/867/651 745/868/528 747/866/571
f 770/869/652 744/870/653 742/871/654
f 771/872/655 743/873/656 744/870/653
f 773/874/575 741/875/576 743/873/656
f 779/876/657 730/877/658 778/878/560
f 781/879/659 732/880/660 779/876/657
f 783/881/554 731/882/555 781/879/659
f 786/883/661 740/884/552 738/885/370
f 787/886/551 739/887/662 740/884/552
f 789/888/663 737/889/664 739/887/662
f 754/850/642 790/890/665 756/891/567
f 792/852/643 789/888/663 790/890/665
f 756/891/567 788/892/666 755/893/667
f 790/890/665 787/886/551 788/892/666
f 755/893/667 785/855/644 753/854/533
f 788/892/666 786/883/661 785/855/644
f 760/894/668 784/861/648 782/895/556
f 782/895/556 783/881/554 781/879/659
f 759/896/562 782/895/556 780/897/669
f 780/897/669 781/879/659 779/876/657
f 757/898/670 780/897/669 777/851/525
f 777/851/525 779/876/657 778/878/560
f 750/899/539 774/900/575 752/901/537
f 776/853/532 773/874/575 774/900/575
f 752/901/537 772/902/536 751/903/535
f 774/900/575 771/872/655 772/902/536
f 751/903/535 769/858/647 749/857/646
f 772/902/536 770/869/652 769/858/647
f 734/904/545 766/905/671 736/906/672
f 766/905/671 767/860/546 765/867/651
f 736/906/672 764/907/673 735/908/674
f 764/907/673 765/867/651 763/865/542
f 735/908/674 761/909/675 733/910/676
f 761/909/675 763/865/542 762/862/645
f 729/911/477 768/912/677 734/904/545
f 784/861/648 768/912/677 783/881/554
f 733/913/676 770/869/652 742/871/654
f 761/914/675 769/858/647 770/869/652
f 775/915/678 738/885/370 741/875/576
f 775/915/678 785/855/644 786/883/661
f 791/916/679 730/877/658 737/889/664
f 792/852/643 778/878/560 791/916/679
f 841/917/680 818/918/681 856/919/583
f 840/920/682 817/921/591 814/922/599
f 826/923/683 813/924/684 810/925/602
f 831/926/585 822/927/586 848/928/587
f 826/929/683 812/930/685 827/931/603
f 827/931/603 811/932/629 829/933/628
f 829/933/628 809/934/627 831/926/585
f 834/935/686 808/936/687 835/937/596
f 835/937/596 807/938/634 837/939/688
f 837/939/688 805/940/632 839/941/592
f 794/942/689 843/943/690 842/944/691
f 796/945/692 845/946/693 843/943/690
f 795/947/694 847/948/695 845/946/693
f 850/949/612 804/950/696 851/951/610
f 851/951/610 803/952/697 853/953/698
f 853/953/698 801/954/699 855/955/700
f 854/956/701 818/918/681 820/957/624
f 853/953/698 856/919/583 854/956/701
f 852/958/610 820/957/624 819/959/702
f 851/951/610 854/956/701 852/958/610
f 849/960/703 819/959/702 817/921/591
f 850/949/612 852/958/610 849/960/703
f 824/961/622 848/928/587 822/927/586
f 846/962/704 847/948/695 848/928/587
f 823/963/705 846/962/704 824/961/622
f 844/964/706 845/946/693 846/962/704
f 821/965/707 844/964/706 823/963/705
f 841/917/680 843/943/690 844/964/706
f 838/966/598 814/922/599 816/967/597
f 837/939/688 840/920/682 838/966/598
f 836/968/708 816/967/597 815/969/709
f 835/937/596 838/966/598 836/968/708
f 833/970/710 815/969/709 813/924/684
f 834/935/686 836/968/708 833/970/710
f 830/971/711 798/972/606 800/973/604
f 830/971/711 831/926/585 832/974/712
f 828/975/630 800/973/604 799/976/713
f 828/975/630 829/933/628 830/971/711
f 825/977/714 799/976/713 797/978/715
f 825/977/714 827/931/603 828/975/630
f 793/979/616 832/974/712 847/948/695
f 832/974/712 848/928/587 847/948/695
f 797/980/715 834/935/686 825/981/714
f 825/981/714 833/970/710 826/923/683
f 802/982/314 839/941/592 805/940/632
f 839/941/592 849/960/703 840/920/682
f 794/942/689 855/955/700 801/954/699
f 842/944/691 856/919/583 855/955/700
f 877/983/716 873/984/717 890/985/718
f 906/986/719 946/987/720 914/988/721
f 928/989/722 901/990/723 923/991/724
f 917/992/725 903/993/726 928/989/722
f 861/994/727 866/995/728 865/996/729
f 864/997/730 869/998/731 866/995/728
f 867/999/732 868/1000/733 862/1001/734
f 871/1002/735 869/998/731 867/999/732
f 870/1003/736 871/1002/735 863/1004/737
f 865/996/729 872/1005/738 870/1003/736
f 866/995/728 869/998/731 872/1005/738
f 877/1006/716 882/1007/739 881/1008/740
f 880/1009/741 885/1010/742 882/1007/739
f 883/1011/743 884/1012/744 878/1013/745
f 883/1011/743 888/1014/746 885/1010/742
f 886/1015/747 887/1016/748 879/1017/749
f 881/1008/740 888/1014/746 886/1015/747
f 882/1007/739 885/1010/742 888/1014/746
f 880/1018/741 949/1019/750 953/1020/751
f 889/1021/752 925/1022/753 922/1023/754
f 905/1024/755 914/988/721 920/1025/756
f 898/1026/757 947/1027/758 952/1028/759
f 935/1029/760 870/1030/736 934/1031/761
f 929/1032/762 878/1033/745 961/1034/763
f 884/1035/744 953/1020/751 956/1036/764
f 934/1031/761 863/1037/737 929/1032/762
f 878/1033/745 956/1036/764 961/1034/763
f 941/1038/765 904/1039/766 917/992/725
f 862/1001/734 859/1040/767 857/1041/768
f 868/1000/733 860/1042/769 859/1040/767
f 864/997/730 858/1043/770 860/1042/769
f 879/1017/749 876/1044/771 886/1015/747
f 886/1015/747 875/1045/772 881/1008/740
f 881/1008/740 873/1046/717 877/1006/716
f 862/1001/734 887/1016/748 867/999/732
f 887/1016/748 871/1002/735 867/999/732
f 883/1011/743 863/1004/737 871/1002/735
f 940/1047/773 902/1048/774 941/1038/765
f 874/1049/775 862/1001/734 857/1041/768
f 893/1050/776 858/1051/770 861/1052/727
f 907/1053/777 952/1028/759 946/987/720
f 938/1054/778 865/1055/729 935/1029/760
f 913/1056/779 900/1057/780 908/1058/781
f 897/1059/782 910/1060/783 908/1058/781
f 911/1061/784 898/1062/785 908/1058/781
f 903/1063/786 904/1064/787 908/1058/781
f 909/1065/781 897/1059/782 908/1058/781
f 912/1066/788 913/1056/779 908/1058/781
f 904/1064/787 902/1067/781 908/1058/781
f 898/1062/785 907/1068/789 908/1058/781
f 901/1069/784 903/1063/786 908/1058/781
f 907/1068/789 906/1070/790 908/1058/781
f 906/1070/790 905/1071/781 908/1058/781
f 902/1067/781 899/1072/780 908/1058/781
f 899/1072/780 912/1066/788 908/1058/781
f 905/1071/781 901/1069/784 908/1058/781
f 900/1057/780 909/1065/781 908/1058/781
f 910/1060/783 911/1061/784 908/1058/781
f 899/1073/791 937/1074/792 912/1075/793
f 940/1047/773 936/1076/794 937/1074/792
f 939/1077/795 935/1029/760 936/1076/794
f 892/1078/796 950/1079/797 890/985/718
f 944/1080/798 951/1081/799 950/1079/797
f 945/1082/798 952/1028/759 951/1081/799
f 893/1050/776 938/1054/778 943/1083/800
f 943/1083/800 939/1077/795 942/1084/801
f 942/1084/801 940/1047/773 941/1038/765
f 943/1083/800 895/1085/802 893/1050/776
f 942/1084/801 919/1086/803 943/1083/800
f 941/1038/765 918/1087/725 942/1084/801
f 959/1088/804 897/1089/805 909/1090/806
f 960/1091/807 958/1092/808 959/1088/804
f 961/1034/763 957/1093/809 960/1091/807
f 913/1094/810 931/1095/811 900/1096/812
f 932/1097/813 930/1098/814 931/1095/811
f 933/1099/815 929/1032/762 930/1098/814
f 958/1092/808 910/1100/816 897/1089/805
f 957/1093/809 955/1101/817 958/1092/808
f 956/1036/764 954/1102/818 957/1093/809
f 931/1095/811 909/1090/806 900/1096/812
f 931/1095/811 960/1091/807 959/1088/804
f 930/1098/814 961/1034/763 960/1091/807
f 912/1075/793 932/1097/813 913/1094/810
f 937/1074/792 933/1099/815 932/1097/813
f 936/1076/794 934/1031/761 933/1099/815
f 890/985/718 949/1019/750 877/983/716
f 950/1079/797 948/1103/819 949/1019/750
f 951/1081/799 947/1027/758 948/1103/819
f 889/1104/752 916/1105/820 891/1106/821
f 922/1107/754 915/1108/721 916/1105/820
f 921/1109/822 914/988/721 915/1108/721
f 920/1110/756 901/990/723 905/1111/755
f 921/1112/822 923/991/724 920/1110/756
f 922/1023/754 924/1113/823 921/1112/822
f 955/1101/817 911/1114/824 910/1100/816
f 954/1102/818 947/1027/758 955/1101/817
f 953/1020/751 948/1103/819 954/1102/818
f 919/1086/803 896/1115/825 895/1085/802
f 918/1087/725 926/1116/826 919/1086/803
f 917/992/725 927/1117/827 918/1087/725
f 926/1116/826 894/1118/828 896/1115/825
f 927/1117/827 925/1022/753 926/1116/826
f 928/989/722 924/1113/823 927/1117/827
f 891/1106/821 944/1080/798 892/1078/796
f 916/1105/820 945/1082/798 944/1080/798
f 915/1108/721 946/987/720 945/1082/798
f 982/1119/829 995/1120/776 978/1121/770
f 1051/1122/725 1011/1123/830 1019/1124/722
f 1033/1125/721 1006/1126/831 1008/1127/832
f 1022/1128/833 1008/1127/832 1009/1129/834
f 966/1130/835 971/1131/836 969/1132/837
f 969/1132/837 974/1133/838 973/1134/839
f 973/1134/839 972/1135/840 967/1136/841
f 974/1133/838 976/1137/842 972/1135/840
f 976/1137/842 975/1138/843 968/1139/844
f 977/1140/845 970/1141/846 975/1138/843
f 971/1131/836 977/1140/845 974/1133/838
f 982/1142/829 987/1143/847 985/1144/848
f 985/1144/848 990/1145/849 989/1146/850
f 989/1146/850 988/1147/851 983/1148/852
f 988/1147/851 993/1149/853 992/1150/854
f 992/1150/854 991/1151/855 984/1152/856
f 993/1149/853 986/1153/857 991/1151/855
f 987/1143/847 993/1149/853 990/1145/849
f 1054/1154/778 985/1155/848 1058/1156/858
f 1030/1157/859 994/1158/723 1027/1159/860
f 1019/1124/722 1010/1160/828 1025/1161/861
f 1052/1162/773 1003/1163/774 1057/1164/862
f 1040/1165/863 975/1166/843 970/1167/846
f 1034/1168/864 983/1169/852 968/1170/844
f 1058/1156/858 989/1171/850 1061/1172/865
f 1039/1173/866 968/1170/844 975/1166/843
f 1061/1172/865 983/1169/852 1066/1174/867
f 1046/1175/868 1009/1129/834 1007/1176/757
f 964/1177/869 967/1136/841 962/1178/870
f 965/1179/772 973/1134/839 964/1177/869
f 963/1180/717 969/1132/837 965/1179/772
f 984/1152/856 981/1181/871 979/1182/872
f 991/1151/855 980/1183/769 981/1181/871
f 986/1153/857 978/1184/770 980/1183/769
f 967/1136/841 992/1150/854 984/1152/856
f 976/1137/842 992/1150/854 972/1135/840
f 968/1139/844 988/1147/851 976/1137/842
f 1007/1176/757 1045/1185/873 1046/1175/868
f 967/1136/841 979/1182/872 962/1178/870
f 998/1186/718 966/1187/835 963/1188/717
f 1057/1164/862 1012/1189/874 1051/1122/725
f 1043/1190/875 970/1167/846 966/1187/835
f 1018/1191/782 1013/1192/781 1005/1193/876
f 1002/1194/779 1013/1192/781 1015/1195/788
f 1016/1196/785 1013/1192/781 1003/1197/877
f 1008/1198/790 1013/1192/781 1009/1199/789
f 1014/1200/784 1013/1192/781 1002/1194/779
f 1017/1201/783 1013/1192/781 1018/1191/782
f 1009/1199/789 1013/1192/781 1007/1202/781
f 1003/1197/877 1013/1192/781 1012/1203/787
f 1006/1204/781 1013/1192/781 1008/1198/790
f 1012/1203/787 1013/1192/781 1011/1205/786
f 1011/1205/786 1013/1192/781 1010/1206/781
f 1007/1202/781 1013/1192/781 1004/1207/878
f 1004/1207/878 1013/1192/781 1017/1201/783
f 1010/1206/781 1013/1192/781 1006/1204/781
f 1005/1193/876 1013/1192/781 1014/1200/784
f 1015/1195/788 1013/1192/781 1016/1196/785
f 1004/1208/824 1042/1209/879 1045/1185/873
f 1045/1185/873 1041/1210/880 1044/1211/881
f 1044/1211/881 1040/1165/863 1043/1190/875
f 997/1212/882 1055/1213/883 1049/1214/725
f 1049/1214/725 1056/1215/884 1050/1216/725
f 1050/1216/725 1057/1164/862 1051/1122/725
f 998/1186/718 1043/1190/875 966/1187/835
f 1048/1217/885 1044/1211/881 1043/1190/875
f 1047/1218/886 1045/1185/873 1044/1211/881
f 1000/1219/887 1048/1217/885 998/1186/718
f 1024/1220/888 1047/1218/886 1048/1217/885
f 1023/1221/798 1046/1175/868 1047/1218/886
f 1002/1222/810 1064/1223/889 1014/1224/890
f 1063/1225/891 1065/1226/814 1064/1223/889
f 1062/1227/892 1066/1174/867 1065/1226/814
f 1018/1228/893 1036/1229/894 1037/1230/895
f 1037/1230/895 1035/1231/763 1038/1232/896
f 1038/1232/896 1034/1168/864 1039/1173/866
f 1015/1233/897 1063/1225/891 1002/1222/810
f 1060/1234/898 1062/1227/892 1063/1225/891
f 1059/1235/899 1061/1172/865 1062/1227/892
f 1014/1224/890 1036/1229/894 1005/1236/889
f 1036/1229/894 1065/1226/814 1035/1231/763
f 1035/1231/763 1066/1174/867 1034/1168/864
f 1017/1237/900 1037/1230/895 1042/1209/879
f 1042/1209/879 1038/1232/896 1041/1210/880
f 1041/1210/880 1039/1173/866 1040/1165/863
f 995/1120/776 1054/1154/778 1055/1213/883
f 1055/1213/883 1053/1238/901 1056/1215/884
f 1056/1215/884 1052/1162/773 1057/1164/862
f 994/1239/723 1021/1240/826 1027/1241/860
f 1027/1241/860 1020/1242/722 1026/1243/902
f 1026/1243/902 1019/1124/722 1025/1161/861
f 1006/1126/831 1025/1244/861 1010/1245/828
f 1028/1246/903 1026/1247/902 1025/1244/861
f 1029/1248/904 1027/1159/860 1026/1247/902
f 1016/1249/905 1060/1234/898 1015/1233/897
f 1052/1162/773 1059/1235/899 1060/1234/898
f 1053/1238/901 1058/1156/858 1059/1235/899
f 1001/1250/821 1024/1220/888 1000/1219/887
f 1031/1251/820 1023/1221/798 1024/1220/888
f 1032/1252/906 1022/1128/833 1023/1221/798
f 999/1253/907 1031/1251/820 1001/1250/821
f 1030/1157/859 1032/1252/906 1031/1251/820
f 1029/1248/904 1033/1125/721 1032/1252/906
f 996/1254/908 1049/1214/725 1021/1240/826
f 1021/1240/826 1050/1216/725 1020/1242/722
f 1020/1242/722 1051/1122/725 1019/1124/722
f 1087/1255/909 1100/1256/910 1083/1257/911
f 1156/1258/912 1116/1259/913 1124/1260/914
f 1138/1261/915 1111/1262/916 1113/1263/917
f 1127/1264/918 1113/1263/917 1114/1265/919
f 1071/1266/920 1076/1267/921 1074/1268/922
f 1074/1268/922 1079/1269/923 1078/1270/924
f 1078/1270/924 1077/1271/925 1072/1272/926
f 1079/1269/923 1081/1273/927 1077/1271/925
f 1081/1273/927 1080/1274/928 1073/1275/929
f 1082/1276/930 1075/1277/931 1080/1274/928
f 1076/1267/921 1082/1276/930 1079/1269/923
f 1087/1278/909 1092/1279/932 1090/1280/933
f 1090/1280/933 1095/1281/934 1094/1282/935
f 1094/1282/935 1093/1283/936 1088/1284/937
f 1093/1283/936 1098/1285/938 1097/1286/939
f 1097/1286/939 1096/1287/940 1089/1288/941
f 1098/1285/938 1091/1289/942 1096/1287/940
f 1092/1279/932 1098/1285/938 1095/1281/934
f 1159/1290/943 1090/1291/933 1163/1292/944
f 1135/1293/945 1099/1294/946 1132/1295/947
f 1124/1260/914 1115/1296/948 1130/1297/949
f 1157/1298/950 1108/1299/951 1162/1300/952
f 1145/1301/953 1080/1302/928 1075/1303/931
f 1139/1304/954 1088/1305/937 1073/1306/929
f 1163/1292/944 1094/1307/935 1166/1308/955
f 1144/1309/956 1073/1306/929 1080/1302/928
f 1166/1308/955 1088/1305/937 1171/1310/957
f 1151/1311/958 1114/1265/919 1112/1312/959
f 1069/1313/960 1072/1272/926 1067/1314/961
f 1070/1315/962 1078/1270/924 1069/1313/960
f 1068/1316/963 1074/1268/922 1070/1315/962
f 1089/1288/941 1086/1317/964 1084/1318/965
f 1096/1287/940 1085/1319/966 1086/1317/964
f 1091/1289/942 1083/1320/911 1085/1319/966
f 1072/1272/926 1097/1286/939 1089/1288/941
f 1081/1273/927 1097/1286/939 1077/1271/925
f 1073/1275/929 1093/1283/936 1081/1273/927
f 1112/1312/959 1150/1321/967 1151/1311/958
f 1072/1272/926 1084/1318/965 1067/1314/961
f 1103/1322/968 1071/1323/920 1068/1324/963
f 1162/1300/952 1117/1325/969 1156/1258/912
f 1148/1326/970 1075/1303/931 1071/1323/920
f 1123/1327/786 1118/1328/781 1110/1329/971
f 1107/1330/790 1118/1328/781 1120/1331/789
f 1121/1332/780 1118/1328/781 1108/1333/876
f 1113/1334/788 1118/1328/781 1114/1335/788
f 1119/1336/784 1118/1328/781 1107/1330/790
f 1122/1337/787 1118/1328/781 1123/1327/786
f 1114/1335/788 1118/1328/781 1112/1338/972
f 1108/1333/876 1118/1328/781 1117/1339/783
f 1111/1340/784 1118/1328/781 1113/1334/788
f 1117/1339/783 1118/1328/781 1116/1341/783
f 1116/1341/783 1118/1328/781 1115/1342/781
f 1112/1338/972 1118/1328/781 1109/1343/108
f 1109/1343/108 1118/1328/781 1122/1337/787
f 1115/1342/781 1118/1328/781 1111/1340/784
f 1110/1329/971 1118/1328/781 1119/1336/784
f 1120/1331/789 1118/1328/781 1121/1332/780
f 1109/1344/973 1147/1345/974 1150/1321/967
f 1150/1321/967 1146/1346/975 1149/1347/976
f 1149/1347/976 1145/1301/953 1148/1326/970
f 1102/1348/977 1160/1349/978 1154/1350/979
f 1154/1350/979 1161/1351/980 1155/1352/981
f 1155/1352/981 1162/1300/952 1156/1258/912
f 1103/1322/968 1148/1326/970 1071/1323/920
f 1153/1353/982 1149/1347/976 1148/1326/970
f 1152/1354/983 1150/1321/967 1149/1347/976
f 1105/1355/984 1153/1353/982 1103/1322/968
f 1129/1356/985 1152/1354/983 1153/1353/982
f 1128/1357/986 1151/1311/958 1152/1354/983
f 1107/1358/987 1169/1359/988 1119/1360/989
f 1168/1361/990 1170/1362/991 1169/1359/988
f 1167/1363/992 1171/1310/957 1170/1362/991
f 1123/1364/993 1141/1365/994 1142/1366/995
f 1142/1366/995 1140/1367/996 1143/1368/997
f 1143/1368/997 1139/1304/954 1144/1309/956
f 1120/1369/998 1168/1361/990 1107/1358/987
f 1165/1370/999 1167/1363/992 1168/1361/990
f 1164/1371/1000 1166/1308/955 1167/1363/992
f 1119/1360/989 1141/1365/994 1110/1372/1001
f 1141/1365/994 1170/1362/991 1140/1367/996
f 1140/1367/996 1171/1310/957 1139/1304/954
f 1122/1373/1002 1142/1366/995 1147/1345/974
f 1147/1345/974 1143/1368/997 1146/1346/975
f 1146/1346/975 1144/1309/956 1145/1301/953
f 1100/1256/910 1159/1290/943 1160/1349/978
f 1160/1349/978 1158/1374/1003 1161/1351/980
f 1161/1351/980 1157/1298/950 1162/1300/952
f 1099/1375/946 1126/1376/1004 1132/1377/947
f 1132/1377/947 1125/1378/914 1131/1379/1005
f 1131/1379/1005 1124/1260/914 1130/1297/949
f 1111/1262/916 1130/1380/949 1115/1381/948
f 1133/1382/1006 1131/1383/1005 1130/1380/949
f 1134/1384/1007 1132/1295/947 1131/1383/1005
f 1121/1385/1008 1165/1370/999 1120/1369/998
f 1157/1298/950 1164/1371/1000 1165/1370/999
f 1158/1374/1003 1163/1292/944 1164/1371/1000
f 1106/1386/1009 1129/1356/985 1105/1355/984
f 1136/1387/1010 1128/1357/986 1129/1356/985
f 1137/1388/1011 1127/1264/918 1128/1357/986
f 1104/1389/1012 1136/1387/1010 1106/1386/1009
f 1135/1293/945 1137/1388/1011 1136/1387/1010
f 1134/1384/1007 1138/1261/915 1137/1388/1011
f 1101/1390/1013 1154/1350/979 1126/1376/1004
f 1126/1376/1004 1155/1352/981 1125/1378/914
f 1125/1378/914 1156/1258/912 1124/1260/914
f 1192/1391/1014 1188/1392/963 1205/1393/968
f 1221/1394/1015 1261/1395/1016 1229/1396/1017
f 1243/1397/914 1216/1398/1018 1238/1399/949
f 1232/1400/1019 1218/1401/1020 1243/1397/914
f 1176/1402/1021 1181/1403/1022 1180/1404/1023
f 1179/1405/1024 1184/1406/1025 1181/1403/1022
f 1182/1407/1026 1183/1408/1027 1177/1409/1028
f 1186/1410/1029 1184/1406/1025 1182/1407/1026
f 1185/1411/1030 1186/1410/1029 1178/1412/1031
f 1180/1404/1023 1187/1413/1032 1185/1411/1030
f 1181/1403/1022 1184/1406/1025 1187/1413/1032
f 1192/1414/1014 1197/1415/1033 1196/1416/1034
f 1195/1417/1035 1200/1418/1036 1197/1415/1033
f 1198/1419/1037 1199/1420/1038 1193/1421/1039
f 1198/1419/1037 1203/1422/1040 1200/1418/1036
f 1201/1423/1041 1202/1424/1042 1194/1425/1043
f 1196/1416/1034 1203/1422/1040 1201/1423/1041
f 1197/1415/1033 1200/1418/1036 1203/1422/1040
f 1195/1426/1035 1264/1427/1044 1268/1428/1045
f 1204/1429/1046 1240/1430/947 1237/1431/1047
f 1220/1432/1048 1229/1396/1017 1235/1433/1049
f 1213/1434/1050 1262/1435/1051 1267/1436/1052
f 1250/1437/1053 1185/1438/1030 1249/1439/955
f 1244/1440/1054 1193/1441/1039 1276/1442/1055
f 1199/1443/1038 1268/1428/1045 1271/1444/1056
f 1249/1439/955 1178/1445/1031 1244/1440/1054
f 1193/1441/1039 1271/1444/1056 1276/1442/1055
f 1256/1446/1057 1219/1447/969 1232/1400/1019
f 1177/1409/1028 1174/1448/1058 1172/1449/1059
f 1183/1408/1027 1175/1450/966 1174/1448/1058
f 1179/1405/1024 1173/1451/911 1175/1450/966
f 1194/1425/1043 1191/1452/1060 1201/1423/1041
f 1201/1423/1041 1190/1453/962 1196/1416/1034
f 1196/1416/1034 1188/1454/963 1192/1414/1014
f 1177/1409/1028 1202/1424/1042 1182/1407/1026
f 1202/1424/1042 1186/1410/1029 1182/1407/1026
f 1198/1419/1037 1178/1412/1031 1186/1410/1029
f 1255/1455/950 1217/1456/951 1256/1446/1057
f 1189/1457/1061 1177/1409/1028 1172/1449/1059
f 1208/1458/910 1173/1459/911 1176/1460/1021
f 1222/1461/1062 1267/1436/1052 1261/1395/1016
f 1253/1462/943 1180/1463/1023 1250/1437/1053
f 1228/1464/790 1215/1465/785 1223/1466/781
f 1212/1467/786 1225/1468/787 1223/1466/781
f 1226/1469/971 1213/1470/1063 1223/1466/781
f 1218/1471/783 1219/1472/783 1223/1466/781
f 1224/1473/971 1212/1467/786 1223/1466/781
f 1227/1474/789 1228/1464/790 1223/1466/781
f 1219/1472/783 1217/1475/110 1223/1466/781
f 1213/1470/1063 1222/1476/788 1223/1466/781
f 1216/1477/781 1218/1471/783 1223/1466/781
f 1222/1476/788 1221/1478/788 1223/1466/781
f 1221/1478/788 1220/1479/781 1223/1466/781
f 1217/1475/110 1214/1480/785 1223/1466/781
f 1214/1480/785 1227/1474/789 1223/1466/781
f 1220/1479/781 1216/1477/781 1223/1466/781
f 1215/1465/785 1224/1473/971 1223/1466/781
f 1225/1468/787 1226/1469/971 1223/1466/781
f 1214/1481/1064 1252/1482/1065 1227/1483/1066
f 1255/1455/950 1251/1484/1067 1252/1482/1065
f 1254/1485/1068 1250/1437/1053 1251/1484/1067
f 1207/1486/1069 1265/1487/1070 1205/1393/968
f 1259/1488/986 1266/1489/1071 1265/1487/1070
f 1260/1490/986 1267/1436/1052 1266/1489/1071
f 1208/1458/910 1253/1462/943 1258/1491/1072
f 1258/1491/1072 1254/1485/1068 1257/1492/1073
f 1257/1492/1073 1255/1455/950 1256/1446/1057
f 1258/1491/1072 1210/1493/1074 1208/1458/910
f 1257/1492/1073 1234/1494/1075 1258/1491/1072
f 1256/1446/1057 1233/1495/979 1257/1492/1073
f 1274/1496/1076 1212/1497/1077 1224/1498/1078
f 1275/1499/1079 1273/1500/1080 1274/1496/1076
f 1276/1442/1055 1272/1501/1081 1275/1499/1079
f 1228/1502/1082 1246/1503/1083 1215/1504/1084
f 1247/1505/990 1245/1506/991 1246/1503/1083
f 1248/1507/992 1244/1440/1054 1245/1506/991
f 1273/1500/1080 1225/1508/1085 1212/1497/1077
f 1272/1501/1081 1270/1509/1086 1273/1500/1080
f 1271/1444/1056 1269/1510/1087 1272/1501/1081
f 1246/1503/1083 1224/1498/1078 1215/1504/1084
f 1246/1503/1083 1275/1499/1079 1274/1496/1076
f 1245/1506/991 1276/1442/1055 1275/1499/1079
f 1227/1483/1066 1247/1505/990 1228/1502/1082
f 1252/1482/1065 1248/1507/992 1247/1505/990
f 1251/1484/1067 1249/1439/955 1248/1507/992
f 1205/1393/968 1264/1427/1044 1192/1391/1014
f 1265/1487/1070 1263/1511/976 1264/1427/1044
f 1266/1489/1071 1262/1435/1051 1263/1511/976
f 1204/1512/1046 1231/1513/1010 1206/1514/1088
f 1237/1515/1047 1230/1516/915 1231/1513/1010
f 1236/1517/1089 1229/1396/1017 1230/1516/915
f 1235/1518/1049 1216/1398/1018 1220/1519/1048
f 1236/1520/1089 1238/1399/949 1235/1518/1049
f 1237/1431/1047 1239/1521/1090 1236/1520/1089
f 1270/1509/1086 1226/1522/1091 1225/1508/1085
f 1269/1510/1087 1262/1435/1051 1270/1509/1086
f 1268/1428/1045 1263/1511/976 1269/1510/1087
f 1234/1494/1075 1211/1523/1092 1210/1493/1074
f 1233/1495/979 1241/1524/1004 1234/1494/1075
f 1232/1400/1019 1242/1525/1093 1233/1495/979
f 1241/1524/1004 1209/1526/1094 1211/1523/1092
f 1242/1525/1093 1240/1430/947 1241/1524/1004
f 1243/1397/914 1239/1521/1090 1242/1525/1093
f 1206/1514/1088 1259/1488/986 1207/1486/1069
f 1231/1513/1010 1260/1490/986 1259/1488/986
f 1230/1516/915 1261/1395/1016 1260/1490/986
f 1295/1527/1095 1338/1528/1096 1335/1529/1097
f 1320/1530/1098 1305/1531/1099 1313/1532/1100
f 1370/1533/1101 1359/1534/1102 1284/1535/1103
f 1290/1536/1104 1332/1537/1105 1329/1538/1106
f 1344/1539/1107 1389/1540/1108 1383/1541/1109
f 1290/1542/1104 1317/1543/1110 1302/1544/1111
f 1317/1543/1110 1307/1545/1112 1302/1544/1111
f 1332/1537/1105 1295/1527/1095 1335/1529/1097
f 1287/1546/1113 1383/1541/1109 1278/1547/1114
f 1326/1548/1115 1310/1549/1116 1307/1545/1112
f 1323/1550/1117 1313/1532/1100 1310/1549/1116
f 1281/1551/1118 1284/1535/1103 1305/1531/1099
f 1346/1552/1119 1386/1553/1120 1395/1554/1121
f 1349/1555/1122 1395/1554/1121 1392/1556/1123
f 1374/1557/1124 1356/1558/1125 1364/1559/1126
f 1352/1560/1127 1392/1556/1123 1389/1540/1108
f 1368/1561/1128 1341/1562/1129 1356/1558/1125
f 1377/1563/1130 1364/1559/1126 1361/1564/1131
f 1380/1565/1132 1361/1564/1131 1359/1534/1102
f 1295/1566/1095 1294/1567/1133 1292/1568/1134
f 1288/1569/1135 1293/1570/1136 1286/1571/1137
f 1300/1572/1138 1295/1566/1095 1298/1573/1139
f 1297/1574/1140 1293/1570/1136 1294/1567/1133
f 1290/1575/1104 1300/1572/1138 1298/1573/1139
f 1297/1574/1140 1299/1576/1141 1296/1577/1142
f 1309/1578/1143 1302/1579/1111 1307/1580/1112
f 1291/1581/1144 1299/1576/1141 1300/1572/1138
f 1312/1582/1145 1307/1580/1112 1310/1583/1116
f 1303/1584/1146 1308/1585/968 1301/1586/1147
f 1313/1587/1100 1312/1582/1145 1310/1583/1116
f 1309/1578/1143 1311/1588/1148 1308/1585/968
f 1305/1589/1099 1315/1590/1149 1313/1587/1100
f 1315/1590/1149 1311/1588/1148 1312/1582/1145
f 1348/1591/1150 1341/1592/1129 1346/1593/1119
f 1306/1594/1151 1314/1595/1152 1315/1590/1149
f 1349/1596/1122 1348/1591/1150 1346/1593/1119
f 1342/1597/1153 1347/1598/1154 1340/1599/1155
f 1354/1600/1156 1349/1596/1122 1352/1601/1127
f 1351/1602/1157 1347/1598/1154 1348/1591/1150
f 1344/1603/1107 1354/1600/1156 1352/1601/1127
f 1351/1602/1157 1353/1604/1137 1350/1605/1158
f 1363/1606/1159 1359/1607/1102 1361/1608/1131
f 1345/1609/1160 1353/1604/1137 1354/1600/1156
f 1364/1610/1126 1363/1606/1159 1361/1608/1131
f 1360/1611/1161 1362/1612/1162 1358/1613/1163
f 1356/1614/1125 1366/1615/1164 1364/1610/1126
f 1366/1615/1164 1362/1612/1162 1363/1606/1159
f 1329/1616/1106 1333/1617/1165 1330/1618/1166
f 1357/1619/1167 1365/1620/1168 1366/1615/1164
f 1331/1621/1169 1330/1618/1166 1333/1617/1165
f 1333/1617/1165 1335/1622/1097 1336/1623/1170
f 1331/1621/1169 1336/1623/1170 1334/1624/1171
f 1335/1622/1097 1339/1625/1172 1336/1623/1170
f 1337/1626/1173 1336/1623/1170 1339/1625/1172
f 1327/1627/1174 1317/1628/1110 1318/1629/1175
f 1325/1630/1176 1318/1629/1175 1316/1631/1177
f 1324/1632/1178 1326/1633/1115 1327/1627/1174
f 1322/1634/1179 1327/1627/1174 1325/1630/1176
f 1320/1635/1098 1324/1632/1178 1321/1636/1180
f 1322/1634/1179 1321/1636/1180 1324/1632/1178
f 1383/1637/1109 1390/1638/1181 1384/1639/1182
f 1388/1640/1183 1384/1639/1182 1390/1638/1181
f 1390/1638/1181 1392/1641/1123 1393/1642/1184
f 1388/1640/1183 1393/1642/1184 1391/1643/1185
f 1392/1641/1123 1396/1644/1186 1393/1642/1184
f 1394/1645/1187 1393/1642/1184 1396/1644/1186
f 1396/1644/1186 1386/1646/1120 1387/1647/1188
f 1394/1645/1187 1387/1647/1188 1385/1648/1189
f 1381/1649/1190 1370/1650/1101 1372/1651/1191
f 1379/1652/1192 1372/1651/1191 1371/1653/1193
f 1378/1654/1194 1380/1655/1132 1381/1649/1190
f 1376/1656/1195 1381/1649/1190 1379/1652/1192
f 1374/1657/1124 1378/1654/1194 1375/1658/1196
f 1376/1656/1195 1375/1658/1196 1378/1654/1194
f 1368/1659/1128 1375/1658/1196 1369/1660/1197
f 1373/1661/1198 1369/1660/1197 1375/1658/1196
f 1303/1584/1146 1290/1575/1104 1302/1579/1111
f 1318/1629/1175 1329/1616/1106 1330/1618/1166
f 1291/1581/1144 1301/1586/1147 1289/1662/1199
f 1316/1631/1177 1330/1618/1166 1328/1663/1200
f 1341/1592/1129 1357/1619/1167 1356/1614/1125
f 1386/1646/1120 1369/1660/1197 1387/1647/1188
f 1342/1597/1153 1355/1664/1201 1357/1619/1167
f 1367/1665/1202 1387/1647/1188 1369/1660/1197
f 1370/1650/1101 1282/1666/1203 1372/1651/1191
f 1371/1653/1193 1282/1666/1203 1280/1667/1204
f 1288/1569/1135 1344/1603/1107 1287/1668/1113
f 1278/1669/1114 1384/1639/1182 1279/1670/1205
f 1288/1569/1135 1343/1671/1206 1345/1609/1160
f 1277/1672/1207 1384/1639/1182 1382/1673/1208
f 1360/1611/1161 1284/1674/1103 1359/1607/1102
f 1339/1625/1172 1278/1669/1114 1279/1670/1205
f 1285/1675/1209 1358/1613/1163 1283/1676/1210
f 1337/1626/1173 1279/1670/1205 1277/1672/1207
f 1281/1677/1118 1321/1636/1180 1282/1666/1203
f 1319/1678/1211 1282/1666/1203 1321/1636/1180
f 1284/1674/1103 1306/1594/1151 1305/1589/1099
f 1304/1679/1212 1285/1675/1209 1283/1676/1210
f 1292/1680/1134 1278/1547/1114 1338/1528/1096
f 1365/1620/1168 1340/1599/1155 1347/1598/1154
f 1362/1612/1162 1347/1598/1154 1350/1605/1158
f 1358/1613/1163 1350/1605/1158 1353/1604/1137
f 1283/1676/1210 1353/1604/1137 1343/1671/1206
f 1289/1662/1199 1308/1585/968 1299/1576/1141
f 1299/1576/1141 1311/1588/1148 1296/1577/1142
f 1296/1577/1142 1314/1595/1152 1293/1570/1136
f 1293/1570/1136 1304/1679/1212 1286/1571/1137
f 1304/1679/1212 1343/1671/1206 1286/1571/1137
f 1325/1630/1176 1328/1663/1200 1331/1621/1169
f 1322/1634/1179 1331/1621/1169 1334/1624/1171
f 1319/1678/1211 1334/1624/1171 1337/1626/1173
f 1280/1667/1204 1337/1626/1173 1277/1672/1207
f 1385/1648/1189 1373/1661/1198 1394/1645/1187
f 1394/1645/1187 1376/1656/1195 1391/1643/1185
f 1391/1643/1185 1379/1652/1192 1388/1640/1183
f 1388/1640/1183 1371/1653/1193 1382/1673/1208
f 1277/1672/1207 1371/1653/1193 1280/1667/1204
f 1294/1567/1133 1287/1668/1113 1292/1568/1134
f 1458/1681/1213 1415/1682/1214 1455/1683/1215
f 1425/1684/1216 1440/1685/1100 1433/1686/1217
f 1479/1687/1218 1490/1688/1219 1404/1689/1220
f 1452/1690/1221 1410/1691/1222 1449/1692/1223
f 1509/1693/1224 1464/1694/1225 1503/1695/1226
f 1437/1696/1227 1410/1697/1222 1422/1698/1228
f 1427/1699/1229 1437/1696/1227 1422/1698/1228
f 1452/1690/1221 1415/1682/1214 1418/1700/1230
f 1503/1695/1226 1407/1701/1231 1398/1702/163
f 1430/1703/1232 1446/1704/1233 1427/1699/1229
f 1433/1686/1217 1443/1705/1234 1430/1703/1232
f 1404/1689/1220 1401/1706/1235 1425/1684/1216
f 1506/1707/1236 1466/1708/1237 1515/1709/1238
f 1515/1709/1238 1469/1710/1239 1512/1711/1240
f 1476/1712/1241 1494/1713/1126 1484/1714/1242
f 1512/1711/1240 1472/1715/1243 1509/1693/1224
f 1461/1716/1244 1488/1717/1245 1476/1712/1241
f 1484/1714/1242 1497/1718/1131 1481/1719/1246
f 1481/1719/1246 1500/1720/1247 1479/1687/1218
f 1415/1721/1214 1414/1722/1172 1417/1723/1170
f 1408/1724/1248 1413/1725/1249 1414/1722/1172
f 1415/1721/1214 1420/1726/1165 1418/1727/1230
f 1413/1725/1249 1417/1723/1170 1414/1722/1172
f 1410/1728/1222 1420/1726/1165 1411/1729/1250
f 1417/1723/1170 1419/1730/1251 1420/1726/1165
f 1422/1731/1228 1429/1732/1252 1427/1733/1229
f 1419/1730/1251 1411/1729/1250 1420/1726/1165
f 1427/1733/1229 1432/1734/1253 1430/1735/1232
f 1423/1736/1254 1428/1737/1255 1429/1732/1252
f 1433/1738/1217 1432/1734/1253 1435/1739/1180
f 1429/1732/1252 1431/1740/1256 1432/1734/1253
f 1425/1741/1216 1435/1739/1180 1426/1742/1257
f 1431/1740/1256 1435/1739/1180 1432/1734/1253
f 1461/1743/1244 1468/1744/1186 1466/1745/1237
f 1434/1746/1258 1426/1742/1257 1435/1739/1180
f 1469/1747/1239 1468/1744/1186 1471/1748/1184
f 1462/1749/1259 1467/1750/1260 1468/1744/1186
f 1469/1747/1239 1474/1751/1181 1472/1752/1243
f 1467/1750/1260 1471/1748/1184 1468/1744/1186
f 1464/1753/1225 1474/1751/1181 1465/1754/1261
f 1471/1748/1184 1473/1755/1262 1474/1751/1181
f 1479/1756/1218 1483/1757/1263 1481/1758/1246
f 1473/1755/1262 1465/1754/1261 1474/1751/1181
f 1484/1759/1242 1483/1757/1263 1486/1760/1264
f 1480/1761/1265 1482/1762/1266 1483/1757/1263
f 1476/1763/1241 1486/1760/1264 1477/1764/1197
f 1482/1762/1266 1486/1760/1264 1483/1757/1263
f 1453/1765/1267 1449/1766/1223 1450/1767/1268
f 1485/1768/1269 1477/1764/1197 1486/1760/1264
f 1451/1769/1270 1450/1767/1268 1448/1770/1271
f 1453/1765/1267 1455/1771/1215 1452/1772/1221
f 1456/1773/1272 1451/1769/1270 1454/1774/1273
f 1459/1775/1274 1455/1771/1215 1456/1773/1272
f 1457/1776/1275 1456/1773/1272 1454/1774/1273
f 1447/1777/1143 1437/1778/1227 1446/1779/1233
f 1438/1780/1146 1445/1781/968 1436/1782/1276
f 1444/1783/1277 1446/1779/1233 1443/1784/1234
f 1447/1777/1143 1442/1785/1278 1445/1781/968
f 1444/1783/1277 1440/1786/1100 1441/1787/1279
f 1442/1785/1278 1441/1787/1279 1439/1788/1280
f 1510/1789/1281 1503/1790/1226 1504/1791/1282
f 1508/1792/1283 1504/1791/1282 1502/1793/1284
f 1510/1789/1281 1512/1794/1240 1509/1795/1224
f 1513/1796/1285 1508/1792/1283 1511/1797/1286
f 1516/1798/1287 1512/1794/1240 1513/1796/1285
f 1514/1799/1288 1513/1796/1285 1511/1797/1286
f 1516/1798/1287 1506/1800/1236 1515/1801/1238
f 1507/1802/1289 1514/1799/1288 1505/1803/1155
f 1501/1804/1290 1490/1805/1219 1500/1806/1247
f 1492/1807/1291 1499/1808/1292 1491/1809/1210
f 1498/1810/1159 1500/1806/1247 1497/1811/1131
f 1501/1804/1290 1496/1812/1293 1499/1808/1292
f 1498/1810/1159 1494/1813/1126 1495/1814/1294
f 1496/1812/1293 1495/1814/1294 1493/1815/776
f 1495/1814/1294 1488/1816/1245 1489/1817/1295
f 1493/1815/776 1489/1817/1295 1487/1818/1296
f 1410/1728/1222 1423/1736/1254 1422/1731/1228
f 1438/1780/1146 1449/1766/1223 1437/1778/1227
f 1411/1729/1250 1421/1819/1297 1423/1736/1254
f 1450/1767/1268 1436/1782/1276 1448/1770/1271
f 1461/1743/1244 1477/1764/1197 1462/1749/1259
f 1489/1817/1295 1506/1800/1236 1507/1802/1289
f 1475/1820/1298 1462/1749/1259 1477/1764/1197
f 1487/1818/1296 1507/1802/1289 1505/1803/1155
f 1402/1821/1299 1490/1805/1219 1492/1807/1291
f 1400/1822/1300 1492/1807/1291 1491/1809/1210
f 1464/1753/1225 1408/1724/1248 1407/1823/1231
f 1504/1791/1282 1398/1824/163 1399/1825/1301
f 1463/1826/1302 1408/1724/1248 1465/1754/1261
f 1504/1791/1282 1397/1827/1210 1502/1793/1284
f 1404/1828/1220 1480/1761/1265 1479/1756/1218
f 1459/1775/1274 1398/1824/163 1458/1829/1213
f 1405/1830/1303 1478/1831/1304 1480/1761/1265
f 1399/1825/1301 1457/1776/1275 1397/1827/1210
f 1441/1787/1279 1401/1832/1235 1402/1821/1299
f 1439/1788/1280 1402/1821/1299 1400/1822/1300
f 1426/1742/1257 1404/1828/1220 1425/1741/1216
f 1405/1830/1303 1424/1833/1305 1403/1834/1306
f 1398/1702/163 1412/1835/1307 1458/1681/1213
f 1460/1836/1308 1485/1768/1269 1467/1750/1260
f 1467/1750/1260 1482/1762/1266 1470/1837/1309
f 1470/1837/1309 1478/1831/1304 1473/1755/1262
f 1473/1755/1262 1403/1834/1306 1463/1826/1302
f 1409/1838/1310 1428/1737/1255 1421/1819/1297
f 1419/1730/1251 1431/1740/1256 1428/1737/1255
f 1416/1839/1311 1434/1746/1258 1431/1740/1256
f 1413/1725/1249 1424/1833/1305 1434/1746/1258
f 1463/1826/1302 1424/1833/1305 1406/1840/1312
f 1448/1770/1271 1445/1781/968 1451/1769/1270
f 1451/1769/1270 1442/1785/1278 1454/1774/1273
f 1454/1774/1273 1439/1788/1280 1457/1776/1275
f 1457/1776/1275 1400/1822/1300 1397/1827/1210
f 1505/1803/1155 1493/1815/776 1487/1818/1296
f 1514/1799/1288 1496/1812/1293 1493/1815/776
f 1511/1797/1286 1499/1808/1292 1496/1812/1293
f 1508/1792/1283 1491/1809/1210 1499/1808/1292
f 1400/1822/1300 1502/1793/1284 1397/1827/1210
f 1407/1823/1231 1414/1722/1172 1412/1841/1307
f 1517/1842/440 1542/1843/1313 1519/1844/440
f 1562/1845/1314 1518/1846/329 1525/1847/338
f 1537/1848/1315 1524/1849/1316 1520/1850/519
f 1547/1851/1317 1520/1850/519 1523/1852/1318
f 1552/1853/1319 1523/1852/1318 1522/1854/521
f 1557/1855/1320 1522/1854/521 1521/1856/511
f 1542/1843/1313 1521/1856/511 1519/1844/440
f 1572/1857/1321 1525/1847/338 1528/1858/352
f 1577/1859/1322 1528/1858/352 1527/1860/522
f 1582/1861/1323 1527/1860/522 1526/1862/1324
f 1567/1863/1325 1526/1862/1324 1524/1849/1316
f 1556/1864/1326 1543/1865/1327 1541/1866/1255
f 1558/1867/1328 1544/1868/1329 1543/1865/1327
f 1559/1869/1330 1545/1870/1331 1544/1868/1329
f 1560/1871/1332 1542/1872/1313 1545/1870/1331
f 1551/1873/1333 1558/1867/1328 1556/1864/1326
f 1558/1867/1328 1554/1874/1334 1559/1869/1330
f 1554/1874/1334 1560/1871/1332 1559/1869/1330
f 1555/1875/1335 1557/1876/1320 1560/1871/1332
f 1546/1877/1336 1553/1878/1337 1551/1873/1333
f 1553/1878/1337 1549/1879/1338 1554/1874/1334
f 1549/1879/1338 1555/1875/1335 1554/1874/1334
f 1555/1875/1335 1547/1880/1317 1552/1881/1319
f 1546/1877/1336 1538/1882/1339 1548/1883/1340
f 1548/1883/1340 1539/1884/1341 1549/1879/1338
f 1549/1879/1338 1540/1885/1342 1550/1886/1343
f 1550/1886/1343 1537/1887/1315 1547/1880/1317
f 1581/1888/1344 1568/1889/1345 1566/1890/1346
f 1583/1891/1347 1569/1892/1348 1568/1889/1345
f 1584/1893/1349 1570/1894/1350 1569/1892/1348
f 1585/1895/1351 1567/1896/1325 1570/1894/1350
f 1581/1888/1344 1578/1897/1352 1583/1891/1347
f 1583/1891/1347 1579/1898/1353 1584/1893/1349
f 1584/1893/1349 1580/1899/1354 1585/1895/1351
f 1580/1899/1354 1582/1900/1323 1585/1895/1351
f 1576/1901/1355 1573/1902/1356 1578/1897/1352
f 1573/1902/1356 1579/1898/1353 1578/1897/1352
f 1579/1898/1353 1575/1903/1357 1580/1899/1354
f 1575/1903/1357 1577/1904/1322 1580/1899/1354
f 1571/1905/1358 1563/1906/1359 1573/1902/1356
f 1573/1902/1356 1564/1907/1360 1574/1908/1361
f 1574/1908/1361 1565/1909/1362 1575/1903/1357
f 1575/1903/1357 1562/1910/1314 1572/1911/1321
f 1566/1890/1346 1538/1882/1339 1536/1912/1363
f 1541/1866/1255 1530/1913/1364 1529/1914/1365
f 1543/1865/1327 1531/1915/1366 1530/1913/1364
f 1544/1868/1329 1532/1916/454 1531/1915/1366
f 1545/1870/1331 1636/1917/1367 1532/1916/454
f 1568/1889/1345 1539/1884/1341 1538/1882/1339
f 1539/1884/1341 1570/1894/1350 1540/1885/1342
f 1570/1894/1350 1537/1887/1315 1540/1885/1342
f 1561/1918/1368 1535/1919/343 1563/1906/1359
f 1563/1906/1359 1534/1920/1369 1564/1907/1360
f 1564/1907/1360 1533/1921/345 1565/1909/1362
f 1565/1909/1362 1637/1922/1370 1562/1910/1314
f 1518/1923/1371 1519/1924/1371 1525/1925/1371
f 1529/1914/1365 1561/1918/1368 1541/1866/1255
f 1627/1926/1372 1665/1927/1373 1632/1928/1374
f 1529/1929/784 1530/1930/1375 1639/1931/1376
f 1650/1932/1377 1610/1933/1378 1605/1934/1379
f 1641/1935/1380 1617/1936/1381 1658/1937/1382
f 1616/1938/1383 1593/1939/1384 1591/1940/1385
f 1535/1941/781 1657/1942/971 1534/1943/781
f 1654/1944/1386 1605/1934/1379 1600/1945/1387
f 1632/1928/1374 1658/1937/1382 1617/1936/1381
f 1614/1946/1388 1673/1947/1389 1622/1948/1390
f 1622/1948/1390 1669/1949/1391 1627/1926/1372
f 1599/1950/1392 1593/1939/1384 1601/1951/1393
f 1601/1951/1393 1594/1952/1394 1602/1953/1395
f 1602/1953/1395 1595/1954/1396 1603/1955/1397
f 1603/1955/1397 1592/1956/1398 1600/1957/1387
f 1599/1950/1392 1606/1958/1399 1604/1959/1400
f 1601/1951/1393 1607/1960/1401 1606/1958/1399
f 1602/1953/1395 1608/1961/1402 1607/1960/1401
f 1608/1961/1402 1600/1957/1387 1605/1962/1379
f 1609/1963/1403 1606/1958/1399 1611/1964/1404
f 1606/1958/1399 1612/1965/1405 1611/1964/1404
f 1612/1965/1405 1608/1961/1402 1613/1966/1406
f 1608/1961/1402 1610/1967/1378 1613/1966/1406
f 1609/1963/1403 1586/1968/1407 1596/1969/1408
f 1611/1964/1404 1598/1970/1409 1586/1968/1407
f 1612/1965/1405 1587/1971/1410 1598/1970/1409
f 1613/1966/1406 1597/1972/1411 1587/1971/1410
f 1621/1973/1412 1590/1974/1413 1623/1975/1414
f 1623/1975/1414 1589/1976/1415 1624/1977/1416
f 1624/1977/1416 1615/1978/1417 1625/1979/1418
f 1625/1979/1418 1614/1980/1388 1622/1981/1390
f 1626/1982/1419 1623/1975/1414 1628/1983/1420
f 1623/1975/1414 1629/1984/1421 1628/1983/1420
f 1624/1977/1416 1630/1985/1422 1629/1984/1421
f 1630/1985/1422 1622/1981/1390 1627/1986/1372
f 1631/1987/1423 1628/1983/1420 1633/1988/1424
f 1633/1988/1424 1629/1984/1421 1634/1989/1425
f 1629/1984/1421 1635/1990/1426 1634/1989/1425
f 1630/1985/1422 1632/1991/1374 1635/1990/1426
f 1631/1987/1423 1618/1992/1427 1616/1938/1383
f 1633/1988/1424 1619/1993/1428 1618/1992/1427
f 1634/1989/1425 1620/1994/1429 1619/1993/1428
f 1635/1990/1426 1617/1995/1381 1620/1994/1429
f 1618/1992/1427 1594/1952/1394 1593/1939/1384
f 1619/1993/1428 1595/1954/1396 1594/1952/1394
f 1595/1954/1396 1617/1995/1381 1592/1956/1398
f 1641/1935/1380 1600/1945/1387 1592/1996/1398
f 1646/1997/1430 1597/1998/1411 1610/1933/1378
f 1653/1999/1431 1644/2000/1432 1642/2001/1433
f 1655/2002/1434 1643/2003/1435 1644/2000/1432
f 1656/2004/1436 1641/2005/1380 1643/2003/1435
f 1649/2006/1437 1655/2002/1434 1653/1999/1431
f 1651/2007/1438 1656/2004/1436 1655/2002/1434
f 1652/2008/1439 1654/2009/1386 1656/2004/1436
f 1645/2010/1440 1651/2007/1438 1649/2006/1437
f 1651/2007/1438 1648/2011/1441 1652/2008/1439
f 1652/2008/1439 1646/2012/1430 1650/2013/1377
f 1645/2010/1440 1677/2014/1442 1647/2015/1443
f 1647/2015/1443 1640/2016/1444 1648/2011/1441
f 1648/2011/1441 1676/2017/1445 1646/2012/1430
f 1672/2018/1446 1663/2019/1447 1662/2020/1448
f 1674/2021/1449 1678/2022/1450 1663/2019/1447
f 1675/2023/1451 1661/2024/1452 1678/2022/1450
f 1668/2025/1453 1674/2021/1449 1672/2018/1446
f 1670/2026/1454 1675/2023/1451 1674/2021/1449
f 1671/2027/1455 1673/2028/1389 1675/2023/1451
f 1664/2029/1456 1670/2026/1454 1668/2025/1453
f 1666/2030/1457 1671/2027/1455 1670/2026/1454
f 1667/2031/1458 1669/2032/1391 1671/2027/1455
f 1664/2029/1456 1659/2033/1459 1666/2030/1457
f 1666/2030/1457 1660/2034/1460 1667/2031/1458
f 1667/2031/1458 1658/2035/1382 1665/2036/1373
f 1642/2001/1433 1659/2033/1459 1657/1942/971
f 1644/2000/1432 1660/2034/1460 1659/2033/1459
f 1643/2003/1435 1658/2035/1382 1660/2034/1460
f 1529/1929/784 1639/1931/1376 1642/2001/1433
f 1639/1931/1376 1645/2010/1440 1642/2001/1433
f 1645/2010/1440 1649/2006/1437 1653/1999/1431
f 1642/2001/1433 1645/2010/1440 1653/1999/1431
f 1529/1929/784 1657/1942/971 1638/2037/781
f 1657/1942/971 1664/2029/1456 1672/2018/1446
f 1664/2029/1456 1668/2025/1453 1672/2018/1446
f 1672/2018/1446 1662/2020/1448 1657/1942/971
f 1532/2038/781 1636/2039/781 1639/1931/1376
f 1531/2040/781 1532/2038/781 1639/1931/1376
f 1530/1930/1375 1531/2040/781 1639/1931/1376
f 1533/2041/781 1657/1942/971 1637/2042/781
f 1535/1941/781 1638/2037/781 1657/1942/971
f 1534/1943/781 1657/1942/971 1533/2041/781
f 1518/2043/781 1657/1942/971 1662/2020/1448
f 1525/1925/1371 1521/2044/1371 1528/2045/1371
f 1528/2045/1371 1522/2046/1371 1527/2047/1371
f 1527/2047/1371 1523/2048/1371 1526/2049/1371
f 1526/2049/1371 1520/2050/1371 1524/2051/1371
f 1541/1866/1255 1571/1905/1358 1556/1864/1326
f 1556/1864/1326 1576/1901/1355 1551/1873/1333
f 1551/1873/1333 1581/1888/1344 1546/1877/1336
f 1546/1877/1336 1566/1890/1346 1536/1912/1363
f 1679/2052/781 1639/1931/1376 1517/2053/781
f 1704/2054/1461 1679/2055/440 1681/2056/440
f 1680/2057/329 1724/2058/1462 1687/2059/338
f 1686/2060/1316 1699/2061/1463 1682/2062/519
f 1682/2062/519 1709/2063/1464 1685/2064/1318
f 1685/2064/1318 1714/2065/1465 1684/2066/521
f 1684/2066/521 1719/2067/1466 1683/2068/511
f 1683/2068/511 1704/2054/1461 1681/2056/440
f 1687/2059/338 1734/2069/1467 1690/2070/352
f 1690/2070/352 1739/2071/1468 1689/2072/522
f 1689/2072/522 1744/2073/1469 1688/2074/1324
f 1688/2074/1324 1729/2075/1470 1686/2060/1316
f 1705/2076/1471 1718/2077/1472 1703/2078/1371
f 1706/2079/1473 1720/2080/1474 1705/2076/1471
f 1707/2081/1475 1721/2082/1476 1706/2079/1473
f 1704/2083/1461 1722/2084/1477 1707/2081/1475
f 1720/2080/1474 1713/2085/1478 1718/2077/1472
f 1720/2080/1474 1716/2086/1479 1715/2087/1480
f 1722/2084/1477 1716/2086/1479 1721/2082/1476
f 1719/2088/1466 1717/2089/1481 1722/2084/1477
f 1715/2087/1480 1708/2090/1280 1713/2085/1478
f 1716/2086/1479 1710/2091/1482 1715/2087/1480
f 1717/2089/1481 1711/2092/1483 1716/2086/1479
f 1717/2089/1481 1709/2093/1464 1712/2094/1484
f 1708/2090/1280 1700/2095/1485 1698/2096/1486
f 1710/2091/1482 1701/2097/1487 1700/2095/1485
f 1711/2092/1483 1702/2098/1488 1701/2097/1487
f 1712/2094/1484 1699/2099/1463 1702/2098/1488
f 1730/2100/1489 1743/2101/1292 1728/2102/1490
f 1731/2103/1491 1745/2104/1492 1730/2100/1489
f 1732/2105/1493 1746/2106/1494 1731/2103/1491
f 1729/2107/1470 1747/2108/1495 1732/2105/1493
f 1743/2101/1292 1740/2109/1496 1738/2110/1497
f 1746/2106/1494 1740/2109/1496 1745/2104/1492
f 1746/2106/1494 1742/2111/1498 1741/2112/1499
f 1744/2113/1469 1742/2111/1498 1747/2108/1495
f 1738/2110/1497 1735/2114/1500 1733/2115/1501
f 1741/2112/1499 1735/2114/1500 1740/2109/1496
f 1741/2112/1499 1737/2116/1502 1736/2117/1503
f 1739/2118/1468 1737/2116/1502 1742/2111/1498
f 1733/2115/1501 1725/2119/1504 1723/2120/1371
f 1735/2114/1500 1726/2121/1505 1725/2119/1504
f 1736/2117/1503 1727/2122/1506 1726/2121/1505
f 1737/2116/1502 1724/2123/1462 1727/2122/1506
f 1700/2095/1485 1728/2102/1490 1698/2096/1486
f 1692/2124/1507 1703/2078/1371 1691/2125/1508
f 1693/2126/1509 1705/2076/1471 1692/2124/1507
f 1694/2127/1510 1706/2079/1473 1693/2126/1509
f 1798/2128/1511 1707/2081/1475 1694/2127/1510
f 1701/2097/1487 1730/2100/1489 1700/2095/1485
f 1702/2098/1488 1731/2103/1491 1701/2097/1487
f 1699/2099/1463 1732/2105/1493 1702/2098/1488
f 1723/2120/1371 1697/2129/1512 1800/2130/776
f 1725/2119/1504 1696/2131/1513 1697/2129/1512
f 1726/2121/1505 1695/2132/1514 1696/2131/1513
f 1727/2122/1506 1799/2133/1515 1695/2132/1514
f 1681/2134/1255 1680/2135/1255 1687/2136/1255
f 1723/2120/1371 1691/2125/1508 1703/2078/1371
f 1789/2137/1516 1827/2138/1517 1831/2139/1518
f 1691/2140/971 1801/2141/1519 1692/2142/1520
f 1772/2143/1521 1812/2144/1522 1767/2145/1523
f 1820/2146/1524 1754/2147/1525 1803/2148/1526
f 1755/2149/1527 1778/2150/1528 1753/2151/1529
f 1697/2152/781 1696/2153/781 1819/2154/784
f 1767/2145/1523 1816/2155/1530 1762/2156/1531
f 1794/2157/1532 1820/2146/1524 1827/2138/1517
f 1776/2158/1533 1835/2159/1534 1823/2160/329
f 1784/2161/1535 1831/2139/1518 1835/2159/1534
f 1761/2162/1536 1755/2149/1527 1753/2151/1529
f 1763/2163/1537 1756/2164/1538 1755/2149/1527
f 1764/2165/1539 1757/2166/1540 1756/2164/1538
f 1765/2167/1541 1754/2168/1525 1757/2166/1540
f 1768/2169/1542 1761/2162/1536 1766/2170/1543
f 1769/2171/1544 1763/2163/1537 1768/2169/1542
f 1770/2172/1545 1764/2165/1539 1769/2171/1544
f 1767/2173/1523 1765/2167/1541 1770/2172/1545
f 1771/2174/1546 1768/2169/1542 1766/2170/1543
f 1774/2175/1547 1768/2169/1542 1773/2176/1548
f 1774/2175/1547 1770/2172/1545 1769/2171/1544
f 1772/2177/1521 1770/2172/1545 1775/2178/1549
f 1748/2179/1550 1771/2174/1546 1758/2180/1551
f 1760/2181/1552 1773/2176/1548 1748/2179/1550
f 1749/2182/1553 1774/2175/1547 1760/2181/1552
f 1759/2183/1554 1775/2178/1549 1749/2182/1553
f 1783/2184/1555 1752/2185/1556 1750/2186/1557
f 1785/2187/1558 1751/2188/1559 1752/2185/1556
f 1786/2189/1560 1777/2190/1561 1751/2188/1559
f 1787/2191/1562 1776/2192/1533 1777/2190/1561
f 1790/2193/1563 1783/2184/1555 1788/2194/1564
f 1790/2193/1563 1786/2189/1560 1785/2187/1558
f 1792/2195/1565 1786/2189/1560 1791/2196/1566
f 1789/2197/1516 1787/2191/1562 1792/2195/1565
f 1793/2198/1567 1790/2193/1563 1788/2194/1564
f 1796/2199/1568 1790/2193/1563 1795/2200/1569
f 1797/2201/1570 1791/2196/1566 1796/2199/1568
f 1794/2202/1532 1792/2195/1565 1797/2201/1570
f 1780/2203/1571 1793/2198/1567 1778/2150/1528
f 1781/2204/1572 1795/2200/1569 1780/2203/1571
f 1782/2205/1573 1796/2199/1568 1781/2204/1572
f 1779/2206/1574 1797/2201/1570 1782/2205/1573
f 1756/2164/1538 1780/2203/1571 1755/2149/1527
f 1756/2164/1538 1782/2205/1573 1781/2204/1572
f 1754/2168/1525 1782/2205/1573 1757/2166/1540
f 1615/1978/1417 1776/2192/1533 1614/1980/1388
f 1793/2198/1567 1626/1982/1419 1631/1987/1423
f 1616/1938/1383 1753/2151/1529 1778/2150/1528
f 1762/2156/1531 1803/2148/1526 1754/2147/1525
f 1759/2207/1554 1808/2208/1575 1772/2143/1521
f 1806/2209/1576 1815/2210/1577 1804/2211/1578
f 1805/2212/1579 1817/2213/1580 1806/2209/1576
f 1803/2214/1526 1818/2215/1581 1805/2212/1579
f 1815/2210/1577 1813/2216/1582 1811/2217/1583
f 1818/2215/1581 1813/2216/1582 1817/2213/1580
f 1818/2215/1581 1812/2218/1522 1814/2219/1584
f 1811/2217/1583 1809/2220/1585 1807/2221/878
f 1813/2216/1582 1810/2222/1586 1809/2220/1585
f 1814/2219/1584 1808/2223/1575 1810/2222/1586
f 1807/2221/878 1839/2224/1587 1801/2141/1519
f 1809/2220/1585 1802/2225/1588 1839/2224/1587
f 1810/2222/1586 1838/2226/1589 1802/2225/1588
f 1825/2227/1590 1834/2228/785 1824/2229/1591
f 1840/2230/1592 1836/2231/1593 1825/2227/1590
f 1823/2232/329 1837/2233/1594 1840/2230/1592
f 1836/2231/1593 1830/2234/1595 1834/2228/785
f 1837/2233/1594 1832/2235/1596 1836/2231/1593
f 1835/2236/1534 1833/2237/1597 1837/2233/1594
f 1832/2235/1596 1826/2238/1598 1830/2234/1595
f 1833/2237/1597 1828/2239/1599 1832/2235/1596
f 1833/2237/1597 1827/2240/1517 1829/2241/1600
f 1826/2238/1598 1821/2242/1601 1819/2154/784
f 1828/2239/1599 1822/2243/1602 1821/2242/1601
f 1829/2241/1600 1820/2244/1524 1822/2243/1602
f 1838/2245/1589 1597/1998/1411 1676/2246/1445
f 1821/2242/1601 1804/2211/1578 1819/2154/784
f 1821/2242/1601 1805/2212/1579 1806/2209/1576
f 1820/2244/1524 1805/2212/1579 1822/2243/1602
f 1691/2140/971 1804/2211/1578 1801/2141/1519
f 1801/2141/1519 1804/2211/1578 1807/2221/878
f 1807/2221/878 1815/2210/1577 1811/2217/1583
f 1804/2211/1578 1815/2210/1577 1807/2221/878
f 1819/2154/784 1691/2140/971 1800/2247/781
f 1819/2154/784 1834/2228/785 1826/2238/1598
f 1826/2238/1598 1834/2228/785 1830/2234/1595
f 1834/2228/785 1819/2154/784 1824/2229/1591
f 1694/2248/781 1801/2141/1519 1798/2249/781
f 1693/2250/781 1801/2141/1519 1694/2248/781
f 1692/2142/1520 1801/2141/1519 1693/2250/781
f 1695/2251/781 1799/2252/781 1819/2154/784
f 1697/2152/781 1819/2154/784 1800/2247/781
f 1696/2153/781 1695/2251/781 1819/2154/784
f 1819/2154/784 1680/2253/781 1824/2229/1591
f 1680/2253/781 1662/2020/1448 1824/2229/1591
f 1839/2224/1587 1640/2016/1444 1677/2014/1442
f 1761/2162/1536 1591/1940/1385 1599/1950/1392
f 1823/2232/329 1678/2022/1450 1661/2024/1452
f 1663/2019/1447 1824/2229/1591 1662/2020/1448
f 1798/2249/781 1801/2141/1519 1679/2052/781
f 1678/2022/1450 1825/2227/1590 1663/2019/1447
f 1604/1959/1400 1761/2162/1536 1599/1950/1392
f 1609/1963/1403 1766/2170/1543 1604/1959/1400
f 1758/2180/1551 1609/1963/1403 1596/1969/1408
f 1793/2198/1567 1616/1938/1383 1778/2150/1528
f 1788/2194/1564 1621/1973/1412 1626/1982/1419
f 1588/2254/1603 1783/2184/1555 1750/2186/1557
f 1751/2188/1559 1615/1978/1417 1589/1976/1415
f 1590/1974/1413 1751/2188/1559 1589/1976/1415
f 1750/2186/1557 1590/1974/1413 1588/2254/1603
f 1586/1968/1407 1758/2180/1551 1596/1969/1408
f 1760/2181/1552 1586/1968/1407 1598/1970/1409
f 1749/2182/1553 1598/1970/1409 1587/1971/1410
f 1759/2183/1554 1587/1971/1410 1597/1972/1411
f 1614/1946/1388 1823/2255/329 1661/2256/1452
f 1639/1931/1376 1839/2224/1587 1677/2014/1442
f 1683/2257/1255 1687/2136/1255 1690/2258/1255
f 1684/2259/1255 1690/2258/1255 1689/2260/1255
f 1688/2261/1255 1684/2259/1255 1689/2260/1255
f 1686/2262/1255 1685/2263/1255 1688/2261/1255
f 1733/2115/1501 1703/2078/1371 1718/2077/1472
f 1738/2110/1497 1718/2077/1472 1713/2085/1478
f 1743/2101/1292 1713/2085/1478 1708/2090/1280
f 1728/2102/1490 1708/2090/1280 1698/2096/1486
f 1636/2039/781 1517/2053/781 1639/1931/1376
f 1802/2225/1588 1676/2017/1445 1640/2016/1444
f 1679/2052/781 1518/2043/781 1680/2253/781
f 1865/2264/1604 1926/2265/1605 1922/2266/1606
f 1862/2267/1607 1846/2268/1608 1926/2265/1605
f 1937/2269/1609 1998/2270/1610 1994/2271/1611
f 1850/2272/1612 1990/2273/1613 1982/2274/1614
f 1914/2275/1615 1869/2276/1616 1918/2277/1617
f 1874/2278/1618 1914/2275/1615 1898/2279/1619
f 1898/2279/1619 1881/2280/1620 1874/2278/1618
f 1869/2276/1616 1922/2266/1606 1918/2277/1617
f 1842/2281/1621 1982/2274/1614 1846/2268/1608
f 1902/2282/1622 1878/2283/1623 1889/2284/1624
f 1906/2285/1625 1889/2284/1624 1885/2286/1626
f 1910/2287/1627 1885/2286/1626 1881/2280/1620
f 1933/2288/1628 1986/2289/1629 1998/2270/1610
f 1854/2290/1630 1953/2291/1631 1946/2292/972
f 1970/2293/1632 1950/2294/1633 1961/2295/1634
f 1942/2296/1635 1994/2271/1611 1990/2273/1613
f 1966/2297/1636 1930/2298/1637 1950/2294/1633
f 1894/2299/1638 1946/2300/972 1878/2283/1623
f 1974/2301/1639 1961/2295/1634 1957/2302/1640
f 1978/2303/1641 1957/2302/1640 1953/2291/1631
f 1865/2304/1604 1864/2305/1642 1862/2306/1607
f 1867/2307/1643 1863/2308/1644 1864/2305/1642
f 1868/2309/1645 1861/2310/1136 1863/2308/1644
f 1865/2304/1604 1871/2311/1646 1867/2307/1643
f 1867/2307/1643 1872/2312/1647 1868/2309/1645
f 1868/2309/1645 1870/2313/1141 1866/2314/1142
f 1858/2315/1648 1871/2311/1646 1869/2316/1616
f 1860/2317/1649 1872/2312/1647 1871/2311/1646
f 1859/2318/1650 1870/2313/1141 1872/2312/1647
f 1874/2319/1618 1883/2320/1651 1876/2321/1652
f 1876/2321/1652 1884/2322/1653 1875/2323/1654
f 1875/2323/1654 1882/2324/968 1873/2325/1147
f 1881/2326/1620 1887/2327/1655 1883/2320/1651
f 1883/2320/1651 1888/2328/1656 1884/2322/1653
f 1884/2322/1653 1886/2329/1278 1882/2324/968
f 1889/2330/1624 1887/2327/1655 1885/2331/1626
f 1891/2332/1657 1888/2328/1656 1887/2327/1655
f 1892/2333/1658 1886/2329/1278 1888/2328/1656
f 1878/2334/1623 1891/2332/1657 1889/2330/1624
f 1880/2335/1659 1892/2333/1658 1891/2332/1657
f 1879/2336/1660 1890/2337/1152 1892/2333/1658
f 1930/2338/1637 1935/2339/1661 1932/2340/1662
f 1932/2340/1662 1936/2341/1663 1931/2342/1664
f 1931/2342/1664 1934/2343/1665 1929/2344/1666
f 1937/2345/1609 1935/2339/1661 1933/2346/1628
f 1939/2347/1667 1936/2341/1663 1935/2339/1661
f 1940/2348/1668 1934/2343/1665 1936/2341/1663
f 1937/2345/1609 1944/2349/1669 1939/2347/1667
f 1939/2347/1667 1943/2350/1670 1940/2348/1668
f 1940/2348/1668 1941/2351/1136 1938/2352/1158
f 1946/2353/972 1955/2354/1671 1948/2355/1672
f 1948/2355/1672 1956/2356/1673 1947/2357/1674
f 1947/2357/1674 1954/2358/1163 1945/2359/1675
f 1953/2360/1631 1959/2361/1676 1955/2354/1671
f 1955/2354/1671 1960/2362/1677 1956/2356/1673
f 1956/2356/1673 1958/2363/1162 1954/2358/1163
f 1961/2364/1634 1959/2361/1676 1957/2365/1640
f 1963/2366/1678 1960/2362/1677 1959/2361/1676
f 1964/2367/1679 1958/2363/1162 1960/2362/1677
f 1950/2368/1633 1963/2366/1678 1961/2364/1634
f 1952/2369/1680 1964/2367/1679 1963/2366/1678
f 1951/2370/1681 1962/2371/1168 1964/2367/1679
f 1917/2372/1682 1915/2373/1683 1919/2374/1684
f 1919/2374/1684 1916/2375/1685 1920/2376/1686
f 1920/2376/1686 1914/2377/1615 1918/2378/1617
f 1917/2372/1682 1923/2379/1687 1921/2380/1171
f 1919/2374/1684 1924/2381/1688 1923/2379/1687
f 1920/2376/1686 1922/2382/1606 1924/2381/1688
f 1925/2383/1173 1923/2379/1687 1927/2384/1689
f 1927/2384/1689 1924/2381/1688 1928/2385/1690
f 1928/2385/1690 1922/2382/1606 1926/2386/1605
f 1909/2387/1691 1899/2388/1692 1897/2389/1693
f 1911/2390/1694 1900/2391/1695 1899/2388/1692
f 1912/2392/1696 1898/2393/1619 1900/2391/1695
f 1905/2394/1697 1911/2390/1694 1909/2387/1691
f 1907/2395/1698 1912/2392/1696 1911/2390/1694
f 1908/2396/1699 1910/2397/1627 1912/2392/1696
f 1905/2394/1697 1903/2398/1700 1907/2395/1698
f 1907/2395/1698 1904/2399/1701 1908/2396/1699
f 1908/2396/1699 1902/2400/1622 1906/2401/1625
f 1901/2402/1702 1895/2403/1703 1903/2398/1700
f 1903/2398/1700 1896/2404/1704 1904/2399/1701
f 1904/2399/1701 1894/2405/1638 1902/2400/1622
f 1989/2406/1183 1983/2407/1705 1991/2408/1706
f 1991/2408/1706 1984/2409/1707 1992/2410/1708
f 1992/2410/1708 1982/2411/1614 1990/2412/1613
f 1989/2406/1183 1995/2413/1709 1993/2414/1185
f 1991/2408/1706 1996/2415/1710 1995/2413/1709
f 1992/2410/1708 1994/2416/1611 1996/2415/1710
f 1997/2417/1711 1995/2413/1709 1999/2418/1712
f 1999/2418/1712 1996/2415/1710 2000/2419/1713
f 2000/2419/1713 1994/2416/1611 1998/2420/1610
f 1997/2417/1711 1987/2421/1714 1985/2422/1715
f 1999/2418/1712 1988/2423/1716 1987/2421/1714
f 2000/2419/1713 1986/2424/1629 1988/2423/1716
f 1973/2425/1717 1979/2426/1718 1977/2427/1719
f 1975/2428/1720 1980/2429/1721 1979/2426/1718
f 1976/2430/1722 1978/2431/1641 1980/2429/1721
f 1973/2425/1717 1971/2432/1723 1975/2428/1720
f 1975/2428/1720 1972/2433/1724 1976/2430/1722
f 1976/2430/1722 1970/2434/1632 1974/2435/1639
f 1969/2436/1725 1967/2437/1726 1971/2432/1723
f 1971/2432/1723 1968/2438/1727 1972/2433/1724
f 1972/2433/1724 1966/2439/1636 1970/2434/1632
f 1858/2315/1648 1876/2321/1652 1860/2317/1649
f 1860/2317/1649 1875/2323/1654 1859/2318/1650
f 1859/2318/1650 1873/2325/1147 1857/2440/1728
f 1897/2389/1693 1915/2373/1683 1913/2441/1729
f 1899/2388/1692 1916/2375/1685 1915/2373/1683
f 1900/2391/1695 1914/2377/1615 1916/2375/1685
f 1930/2338/1637 1952/2369/1680 1950/2368/1633
f 1932/2340/1662 1951/2370/1681 1952/2369/1680
f 1931/2342/1664 1949/2442/1201 1951/2370/1681
f 1965/2443/1298 1987/2421/1714 1967/2437/1726
f 1967/2437/1726 1988/2423/1716 1968/2438/1727
f 1968/2438/1727 1986/2424/1629 1966/2439/1636
f 1849/2444/1730 1843/2445/1731 1841/2446/1136
f 1843/2445/1731 1852/2447/1732 1844/2448/1733
f 1852/2447/1732 1842/2449/1621 1844/2448/1733
f 1853/2450/1734 1895/2403/1703 1893/2451/1735
f 1855/2452/1736 1896/2404/1704 1895/2403/1703
f 1856/2453/1737 1894/2405/1638 1896/2404/1704
f 1877/2454/1738 1947/2357/1674 1945/2359/1675
f 1879/2336/1660 1948/2355/1672 1947/2357/1674
f 1948/2355/1672 1878/2334/1623 1946/2353/972
f 1842/2449/1621 1864/2305/1642 1844/2448/1733
f 1844/2448/1733 1863/2308/1644 1843/2445/1731
f 1843/2445/1731 1861/2310/1136 1841/2446/1136
f 1850/2455/1612 1944/2349/1669 1942/2456/1635
f 1852/2447/1732 1943/2350/1670 1944/2349/1669
f 1851/2457/1739 1941/2351/1136 1943/2350/1670
f 1925/2383/1173 1847/2458/1740 1845/2459/1741
f 1927/2384/1689 1848/2460/1742 1847/2458/1740
f 1928/2385/1690 1846/2461/1608 1848/2460/1742
f 1977/2427/1719 1855/2452/1736 1853/2450/1734
f 1979/2426/1718 1856/2453/1737 1855/2452/1736
f 1980/2429/1721 1854/2462/1630 1856/2453/1737
f 1982/2411/1614 1848/2460/1742 1846/2461/1608
f 1984/2409/1707 1847/2458/1740 1848/2460/1742
f 1983/2407/1705 1845/2459/1741 1847/2458/1740
f 1985/2422/1715 1969/2436/1725 1997/2417/1711
f 1997/2417/1711 1973/2425/1717 1993/2414/1185
f 1993/2414/1185 1977/2427/1719 1989/2406/1183
f 1989/2406/1183 1853/2450/1734 1981/2463/1743
f 1909/2387/1691 1913/2441/1729 1917/2372/1682
f 1905/2394/1697 1917/2372/1682 1921/2380/1171
f 1901/2402/1702 1921/2380/1171 1925/2383/1173
f 1925/2383/1173 1893/2451/1735 1901/2402/1702
f 1893/2451/1735 1981/2463/1743 1853/2450/1734
f 1877/2454/1738 1849/2444/1730 1841/2446/1136
f 1941/2351/1136 1945/2359/1675 1954/2358/1163
f 1954/2358/1163 1938/2352/1158 1941/2351/1136
f 1958/2363/1162 1934/2343/1665 1938/2352/1158
f 1962/2371/1168 1929/2344/1666 1934/2343/1665
f 1877/2454/1738 1861/2310/1136 1890/2337/1152
f 1866/2314/1142 1890/2337/1152 1861/2310/1136
f 1870/2313/1141 1886/2329/1278 1866/2314/1142
f 1857/2440/1728 1882/2324/968 1870/2313/1141
f 2026/2464/1461 2001/2465/440 2003/2466/440
f 2002/2467/329 2046/2468/1462 2009/2469/338
f 2008/2470/1316 2021/2471/1463 2004/2472/519
f 2004/2472/519 2031/2473/1464 2007/2474/1318
f 2007/2474/1318 2036/2475/1744 2006/2476/521
f 2006/2476/521 2041/2477/1745 2005/2478/511
f 2005/2478/511 2026/2464/1461 2003/2466/440
f 2009/2469/338 2056/2479/1746 2012/2480/352
f 2012/2480/352 2061/2481/1747 2011/2482/522
f 2011/2482/522 2066/2483/1469 2010/2484/1324
f 2010/2484/1324 2051/2485/1748 2008/2470/1316
f 2027/2486/1749 2040/2487/1472 2025/2488/776
f 2028/2489/1473 2042/2490/1474 2027/2486/1749
f 2029/2491/1475 2043/2492/1750 2028/2489/1473
f 2026/2493/1461 2044/2494/1751 2029/2491/1475
f 2042/2490/1474 2035/2495/1478 2040/2487/1472
f 2042/2490/1474 2038/2496/1752 2037/2497/1753
f 2044/2494/1751 2038/2496/1752 2043/2492/1750
f 2044/2494/1751 2036/2498/1744 2039/2499/1754
f 2037/2497/1753 2030/2500/1280 2035/2495/1478
f 2037/2497/1753 2033/2501/1755 2032/2502/1756
f 2039/2499/1754 2033/2501/1755 2038/2496/1752
f 2039/2499/1754 2031/2503/1464 2034/2504/1757
f 2030/2500/1280 2022/2505/1758 2020/2506/1486
f 2032/2502/1756 2023/2507/1487 2022/2505/1758
f 2033/2501/1755 2024/2508/1488 2023/2507/1487
f 2034/2504/1757 2021/2509/1463 2024/2508/1488
f 2052/2510/1759 2065/2511/1292 2050/2512/1760
f 2053/2513/1491 2067/2514/1761 2052/2510/1759
f 2054/2515/1762 2068/2516/1763 2053/2513/1491
f 2051/2517/1748 2069/2518/1764 2054/2515/1762
f 2065/2511/1292 2062/2519/1496 2060/2520/1765
f 2067/2514/1761 2063/2521/1766 2062/2519/1496
f 2068/2516/1763 2064/2522/1767 2063/2521/1766
f 2066/2523/1469 2064/2522/1767 2069/2518/1764
f 2060/2520/1765 2057/2524/1768 2055/2525/1501
f 2063/2521/1766 2057/2524/1768 2062/2519/1496
f 2063/2521/1766 2059/2526/1769 2058/2527/1770
f 2064/2522/1767 2056/2528/1746 2059/2526/1769
f 2055/2525/1501 2047/2529/1771 2045/2530/1371
f 2057/2524/1768 2048/2531/1505 2047/2529/1771
f 2058/2527/1770 2049/2532/1506 2048/2531/1505
f 2059/2526/1769 2046/2533/1462 2049/2532/1506
f 2022/2505/1758 2050/2512/1760 2020/2506/1486
f 2014/2534/1772 2025/2488/776 2013/2535/1773
f 2015/2536/1774 2027/2486/1749 2014/2534/1772
f 2016/2537/504 2028/2489/1473 2015/2536/1774
f 2120/2538/1775 2029/2491/1475 2016/2537/504
f 2023/2507/1487 2052/2510/1759 2022/2505/1758
f 2024/2508/1488 2053/2513/1491 2023/2507/1487
f 2021/2509/1463 2054/2515/1762 2024/2508/1488
f 2045/2530/1371 2019/2539/1776 2122/2540/776
f 2047/2529/1771 2018/2541/1777 2019/2539/1776
f 2048/2531/1505 2017/2542/1778 2018/2541/1777
f 2049/2532/1506 2121/2543/1779 2017/2542/1778
f 2003/2544/1255 2002/2545/1255 2009/2546/1255
f 2045/2530/1371 2013/2535/1773 2025/2488/776
f 2111/2547/1516 2149/2548/1517 2153/2549/1780
f 2013/2550/971 2123/2551/108 2014/2552/1520
f 2094/2553/1521 2134/2554/1522 2089/2555/1781
f 2142/2556/1782 2076/2557/1525 2125/2558/1783
f 2077/2559/1527 2100/2560/1784 2075/2561/1785
f 2019/2562/781 2018/2563/781 2141/2564/784
f 2089/2555/1781 2138/2565/1786 2084/2566/1787
f 2116/2567/1532 2142/2556/1782 2149/2548/1517
f 2098/2568/1788 2157/2569/1534 2145/2570/1789
f 2106/2571/1535 2153/2549/1780 2157/2569/1534
f 2083/2572/1790 2077/2559/1527 2075/2561/1785
f 2085/2573/1791 2078/2574/1538 2077/2559/1527
f 2086/2575/1539 2079/2576/1792 2078/2574/1538
f 2087/2577/1793 2076/2578/1525 2079/2576/1792
f 2090/2579/1794 2083/2572/1790 2088/2580/1795
f 2091/2581/1544 2085/2573/1791 2090/2579/1794
f 2092/2582/1545 2086/2575/1539 2091/2581/1544
f 2092/2582/1545 2084/2583/1787 2087/2577/1793
f 2093/2584/1796 2090/2579/1794 2088/2580/1795
f 2096/2585/1547 2090/2579/1794 2095/2586/1548
f 2096/2585/1547 2092/2582/1545 2091/2581/1544
f 2094/2587/1521 2092/2582/1545 2097/2588/1797
f 2070/2589/1798 2093/2584/1796 2080/2590/163
f 2082/2591/1552 2095/2586/1548 2070/2589/1798
f 2071/2592/1553 2096/2585/1547 2082/2591/1552
f 2081/2593/1799 2097/2588/1797 2071/2592/1553
f 2105/2594/1555 2074/2595/1800 2072/2596/1557
f 2107/2597/1558 2073/2598/1801 2074/2595/1800
f 2108/2599/1560 2099/2600/1802 2073/2598/1801
f 2109/2601/1562 2098/2602/1788 2099/2600/1802
f 2112/2603/1803 2105/2594/1555 2110/2604/1804
f 2113/2605/1805 2107/2597/1558 2112/2603/1803
f 2114/2606/1806 2108/2599/1560 2113/2605/1805
f 2111/2607/1516 2109/2601/1562 2114/2606/1806
f 2117/2608/1807 2110/2604/1804 2115/2609/1808
f 2118/2610/1568 2112/2603/1803 2117/2608/1807
f 2119/2611/1570 2113/2605/1805 2118/2610/1568
f 2116/2612/1532 2114/2606/1806 2119/2611/1570
f 2102/2613/1809 2115/2609/1808 2100/2560/1784
f 2103/2614/1572 2117/2608/1807 2102/2613/1809
f 2104/2615/1810 2118/2610/1568 2103/2614/1572
f 2101/2616/1574 2119/2611/1570 2104/2615/1810
f 2078/2574/1538 2102/2613/1809 2077/2559/1527
f 2078/2574/1538 2104/2615/1810 2103/2614/1572
f 2079/2576/1792 2101/2616/1574 2104/2615/1810
f 2084/2566/1787 2125/2558/1783 2076/2557/1525
f 2081/2617/1799 2130/2618/1811 2094/2553/1521
f 2128/2619/1812 2137/2620/876 2126/2621/1578
f 2127/2622/1813 2139/2623/1580 2128/2619/1812
f 2125/2624/1783 2140/2625/1581 2127/2622/1813
f 2139/2623/1580 2133/2626/1583 2137/2620/876
f 2139/2623/1580 2136/2627/1814 2135/2628/1815
f 2138/2629/1786 2136/2627/1814 2140/2625/1581
f 2135/2628/1815 2129/2630/1583 2133/2626/1583
f 2136/2627/1814 2131/2631/1816 2135/2628/1815
f 2134/2632/1522 2132/2633/1817 2136/2627/1814
f 2129/2630/1583 2161/2634/1587 2123/2551/108
f 2131/2631/1816 2124/2635/1818 2161/2634/1587
f 2132/2633/1817 2160/2636/1819 2124/2635/1818
f 2147/2637/1820 2156/2638/785 2146/2639/110
f 2162/2640/1821 2158/2641/1593 2147/2637/1820
f 2145/2642/1789 2159/2643/1594 2162/2640/1821
f 2158/2641/1593 2152/2644/1595 2156/2638/785
f 2159/2643/1594 2154/2645/1596 2158/2641/1593
f 2157/2646/1534 2155/2647/1822 2159/2643/1594
f 2154/2645/1596 2148/2648/1823 2152/2644/1595
f 2155/2647/1822 2150/2649/1599 2154/2645/1596
f 2155/2647/1822 2149/2650/1517 2151/2651/1600
f 2148/2648/1823 2143/2652/1824 2141/2564/784
f 2150/2649/1599 2144/2653/1825 2143/2652/1824
f 2151/2651/1600 2142/2654/1782 2144/2653/1825
f 2143/2652/1824 2126/2621/1578 2141/2564/784
f 2144/2653/1825 2128/2619/1812 2143/2652/1824
f 2142/2654/1782 2127/2622/1813 2144/2653/1825
f 2013/2550/971 2126/2621/1578 2123/2551/108
f 2123/2551/108 2126/2621/1578 2129/2630/1583
f 2129/2630/1583 2137/2620/876 2133/2626/1583
f 2126/2621/1578 2137/2620/876 2129/2630/1583
f 2141/2564/784 2013/2550/971 2122/2655/781
f 2141/2564/784 2156/2638/785 2148/2648/1823
f 2148/2648/1823 2156/2638/785 2152/2644/1595
f 2156/2638/785 2141/2564/784 2146/2639/110
f 2016/2656/781 2123/2551/108 2120/2657/781
f 2015/2658/781 2123/2551/108 2016/2656/781
f 2014/2552/1520 2123/2551/108 2015/2658/781
f 2017/2659/781 2121/2660/781 2141/2564/784
f 2019/2562/781 2141/2564/784 2122/2655/781
f 2018/2563/781 2017/2659/781 2141/2564/784
f 2141/2564/784 2002/2661/781 2146/2639/110
f 2005/2662/1255 2009/2546/1255 2012/2663/1255
f 2006/2664/1255 2012/2663/1255 2011/2665/1255
f 2010/2666/1255 2006/2664/1255 2011/2665/1255
f 2008/2667/1255 2007/2668/1255 2010/2666/1255
f 2055/2525/1501 2025/2488/776 2040/2487/1472
f 2060/2520/1765 2040/2487/1472 2035/2495/1478
f 2065/2511/1292 2035/2495/1478 2030/2500/1280
f 2050/2512/1760 2030/2500/1280 2020/2506/1486
f 2001/2669/781 2285/2670/1826 2163/2671/781
f 2163/2672/440 2188/2673/1313 2165/2674/440
f 2208/2675/1827 2164/2676/329 2171/2677/338
f 2183/2678/1315 2170/2679/1828 2166/2680/1829
f 2193/2681/1317 2166/2680/1829 2169/2682/1318
f 2198/2683/1830 2169/2682/1318 2168/2684/521
f 2203/2685/1831 2168/2684/521 2167/2686/511
f 2188/2673/1313 2167/2686/511 2165/2674/440
f 2218/2687/1832 2171/2677/338 2174/2688/352
f 2223/2689/1833 2174/2688/352 2173/2690/522
f 2228/2691/1834 2173/2690/522 2172/2692/1324
f 2213/2693/1835 2172/2692/1324 2170/2679/1828
f 2202/2694/1836 2189/2695/1837 2187/2696/718
f 2204/2697/1838 2190/2698/1839 2189/2695/1837
f 2205/2699/1330 2191/2700/1331 2190/2698/1839
f 2206/2701/1840 2188/2702/1313 2191/2700/1331
f 2197/2703/1841 2204/2697/1838 2202/2694/1836
f 2204/2697/1838 2200/2704/1842 2205/2699/1330
f 2200/2704/1842 2206/2701/1840 2205/2699/1330
f 2201/2705/1843 2203/2706/1831 2206/2701/1840
f 2192/2707/1336 2199/2708/1844 2197/2703/1841
f 2194/2709/1845 2200/2704/1842 2199/2708/1844
f 2195/2710/1846 2201/2705/1843 2200/2704/1842
f 2201/2705/1843 2193/2711/1317 2198/2712/1830
f 2192/2707/1336 2184/2713/1847 2194/2709/1845
f 2194/2709/1845 2185/2714/1848 2195/2710/1846
f 2195/2710/1846 2186/2715/1849 2196/2716/1343
f 2196/2716/1343 2183/2717/1315 2193/2711/1317
f 2227/2718/1850 2214/2719/1345 2212/2720/1346
f 2229/2721/1851 2215/2722/1852 2214/2719/1345
f 2230/2723/1853 2216/2724/1854 2215/2722/1852
f 2231/2725/1855 2213/2726/1835 2216/2724/1854
f 2222/2727/1856 2229/2721/1851 2227/2718/1850
f 2224/2728/1857 2230/2723/1853 2229/2721/1851
f 2230/2723/1853 2226/2729/1858 2231/2725/1855
f 2226/2729/1858 2228/2730/1834 2231/2725/1855
f 2222/2727/1856 2219/2731/1859 2224/2728/1857
f 2219/2731/1859 2225/2732/1860 2224/2728/1857
f 2225/2732/1860 2221/2733/1357 2226/2729/1858
f 2226/2729/1858 2218/2734/1832 2223/2735/1833
f 2217/2736/1861 2209/2737/1862 2219/2731/1859
f 2219/2731/1859 2210/2738/1863 2220/2739/1864
f 2220/2739/1864 2211/2740/1362 2221/2733/1357
f 2221/2733/1357 2208/2741/1827 2218/2734/1832
f 2212/2720/1346 2184/2713/1847 2182/2742/1865
f 2187/2696/718 2176/2743/1866 2175/2744/1365
f 2189/2695/1837 2177/2745/1867 2176/2743/1866
f 2190/2698/1839 2178/2746/1868 2177/2745/1867
f 2191/2700/1331 2282/2747/1869 2178/2746/1868
f 2214/2719/1345 2185/2714/1848 2184/2713/1847
f 2215/2722/1852 2186/2715/1849 2185/2714/1848
f 2216/2724/1854 2183/2717/1315 2186/2715/1849
f 2207/2748/1870 2181/2749/343 2209/2737/1862
f 2209/2737/1862 2180/2750/1871 2210/2738/1863
f 2210/2738/1863 2179/2751/1872 2211/2740/1362
f 2211/2740/1362 2283/2752/1370 2208/2741/1827
f 2164/2753/1371 2165/2754/1371 2171/2755/1371
f 2175/2744/1365 2207/2748/1870 2187/2696/718
f 2273/2756/1873 2311/2757/1874 2278/2758/1374
f 2175/2759/784 2176/2760/1375 2285/2670/1826
f 2296/2761/1377 2256/2762/1875 2251/2763/1876
f 2287/2764/1380 2263/2765/1877 2304/2766/1382
f 2262/2767/1878 2239/2768/1384 2237/2769/1879
f 2181/2770/781 2303/2771/971 2180/2772/781
f 2300/2773/1880 2251/2763/1876 2246/2774/1387
f 2278/2758/1374 2304/2766/1382 2263/2765/1877
f 2260/2775/1881 2319/2776/1389 2268/2777/1882
f 2268/2777/1882 2315/2778/1391 2273/2756/1873
f 2245/2779/1883 2239/2768/1384 2247/2780/1884
f 2247/2780/1884 2240/2781/1885 2248/2782/1395
f 2248/2782/1395 2241/2783/1886 2249/2784/1887
f 2249/2784/1887 2238/2785/1888 2246/2786/1387
f 2245/2779/1883 2252/2787/1399 2250/2788/1400
f 2252/2787/1399 2248/2782/1395 2253/2789/1401
f 2248/2782/1395 2254/2790/1402 2253/2789/1401
f 2254/2790/1402 2246/2786/1387 2251/2791/1876
f 2255/2792/1889 2252/2787/1399 2257/2793/1890
f 2252/2787/1399 2258/2794/1405 2257/2793/1890
f 2258/2794/1405 2254/2790/1402 2259/2795/1406
f 2259/2795/1406 2251/2791/1876 2256/2796/1875
f 2255/2792/1889 2232/2797/1891 2242/2798/1892
f 2257/2793/1890 2244/2799/1409 2232/2797/1891
f 2258/2794/1405 2233/2800/1410 2244/2799/1409
f 2259/2795/1406 2243/2801/1893 2233/2800/1410
f 2267/2802/1894 2236/2803/1895 2269/2804/1414
f 2269/2804/1414 2235/2805/1896 2270/2806/1897
f 2270/2806/1897 2261/2807/1898 2271/2808/1899
f 2271/2808/1899 2260/2809/1881 2268/2810/1882
f 2267/2802/1894 2274/2811/1420 2272/2812/43
f 2274/2811/1420 2270/2806/1897 2275/2813/1421
f 2270/2806/1897 2276/2814/1900 2275/2813/1421
f 2271/2808/1899 2273/2815/1873 2276/2814/1900
f 2272/2812/43 2279/2816/1424 2277/2817/1901
f 2279/2816/1424 2275/2813/1421 2280/2818/1425
f 2275/2813/1421 2281/2819/1426 2280/2818/1425
f 2276/2814/1900 2278/2820/1374 2281/2819/1426
f 2277/2817/1901 2264/2821/1427 2262/2767/1878
f 2279/2816/1424 2265/2822/1902 2264/2821/1427
f 2280/2818/1425 2266/2823/1903 2265/2822/1902
f 2281/2819/1426 2263/2824/1877 2266/2823/1903
f 2264/2821/1427 2240/2781/1885 2239/2768/1384
f 2240/2781/1885 2266/2823/1903 2241/2783/1886
f 2266/2823/1903 2238/2785/1888 2241/2783/1886
f 2099/2600/1802 2260/2809/1881 2261/2807/1898
f 2110/2604/1804 2277/2817/1901 2115/2609/1808
f 2237/2769/1879 2100/2560/1784 2262/2767/1878
f 2287/2764/1380 2246/2774/1387 2238/2825/1888
f 2292/2826/1904 2243/2827/1893 2256/2762/1875
f 2299/2828/1905 2290/2829/1906 2288/2830/1433
f 2301/2831/1434 2289/2832/1907 2290/2829/1906
f 2302/2833/1436 2287/2834/1380 2289/2832/1907
f 2295/2835/1908 2301/2831/1434 2299/2828/1905
f 2297/2836/1438 2302/2833/1436 2301/2831/1434
f 2298/2837/1439 2300/2838/1880 2302/2833/1436
f 2295/2835/1908 2293/2839/1909 2297/2836/1438
f 2293/2839/1909 2298/2837/1439 2297/2836/1438
f 2298/2837/1439 2292/2840/1904 2296/2841/1377
f 2291/2842/1910 2323/2843/1442 2293/2839/1909
f 2293/2839/1909 2286/2844/1911 2294/2845/1912
f 2294/2845/1912 2322/2846/1913 2292/2840/1904
f 2318/2847/1446 2309/2848/1914 2308/2849/1915
f 2320/2850/1449 2324/2851/1916 2309/2848/1914
f 2321/2852/1917 2307/2853/1918 2324/2851/1916
f 2314/2854/1919 2320/2850/1449 2318/2847/1446
f 2320/2850/1449 2317/2855/1920 2321/2852/1917
f 2317/2855/1920 2319/2856/1389 2321/2852/1917
f 2314/2854/1919 2312/2857/1921 2316/2858/1922
f 2312/2857/1921 2317/2855/1920 2316/2858/1922
f 2313/2859/1923 2315/2860/1391 2317/2855/1920
f 2310/2861/1924 2305/2862/1925 2312/2857/1921
f 2312/2857/1921 2306/2863/1926 2313/2859/1923
f 2313/2859/1923 2304/2864/1382 2311/2865/1874
f 2081/2617/1799 2322/2866/1913 2160/2867/1819
f 2288/2830/1433 2305/2862/1925 2303/2771/971
f 2305/2862/1925 2289/2832/1907 2306/2863/1926
f 2289/2832/1907 2304/2864/1382 2306/2863/1926
f 2175/2759/784 2285/2670/1826 2288/2830/1433
f 2285/2670/1826 2291/2842/1910 2288/2830/1433
f 2291/2842/1910 2295/2835/1908 2299/2828/1905
f 2288/2830/1433 2291/2842/1910 2299/2828/1905
f 2175/2759/784 2303/2771/971 2284/2868/781
f 2303/2771/971 2310/2861/1924 2318/2847/1446
f 2310/2861/1924 2314/2854/1919 2318/2847/1446
f 2318/2847/1446 2308/2849/1915 2303/2771/971
f 2178/2869/781 2282/2870/781 2285/2670/1826
f 2177/2871/781 2178/2869/781 2285/2670/1826
f 2176/2760/1375 2177/2871/781 2285/2670/1826
f 2179/2872/781 2303/2771/971 2283/2873/781
f 2181/2770/781 2284/2868/781 2303/2771/971
f 2180/2772/781 2303/2771/971 2179/2872/781
f 2164/2874/781 2303/2771/971 2308/2849/1915
f 2308/2849/1915 2002/2661/781 2164/2874/781
f 2161/2634/1587 2286/2844/1911 2323/2843/1442
f 2075/2561/1785 2245/2779/1883 2083/2572/1790
f 2162/2640/1821 2307/2853/1918 2145/2642/1789
f 2308/2849/1915 2147/2637/1820 2146/2639/110
f 2282/2870/781 2163/2671/781 2285/2670/1826
f 2147/2637/1820 2324/2851/1916 2162/2640/1821
f 2088/2580/1795 2245/2779/1883 2250/2788/1400
f 2093/2584/1796 2250/2788/1400 2255/2792/1889
f 2093/2584/1796 2242/2798/1892 2080/2590/163
f 2277/2817/1901 2100/2560/1784 2115/2609/1808
f 2105/2594/1555 2272/2812/43 2110/2604/1804
f 2267/2802/1894 2072/2596/1557 2234/2875/1927
f 2099/2600/1802 2235/2805/1896 2073/2598/1801
f 2074/2595/1800 2235/2805/1896 2236/2803/1895
f 2074/2595/1800 2234/2875/1927 2072/2596/1557
f 2070/2589/1798 2242/2798/1892 2232/2797/1891
f 2070/2589/1798 2244/2799/1409 2082/2591/1552
f 2082/2591/1552 2233/2800/1410 2071/2592/1553
f 2071/2592/1553 2243/2801/1893 2081/2593/1799
f 2307/2876/1918 2098/2568/1788 2145/2570/1789
f 2161/2634/1587 2285/2670/1826 2123/2551/108
f 2171/2755/1371 2167/2877/1371 2174/2878/1371
f 2174/2878/1371 2168/2879/1371 2173/2880/1371
f 2173/2880/1371 2169/2881/1371 2172/2882/1371
f 2172/2882/1371 2166/2883/1371 2170/2884/1371
f 2187/2696/718 2217/2736/1861 2202/2694/1836
f 2202/2694/1836 2222/2727/1856 2197/2703/1841
f 2197/2703/1841 2227/2718/1850 2192/2707/1336
f 2192/2707/1336 2212/2720/1346 2182/2742/1865
f 2120/2657/781 2123/2551/108 2001/2669/781
f 2160/2636/1819 2286/2844/1911 2124/2635/1818
f 2002/2661/781 2163/2671/781 2164/2874/781
f 2410/2885/1928 2349/2886/1929 2406/2887/1930
f 2330/2888/1931 2346/2889/1932 2410/2885/1928
f 2482/2890/1933 2421/2891/1934 2478/2892/1935
f 2474/2893/1936 2334/2894/1937 2466/2895/1938
f 2398/2896/1939 2353/2897/1940 2342/2898/1941
f 2358/2899/1942 2398/2896/1939 2342/2898/1941
f 2365/2900/1943 2382/2901/1944 2358/2899/1942
f 2406/2887/1930 2353/2897/1940 2402/2902/1945
f 2466/2895/1938 2326/2903/1946 2330/2888/1931
f 2362/2904/1947 2386/2905/1948 2373/2906/1949
f 2373/2906/1949 2390/2907/1950 2369/2908/1951
f 2369/2908/1951 2394/2909/1952 2365/2900/1943
f 2470/2910/1953 2417/2911/1954 2482/2890/1933
f 2437/2912/1955 2338/2913/1956 2430/2914/1957
f 2434/2915/1958 2454/2916/1959 2445/2917/1960
f 2478/2892/1935 2426/2918/1961 2474/2893/1936
f 2414/2919/1962 2450/2920/1963 2434/2915/1958
f 2430/2921/1957 2378/2922/1964 2362/2904/1947
f 2445/2917/1960 2458/2923/1965 2441/2924/1966
f 2441/2924/1966 2462/2925/1967 2437/2912/1955
f 2348/2926/1968 2349/2927/1929 2346/2928/1932
f 2347/2929/1969 2351/2930/1970 2348/2926/1968
f 2345/2931/1971 2352/2932/1972 2347/2929/1969
f 2349/2927/1929 2355/2933/1686 2353/2934/1940
f 2351/2930/1970 2356/2935/1973 2355/2933/1686
f 2352/2932/1972 2354/2936/1251 2356/2935/1973
f 2355/2933/1686 2342/2937/1941 2353/2934/1940
f 2356/2935/1973 2344/2938/1974 2355/2933/1686
f 2354/2936/1251 2343/2939/1975 2356/2935/1973
f 2358/2940/1942 2367/2941/1976 2365/2942/1943
f 2360/2943/1977 2368/2944/1978 2367/2941/1976
f 2359/2945/1979 2366/2946/1980 2368/2944/1978
f 2365/2942/1943 2371/2947/1981 2369/2948/1951
f 2367/2941/1976 2372/2949/1982 2371/2947/1981
f 2368/2944/1978 2370/2950/1983 2372/2949/1982
f 2371/2947/1981 2373/2951/1949 2369/2948/1951
f 2372/2949/1982 2375/2952/1984 2371/2947/1981
f 2370/2950/1983 2376/2953/1985 2372/2949/1982
f 2375/2952/1984 2362/2954/1947 2373/2951/1949
f 2376/2953/1985 2364/2955/1986 2375/2952/1984
f 2374/2956/1987 2363/2957/1988 2376/2953/1985
f 2414/2958/1962 2419/2959/1989 2417/2960/1954
f 2416/2961/1990 2420/2962/1712 2419/2959/1989
f 2415/2963/1991 2418/2964/1992 2420/2962/1712
f 2419/2959/1989 2421/2965/1934 2417/2960/1954
f 2420/2962/1712 2423/2966/1993 2419/2959/1989
f 2418/2964/1992 2424/2967/1994 2420/2962/1712
f 2421/2965/1934 2428/2968/1708 2426/2969/1961
f 2423/2966/1993 2427/2970/1706 2428/2968/1708
f 2424/2967/1994 2425/2971/1262 2427/2970/1706
f 2430/2972/1957 2439/2973/1721 2437/2974/1955
f 2432/2975/1995 2440/2976/1718 2439/2973/1721
f 2431/2977/1996 2438/2978/1719 2440/2976/1718
f 2437/2974/1955 2443/2979/1997 2441/2980/1966
f 2439/2973/1721 2444/2981/1998 2443/2979/1997
f 2440/2976/1718 2442/2982/1266 2444/2981/1998
f 2443/2979/1997 2445/2983/1960 2441/2980/1966
f 2444/2981/1998 2447/2984/1999 2443/2979/1997
f 2442/2982/1266 2448/2985/2000 2444/2981/1998
f 2447/2984/1999 2434/2986/1958 2445/2983/1960
f 2448/2985/2000 2436/2987/2001 2447/2984/1999
f 2446/2988/1269 2435/2989/2002 2448/2985/2000
f 2401/2990/2003 2399/2991/2004 2397/2992/1271
f 2403/2993/2005 2400/2994/2006 2399/2991/2004
f 2404/2995/2007 2398/2996/1939 2400/2994/2006
f 2407/2997/2008 2401/2990/2003 2405/2998/2009
f 2408/2999/2010 2403/2993/2005 2407/2997/2008
f 2406/3000/1930 2404/2995/2007 2408/2999/2010
f 2409/3001/2011 2407/2997/2008 2405/2998/2009
f 2411/3002/2012 2408/2999/2010 2407/2997/2008
f 2412/3003/2013 2406/3000/1930 2408/2999/2010
f 2383/3004/2014 2393/3005/968 2381/3006/2015
f 2384/3007/2016 2395/3008/2017 2383/3004/2014
f 2382/3009/1944 2396/3010/2018 2384/3007/2016
f 2395/3008/2017 2389/3011/1278 2393/3005/968
f 2396/3010/2018 2391/3012/2019 2395/3008/2017
f 2394/3013/1952 2392/3014/2020 2396/3010/2018
f 2389/3011/1278 2387/3015/2021 2385/3016/1280
f 2391/3012/2019 2388/3017/2022 2387/3015/2021
f 2392/3014/2020 2386/3018/1948 2388/3017/2022
f 2385/3016/1280 2379/3019/2023 2377/3020/2024
f 2387/3015/2021 2380/3021/2025 2379/3019/2023
f 2388/3017/2022 2378/3022/1964 2380/3021/2025
f 2473/3023/2026 2467/3024/2027 2465/3025/1136
f 2475/3026/2028 2468/3027/2029 2467/3024/2027
f 2476/3028/2030 2466/3029/1938 2468/3027/2029
f 2479/3030/2031 2473/3023/2026 2477/3031/1286
f 2480/3032/2032 2475/3026/2028 2479/3030/2031
f 2478/3033/1935 2476/3028/2030 2480/3032/2032
f 2481/3034/2033 2479/3030/2031 2477/3031/1286
f 2483/3035/2034 2480/3032/2032 2479/3030/2031
f 2484/3036/2035 2478/3033/1935 2480/3032/2032
f 2471/3037/2036 2481/3034/2033 2469/3038/1155
f 2472/3039/2037 2483/3035/2034 2471/3037/2036
f 2470/3040/1953 2484/3036/2035 2472/3039/2037
f 2463/3041/2038 2457/3042/2039 2461/3043/1292
f 2464/3044/2040 2459/3045/2041 2463/3041/2038
f 2462/3046/1967 2460/3047/2042 2464/3044/2040
f 2457/3042/2039 2455/3048/2043 2453/3049/776
f 2459/3045/2041 2456/3050/2044 2455/3048/2043
f 2460/3047/2042 2454/3051/1959 2456/3050/2044
f 2453/3049/776 2451/3052/2045 2449/3053/1296
f 2455/3048/2043 2452/3054/2046 2451/3052/2045
f 2456/3050/2044 2450/3055/1963 2452/3054/2046
f 2342/2937/1941 2360/2943/1977 2358/2940/1942
f 2344/2938/1974 2359/2945/1979 2360/2943/1977
f 2343/2939/1975 2357/3056/2047 2359/2945/1979
f 2399/2991/2004 2381/3006/2015 2397/2992/1271
f 2400/2994/2006 2383/3004/2014 2399/2991/2004
f 2398/2996/1939 2384/3007/2016 2400/2994/2006
f 2436/2987/2001 2414/2958/1962 2434/2986/1958
f 2435/2989/2002 2416/2961/1990 2436/2987/2001
f 2433/3057/2048 2415/2963/1991 2435/2989/2002
f 2449/3053/1296 2471/3037/2036 2469/3038/1155
f 2451/3052/2045 2472/3039/2037 2471/3037/2036
f 2452/3054/2046 2470/3040/1953 2472/3039/2037
f 2327/3058/2049 2333/3059/2050 2325/3060/1262
f 2327/3058/2049 2336/3061/2051 2335/3062/2052
f 2326/3063/1946 2336/3061/2051 2328/3064/2053
f 2379/3019/2023 2337/3065/2054 2377/3020/2024
f 2380/3021/2025 2339/3066/2055 2379/3019/2023
f 2378/3022/1964 2340/3067/2056 2380/3021/2025
f 2431/2977/1996 2361/3068/2057 2429/3069/2058
f 2432/2975/1995 2363/2957/1988 2431/2977/1996
f 2430/2972/1957 2364/2955/1986 2432/2975/1995
f 2326/3063/1946 2348/2926/1968 2346/2928/1932
f 2328/3064/2053 2347/2929/1969 2348/2926/1968
f 2327/3058/2049 2345/2931/1971 2347/2929/1969
f 2428/2968/1708 2334/3070/1937 2426/2969/1961
f 2427/2970/1706 2336/3061/2051 2428/2968/1708
f 2425/2971/1262 2335/3062/2052 2427/2970/1706
f 2331/3071/2059 2409/3001/2011 2329/3072/2060
f 2332/3073/2061 2411/3002/2012 2331/3071/2059
f 2330/3074/1931 2412/3003/2013 2332/3073/2061
f 2339/3066/2055 2461/3043/1292 2337/3065/2054
f 2340/3067/2056 2463/3041/2038 2339/3066/2055
f 2338/3075/1956 2464/3044/2040 2340/3067/2056
f 2330/3074/1931 2468/3027/2029 2466/3029/1938
f 2331/3071/2059 2468/3027/2029 2332/3073/2061
f 2329/3072/2060 2467/3024/2027 2331/3071/2059
f 2469/3038/1155 2453/3049/776 2449/3053/1296
f 2481/3034/2033 2457/3042/2039 2453/3049/776
f 2477/3031/1286 2461/3043/1292 2457/3042/2039
f 2473/3023/2026 2337/3065/2054 2461/3043/1292
f 2397/2992/1271 2393/3005/968 2401/2990/2003
f 2401/2990/2003 2389/3011/1278 2405/2998/2009
f 2405/2998/2009 2385/3016/1280 2409/3001/2011
f 2377/3020/2024 2409/3001/2011 2385/3016/1280
f 2337/3065/2054 2329/3072/2060 2377/3020/2024
f 2333/3059/2050 2361/3068/2057 2325/3060/1262
f 2429/3069/2058 2425/2971/1262 2438/2978/1719
f 2422/3076/2062 2438/2978/1719 2425/2971/1262
f 2418/2964/1992 2442/2982/1266 2422/3076/2062
f 2413/3077/1308 2446/2988/1269 2418/2964/1992
f 2361/3068/2057 2345/2931/1971 2325/3060/1262
f 2350/3078/2063 2374/2956/1987 2370/2950/1983
f 2354/2936/1251 2370/2950/1983 2366/2946/1980
f 2341/3079/2064 2366/2946/1980 2357/3056/2047
f 15/1/1 11/46/46 9/2/2
f 8/4/4 38/11/11 37/5/5
f 32/7/7 34/36/36 41/8/8
f 46/10/10 37/5/5 38/11/11
f 33/13/13 31/38/38 40/14/14
f 45/12/12 43/17/17 39/9/9
f 45/12/12 38/11/11 36/16/16
f 44/18/18 35/39/39 37/5/5
f 27/19/19 29/62/62 25/20/20
f 187/22/22 188/25/25 54/23/23
f 188/25/25 47/27/27 55/26/26
f 47/27/27 186/233/198 53/28/28
f 58/29/29 56/61/61 52/24/24
f 55/26/26 53/28/28 57/30/30
f 184/32/32 26/60/60 24/33/33
f 50/35/35 51/37/37 33/13/13
f 51/37/37 49/332/270 31/38/38
f 7/6/6 37/5/5 35/39/39
f 48/41/41 50/35/35 34/36/36
f 22/42/42 3/55/55 1/43/43
f 57/30/30 49/332/270 51/37/37
f 2/45/45 9/2/2 11/46/46
f 18/48/48 23/21/21 25/20/20
f 61/50/50 2/81/45 19/51/51
f 6/53/53 8/4/4 15/1/1
f 4/47/47 11/46/46 12/54/54
f 7/6/6 5/40/40 14/56/56
f 15/1/1 16/57/57 12/54/54
f 16/57/57 14/56/56 10/58/58
f 8/4/4 7/6/6 16/57/57
f 55/26/26 59/31/31 58/29/29
f 30/59/59 28/65/64 24/33/33
f 34/36/36 33/13/13 42/15/15
f 58/29/29 50/35/35 48/41/41
f 59/31/31 51/37/37 50/35/35
f 29/62/62 30/59/59 26/60/60
f 42/15/15 46/10/10 45/12/12
f 19/63/51 21/64/63 29/62/62
f 21/64/63 22/42/42 30/59/59
f 22/42/42 20/44/44 28/65/64
f 19/63/51 2/45/45 4/47/47
f 185/49/49 25/20/20 26/60/60
f 86/66/65 27/89/19 23/67/21
f 3/55/55 12/54/54 10/58/58
f 42/15/15 40/14/14 44/18/18
f 21/64/63 4/47/47 3/55/55
f 107/69/67 187/6827/22 52/70/24
f 112/71/68 52/70/24 56/72/61
f 48/74/41 32/78/7 91/75/70
f 98/77/72 91/75/70 32/78/7
f 6/53/53 36/16/16 38/11/11
f 68/80/73 9/90/2 2/81/45
f 65/82/74 95/92/78 36/83/16
f 116/73/69 56/72/61 48/74/41
f 72/85/75 65/82/74 6/84/53
f 82/68/66 23/67/21 18/87/48
f 78/52/52 19/51/51 27/89/19
f 72/85/75 13/86/3 9/90/2
f 102/91/77 43/154/17 36/83/16
f 68/93/73 70/136/112 74/94/79
f 66/96/80 96/103/86 97/97/81
f 91/99/70 98/107/72 100/100/83
f 105/102/85 104/108/90 97/97/81
f 92/104/87 101/147/120 99/105/88
f 98/107/72 102/6828/77 104/108/90
f 104/108/90 102/6828/77 95/109/78
f 103/110/91 105/102/85 96/103/86
f 86/112/65 82/138/66 84/113/93
f 107/115/67 112/6829/68 114/116/95
f 256/117/96 114/116/95 115/118/97
f 255/119/98 115/118/97 113/120/99
f 114/116/95 112/6829/68 116/122/69
f 115/118/97 119/148/121 117/124/102
f 253/125/103 76/326/266 83/126/104
f 110/128/106 93/101/84 92/104/87
f 111/129/107 92/104/87 90/106/89
f 108/131/71 91/99/70 93/101/84
f 81/132/109 79/151/123 60/133/110
f 117/124/102 119/148/121 111/129/107
f 61/135/50 63/140/113 70/136/112
f 77/137/76 254/152/124 84/113/93
f 65/139/74 72/95/75 74/94/79
f 63/140/113 62/134/111 71/141/114
f 66/96/80 75/144/117 73/142/115
f 74/94/79 70/136/112 71/141/114
f 71/141/114 69/153/125 73/142/115
f 67/98/82 74/94/79 75/144/117
f 118/123/101 119/148/121 115/118/97
f 85/127/105 83/126/104 87/145/118
f 93/101/84 100/100/83 101/147/120
f 118/123/101 116/122/69 108/131/71
f 119/148/121 118/123/101 110/128/106
f 85/127/105 89/146/119 88/114/94
f 100/100/83 104/108/90 105/102/85
f 78/149/52 86/112/65 88/114/94
f 80/150/122 88/114/94 89/146/119
f 81/132/109 89/146/119 87/145/118
f 78/149/52 80/150/122 63/140/113
f 254/152/124 253/125/103 85/127/105
f 62/134/111 60/133/110 69/153/125
f 101/147/120 105/102/85 103/110/91
f 80/150/122 81/132/109 62/134/111
f 97/97/81 95/109/78 65/139/74
f 102/91/77 98/77/72 39/79/9
f 66/96/80 64/143/116 94/111/92
f 128/155/126 130/199/170 134/156/127
f 126/158/129 158/165/136 159/159/130
f 153/161/132 160/169/140 162/162/133
f 167/164/135 166/170/141 159/159/130
f 154/166/137 163/213/184 161/167/138
f 160/169/140 164/6830/267 166/170/141
f 166/170/141 164/6830/267 157/171/142
f 165/172/143 167/164/135 158/165/136
f 144/174/145 146/201/172 150/175/146
f 169/177/148 176/184/155 178/178/149
f 171/179/150 178/178/149 179/180/151
f 170/181/152 179/180/151 177/182/153
f 176/184/155 180/6831/193 182/185/156
f 179/180/151 183/214/185 181/186/157
f 138/187/158 136/329/269 145/188/159
f 174/190/161 155/163/134 154/166/137
f 175/191/162 154/166/137 152/168/139
f 156/173/144 158/165/136 126/158/129
f 172/194/165 153/161/132 155/163/134
f 143/195/166 141/217/187 120/196/167
f 181/186/157 183/214/185 175/191/162
f 121/198/169 123/206/177 130/199/170
f 137/200/171 139/218/188 146/201/172
f 140/202/173 121/242/169 190/203/174
f 125/205/176 132/157/128 134/156/127
f 123/206/177 122/197/168 131/207/178
f 126/158/129 135/209/180 133/208/179
f 130/199/170 131/207/178 135/209/180
f 129/210/181 133/208/179 135/209/180
f 127/160/131 134/156/127 135/209/180
f 182/185/156 183/214/185 179/180/151
f 147/189/160 145/188/159 149/211/182
f 155/163/134 162/162/133 163/213/184
f 182/185/156 180/6831/193 172/194/165
f 183/214/185 182/185/156 174/190/161
f 146/201/172 147/189/160 151/212/183
f 162/162/133 166/170/141 167/164/135
f 140/215/173 148/176/147 150/175/146
f 142/216/186 150/175/146 151/212/183
f 143/195/166 151/212/183 149/211/182
f 140/215/173 142/216/186 123/206/177
f 139/218/188 138/187/158 147/189/160
f 144/219/145 148/251/147 217/220/189
f 122/197/168 120/196/167 129/210/181
f 163/213/184 167/164/135 165/172/143
f 142/216/186 143/195/166 122/197/168
f 176/222/155 169/365/148 238/223/191
f 180/225/193 176/222/155 245/224/192
f 222/227/195 153/230/132 172/228/165
f 153/230/132 222/227/195 229/231/197
f 186/233/198 47/27/27 296/234/199
f 297/236/201 18/48/48 185/49/49
f 264/237/202 185/49/49 184/32/32
f 188/25/25 187/22/22 276/239/204
f 159/159/130 157/171/142 125/205/176
f 268/238/203 184/32/32 17/34/34
f 47/27/27 188/25/25 269/240/205
f 121/242/169 128/254/126 197/243/207
f 157/244/142 226/258/215 194/245/208
f 172/228/165 180/225/193 249/226/194
f 125/246/176 194/245/208 201/247/209
f 137/249/171 144/219/145 213/221/190
f 148/251/147 140/202/173 209/204/175
f 300/252/211 137/249/171 206/250/210
f 128/254/126 132/248/128 201/247/209
f 276/255/204 187/6827/22 107/69/67
f 157/244/142 164/327/267 233/257/214
f 203/259/216 199/301/245 197/260/207
f 195/262/217 196/312/254 228/263/218
f 222/265/195 224/292/238 231/266/220
f 236/268/221 227/264/219 228/263/218
f 223/270/223 221/294/240 230/271/224
f 235/269/222 233/274/214 229/267/197
f 235/269/222 228/263/218 226/273/215
f 234/275/226 225/336/274 227/264/219
f 219/276/227 215/304/247 213/277/190
f 238/279/191 240/282/229 247/280/228
f 240/282/229 239/284/231 248/283/230
f 239/284/231 237/334/272 246/285/232
f 247/280/228 251/313/255 249/286/194
f 246/285/232 250/299/244 252/287/233
f 207/288/234 216/314/256 214/289/235
f 243/291/237 244/293/239 223/270/223
f 244/293/239 242/335/273 221/294/240
f 241/295/196 243/291/237 224/292/238
f 212/296/241 191/308/250 189/297/242
f 250/299/244 242/335/273 244/293/239
f 190/300/174 197/260/207 199/301/245
f 206/303/210 213/277/190 215/304/247
f 194/306/208 196/312/254 203/259/216
f 192/302/246 199/301/245 200/307/249
f 195/262/217 193/328/268 202/309/251
f 204/310/252 200/307/249 199/301/245
f 200/307/249 204/310/252 202/309/251
f 196/312/254 195/262/217 204/310/252
f 248/283/230 252/287/233 251/313/255
f 216/314/256 220/316/258 218/315/257
f 224/292/238 223/270/223 232/272/225
f 251/313/255 243/291/237 241/295/196
f 252/287/233 244/293/239 243/291/237
f 215/304/247 219/276/227 220/316/258
f 232/272/225 236/268/221 235/269/222
f 209/317/175 211/318/259 219/276/227
f 211/318/259 212/296/241 220/316/258
f 212/296/241 210/298/243 218/315/257
f 209/317/175 190/300/174 192/302/246
f 208/305/248 215/304/247 216/314/256
f 191/308/250 200/307/249 198/311/253
f 232/272/225 230/271/224 234/275/226
f 211/318/259 192/302/246 191/308/250
f 280/319/260 255/119/98 106/121/100
f 309/321/262 284/322/263 254/152/124
f 284/322/263 288/325/265 253/125/103
f 316/323/213 107/115/67 256/117/96
f 194/306/208 226/273/215 228/263/218
f 288/325/265 320/333/271 76/326/266
f 289/324/264 256/117/96 255/119/98
f 160/232/140 229/231/197 233/257/214
f 227/264/219 225/336/274 193/328/268
f 103/110/91 94/111/92 64/143/116
f 165/172/143 156/173/144 124/193/164
f 165/172/143 133/208/179 129/210/181
f 161/167/138 129/210/181 120/196/167
f 152/168/139 120/196/167 141/217/187
f 181/186/157 173/192/163 141/217/187
f 181/186/157 149/211/182 145/188/159
f 177/182/153 145/188/159 136/329/269
f 168/183/154 136/329/269 301/330/206
f 186/233/198 17/34/34 24/33/33
f 57/30/30 53/28/28 24/33/33
f 57/30/30 28/65/64 20/44/44
f 49/332/270 20/44/44 1/43/43
f 31/38/38 1/43/43 10/58/58
f 40/14/14 10/58/58 14/56/56
f 44/18/18 14/56/56 5/40/40
f 103/110/91 73/142/115 69/153/125
f 99/105/88 69/153/125 60/133/110
f 90/106/89 60/133/110 79/151/123
f 117/124/102 109/130/108 79/151/123
f 117/124/102 87/145/118 83/126/104
f 106/121/100 113/120/99 83/126/104
f 106/121/100 76/326/266 320/333/271
f 237/334/272 205/290/236 214/289/235
f 250/299/244 246/285/232 214/289/235
f 250/299/244 218/315/257 210/298/243
f 242/335/273 210/298/243 189/297/242
f 221/294/240 189/297/242 198/311/253
f 230/271/224 198/311/253 202/309/251
f 234/275/226 202/309/251 193/328/268
f 308/337/275 317/339/277 205/290/236
f 307/338/276 318/341/277 317/339/277
f 306/340/275 319/342/278 318/341/277
f 305/320/261 320/333/271 319/342/278
f 186/233/198 257/235/200 304/241/206
f 258/343/279 303/345/281 304/241/206
f 258/343/279 259/346/282 302/344/280
f 259/346/282 260/331/200 301/330/206
f 239/284/231 240/282/229 292/347/264
f 277/348/260 292/347/264 291/349/264
f 291/349/264 290/352/264 279/351/283
f 290/352/264 289/324/264 280/319/260
f 205/290/236 317/339/277 285/353/265
f 317/339/277 318/341/277 286/354/284
f 318/341/277 319/342/278 287/355/265
f 287/355/265 319/342/278 320/333/271
f 240/282/229 238/279/191 313/356/213
f 292/347/264 313/356/213 314/357/285
f 314/357/285 315/358/286 290/352/264
f 315/358/286 316/323/213 289/324/264
f 207/288/234 285/353/265 281/359/263
f 285/353/265 286/354/284 282/360/263
f 282/360/263 286/354/284 287/355/265
f 283/361/263 287/355/265 288/325/265
f 208/305/248 281/359/263 312/362/212
f 281/359/263 282/360/263 311/363/212
f 282/360/263 283/361/263 310/364/287
f 310/364/287 283/361/263 284/322/263
f 237/334/272 239/284/231 277/348/260
f 308/337/275 277/348/260 278/350/283
f 278/350/283 279/351/283 306/340/275
f 279/351/283 280/319/260 305/320/261
f 169/365/148 273/367/288 313/366/213
f 273/367/288 274/369/289 314/368/285
f 274/369/289 275/371/288 315/370/286
f 275/371/288 276/255/204 316/256/213
f 18/372/48 297/375/201 309/373/262
f 297/375/201 298/377/290 310/376/287
f 298/377/290 299/379/291 311/378/212
f 299/379/291 300/252/211 312/253/212
f 170/181/152 293/381/199 272/380/205
f 293/381/199 294/384/199 271/382/205
f 295/383/199 270/385/205 271/382/205
f 296/234/199 269/240/205 270/385/205
f 265/386/203 301/330/206 136/329/269
f 266/387/203 302/344/280 301/330/206
f 267/388/203 303/345/281 302/344/280
f 267/388/203 268/238/203 304/241/206
f 171/179/150 272/380/205 273/389/288
f 272/380/205 271/382/205 274/390/289
f 270/385/205 275/391/288 274/390/289
f 269/240/205 276/239/204 275/391/288
f 261/392/202 265/386/203 138/187/158
f 262/393/202 266/387/203 265/386/203
f 262/393/202 263/394/202 267/388/203
f 263/394/202 264/237/202 268/238/203
f 300/395/211 261/392/202 139/218/188
f 299/396/291 262/393/202 261/392/202
f 298/397/290 263/394/202 262/393/202
f 298/397/290 297/236/201 264/237/202
f 168/183/154 260/331/200 293/381/199
f 260/331/200 259/346/282 294/384/199
f 258/343/279 295/383/199 294/384/199
f 257/235/200 296/234/199 295/383/199
f 431/398/292 321/448/342 327/399/293
f 522/401/295 412/505/398 427/402/296
f 327/399/293 330/406/300 338/404/298
f 330/406/300 329/408/302 339/407/301
f 329/408/302 328/410/304 340/409/303
f 328/410/304 326/452/346 337/411/305
f 338/404/298 343/413/307 341/412/306
f 339/407/301 344/414/308 343/413/307
f 340/409/303 345/415/309 344/414/308
f 337/411/305 342/6832/518 345/415/309
f 341/412/306 343/413/307 348/416/310
f 343/413/307 344/414/308 349/418/312
f 344/414/308 345/415/309 350/419/313
f 345/415/309 342/6832/518 347/420/314
f 348/416/310 335/422/316 332/421/315
f 349/418/312 334/423/317 335/422/316
f 350/419/313 333/424/318 334/423/317
f 347/420/314 331/6833/517 333/424/318
f 361/425/319 363/428/322 353/426/320
f 363/428/322 364/430/324 354/429/323
f 364/430/324 365/432/326 355/431/325
f 365/432/326 362/518/407 352/433/327
f 368/434/328 363/428/322 361/425/319
f 369/436/330 364/430/324 363/428/322
f 370/437/331 365/432/326 364/430/324
f 367/438/332 362/518/407 365/432/326
f 371/439/333 373/440/334 368/434/328
f 373/440/334 374/441/335 369/436/330
f 374/441/335 375/442/336 370/437/331
f 375/442/336 372/622/507 367/438/332
f 358/443/337 373/440/334 371/439/333
f 359/445/339 374/441/335 373/440/334
f 360/446/340 375/442/336 374/441/335
f 357/447/341 372/622/507 375/442/336
f 321/448/342 323/449/343 330/406/300
f 323/449/343 324/450/344 329/408/302
f 324/450/344 325/451/345 328/410/304
f 325/451/345 322/6834/509 326/452/346
f 332/421/315 335/422/316 355/431/325
f 335/422/316 334/423/317 354/429/323
f 334/423/317 333/424/318 353/426/320
f 333/424/318 331/6833/517 351/427/321
f 442/453/347 456/538/427 346/417/311
f 472/454/348 362/518/407 367/438/332
f 446/456/350 437/400/294 327/399/293
f 569/457/351 359/445/339 358/443/337
f 382/459/353 391/469/363 393/460/354
f 385/461/355 393/460/354 394/462/356
f 384/463/357 394/462/356 395/464/358
f 383/465/359 395/464/358 392/466/360
f 396/468/362 398/470/364 393/460/354
f 398/470/364 399/471/365 394/462/356
f 399/471/365 400/472/366 395/464/358
f 400/472/366 397/477/371 392/466/360
f 396/468/362 401/479/373 403/473/367
f 398/470/364 403/473/367 404/474/368
f 399/471/365 404/474/368 405/475/369
f 400/472/366 405/475/369 402/476/370
f 387/478/372 390/480/374 403/473/367
f 390/480/374 389/481/375 404/474/368
f 389/481/375 388/482/376 405/475/369
f 388/482/376 386/512/404 402/476/370
f 416/483/377 406/511/403 408/484/378
f 418/485/379 408/484/378 409/486/380
f 419/487/381 409/486/380 410/488/382
f 420/489/383 410/488/382 407/490/384
f 416/483/377 418/485/379 423/492/386
f 418/485/379 419/487/381 424/494/387
f 419/487/381 420/489/383 425/495/388
f 420/489/383 417/491/385 422/496/389
f 426/497/390 421/493/329 423/492/386
f 428/498/391 423/492/386 424/494/387
f 429/499/392 424/494/387 425/495/388
f 430/500/393 425/495/388 422/496/389
f 426/497/390 428/498/391 413/501/394
f 428/498/391 429/499/392 414/503/396
f 429/499/392 430/500/393 415/504/397
f 430/500/393 427/402/296 412/505/398
f 376/506/399 382/459/353 385/461/355
f 378/507/400 385/461/355 384/463/357
f 379/508/401 384/463/357 383/465/359
f 380/509/402 383/465/359 381/467/361
f 387/478/372 407/490/384 410/488/382
f 390/480/374 410/488/382 409/486/380
f 389/481/375 409/486/380 408/484/378
f 388/482/376 408/484/378 406/511/403
f 564/513/329 554/628/329 585/514/329
f 367/438/332 372/622/507 482/516/405
f 446/456/350 336/405/299 341/412/306
f 472/454/348 462/549/438 352/433/327
f 396/468/362 391/469/363 501/519/408
f 537/403/297 427/402/296 422/496/389
f 437/400/294 446/456/350 448/522/411
f 440/523/412 448/522/411 449/524/413
f 439/525/414 449/524/413 450/526/415
f 438/527/416 450/526/415 447/528/417
f 451/517/406 453/530/419 448/522/411
f 453/530/419 454/531/420 449/524/413
f 454/531/420 455/532/421 450/526/415
f 455/532/421 452/537/426 447/528/417
f 451/517/406 456/538/427 458/533/422
f 453/530/419 458/533/422 459/534/423
f 454/531/420 459/534/423 460/535/424
f 455/532/421 460/535/424 457/536/425
f 442/453/347 445/539/428 458/533/422
f 445/539/428 444/540/429 459/534/423
f 444/540/429 443/541/430 460/535/424
f 443/541/430 441/568/457 457/536/425
f 471/542/431 461/567/456 463/543/432
f 473/544/433 463/543/432 464/545/434
f 474/546/435 464/545/434 465/547/436
f 475/548/437 465/547/436 462/549/438
f 471/542/431 473/544/433 478/550/439
f 473/544/433 474/546/435 479/552/441
f 474/546/435 475/548/437 480/553/442
f 475/548/437 472/454/348 477/455/349
f 481/554/443 476/551/440 478/550/439
f 483/555/444 478/550/439 479/552/441
f 484/556/445 479/552/441 480/553/442
f 485/557/446 480/553/442 477/455/349
f 481/554/443 483/555/444 468/558/447
f 483/555/444 484/556/445 469/560/449
f 484/556/445 485/557/446 470/561/450
f 485/557/446 482/516/405 467/562/451
f 431/398/292 437/400/294 440/523/412
f 433/563/452 440/523/412 439/525/414
f 434/564/453 439/525/414 438/527/416
f 435/565/454 438/527/416 436/529/418
f 442/453/347 462/549/438 465/547/436
f 445/539/428 465/547/436 464/545/434
f 444/540/429 464/545/434 463/543/432
f 443/541/430 463/543/432 461/567/456
f 527/569/458 532/521/410 422/496/389
f 570/570/459 360/446/340 359/445/339
f 543/458/352 358/443/337 356/444/338
f 371/572/333 366/673/329 542/573/329
f 486/575/461 492/576/462 382/459/353
f 492/576/462 495/578/464 503/577/463
f 495/578/464 494/580/466 504/579/465
f 494/580/466 493/582/468 505/581/467
f 493/582/468 491/620/505 502/583/469
f 503/577/463 508/584/470 506/520/409
f 504/579/465 509/585/471 508/584/470
f 505/581/467 510/586/472 509/585/471
f 502/583/469 507/6835/513 510/586/472
f 506/520/409 508/584/470 513/587/473
f 508/584/470 509/585/471 514/589/475
f 509/585/471 510/586/472 515/590/476
f 510/586/472 507/6835/513 512/591/477
f 513/587/473 500/593/479 497/592/478
f 514/589/475 499/594/480 500/593/479
f 515/590/476 498/595/481 499/594/480
f 512/591/477 496/6836/515 498/595/481
f 526/596/482 528/599/485 518/597/483
f 528/599/485 529/601/487 519/600/486
f 529/601/487 530/603/489 520/602/488
f 530/603/489 527/569/458 517/604/490
f 533/605/491 528/599/485 526/596/482
f 534/607/492 529/601/487 528/599/485
f 535/608/493 530/603/489 529/601/487
f 532/521/410 527/569/458 530/603/489
f 536/609/494 538/610/495 533/605/491
f 538/610/495 539/611/496 534/607/492
f 539/611/496 540/612/497 535/608/493
f 540/612/497 537/403/297 532/521/410
f 523/613/498 538/610/495 536/609/494
f 524/615/500 539/611/496 538/610/495
f 525/616/501 540/612/497 539/611/496
f 522/401/295 537/403/297 540/612/497
f 486/575/461 488/617/502 495/578/464
f 488/617/502 489/618/503 494/580/466
f 489/618/503 490/619/504 493/582/468
f 490/619/504 487/6837/5171 491/620/505
f 497/592/478 500/593/479 520/602/488
f 500/593/479 499/594/480 519/600/486
f 499/594/480 498/595/481 518/597/483
f 498/595/481 496/6836/515 516/598/484
f 497/592/478 517/604/490 407/490/384
f 401/479/373 396/468/362 506/520/409
f 387/478/372 401/479/373 511/588/474
f 391/469/363 382/459/353 492/576/462
f 541/621/506 547/645/511 468/558/447
f 417/491/385 407/490/384 517/604/490
f 341/412/306 346/417/311 456/538/427
f 372/622/507 357/447/341 467/562/451
f 442/453/347 332/421/315 352/433/327
f 542/573/329 551/674/329 588/623/329
f 562/625/460 552/574/329 587/626/329
f 554/628/329 553/633/329 586/629/329
f 563/630/329 561/639/329 584/631/329
f 553/633/329 326/6838/346 322/634/509
f 592/636/510 579/690/521 541/621/506
f 347/638/314 342/672/518 564/513/329
f 571/640/440 556/677/440 565/641/440
f 575/643/511 578/6839/520 544/644/512
f 507/646/513 502/679/469 595/647/440
f 536/649/494 531/714/440 597/642/440
f 596/651/514 594/688/459 415/504/397
f 595/647/440 572/680/440 548/652/440
f 516/654/484 496/664/515 573/655/440
f 558/657/440 566/676/440 598/658/440
f 591/659/329 546/665/329 563/630/329
f 526/660/482 516/654/484 599/656/440
f 555/661/440 481/695/443 466/662/448
f 496/664/515 512/716/477 598/658/440
f 546/665/329 551/674/329 361/666/319
f 568/668/516 545/637/510 470/561/450
f 467/562/451 357/447/341 559/669/236
f 469/560/449 470/561/450 545/637/510
f 356/670/338 371/572/333 552/574/329
f 331/671/517 347/638/314 561/639/329
f 342/672/518 337/682/305 554/628/329
f 547/645/511 544/644/512 466/559/448
f 366/673/329 361/666/319 551/674/329
f 558/657/440 452/693/426 457/675/425
f 556/677/440 471/698/431 476/678/440
f 502/679/469 491/683/505 572/680/440
f 568/668/516 559/669/236 596/651/514
f 337/682/305 326/6838/346 553/633/329
f 563/630/329 546/665/329 351/667/321
f 491/683/505 487/6840/5171 589/684/440
f 592/636/510 545/637/510 568/668/516
f 588/623/329 551/674/329 546/665/329
f 566/676/440 557/687/440 573/655/440
f 582/650/440 555/661/440 544/663/512
f 567/686/440 556/677/440 571/640/440
f 557/687/440 567/686/440 599/656/440
f 594/688/459 596/651/514 559/669/236
f 565/641/440 555/661/440 582/650/440
f 558/657/440 574/648/440 595/647/440
f 576/515/329 584/631/329 561/639/329
f 586/629/329 553/633/329 549/635/329
f 579/690/521 575/643/511 547/645/511
f 577/624/329 587/626/329 552/574/329
f 580/691/508 581/692/352 543/458/352
f 569/457/351 593/702/522 594/688/459
f 581/692/352 593/702/522 569/457/351
f 452/693/426 558/657/440 560/653/440
f 481/695/443 555/661/440 565/641/440
f 360/446/340 570/570/459 559/669/236
f 461/696/456 567/686/440 557/687/440
f 471/698/431 556/677/440 567/686/440
f 441/697/457 557/687/440 566/676/440
f 447/694/417 560/653/440 548/652/440
f 550/700/440 548/652/440 572/680/440
f 548/652/440 550/700/440 432/701/455
f 593/702/522 581/692/352 413/501/394
f 594/688/459 593/702/522 414/503/396
f 581/692/352 580/691/508 411/502/395
f 426/703/390 587/626/329 577/624/329
f 523/613/498 575/643/511 579/690/521
f 381/705/361 586/629/329 590/689/329
f 402/707/370 584/631/329 576/515/329
f 521/709/499 536/649/494 582/650/440
f 416/710/377 588/623/329 591/659/329
f 525/616/501 592/636/510 600/681/519
f 600/681/519 596/651/514 412/505/398
f 392/712/360 585/514/329 586/629/329
f 386/713/404 583/632/329 584/631/329
f 397/708/371 576/515/329 585/514/329
f 531/714/440 526/660/482 571/640/440
f 411/715/395 580/627/508 587/626/329
f 521/614/499 578/6839/520 575/643/511
f 512/716/477 507/646/513 574/648/440
f 524/615/500 579/690/521 592/636/510
f 406/711/403 591/659/329 583/632/329
f 421/704/329 577/624/329 588/623/329
f 649/717/523 629/765/569 626/718/524
f 648/720/526 657/760/564 625/721/527
f 634/723/529 641/770/574 621/724/530
f 639/726/532 617/734/539 630/727/533
f 634/729/529 618/6841/531 620/730/535
f 635/731/536 620/730/535 619/732/537
f 637/733/538 619/732/537 617/734/539
f 642/735/540 614/6842/650 616/736/541
f 643/737/542 616/736/541 615/738/543
f 645/739/544 615/738/543 613/740/545
f 602/742/547 604/745/550 651/743/548
f 604/745/550 603/747/552 653/746/551
f 603/747/552 601/779/370 655/748/553
f 658/749/554 610/782/477 612/750/555
f 659/751/556 612/750/555 611/752/557
f 661/753/558 611/752/557 609/754/559
f 662/756/561 664/719/525 626/718/524
f 661/753/558 663/755/560 664/719/525
f 660/758/556 662/756/561 628/757/562
f 659/751/556 661/753/558 662/756/561
f 657/760/564 660/758/556 627/759/563
f 658/749/554 659/751/556 660/758/556
f 632/761/565 654/762/566 656/728/534
f 654/762/566 653/746/551 655/748/553
f 631/763/567 652/764/568 654/762/566
f 652/764/568 651/743/548 653/746/551
f 629/765/569 649/717/523 652/764/568
f 649/717/523 650/744/549 651/743/548
f 646/766/570 648/720/526 622/722/528
f 645/739/544 647/741/546 648/720/526
f 644/768/572 646/766/570 624/767/571
f 643/737/542 645/739/544 646/766/570
f 641/770/574 644/768/572 623/769/573
f 642/735/540 643/737/542 644/768/572
f 638/771/575 640/774/578 606/772/576
f 638/771/575 637/733/538 639/726/532
f 636/775/536 638/771/575 608/773/577
f 636/775/536 635/731/536 637/733/538
f 633/777/580 636/775/536 607/776/579
f 633/777/580 634/729/529 635/731/536
f 601/779/370 606/772/576 640/774/578
f 640/774/578 639/726/532 656/728/534
f 605/780/581 614/6842/650 642/735/540
f 633/781/580 642/735/540 641/770/574
f 610/782/477 658/749/554 647/741/546
f 647/741/546 658/749/554 657/760/564
f 602/742/547 650/744/549 663/755/560
f 650/744/549 649/717/523 664/719/525
f 690/783/582 693/831/626 713/784/583
f 712/786/585 686/832/627 689/787/586
f 698/789/588 682/6843/595 685/790/589
f 694/792/591 681/801/599 703/793/592
f 698/795/588 699/798/596 684/796/594
f 699/798/596 701/800/598 683/799/597
f 701/800/598 703/793/592 681/801/599
f 706/802/600 707/805/603 680/803/601
f 707/805/603 709/807/605 679/806/604
f 709/807/605 711/848/640 677/808/606
f 715/809/607 668/813/611 666/810/608
f 717/812/610 667/815/613 668/813/611
f 719/814/612 665/844/314 667/815/613
f 722/816/614 723/819/617 676/817/615
f 723/819/617 725/821/619 675/820/618
f 725/821/619 727/849/641 673/822/620
f 690/783/582 728/785/584 726/823/619
f 728/785/584 727/849/641 725/821/619
f 692/824/621 726/823/619 724/825/617
f 726/823/619 725/821/619 723/819/617
f 691/826/622 724/825/617 721/788/587
f 724/825/617 723/819/617 722/816/614
f 696/827/623 694/792/591 720/794/593
f 718/828/610 720/794/593 719/814/612
f 695/829/624 696/827/623 718/828/610
f 716/830/625 718/828/610 717/812/610
f 693/831/626 695/829/624 716/830/625
f 713/784/583 716/830/625 715/809/607
f 686/832/627 712/786/585 710/833/628
f 712/786/585 711/848/640 709/807/605
f 688/834/629 710/833/628 708/835/630
f 710/833/628 709/807/605 707/805/603
f 687/836/631 708/835/630 705/791/590
f 708/835/630 707/805/603 706/802/600
f 670/837/632 704/845/639 702/838/633
f 702/838/633 704/845/639 703/793/592
f 672/839/634 702/838/633 700/840/635
f 700/840/635 702/838/633 701/800/598
f 671/841/636 700/840/635 697/842/637
f 697/842/637 700/840/635 699/798/596
f 665/844/314 719/814/612 704/845/639
f 720/794/593 703/793/592 704/845/639
f 669/846/638 697/847/637 706/802/600
f 697/847/637 698/789/588 705/791/590
f 711/848/640 722/816/614 674/818/616
f 711/848/640 712/786/585 721/788/587
f 727/849/641 714/811/609 666/810/608
f 728/785/584 713/784/583 714/811/609
f 754/850/642 757/898/670 777/851/525
f 776/853/532 750/899/539 753/854/533
f 762/856/645 746/6844/650 749/857/646
f 758/859/527 745/868/528 767/860/546
f 762/862/645 763/865/542 748/863/649
f 763/865/542 765/867/651 747/866/571
f 765/867/651 767/860/546 745/868/528
f 770/869/652 771/872/655 744/870/653
f 771/872/655 773/874/575 743/873/656
f 773/874/575 775/915/678 741/875/576
f 779/876/657 732/880/660 730/877/658
f 781/879/659 731/882/555 732/880/660
f 783/881/554 729/911/477 731/882/555
f 786/883/661 787/886/551 740/884/552
f 787/886/551 789/888/663 739/887/662
f 789/888/663 791/916/679 737/889/664
f 754/850/642 792/852/643 790/890/665
f 792/852/643 791/916/679 789/888/663
f 756/891/567 790/890/665 788/892/666
f 790/890/665 789/888/663 787/886/551
f 755/893/667 788/892/666 785/855/644
f 788/892/666 787/886/551 786/883/661
f 760/894/668 758/859/527 784/861/648
f 782/895/556 784/861/648 783/881/554
f 759/896/562 760/894/668 782/895/556
f 780/897/669 782/895/556 781/879/659
f 757/898/670 759/896/562 780/897/669
f 777/851/525 780/897/669 779/876/657
f 750/899/539 776/853/532 774/900/575
f 776/853/532 775/915/678 773/874/575
f 752/901/537 774/900/575 772/902/536
f 774/900/575 773/874/575 771/872/655
f 751/903/535 772/902/536 769/858/647
f 772/902/536 771/872/655 770/869/652
f 734/904/545 768/912/677 766/905/671
f 766/905/671 768/912/677 767/860/546
f 736/906/672 766/905/671 764/907/673
f 764/907/673 766/905/671 765/867/651
f 735/908/674 764/907/673 761/909/675
f 761/909/675 764/907/673 763/865/542
f 729/911/477 783/881/554 768/912/677
f 784/861/648 767/860/546 768/912/677
f 733/913/676 761/914/675 770/869/652
f 761/914/675 762/856/645 769/858/647
f 775/915/678 786/883/661 738/885/370
f 775/915/678 776/853/532 785/855/644
f 791/916/679 778/878/560 730/877/658
f 792/852/643 777/851/525 778/878/560
f 841/917/680 821/965/707 818/918/681
f 840/920/682 849/960/703 817/921/591
f 826/923/683 833/970/710 813/924/684
f 831/926/585 809/934/627 822/927/586
f 826/929/683 810/6845/602 812/930/685
f 827/931/603 812/930/685 811/932/629
f 829/933/628 811/932/629 809/934/627
f 834/935/686 806/6846/595 808/936/687
f 835/937/596 808/936/687 807/938/634
f 837/939/688 807/938/634 805/940/632
f 794/942/689 796/945/692 843/943/690
f 796/945/692 795/947/694 845/946/693
f 795/947/694 793/979/616 847/948/695
f 850/949/612 802/982/314 804/950/696
f 851/951/610 804/950/696 803/952/697
f 853/953/698 803/952/697 801/954/699
f 854/956/701 856/919/583 818/918/681
f 853/953/698 855/955/700 856/919/583
f 852/958/610 854/956/701 820/957/624
f 851/951/610 853/953/698 854/956/701
f 849/960/703 852/958/610 819/959/702
f 850/949/612 851/951/610 852/958/610
f 824/961/622 846/962/704 848/928/587
f 846/962/704 845/946/693 847/948/695
f 823/963/705 844/964/706 846/962/704
f 844/964/706 843/943/690 845/946/693
f 821/965/707 841/917/680 844/964/706
f 841/917/680 842/944/691 843/943/690
f 838/966/598 840/920/682 814/922/599
f 837/939/688 839/941/592 840/920/682
f 836/968/708 838/966/598 816/967/597
f 835/937/596 837/939/688 838/966/598
f 833/970/710 836/968/708 815/969/709
f 834/935/686 835/937/596 836/968/708
f 830/971/711 832/974/712 798/972/606
f 830/971/711 829/933/628 831/926/585
f 828/975/630 830/971/711 800/973/604
f 828/975/630 827/931/603 829/933/628
f 825/977/714 828/975/630 799/976/713
f 825/977/714 826/929/683 827/931/603
f 793/979/616 798/972/606 832/974/712
f 832/974/712 831/926/585 848/928/587
f 797/980/715 806/6846/595 834/935/686
f 825/981/714 834/935/686 833/970/710
f 802/982/314 850/949/612 839/941/592
f 839/941/592 850/949/612 849/960/703
f 794/942/689 842/944/691 855/955/700
f 842/944/691 841/917/680 856/919/583
f 906/986/719 907/1053/777 946/987/720
f 928/989/722 903/993/726 901/990/723
f 917/992/725 904/1039/766 903/993/726
f 861/994/727 864/997/730 866/995/728
f 864/997/730 868/1000/733 869/998/731
f 867/999/732 869/998/731 868/1000/733
f 871/1002/735 872/1005/738 869/998/731
f 870/1003/736 872/1005/738 871/1002/735
f 865/996/729 866/995/728 872/1005/738
f 877/1006/716 880/1009/741 882/1007/739
f 880/1009/741 884/1012/744 885/1010/742
f 883/1011/743 885/1010/742 884/1012/744
f 883/1011/743 887/1016/748 888/1014/746
f 886/1015/747 888/1014/746 887/1016/748
f 881/1008/740 882/1007/739 888/1014/746
f 880/1018/741 877/983/716 949/1019/750
f 889/1021/752 894/1118/828 925/1022/753
f 905/1024/755 906/986/719 914/988/721
f 898/1026/757 911/1114/824 947/1027/758
f 935/1029/760 865/1055/729 870/1030/736
f 929/1032/762 863/1037/737 878/1033/745
f 884/1035/744 880/1018/741 953/1020/751
f 934/1031/761 870/1030/736 863/1037/737
f 878/1033/745 884/1035/744 956/1036/764
f 941/1038/765 902/1048/774 904/1039/766
f 862/1001/734 868/1000/733 859/1040/767
f 868/1000/733 864/997/730 860/1042/769
f 864/997/730 861/994/727 858/1043/770
f 879/1017/749 874/1049/775 876/1044/771
f 886/1015/747 876/1044/771 875/1045/772
f 881/1008/740 875/1045/772 873/1046/717
f 862/1001/734 879/1017/749 887/1016/748
f 887/1016/748 883/1011/743 871/1002/735
f 883/1011/743 878/1013/745 863/1004/737
f 940/1047/773 899/1073/791 902/1048/774
f 874/1049/775 879/1017/749 862/1001/734
f 907/1053/777 898/1026/757 952/1028/759
f 938/1054/778 861/1052/727 865/1055/729
f 899/1073/791 940/1047/773 937/1074/792
f 940/1047/773 939/1077/795 936/1076/794
f 939/1077/795 938/1054/778 935/1029/760
f 892/1078/796 944/1080/798 950/1079/797
f 944/1080/798 945/1082/798 951/1081/799
f 945/1082/798 946/987/720 952/1028/759
f 893/1050/776 861/1052/727 938/1054/778
f 943/1083/800 938/1054/778 939/1077/795
f 942/1084/801 939/1077/795 940/1047/773
f 943/1083/800 919/1086/803 895/1085/802
f 942/1084/801 918/1087/725 919/1086/803
f 941/1038/765 917/992/725 918/1087/725
f 959/1088/804 958/1092/808 897/1089/805
f 960/1091/807 957/1093/809 958/1092/808
f 961/1034/763 956/1036/764 957/1093/809
f 913/1094/810 932/1097/813 931/1095/811
f 932/1097/813 933/1099/815 930/1098/814
f 933/1099/815 934/1031/761 929/1032/762
f 958/1092/808 955/1101/817 910/1100/816
f 957/1093/809 954/1102/818 955/1101/817
f 956/1036/764 953/1020/751 954/1102/818
f 931/1095/811 959/1088/804 909/1090/806
f 931/1095/811 930/1098/814 960/1091/807
f 930/1098/814 929/1032/762 961/1034/763
f 912/1075/793 937/1074/792 932/1097/813
f 937/1074/792 936/1076/794 933/1099/815
f 936/1076/794 935/1029/760 934/1031/761
f 890/985/718 950/1079/797 949/1019/750
f 950/1079/797 951/1081/799 948/1103/819
f 951/1081/799 952/1028/759 947/1027/758
f 889/1104/752 922/1107/754 916/1105/820
f 922/1107/754 921/1109/822 915/1108/721
f 921/1109/822 920/1025/756 914/988/721
f 920/1110/756 923/991/724 901/990/723
f 921/1112/822 924/1113/823 923/991/724
f 922/1023/754 925/1022/753 924/1113/823
f 955/1101/817 947/1027/758 911/1114/824
f 954/1102/818 948/1103/819 947/1027/758
f 953/1020/751 949/1019/750 948/1103/819
f 919/1086/803 926/1116/826 896/1115/825
f 918/1087/725 927/1117/827 926/1116/826
f 917/992/725 928/989/722 927/1117/827
f 926/1116/826 925/1022/753 894/1118/828
f 927/1117/827 924/1113/823 925/1022/753
f 928/989/722 923/991/724 924/1113/823
f 891/1106/821 916/1105/820 944/1080/798
f 916/1105/820 915/1108/721 945/1082/798
f 915/1108/721 914/988/721 946/987/720
f 1051/1122/725 1012/1189/874 1011/1123/830
f 1033/1125/721 1028/1246/903 1006/1126/831
f 1022/1128/833 1033/1125/721 1008/1127/832
f 966/1130/835 970/1141/846 971/1131/836
f 969/1132/837 971/1131/836 974/1133/838
f 973/1134/839 974/1133/838 972/1135/840
f 974/1133/838 977/1140/845 976/1137/842
f 976/1137/842 977/1140/845 975/1138/843
f 977/1140/845 971/1131/836 970/1141/846
f 982/1142/829 986/1153/857 987/1143/847
f 985/1144/848 987/1143/847 990/1145/849
f 989/1146/850 990/1145/849 988/1147/851
f 988/1147/851 990/1145/849 993/1149/853
f 992/1150/854 993/1149/853 991/1151/855
f 993/1149/853 987/1143/847 986/1153/857
f 1054/1154/778 982/1119/829 985/1155/848
f 1030/1157/859 999/1253/907 994/1158/723
f 1019/1124/722 1011/1123/830 1010/1160/828
f 1052/1162/773 1016/1249/905 1003/1163/774
f 1040/1165/863 1039/1173/866 975/1166/843
f 1034/1168/864 1066/1174/867 983/1169/852
f 1058/1156/858 985/1155/848 989/1171/850
f 1039/1173/866 1034/1168/864 968/1170/844
f 1061/1172/865 989/1171/850 983/1169/852
f 1046/1175/868 1022/1128/833 1009/1129/834
f 964/1177/869 973/1134/839 967/1136/841
f 965/1179/772 969/1132/837 973/1134/839
f 963/1180/717 966/1130/835 969/1132/837
f 984/1152/856 991/1151/855 981/1181/871
f 991/1151/855 986/1153/857 980/1183/769
f 986/1153/857 982/1142/829 978/1184/770
f 967/1136/841 972/1135/840 992/1150/854
f 976/1137/842 988/1147/851 992/1150/854
f 968/1139/844 983/1148/852 988/1147/851
f 1007/1176/757 1004/1208/824 1045/1185/873
f 967/1136/841 984/1152/856 979/1182/872
f 1057/1164/862 1003/1163/774 1012/1189/874
f 1043/1190/875 1040/1165/863 970/1167/846
f 1004/1208/824 1017/1237/900 1042/1209/879
f 1045/1185/873 1042/1209/879 1041/1210/880
f 1044/1211/881 1041/1210/880 1040/1165/863
f 997/1212/882 995/1120/776 1055/1213/883
f 1049/1214/725 1055/1213/883 1056/1215/884
f 1050/1216/725 1056/1215/884 1057/1164/862
f 998/1186/718 1048/1217/885 1043/1190/875
f 1048/1217/885 1047/1218/886 1044/1211/881
f 1047/1218/886 1046/1175/868 1045/1185/873
f 1000/1219/887 1024/1220/888 1048/1217/885
f 1024/1220/888 1023/1221/798 1047/1218/886
f 1023/1221/798 1022/1128/833 1046/1175/868
f 1002/1222/810 1063/1225/891 1064/1223/889
f 1063/1225/891 1062/1227/892 1065/1226/814
f 1062/1227/892 1061/1172/865 1066/1174/867
f 1018/1228/893 1005/1236/889 1036/1229/894
f 1037/1230/895 1036/1229/894 1035/1231/763
f 1038/1232/896 1035/1231/763 1034/1168/864
f 1015/1233/897 1060/1234/898 1063/1225/891
f 1060/1234/898 1059/1235/899 1062/1227/892
f 1059/1235/899 1058/1156/858 1061/1172/865
f 1014/1224/890 1064/1223/889 1036/1229/894
f 1036/1229/894 1064/1223/889 1065/1226/814
f 1035/1231/763 1065/1226/814 1066/1174/867
f 1017/1237/900 1018/1228/893 1037/1230/895
f 1042/1209/879 1037/1230/895 1038/1232/896
f 1041/1210/880 1038/1232/896 1039/1173/866
f 995/1120/776 982/1119/829 1054/1154/778
f 1055/1213/883 1054/1154/778 1053/1238/901
f 1056/1215/884 1053/1238/901 1052/1162/773
f 994/1239/723 996/1254/908 1021/1240/826
f 1027/1241/860 1021/1240/826 1020/1242/722
f 1026/1243/902 1020/1242/722 1019/1124/722
f 1006/1126/831 1028/1246/903 1025/1244/861
f 1028/1246/903 1029/1248/904 1026/1247/902
f 1029/1248/904 1030/1157/859 1027/1159/860
f 1016/1249/905 1052/1162/773 1060/1234/898
f 1052/1162/773 1053/1238/901 1059/1235/899
f 1053/1238/901 1054/1154/778 1058/1156/858
f 1001/1250/821 1031/1251/820 1024/1220/888
f 1031/1251/820 1032/1252/906 1023/1221/798
f 1032/1252/906 1033/1125/721 1022/1128/833
f 999/1253/907 1030/1157/859 1031/1251/820
f 1030/1157/859 1029/1248/904 1032/1252/906
f 1029/1248/904 1028/1246/903 1033/1125/721
f 996/1254/908 997/1212/882 1049/1214/725
f 1021/1240/826 1049/1214/725 1050/1216/725
f 1020/1242/722 1050/1216/725 1051/1122/725
f 1156/1258/912 1117/1325/969 1116/1259/913
f 1138/1261/915 1133/1382/1006 1111/1262/916
f 1127/1264/918 1138/1261/915 1113/1263/917
f 1071/1266/920 1075/1277/931 1076/1267/921
f 1074/1268/922 1076/1267/921 1079/1269/923
f 1078/1270/924 1079/1269/923 1077/1271/925
f 1079/1269/923 1082/1276/930 1081/1273/927
f 1081/1273/927 1082/1276/930 1080/1274/928
f 1082/1276/930 1076/1267/921 1075/1277/931
f 1087/1278/909 1091/1289/942 1092/1279/932
f 1090/1280/933 1092/1279/932 1095/1281/934
f 1094/1282/935 1095/1281/934 1093/1283/936
f 1093/1283/936 1095/1281/934 1098/1285/938
f 1097/1286/939 1098/1285/938 1096/1287/940
f 1098/1285/938 1092/1279/932 1091/1289/942
f 1159/1290/943 1087/1255/909 1090/1291/933
f 1135/1293/945 1104/1389/1012 1099/1294/946
f 1124/1260/914 1116/1259/913 1115/1296/948
f 1157/1298/950 1121/1385/1008 1108/1299/951
f 1145/1301/953 1144/1309/956 1080/1302/928
f 1139/1304/954 1171/1310/957 1088/1305/937
f 1163/1292/944 1090/1291/933 1094/1307/935
f 1144/1309/956 1139/1304/954 1073/1306/929
f 1166/1308/955 1094/1307/935 1088/1305/937
f 1151/1311/958 1127/1264/918 1114/1265/919
f 1069/1313/960 1078/1270/924 1072/1272/926
f 1070/1315/962 1074/1268/922 1078/1270/924
f 1068/1316/963 1071/1266/920 1074/1268/922
f 1089/1288/941 1096/1287/940 1086/1317/964
f 1096/1287/940 1091/1289/942 1085/1319/966
f 1091/1289/942 1087/1278/909 1083/1320/911
f 1072/1272/926 1077/1271/925 1097/1286/939
f 1081/1273/927 1093/1283/936 1097/1286/939
f 1073/1275/929 1088/1284/937 1093/1283/936
f 1112/1312/959 1109/1344/973 1150/1321/967
f 1072/1272/926 1089/1288/941 1084/1318/965
f 1162/1300/952 1108/1299/951 1117/1325/969
f 1148/1326/970 1145/1301/953 1075/1303/931
f 1109/1344/973 1122/1373/1002 1147/1345/974
f 1150/1321/967 1147/1345/974 1146/1346/975
f 1149/1347/976 1146/1346/975 1145/1301/953
f 1102/1348/977 1100/1256/910 1160/1349/978
f 1154/1350/979 1160/1349/978 1161/1351/980
f 1155/1352/981 1161/1351/980 1162/1300/952
f 1103/1322/968 1153/1353/982 1148/1326/970
f 1153/1353/982 1152/1354/983 1149/1347/976
f 1152/1354/983 1151/1311/958 1150/1321/967
f 1105/1355/984 1129/1356/985 1153/1353/982
f 1129/1356/985 1128/1357/986 1152/1354/983
f 1128/1357/986 1127/1264/918 1151/1311/958
f 1107/1358/987 1168/1361/990 1169/1359/988
f 1168/1361/990 1167/1363/992 1170/1362/991
f 1167/1363/992 1166/1308/955 1171/1310/957
f 1123/1364/993 1110/1372/1001 1141/1365/994
f 1142/1366/995 1141/1365/994 1140/1367/996
f 1143/1368/997 1140/1367/996 1139/1304/954
f 1120/1369/998 1165/1370/999 1168/1361/990
f 1165/1370/999 1164/1371/1000 1167/1363/992
f 1164/1371/1000 1163/1292/944 1166/1308/955
f 1119/1360/989 1169/1359/988 1141/1365/994
f 1141/1365/994 1169/1359/988 1170/1362/991
f 1140/1367/996 1170/1362/991 1171/1310/957
f 1122/1373/1002 1123/1364/993 1142/1366/995
f 1147/1345/974 1142/1366/995 1143/1368/997
f 1146/1346/975 1143/1368/997 1144/1309/956
f 1100/1256/910 1087/1255/909 1159/1290/943
f 1160/1349/978 1159/1290/943 1158/1374/1003
f 1161/1351/980 1158/1374/1003 1157/1298/950
f 1099/1375/946 1101/1390/1013 1126/1376/1004
f 1132/1377/947 1126/1376/1004 1125/1378/914
f 1131/1379/1005 1125/1378/914 1124/1260/914
f 1111/1262/916 1133/1382/1006 1130/1380/949
f 1133/1382/1006 1134/1384/1007 1131/1383/1005
f 1134/1384/1007 1135/1293/945 1132/1295/947
f 1121/1385/1008 1157/1298/950 1165/1370/999
f 1157/1298/950 1158/1374/1003 1164/1371/1000
f 1158/1374/1003 1159/1290/943 1163/1292/944
f 1106/1386/1009 1136/1387/1010 1129/1356/985
f 1136/1387/1010 1137/1388/1011 1128/1357/986
f 1137/1388/1011 1138/1261/915 1127/1264/918
f 1104/1389/1012 1135/1293/945 1136/1387/1010
f 1135/1293/945 1134/1384/1007 1137/1388/1011
f 1134/1384/1007 1133/1382/1006 1138/1261/915
f 1101/1390/1013 1102/1348/977 1154/1350/979
f 1126/1376/1004 1154/1350/979 1155/1352/981
f 1125/1378/914 1155/1352/981 1156/1258/912
f 1221/1394/1015 1222/1461/1062 1261/1395/1016
f 1243/1397/914 1218/1401/1020 1216/1398/1018
f 1232/1400/1019 1219/1447/969 1218/1401/1020
f 1176/1402/1021 1179/1405/1024 1181/1403/1022
f 1179/1405/1024 1183/1408/1027 1184/1406/1025
f 1182/1407/1026 1184/1406/1025 1183/1408/1027
f 1186/1410/1029 1187/1413/1032 1184/1406/1025
f 1185/1411/1030 1187/1413/1032 1186/1410/1029
f 1180/1404/1023 1181/1403/1022 1187/1413/1032
f 1192/1414/1014 1195/1417/1035 1197/1415/1033
f 1195/1417/1035 1199/1420/1038 1200/1418/1036
f 1198/1419/1037 1200/1418/1036 1199/1420/1038
f 1198/1419/1037 1202/1424/1042 1203/1422/1040
f 1201/1423/1041 1203/1422/1040 1202/1424/1042
f 1196/1416/1034 1197/1415/1033 1203/1422/1040
f 1195/1426/1035 1192/1391/1014 1264/1427/1044
f 1204/1429/1046 1209/1526/1094 1240/1430/947
f 1220/1432/1048 1221/1394/1015 1229/1396/1017
f 1213/1434/1050 1226/1522/1091 1262/1435/1051
f 1250/1437/1053 1180/1463/1023 1185/1438/1030
f 1244/1440/1054 1178/1445/1031 1193/1441/1039
f 1199/1443/1038 1195/1426/1035 1268/1428/1045
f 1249/1439/955 1185/1438/1030 1178/1445/1031
f 1193/1441/1039 1199/1443/1038 1271/1444/1056
f 1256/1446/1057 1217/1456/951 1219/1447/969
f 1177/1409/1028 1183/1408/1027 1174/1448/1058
f 1183/1408/1027 1179/1405/1024 1175/1450/966
f 1179/1405/1024 1176/1402/1021 1173/1451/911
f 1194/1425/1043 1189/1457/1061 1191/1452/1060
f 1201/1423/1041 1191/1452/1060 1190/1453/962
f 1196/1416/1034 1190/1453/962 1188/1454/963
f 1177/1409/1028 1194/1425/1043 1202/1424/1042
f 1202/1424/1042 1198/1419/1037 1186/1410/1029
f 1198/1419/1037 1193/1421/1039 1178/1412/1031
f 1255/1455/950 1214/1481/1064 1217/1456/951
f 1189/1457/1061 1194/1425/1043 1177/1409/1028
f 1222/1461/1062 1213/1434/1050 1267/1436/1052
f 1253/1462/943 1176/1460/1021 1180/1463/1023
f 1214/1481/1064 1255/1455/950 1252/1482/1065
f 1255/1455/950 1254/1485/1068 1251/1484/1067
f 1254/1485/1068 1253/1462/943 1250/1437/1053
f 1207/1486/1069 1259/1488/986 1265/1487/1070
f 1259/1488/986 1260/1490/986 1266/1489/1071
f 1260/1490/986 1261/1395/1016 1267/1436/1052
f 1208/1458/910 1176/1460/1021 1253/1462/943
f 1258/1491/1072 1253/1462/943 1254/1485/1068
f 1257/1492/1073 1254/1485/1068 1255/1455/950
f 1258/1491/1072 1234/1494/1075 1210/1493/1074
f 1257/1492/1073 1233/1495/979 1234/1494/1075
f 1256/1446/1057 1232/1400/1019 1233/1495/979
f 1274/1496/1076 1273/1500/1080 1212/1497/1077
f 1275/1499/1079 1272/1501/1081 1273/1500/1080
f 1276/1442/1055 1271/1444/1056 1272/1501/1081
f 1228/1502/1082 1247/1505/990 1246/1503/1083
f 1247/1505/990 1248/1507/992 1245/1506/991
f 1248/1507/992 1249/1439/955 1244/1440/1054
f 1273/1500/1080 1270/1509/1086 1225/1508/1085
f 1272/1501/1081 1269/1510/1087 1270/1509/1086
f 1271/1444/1056 1268/1428/1045 1269/1510/1087
f 1246/1503/1083 1274/1496/1076 1224/1498/1078
f 1246/1503/1083 1245/1506/991 1275/1499/1079
f 1245/1506/991 1244/1440/1054 1276/1442/1055
f 1227/1483/1066 1252/1482/1065 1247/1505/990
f 1252/1482/1065 1251/1484/1067 1248/1507/992
f 1251/1484/1067 1250/1437/1053 1249/1439/955
f 1205/1393/968 1265/1487/1070 1264/1427/1044
f 1265/1487/1070 1266/1489/1071 1263/1511/976
f 1266/1489/1071 1267/1436/1052 1262/1435/1051
f 1204/1512/1046 1237/1515/1047 1231/1513/1010
f 1237/1515/1047 1236/1517/1089 1230/1516/915
f 1236/1517/1089 1235/1433/1049 1229/1396/1017
f 1235/1518/1049 1238/1399/949 1216/1398/1018
f 1236/1520/1089 1239/1521/1090 1238/1399/949
f 1237/1431/1047 1240/1430/947 1239/1521/1090
f 1270/1509/1086 1262/1435/1051 1226/1522/1091
f 1269/1510/1087 1263/1511/976 1262/1435/1051
f 1268/1428/1045 1264/1427/1044 1263/1511/976
f 1234/1494/1075 1241/1524/1004 1211/1523/1092
f 1233/1495/979 1242/1525/1093 1241/1524/1004
f 1232/1400/1019 1243/1397/914 1242/1525/1093
f 1241/1524/1004 1240/1430/947 1209/1526/1094
f 1242/1525/1093 1239/1521/1090 1240/1430/947
f 1243/1397/914 1238/1399/949 1239/1521/1090
f 1206/1514/1088 1231/1513/1010 1259/1488/986
f 1231/1513/1010 1230/1516/915 1260/1490/986
f 1230/1516/915 1229/1396/1017 1261/1395/1016
f 1295/1527/1095 1292/1680/1134 1338/1528/1096
f 1320/1530/1098 1281/1551/1118 1305/1531/1099
f 1370/1533/1101 1380/1565/1132 1359/1534/1102
f 1290/1536/1104 1298/6847/1139 1332/1537/1105
f 1344/1539/1107 1352/1560/1127 1389/1540/1108
f 1290/1542/1104 1329/6848/1106 1317/1543/1110
f 1317/1543/1110 1326/1548/1115 1307/1545/1112
f 1332/1537/1105 1298/6847/1139 1295/1527/1095
f 1287/1546/1113 1344/1539/1107 1383/1541/1109
f 1326/1548/1115 1323/1550/1117 1310/1549/1116
f 1323/1550/1117 1320/1530/1098 1313/1532/1100
f 1281/1551/1118 1370/1533/1101 1284/1535/1103
f 1346/1552/1119 1341/1562/1129 1386/1553/1120
f 1349/1555/1122 1346/1552/1119 1395/1554/1121
f 1374/1557/1124 1368/1561/1128 1356/1558/1125
f 1352/1560/1127 1349/1555/1122 1392/1556/1123
f 1368/1561/1128 1386/1553/1120 1341/1562/1129
f 1377/1563/1130 1374/1557/1124 1364/1559/1126
f 1380/1565/1132 1377/1563/1130 1361/1564/1131
f 1295/1566/1095 1297/1574/1140 1294/1567/1133
f 1288/1569/1135 1294/1567/1133 1293/1570/1136
f 1300/1572/1138 1297/1574/1140 1295/1566/1095
f 1297/1574/1140 1296/1577/1142 1293/1570/1136
f 1290/1575/1104 1291/1581/1144 1300/1572/1138
f 1297/1574/1140 1300/1572/1138 1299/1576/1141
f 1309/1578/1143 1303/1584/1146 1302/1579/1111
f 1291/1581/1144 1289/1662/1199 1299/1576/1141
f 1312/1582/1145 1309/1578/1143 1307/1580/1112
f 1303/1584/1146 1309/1578/1143 1308/1585/968
f 1313/1587/1100 1315/1590/1149 1312/1582/1145
f 1309/1578/1143 1312/1582/1145 1311/1588/1148
f 1305/1589/1099 1306/1594/1151 1315/1590/1149
f 1315/1590/1149 1314/1595/1152 1311/1588/1148
f 1348/1591/1150 1342/1597/1153 1341/1592/1129
f 1306/1594/1151 1304/1679/1212 1314/1595/1152
f 1349/1596/1122 1351/1602/1157 1348/1591/1150
f 1342/1597/1153 1348/1591/1150 1347/1598/1154
f 1354/1600/1156 1351/1602/1157 1349/1596/1122
f 1351/1602/1157 1350/1605/1158 1347/1598/1154
f 1344/1603/1107 1345/1609/1160 1354/1600/1156
f 1351/1602/1157 1354/1600/1156 1353/1604/1137
f 1363/1606/1159 1360/1611/1161 1359/1607/1102
f 1345/1609/1160 1343/1671/1206 1353/1604/1137
f 1364/1610/1126 1366/1615/1164 1363/1606/1159
f 1360/1611/1161 1363/1606/1159 1362/1612/1162
f 1356/1614/1125 1357/1619/1167 1366/1615/1164
f 1366/1615/1164 1365/1620/1168 1362/1612/1162
f 1329/1616/1106 1332/6849/1105 1333/1617/1165
f 1357/1619/1167 1355/1664/1201 1365/1620/1168
f 1331/1621/1169 1328/1663/1200 1330/1618/1166
f 1333/1617/1165 1332/6849/1105 1335/1622/1097
f 1331/1621/1169 1333/1617/1165 1336/1623/1170
f 1335/1622/1097 1338/6850/1096 1339/1625/1172
f 1337/1626/1173 1334/1624/1171 1336/1623/1170
f 1327/1627/1174 1326/1633/1115 1317/1628/1110
f 1325/1630/1176 1327/1627/1174 1318/1629/1175
f 1324/1632/1178 1323/6851/1117 1326/1633/1115
f 1322/1634/1179 1324/1632/1178 1327/1627/1174
f 1320/1635/1098 1323/6851/1117 1324/1632/1178
f 1322/1634/1179 1319/1678/1211 1321/1636/1180
f 1383/1637/1109 1389/6852/1108 1390/1638/1181
f 1388/1640/1183 1382/1673/1208 1384/1639/1182
f 1390/1638/1181 1389/6852/1108 1392/1641/1123
f 1388/1640/1183 1390/1638/1181 1393/1642/1184
f 1392/1641/1123 1395/6853/1121 1396/1644/1186
f 1394/1645/1187 1391/1643/1185 1393/1642/1184
f 1396/1644/1186 1395/6853/1121 1386/1646/1120
f 1394/1645/1187 1396/1644/1186 1387/1647/1188
f 1381/1649/1190 1380/1655/1132 1370/1650/1101
f 1379/1652/1192 1381/1649/1190 1372/1651/1191
f 1378/1654/1194 1377/6854/1130 1380/1655/1132
f 1376/1656/1195 1378/1654/1194 1381/1649/1190
f 1374/1657/1124 1377/6854/1130 1378/1654/1194
f 1376/1656/1195 1373/1661/1198 1375/1658/1196
f 1368/1659/1128 1374/1657/1124 1375/1658/1196
f 1373/1661/1198 1367/1665/1202 1369/1660/1197
f 1303/1584/1146 1291/1581/1144 1290/1575/1104
f 1318/1629/1175 1317/1628/1110 1329/1616/1106
f 1291/1581/1144 1303/1584/1146 1301/1586/1147
f 1316/1631/1177 1318/1629/1175 1330/1618/1166
f 1341/1592/1129 1342/1597/1153 1357/1619/1167
f 1386/1646/1120 1368/1659/1128 1369/1660/1197
f 1342/1597/1153 1340/1599/1155 1355/1664/1201
f 1367/1665/1202 1385/1648/1189 1387/1647/1188
f 1370/1650/1101 1281/1677/1118 1282/1666/1203
f 1371/1653/1193 1372/1651/1191 1282/1666/1203
f 1288/1569/1135 1345/1609/1160 1344/1603/1107
f 1278/1669/1114 1383/1637/1109 1384/1639/1182
f 1288/1569/1135 1286/1571/1137 1343/1671/1206
f 1277/1672/1207 1279/1670/1205 1384/1639/1182
f 1360/1611/1161 1285/1675/1209 1284/1674/1103
f 1339/1625/1172 1338/6850/1096 1278/1669/1114
f 1285/1675/1209 1360/1611/1161 1358/1613/1163
f 1337/1626/1173 1339/1625/1172 1279/1670/1205
f 1281/1677/1118 1320/1635/1098 1321/1636/1180
f 1319/1678/1211 1280/1667/1204 1282/1666/1203
f 1284/1674/1103 1285/1675/1209 1306/1594/1151
f 1304/1679/1212 1306/1594/1151 1285/1675/1209
f 1292/1680/1134 1287/1546/1113 1278/1547/1114
f 1365/1620/1168 1355/1664/1201 1340/1599/1155
f 1362/1612/1162 1365/1620/1168 1347/1598/1154
f 1358/1613/1163 1362/1612/1162 1350/1605/1158
f 1283/1676/1210 1358/1613/1163 1353/1604/1137
f 1289/1662/1199 1301/1586/1147 1308/1585/968
f 1299/1576/1141 1308/1585/968 1311/1588/1148
f 1296/1577/1142 1311/1588/1148 1314/1595/1152
f 1293/1570/1136 1314/1595/1152 1304/1679/1212
f 1304/1679/1212 1283/1676/1210 1343/1671/1206
f 1325/1630/1176 1316/1631/1177 1328/1663/1200
f 1322/1634/1179 1325/1630/1176 1331/1621/1169
f 1319/1678/1211 1322/1634/1179 1334/1624/1171
f 1280/1667/1204 1319/1678/1211 1337/1626/1173
f 1385/1648/1189 1367/1665/1202 1373/1661/1198
f 1394/1645/1187 1373/1661/1198 1376/1656/1195
f 1391/1643/1185 1376/1656/1195 1379/1652/1192
f 1388/1640/1183 1379/1652/1192 1371/1653/1193
f 1277/1672/1207 1382/1673/1208 1371/1653/1193
f 1294/1567/1133 1288/1569/1135 1287/1668/1113
f 1458/1681/1213 1412/1835/1307 1415/1682/1214
f 1425/1684/1216 1401/1706/1235 1440/1685/1100
f 1479/1687/1218 1500/1720/1247 1490/1688/1219
f 1452/1690/1221 1418/1700/1230 1410/1691/1222
f 1509/1693/1224 1472/1715/1243 1464/1694/1225
f 1437/1696/1227 1449/6855/1223 1410/1697/1222
f 1427/1699/1229 1446/1704/1233 1437/1696/1227
f 1452/1690/1221 1455/1683/1215 1415/1682/1214
f 1503/1695/1226 1464/1694/1225 1407/1701/1231
f 1430/1703/1232 1443/1705/1234 1446/1704/1233
f 1433/1686/1217 1440/1685/1100 1443/1705/1234
f 1404/1689/1220 1490/1688/1219 1401/1706/1235
f 1506/1707/1236 1461/1716/1244 1466/1708/1237
f 1515/1709/1238 1466/1708/1237 1469/1710/1239
f 1476/1712/1241 1488/1717/1245 1494/1713/1126
f 1512/1711/1240 1469/1710/1239 1472/1715/1243
f 1461/1716/1244 1506/1707/1236 1488/1717/1245
f 1484/1714/1242 1494/1713/1126 1497/1718/1131
f 1481/1719/1246 1497/1718/1131 1500/1720/1247
f 1415/1721/1214 1412/1841/1307 1414/1722/1172
f 1408/1724/1248 1406/1840/1312 1413/1725/1249
f 1415/1721/1214 1417/1723/1170 1420/1726/1165
f 1413/1725/1249 1416/1839/1311 1417/1723/1170
f 1410/1728/1222 1418/1727/1230 1420/1726/1165
f 1417/1723/1170 1416/1839/1311 1419/1730/1251
f 1422/1731/1228 1423/1736/1254 1429/1732/1252
f 1419/1730/1251 1409/1838/1310 1411/1729/1250
f 1427/1733/1229 1429/1732/1252 1432/1734/1253
f 1423/1736/1254 1421/1819/1297 1428/1737/1255
f 1433/1738/1217 1430/1735/1232 1432/1734/1253
f 1429/1732/1252 1428/1737/1255 1431/1740/1256
f 1425/1741/1216 1433/1738/1217 1435/1739/1180
f 1431/1740/1256 1434/1746/1258 1435/1739/1180
f 1461/1743/1244 1462/1749/1259 1468/1744/1186
f 1434/1746/1258 1424/1833/1305 1426/1742/1257
f 1469/1747/1239 1466/1745/1237 1468/1744/1186
f 1462/1749/1259 1460/1836/1308 1467/1750/1260
f 1469/1747/1239 1471/1748/1184 1474/1751/1181
f 1467/1750/1260 1470/1837/1309 1471/1748/1184
f 1464/1753/1225 1472/1752/1243 1474/1751/1181
f 1471/1748/1184 1470/1837/1309 1473/1755/1262
f 1479/1756/1218 1480/1761/1265 1483/1757/1263
f 1473/1755/1262 1463/1826/1302 1465/1754/1261
f 1484/1759/1242 1481/1758/1246 1483/1757/1263
f 1480/1761/1265 1478/1831/1304 1482/1762/1266
f 1476/1763/1241 1484/1759/1242 1486/1760/1264
f 1482/1762/1266 1485/1768/1269 1486/1760/1264
f 1453/1765/1267 1452/1772/1221 1449/1766/1223
f 1485/1768/1269 1475/1820/1298 1477/1764/1197
f 1451/1769/1270 1453/1765/1267 1450/1767/1268
f 1453/1765/1267 1456/1773/1272 1455/1771/1215
f 1456/1773/1272 1453/1765/1267 1451/1769/1270
f 1459/1775/1274 1458/1829/1213 1455/1771/1215
f 1457/1776/1275 1459/1775/1274 1456/1773/1272
f 1447/1777/1143 1438/1780/1146 1437/1778/1227
f 1438/1780/1146 1447/1777/1143 1445/1781/968
f 1444/1783/1277 1447/1777/1143 1446/1779/1233
f 1447/1777/1143 1444/1783/1277 1442/1785/1278
f 1444/1783/1277 1443/1784/1234 1440/1786/1100
f 1442/1785/1278 1444/1783/1277 1441/1787/1279
f 1510/1789/1281 1509/1795/1224 1503/1790/1226
f 1508/1792/1283 1510/1789/1281 1504/1791/1282
f 1510/1789/1281 1513/1796/1285 1512/1794/1240
f 1513/1796/1285 1510/1789/1281 1508/1792/1283
f 1516/1798/1287 1515/1801/1238 1512/1794/1240
f 1514/1799/1288 1516/1798/1287 1513/1796/1285
f 1516/1798/1287 1507/1802/1289 1506/1800/1236
f 1507/1802/1289 1516/1798/1287 1514/1799/1288
f 1501/1804/1290 1492/1807/1291 1490/1805/1219
f 1492/1807/1291 1501/1804/1290 1499/1808/1292
f 1498/1810/1159 1501/1804/1290 1500/1806/1247
f 1501/1804/1290 1498/1810/1159 1496/1812/1293
f 1498/1810/1159 1497/1811/1131 1494/1813/1126
f 1496/1812/1293 1498/1810/1159 1495/1814/1294
f 1495/1814/1294 1494/1813/1126 1488/1816/1245
f 1493/1815/776 1495/1814/1294 1489/1817/1295
f 1410/1728/1222 1411/1729/1250 1423/1736/1254
f 1438/1780/1146 1450/1767/1268 1449/1766/1223
f 1411/1729/1250 1409/1838/1310 1421/1819/1297
f 1450/1767/1268 1438/1780/1146 1436/1782/1276
f 1461/1743/1244 1476/1763/1241 1477/1764/1197
f 1489/1817/1295 1488/1816/1245 1506/1800/1236
f 1475/1820/1298 1460/1836/1308 1462/1749/1259
f 1487/1818/1296 1489/1817/1295 1507/1802/1289
f 1402/1821/1299 1401/1832/1235 1490/1805/1219
f 1400/1822/1300 1402/1821/1299 1492/1807/1291
f 1464/1753/1225 1465/1754/1261 1408/1724/1248
f 1504/1791/1282 1503/1790/1226 1398/1824/163
f 1463/1826/1302 1406/1840/1312 1408/1724/1248
f 1504/1791/1282 1399/1825/1301 1397/1827/1210
f 1404/1828/1220 1405/1830/1303 1480/1761/1265
f 1459/1775/1274 1399/1825/1301 1398/1824/163
f 1405/1830/1303 1403/1834/1306 1478/1831/1304
f 1399/1825/1301 1459/1775/1274 1457/1776/1275
f 1441/1787/1279 1440/1786/1100 1401/1832/1235
f 1439/1788/1280 1441/1787/1279 1402/1821/1299
f 1426/1742/1257 1405/1830/1303 1404/1828/1220
f 1405/1830/1303 1426/1742/1257 1424/1833/1305
f 1398/1702/163 1407/1701/1231 1412/1835/1307
f 1460/1836/1308 1475/1820/1298 1485/1768/1269
f 1467/1750/1260 1485/1768/1269 1482/1762/1266
f 1470/1837/1309 1482/1762/1266 1478/1831/1304
f 1473/1755/1262 1478/1831/1304 1403/1834/1306
f 1409/1838/1310 1419/1730/1251 1428/1737/1255
f 1419/1730/1251 1416/1839/1311 1431/1740/1256
f 1416/1839/1311 1413/1725/1249 1434/1746/1258
f 1413/1725/1249 1406/1840/1312 1424/1833/1305
f 1463/1826/1302 1403/1834/1306 1424/1833/1305
f 1448/1770/1271 1436/1782/1276 1445/1781/968
f 1451/1769/1270 1445/1781/968 1442/1785/1278
f 1454/1774/1273 1442/1785/1278 1439/1788/1280
f 1457/1776/1275 1439/1788/1280 1400/1822/1300
f 1505/1803/1155 1514/1799/1288 1493/1815/776
f 1514/1799/1288 1511/1797/1286 1496/1812/1293
f 1511/1797/1286 1508/1792/1283 1499/1808/1292
f 1508/1792/1283 1502/1793/1284 1491/1809/1210
f 1400/1822/1300 1491/1809/1210 1502/1793/1284
f 1407/1823/1231 1408/1724/1248 1414/1722/1172
f 1517/1842/440 1636/6856/1367 1542/1843/1313
f 1562/1845/1314 1637/6857/1370 1518/1846/329
f 1537/1848/1315 1567/1863/1325 1524/1849/1316
f 1547/1851/1317 1537/1848/1315 1520/1850/519
f 1552/1853/1319 1547/1851/1317 1523/1852/1318
f 1557/1855/1320 1552/1853/1319 1522/1854/521
f 1542/1843/1313 1557/1855/1320 1521/1856/511
f 1572/1857/1321 1562/1845/1314 1525/1847/338
f 1577/1859/1322 1572/1857/1321 1528/1858/352
f 1582/1861/1323 1577/1859/1322 1527/1860/522
f 1567/1863/1325 1582/1861/1323 1526/1862/1324
f 1556/1864/1326 1558/1867/1328 1543/1865/1327
f 1558/1867/1328 1559/1869/1330 1544/1868/1329
f 1559/1869/1330 1560/1871/1332 1545/1870/1331
f 1560/1871/1332 1557/1876/1320 1542/1872/1313
f 1551/1873/1333 1553/1878/1337 1558/1867/1328
f 1558/1867/1328 1553/1878/1337 1554/1874/1334
f 1554/1874/1334 1555/1875/1335 1560/1871/1332
f 1555/1875/1335 1552/1881/1319 1557/1876/1320
f 1546/1877/1336 1548/1883/1340 1553/1878/1337
f 1553/1878/1337 1548/1883/1340 1549/1879/1338
f 1549/1879/1338 1550/1886/1343 1555/1875/1335
f 1555/1875/1335 1550/1886/1343 1547/1880/1317
f 1546/1877/1336 1536/1912/1363 1538/1882/1339
f 1548/1883/1340 1538/1882/1339 1539/1884/1341
f 1549/1879/1338 1539/1884/1341 1540/1885/1342
f 1550/1886/1343 1540/1885/1342 1537/1887/1315
f 1581/1888/1344 1583/1891/1347 1568/1889/1345
f 1583/1891/1347 1584/1893/1349 1569/1892/1348
f 1584/1893/1349 1585/1895/1351 1570/1894/1350
f 1585/1895/1351 1582/1900/1323 1567/1896/1325
f 1581/1888/1344 1576/1901/1355 1578/1897/1352
f 1583/1891/1347 1578/1897/1352 1579/1898/1353
f 1584/1893/1349 1579/1898/1353 1580/1899/1354
f 1580/1899/1354 1577/1904/1322 1582/1900/1323
f 1576/1901/1355 1571/1905/1358 1573/1902/1356
f 1573/1902/1356 1574/1908/1361 1579/1898/1353
f 1579/1898/1353 1574/1908/1361 1575/1903/1357
f 1575/1903/1357 1572/1911/1321 1577/1904/1322
f 1571/1905/1358 1561/1918/1368 1563/1906/1359
f 1573/1902/1356 1563/1906/1359 1564/1907/1360
f 1574/1908/1361 1564/1907/1360 1565/1909/1362
f 1575/1903/1357 1565/1909/1362 1562/1910/1314
f 1566/1890/1346 1568/1889/1345 1538/1882/1339
f 1541/1866/1255 1543/1865/1327 1530/1913/1364
f 1543/1865/1327 1544/1868/1329 1531/1915/1366
f 1544/1868/1329 1545/1870/1331 1532/1916/454
f 1545/1870/1331 1542/1872/1313 1636/1917/1367
f 1568/1889/1345 1569/1892/1348 1539/1884/1341
f 1539/1884/1341 1569/1892/1348 1570/1894/1350
f 1570/1894/1350 1567/1896/1325 1537/1887/1315
f 1561/1918/1368 1638/6858/718 1535/1919/343
f 1563/1906/1359 1535/1919/343 1534/1920/1369
f 1564/1907/1360 1534/1920/1369 1533/1921/345
f 1565/1909/1362 1533/1921/345 1637/1922/1370
f 1518/1923/1371 1517/6859/1371 1519/1924/1371
f 1529/1914/1365 1638/6858/718 1561/1918/1368
f 1627/1926/1372 1669/1949/1391 1665/1927/1373
f 1650/1932/1377 1646/1997/1430 1610/1933/1378
f 1641/1935/1380 1592/1996/1398 1617/1936/1381
f 1616/1938/1383 1618/1992/1427 1593/1939/1384
f 1654/1944/1386 1650/1932/1377 1605/1934/1379
f 1632/1928/1374 1665/1927/1373 1658/1937/1382
f 1614/1946/1388 1661/2256/1452 1673/1947/1389
f 1622/1948/1390 1673/1947/1389 1669/1949/1391
f 1599/1950/1392 1591/1940/1385 1593/1939/1384
f 1601/1951/1393 1593/1939/1384 1594/1952/1394
f 1602/1953/1395 1594/1952/1394 1595/1954/1396
f 1603/1955/1397 1595/1954/1396 1592/1956/1398
f 1599/1950/1392 1601/1951/1393 1606/1958/1399
f 1601/1951/1393 1602/1953/1395 1607/1960/1401
f 1602/1953/1395 1603/1955/1397 1608/1961/1402
f 1608/1961/1402 1603/1955/1397 1600/1957/1387
f 1609/1963/1403 1604/1959/1400 1606/1958/1399
f 1606/1958/1399 1607/1960/1401 1612/1965/1405
f 1612/1965/1405 1607/1960/1401 1608/1961/1402
f 1608/1961/1402 1605/1962/1379 1610/1967/1378
f 1609/1963/1403 1611/1964/1404 1586/1968/1407
f 1611/1964/1404 1612/1965/1405 1598/1970/1409
f 1612/1965/1405 1613/1966/1406 1587/1971/1410
f 1613/1966/1406 1610/1967/1378 1597/1972/1411
f 1621/1973/1412 1588/2254/1603 1590/1974/1413
f 1623/1975/1414 1590/1974/1413 1589/1976/1415
f 1624/1977/1416 1589/1976/1415 1615/1978/1417
f 1625/1979/1418 1615/1978/1417 1614/1980/1388
f 1626/1982/1419 1621/1973/1412 1623/1975/1414
f 1623/1975/1414 1624/1977/1416 1629/1984/1421
f 1624/1977/1416 1625/1979/1418 1630/1985/1422
f 1630/1985/1422 1625/1979/1418 1622/1981/1390
f 1631/1987/1423 1626/1982/1419 1628/1983/1420
f 1633/1988/1424 1628/1983/1420 1629/1984/1421
f 1629/1984/1421 1630/1985/1422 1635/1990/1426
f 1630/1985/1422 1627/1986/1372 1632/1991/1374
f 1631/1987/1423 1633/1988/1424 1618/1992/1427
f 1633/1988/1424 1634/1989/1425 1619/1993/1428
f 1634/1989/1425 1635/1990/1426 1620/1994/1429
f 1635/1990/1426 1632/1991/1374 1617/1995/1381
f 1618/1992/1427 1619/1993/1428 1594/1952/1394
f 1619/1993/1428 1620/1994/1429 1595/1954/1396
f 1595/1954/1396 1620/1994/1429 1617/1995/1381
f 1641/1935/1380 1654/1944/1386 1600/1945/1387
f 1646/1997/1430 1676/2246/1445 1597/1998/1411
f 1653/1999/1431 1655/2002/1434 1644/2000/1432
f 1655/2002/1434 1656/2004/1436 1643/2003/1435
f 1656/2004/1436 1654/2009/1386 1641/2005/1380
f 1649/2006/1437 1651/2007/1438 1655/2002/1434
f 1651/2007/1438 1652/2008/1439 1656/2004/1436
f 1652/2008/1439 1650/2013/1377 1654/2009/1386
f 1645/2010/1440 1647/2015/1443 1651/2007/1438
f 1651/2007/1438 1647/2015/1443 1648/2011/1441
f 1652/2008/1439 1648/2011/1441 1646/2012/1430
f 1645/2010/1440 1639/1931/1376 1677/2014/1442
f 1647/2015/1443 1677/2014/1442 1640/2016/1444
f 1648/2011/1441 1640/2016/1444 1676/2017/1445
f 1672/2018/1446 1674/2021/1449 1663/2019/1447
f 1674/2021/1449 1675/2023/1451 1678/2022/1450
f 1675/2023/1451 1673/2028/1389 1661/2024/1452
f 1668/2025/1453 1670/2026/1454 1674/2021/1449
f 1670/2026/1454 1671/2027/1455 1675/2023/1451
f 1671/2027/1455 1669/2032/1391 1673/2028/1389
f 1664/2029/1456 1666/2030/1457 1670/2026/1454
f 1666/2030/1457 1667/2031/1458 1671/2027/1455
f 1667/2031/1458 1665/2036/1373 1669/2032/1391
f 1664/2029/1456 1657/1942/971 1659/2033/1459
f 1666/2030/1457 1659/2033/1459 1660/2034/1460
f 1667/2031/1458 1660/2034/1460 1658/2035/1382
f 1642/2001/1433 1644/2000/1432 1659/2033/1459
f 1644/2000/1432 1643/2003/1435 1660/2034/1460
f 1643/2003/1435 1641/2005/1380 1658/2035/1382
f 1529/1929/784 1642/2001/1433 1657/1942/971
f 1518/2043/781 1637/2042/781 1657/1942/971
f 1525/1925/1371 1519/1924/1371 1521/2044/1371
f 1528/2045/1371 1521/2044/1371 1522/2046/1371
f 1527/2047/1371 1522/2046/1371 1523/2048/1371
f 1526/2049/1371 1523/2048/1371 1520/2050/1371
f 1541/1866/1255 1561/1918/1368 1571/1905/1358
f 1556/1864/1326 1571/1905/1358 1576/1901/1355
f 1551/1873/1333 1576/1901/1355 1581/1888/1344
f 1546/1877/1336 1581/1888/1344 1566/1890/1346
f 1679/2052/781 1801/2141/1519 1639/1931/1376
f 1704/2054/1461 1798/6860/1511 1679/2055/440
f 1680/2057/329 1799/6861/1515 1724/2058/1462
f 1686/2060/1316 1729/2075/1470 1699/2061/1463
f 1682/2062/519 1699/2061/1463 1709/2063/1464
f 1685/2064/1318 1709/2063/1464 1714/2065/1465
f 1684/2066/521 1714/2065/1465 1719/2067/1466
f 1683/2068/511 1719/2067/1466 1704/2054/1461
f 1687/2059/338 1724/2058/1462 1734/2069/1467
f 1690/2070/352 1734/2069/1467 1739/2071/1468
f 1689/2072/522 1739/2071/1468 1744/2073/1469
f 1688/2074/1324 1744/2073/1469 1729/2075/1470
f 1705/2076/1471 1720/2080/1474 1718/2077/1472
f 1706/2079/1473 1721/2082/1476 1720/2080/1474
f 1707/2081/1475 1722/2084/1477 1721/2082/1476
f 1704/2083/1461 1719/2088/1466 1722/2084/1477
f 1720/2080/1474 1715/2087/1480 1713/2085/1478
f 1720/2080/1474 1721/2082/1476 1716/2086/1479
f 1722/2084/1477 1717/2089/1481 1716/2086/1479
f 1719/2088/1466 1714/6862/1465 1717/2089/1481
f 1715/2087/1480 1710/2091/1482 1708/2090/1280
f 1716/2086/1479 1711/2092/1483 1710/2091/1482
f 1717/2089/1481 1712/2094/1484 1711/2092/1483
f 1717/2089/1481 1714/6862/1465 1709/2093/1464
f 1708/2090/1280 1710/2091/1482 1700/2095/1485
f 1710/2091/1482 1711/2092/1483 1701/2097/1487
f 1711/2092/1483 1712/2094/1484 1702/2098/1488
f 1712/2094/1484 1709/2093/1464 1699/2099/1463
f 1730/2100/1489 1745/2104/1492 1743/2101/1292
f 1731/2103/1491 1746/2106/1494 1745/2104/1492
f 1732/2105/1493 1747/2108/1495 1746/2106/1494
f 1729/2107/1470 1744/2113/1469 1747/2108/1495
f 1743/2101/1292 1745/2104/1492 1740/2109/1496
f 1746/2106/1494 1741/2112/1499 1740/2109/1496
f 1746/2106/1494 1747/2108/1495 1742/2111/1498
f 1744/2113/1469 1739/2118/1468 1742/2111/1498
f 1738/2110/1497 1740/2109/1496 1735/2114/1500
f 1741/2112/1499 1736/2117/1503 1735/2114/1500
f 1741/2112/1499 1742/2111/1498 1737/2116/1502
f 1739/2118/1468 1734/6863/1467 1737/2116/1502
f 1733/2115/1501 1735/2114/1500 1725/2119/1504
f 1735/2114/1500 1736/2117/1503 1726/2121/1505
f 1736/2117/1503 1737/2116/1502 1727/2122/1506
f 1737/2116/1502 1734/6863/1467 1724/2123/1462
f 1700/2095/1485 1730/2100/1489 1728/2102/1490
f 1692/2124/1507 1705/2076/1471 1703/2078/1371
f 1693/2126/1509 1706/2079/1473 1705/2076/1471
f 1694/2127/1510 1707/2081/1475 1706/2079/1473
f 1798/2128/1511 1704/2083/1461 1707/2081/1475
f 1701/2097/1487 1731/2103/1491 1730/2100/1489
f 1702/2098/1488 1732/2105/1493 1731/2103/1491
f 1699/2099/1463 1729/2107/1470 1732/2105/1493
f 1723/2120/1371 1725/2119/1504 1697/2129/1512
f 1725/2119/1504 1726/2121/1505 1696/2131/1513
f 1726/2121/1505 1727/2122/1506 1695/2132/1514
f 1727/2122/1506 1724/2123/1462 1799/2133/1515
f 1681/2134/1255 1679/6864/1255 1680/2135/1255
f 1723/2120/1371 1800/2130/776 1691/2125/1508
f 1789/2137/1516 1794/2157/1532 1827/2138/1517
f 1772/2143/1521 1808/2208/1575 1812/2144/1522
f 1820/2146/1524 1779/6865/1574 1754/2147/1525
f 1755/2149/1527 1780/2203/1571 1778/2150/1528
f 1767/2145/1523 1812/2144/1522 1816/2155/1530
f 1794/2157/1532 1779/6865/1574 1820/2146/1524
f 1776/2158/1533 1784/2161/1535 1835/2159/1534
f 1784/2161/1535 1789/2137/1516 1831/2139/1518
f 1761/2162/1536 1763/2163/1537 1755/2149/1527
f 1763/2163/1537 1764/2165/1539 1756/2164/1538
f 1764/2165/1539 1765/2167/1541 1757/2166/1540
f 1765/2167/1541 1762/6866/1531 1754/2168/1525
f 1768/2169/1542 1763/2163/1537 1761/2162/1536
f 1769/2171/1544 1764/2165/1539 1763/2163/1537
f 1770/2172/1545 1765/2167/1541 1764/2165/1539
f 1767/2173/1523 1762/6866/1531 1765/2167/1541
f 1771/2174/1546 1773/2176/1548 1768/2169/1542
f 1774/2175/1547 1769/2171/1544 1768/2169/1542
f 1774/2175/1547 1775/2178/1549 1770/2172/1545
f 1772/2177/1521 1767/2173/1523 1770/2172/1545
f 1748/2179/1550 1773/2176/1548 1771/2174/1546
f 1760/2181/1552 1774/2175/1547 1773/2176/1548
f 1749/2182/1553 1775/2178/1549 1774/2175/1547
f 1759/2183/1554 1772/2177/1521 1775/2178/1549
f 1783/2184/1555 1785/2187/1558 1752/2185/1556
f 1785/2187/1558 1786/2189/1560 1751/2188/1559
f 1786/2189/1560 1787/2191/1562 1777/2190/1561
f 1787/2191/1562 1784/6867/1535 1776/2192/1533
f 1790/2193/1563 1785/2187/1558 1783/2184/1555
f 1790/2193/1563 1791/2196/1566 1786/2189/1560
f 1792/2195/1565 1787/2191/1562 1786/2189/1560
f 1789/2197/1516 1784/6867/1535 1787/2191/1562
f 1793/2198/1567 1795/2200/1569 1790/2193/1563
f 1796/2199/1568 1791/2196/1566 1790/2193/1563
f 1797/2201/1570 1792/2195/1565 1791/2196/1566
f 1794/2202/1532 1789/2197/1516 1792/2195/1565
f 1780/2203/1571 1795/2200/1569 1793/2198/1567
f 1781/2204/1572 1796/2199/1568 1795/2200/1569
f 1782/2205/1573 1797/2201/1570 1796/2199/1568
f 1779/2206/1574 1794/2202/1532 1797/2201/1570
f 1756/2164/1538 1781/2204/1572 1780/2203/1571
f 1756/2164/1538 1757/2166/1540 1782/2205/1573
f 1754/2168/1525 1779/2206/1574 1782/2205/1573
f 1615/1978/1417 1777/2190/1561 1776/2192/1533
f 1793/2198/1567 1788/2194/1564 1626/1982/1419
f 1616/1938/1383 1591/1940/1385 1753/2151/1529
f 1762/2156/1531 1816/2155/1530 1803/2148/1526
f 1759/2207/1554 1838/2245/1589 1808/2208/1575
f 1806/2209/1576 1817/2213/1580 1815/2210/1577
f 1805/2212/1579 1818/2215/1581 1817/2213/1580
f 1803/2214/1526 1816/6868/1530 1818/2215/1581
f 1815/2210/1577 1817/2213/1580 1813/2216/1582
f 1818/2215/1581 1814/2219/1584 1813/2216/1582
f 1818/2215/1581 1816/6868/1530 1812/2218/1522
f 1811/2217/1583 1813/2216/1582 1809/2220/1585
f 1813/2216/1582 1814/2219/1584 1810/2222/1586
f 1814/2219/1584 1812/2218/1522 1808/2223/1575
f 1807/2221/878 1809/2220/1585 1839/2224/1587
f 1809/2220/1585 1810/2222/1586 1802/2225/1588
f 1810/2222/1586 1808/2223/1575 1838/2226/1589
f 1825/2227/1590 1836/2231/1593 1834/2228/785
f 1840/2230/1592 1837/2233/1594 1836/2231/1593
f 1823/2232/329 1835/2236/1534 1837/2233/1594
f 1836/2231/1593 1832/2235/1596 1830/2234/1595
f 1837/2233/1594 1833/2237/1597 1832/2235/1596
f 1835/2236/1534 1831/6869/1518 1833/2237/1597
f 1832/2235/1596 1828/2239/1599 1826/2238/1598
f 1833/2237/1597 1829/2241/1600 1828/2239/1599
f 1833/2237/1597 1831/6869/1518 1827/2240/1517
f 1826/2238/1598 1828/2239/1599 1821/2242/1601
f 1828/2239/1599 1829/2241/1600 1822/2243/1602
f 1829/2241/1600 1827/2240/1517 1820/2244/1524
f 1838/2245/1589 1759/2207/1554 1597/1998/1411
f 1821/2242/1601 1806/2209/1576 1804/2211/1578
f 1821/2242/1601 1822/2243/1602 1805/2212/1579
f 1820/2244/1524 1803/2214/1526 1805/2212/1579
f 1819/2154/784 1804/2211/1578 1691/2140/971
f 1819/2154/784 1799/2252/781 1680/2253/781
f 1680/2253/781 1518/2043/781 1662/2020/1448
f 1839/2224/1587 1802/2225/1588 1640/2016/1444
f 1761/2162/1536 1753/2151/1529 1591/1940/1385
f 1823/2232/329 1840/2230/1592 1678/2022/1450
f 1663/2019/1447 1825/2227/1590 1824/2229/1591
f 1678/2022/1450 1840/2230/1592 1825/2227/1590
f 1604/1959/1400 1766/2170/1543 1761/2162/1536
f 1609/1963/1403 1771/2174/1546 1766/2170/1543
f 1758/2180/1551 1771/2174/1546 1609/1963/1403
f 1793/2198/1567 1631/1987/1423 1616/1938/1383
f 1788/2194/1564 1783/2184/1555 1621/1973/1412
f 1588/2254/1603 1621/1973/1412 1783/2184/1555
f 1751/2188/1559 1777/2190/1561 1615/1978/1417
f 1590/1974/1413 1752/2185/1556 1751/2188/1559
f 1750/2186/1557 1752/2185/1556 1590/1974/1413
f 1586/1968/1407 1748/2179/1550 1758/2180/1551
f 1760/2181/1552 1748/2179/1550 1586/1968/1407
f 1749/2182/1553 1760/2181/1552 1598/1970/1409
f 1759/2183/1554 1749/2182/1553 1587/1971/1410
f 1614/1946/1388 1776/6870/1533 1823/2255/329
f 1639/1931/1376 1801/2141/1519 1839/2224/1587
f 1683/2257/1255 1681/2134/1255 1687/2136/1255
f 1684/2259/1255 1683/2257/1255 1690/2258/1255
f 1688/2261/1255 1685/2263/1255 1684/2259/1255
f 1686/2262/1255 1682/6871/1255 1685/2263/1255
f 1733/2115/1501 1723/2120/1371 1703/2078/1371
f 1738/2110/1497 1733/2115/1501 1718/2077/1472
f 1743/2101/1292 1738/2110/1497 1713/2085/1478
f 1728/2102/1490 1743/2101/1292 1708/2090/1280
f 1802/2225/1588 1838/2226/1589 1676/2017/1445
f 1679/2052/781 1517/2053/781 1518/2043/781
f 1865/2264/1604 1862/2267/1607 1926/2265/1605
f 1862/2267/1607 1842/2281/1621 1846/2268/1608
f 1937/2269/1609 1933/2288/1628 1998/2270/1610
f 1850/2272/1612 1942/2296/1635 1990/2273/1613
f 1914/2275/1615 1858/6872/1648 1869/2276/1616
f 1874/2278/1618 1858/6872/1648 1914/2275/1615
f 1898/2279/1619 1910/2287/1627 1881/2280/1620
f 1869/2276/1616 1865/2264/1604 1922/2266/1606
f 1842/2281/1621 1850/2272/1612 1982/2274/1614
f 1902/2282/1622 1894/2299/1638 1878/2283/1623
f 1906/2285/1625 1902/2282/1622 1889/2284/1624
f 1910/2287/1627 1906/2285/1625 1885/2286/1626
f 1933/2288/1628 1930/2298/1637 1986/2289/1629
f 1854/2290/1630 1978/2303/1641 1953/2291/1631
f 1970/2293/1632 1966/2297/1636 1950/2294/1633
f 1942/2296/1635 1937/2269/1609 1994/2271/1611
f 1966/2297/1636 1986/2289/1629 1930/2298/1637
f 1894/2299/1638 1854/6873/1630 1946/2300/972
f 1974/2301/1639 1970/2293/1632 1961/2295/1634
f 1978/2303/1641 1974/2301/1639 1957/2302/1640
f 1865/2304/1604 1867/2307/1643 1864/2305/1642
f 1867/2307/1643 1868/2309/1645 1863/2308/1644
f 1868/2309/1645 1866/2314/1142 1861/2310/1136
f 1865/2304/1604 1869/2316/1616 1871/2311/1646
f 1867/2307/1643 1871/2311/1646 1872/2312/1647
f 1868/2309/1645 1872/2312/1647 1870/2313/1141
f 1858/2315/1648 1860/2317/1649 1871/2311/1646
f 1860/2317/1649 1859/2318/1650 1872/2312/1647
f 1859/2318/1650 1857/2440/1728 1870/2313/1141
f 1874/2319/1618 1881/2326/1620 1883/2320/1651
f 1876/2321/1652 1883/2320/1651 1884/2322/1653
f 1875/2323/1654 1884/2322/1653 1882/2324/968
f 1881/2326/1620 1885/2331/1626 1887/2327/1655
f 1883/2320/1651 1887/2327/1655 1888/2328/1656
f 1884/2322/1653 1888/2328/1656 1886/2329/1278
f 1889/2330/1624 1891/2332/1657 1887/2327/1655
f 1891/2332/1657 1892/2333/1658 1888/2328/1656
f 1892/2333/1658 1890/2337/1152 1886/2329/1278
f 1878/2334/1623 1880/2335/1659 1891/2332/1657
f 1880/2335/1659 1879/2336/1660 1892/2333/1658
f 1879/2336/1660 1877/2454/1738 1890/2337/1152
f 1930/2338/1637 1933/2346/1628 1935/2339/1661
f 1932/2340/1662 1935/2339/1661 1936/2341/1663
f 1931/2342/1664 1936/2341/1663 1934/2343/1665
f 1937/2345/1609 1939/2347/1667 1935/2339/1661
f 1939/2347/1667 1940/2348/1668 1936/2341/1663
f 1940/2348/1668 1938/2352/1158 1934/2343/1665
f 1937/2345/1609 1942/2456/1635 1944/2349/1669
f 1939/2347/1667 1944/2349/1669 1943/2350/1670
f 1940/2348/1668 1943/2350/1670 1941/2351/1136
f 1946/2353/972 1953/2360/1631 1955/2354/1671
f 1948/2355/1672 1955/2354/1671 1956/2356/1673
f 1947/2357/1674 1956/2356/1673 1954/2358/1163
f 1953/2360/1631 1957/2365/1640 1959/2361/1676
f 1955/2354/1671 1959/2361/1676 1960/2362/1677
f 1956/2356/1673 1960/2362/1677 1958/2363/1162
f 1961/2364/1634 1963/2366/1678 1959/2361/1676
f 1963/2366/1678 1964/2367/1679 1960/2362/1677
f 1964/2367/1679 1962/2371/1168 1958/2363/1162
f 1950/2368/1633 1952/2369/1680 1963/2366/1678
f 1952/2369/1680 1951/2370/1681 1964/2367/1679
f 1951/2370/1681 1949/2442/1201 1962/2371/1168
f 1917/2372/1682 1913/2441/1729 1915/2373/1683
f 1919/2374/1684 1915/2373/1683 1916/2375/1685
f 1920/2376/1686 1916/2375/1685 1914/2377/1615
f 1917/2372/1682 1919/2374/1684 1923/2379/1687
f 1919/2374/1684 1920/2376/1686 1924/2381/1688
f 1920/2376/1686 1918/2378/1617 1922/2382/1606
f 1925/2383/1173 1921/2380/1171 1923/2379/1687
f 1927/2384/1689 1923/2379/1687 1924/2381/1688
f 1928/2385/1690 1924/2381/1688 1922/2382/1606
f 1909/2387/1691 1911/2390/1694 1899/2388/1692
f 1911/2390/1694 1912/2392/1696 1900/2391/1695
f 1912/2392/1696 1910/2397/1627 1898/2393/1619
f 1905/2394/1697 1907/2395/1698 1911/2390/1694
f 1907/2395/1698 1908/2396/1699 1912/2392/1696
f 1908/2396/1699 1906/2401/1625 1910/2397/1627
f 1905/2394/1697 1901/2402/1702 1903/2398/1700
f 1907/2395/1698 1903/2398/1700 1904/2399/1701
f 1908/2396/1699 1904/2399/1701 1902/2400/1622
f 1901/2402/1702 1893/2451/1735 1895/2403/1703
f 1903/2398/1700 1895/2403/1703 1896/2404/1704
f 1904/2399/1701 1896/2404/1704 1894/2405/1638
f 1989/2406/1183 1981/2463/1743 1983/2407/1705
f 1991/2408/1706 1983/2407/1705 1984/2409/1707
f 1992/2410/1708 1984/2409/1707 1982/2411/1614
f 1989/2406/1183 1991/2408/1706 1995/2413/1709
f 1991/2408/1706 1992/2410/1708 1996/2415/1710
f 1992/2410/1708 1990/2412/1613 1994/2416/1611
f 1997/2417/1711 1993/2414/1185 1995/2413/1709
f 1999/2418/1712 1995/2413/1709 1996/2415/1710
f 2000/2419/1713 1996/2415/1710 1994/2416/1611
f 1997/2417/1711 1999/2418/1712 1987/2421/1714
f 1999/2418/1712 2000/2419/1713 1988/2423/1716
f 2000/2419/1713 1998/2420/1610 1986/2424/1629
f 1973/2425/1717 1975/2428/1720 1979/2426/1718
f 1975/2428/1720 1976/2430/1722 1980/2429/1721
f 1976/2430/1722 1974/2435/1639 1978/2431/1641
f 1973/2425/1717 1969/2436/1725 1971/2432/1723
f 1975/2428/1720 1971/2432/1723 1972/2433/1724
f 1976/2430/1722 1972/2433/1724 1970/2434/1632
f 1969/2436/1725 1965/2443/1298 1967/2437/1726
f 1971/2432/1723 1967/2437/1726 1968/2438/1727
f 1972/2433/1724 1968/2438/1727 1966/2439/1636
f 1858/2315/1648 1874/2319/1618 1876/2321/1652
f 1860/2317/1649 1876/2321/1652 1875/2323/1654
f 1859/2318/1650 1875/2323/1654 1873/2325/1147
f 1897/2389/1693 1899/2388/1692 1915/2373/1683
f 1899/2388/1692 1900/2391/1695 1916/2375/1685
f 1900/2391/1695 1898/2393/1619 1914/2377/1615
f 1930/2338/1637 1932/2340/1662 1952/2369/1680
f 1932/2340/1662 1931/2342/1664 1951/2370/1681
f 1931/2342/1664 1929/2344/1666 1949/2442/1201
f 1965/2443/1298 1985/2422/1715 1987/2421/1714
f 1967/2437/1726 1987/2421/1714 1988/2423/1716
f 1968/2438/1727 1988/2423/1716 1986/2424/1629
f 1849/2444/1730 1851/2457/1739 1843/2445/1731
f 1843/2445/1731 1851/2457/1739 1852/2447/1732
f 1852/2447/1732 1850/2455/1612 1842/2449/1621
f 1853/2450/1734 1855/2452/1736 1895/2403/1703
f 1855/2452/1736 1856/2453/1737 1896/2404/1704
f 1856/2453/1737 1854/2462/1630 1894/2405/1638
f 1877/2454/1738 1879/2336/1660 1947/2357/1674
f 1879/2336/1660 1880/2335/1659 1948/2355/1672
f 1948/2355/1672 1880/2335/1659 1878/2334/1623
f 1842/2449/1621 1862/2306/1607 1864/2305/1642
f 1844/2448/1733 1864/2305/1642 1863/2308/1644
f 1843/2445/1731 1863/2308/1644 1861/2310/1136
f 1850/2455/1612 1852/2447/1732 1944/2349/1669
f 1852/2447/1732 1851/2457/1739 1943/2350/1670
f 1851/2457/1739 1849/2444/1730 1941/2351/1136
f 1925/2383/1173 1927/2384/1689 1847/2458/1740
f 1927/2384/1689 1928/2385/1690 1848/2460/1742
f 1928/2385/1690 1926/2386/1605 1846/2461/1608
f 1977/2427/1719 1979/2426/1718 1855/2452/1736
f 1979/2426/1718 1980/2429/1721 1856/2453/1737
f 1980/2429/1721 1978/2431/1641 1854/2462/1630
f 1982/2411/1614 1984/2409/1707 1848/2460/1742
f 1984/2409/1707 1983/2407/1705 1847/2458/1740
f 1983/2407/1705 1981/2463/1743 1845/2459/1741
f 1985/2422/1715 1965/2443/1298 1969/2436/1725
f 1997/2417/1711 1969/2436/1725 1973/2425/1717
f 1993/2414/1185 1973/2425/1717 1977/2427/1719
f 1989/2406/1183 1977/2427/1719 1853/2450/1734
f 1909/2387/1691 1897/2389/1693 1913/2441/1729
f 1905/2394/1697 1909/2387/1691 1917/2372/1682
f 1901/2402/1702 1905/2394/1697 1921/2380/1171
f 1925/2383/1173 1845/2459/1741 1893/2451/1735
f 1893/2451/1735 1845/2459/1741 1981/2463/1743
f 1877/2454/1738 1945/2359/1675 1849/2444/1730
f 1941/2351/1136 1849/2444/1730 1945/2359/1675
f 1954/2358/1163 1958/2363/1162 1938/2352/1158
f 1958/2363/1162 1962/2371/1168 1934/2343/1665
f 1962/2371/1168 1949/2442/1201 1929/2344/1666
f 1877/2454/1738 1841/2446/1136 1861/2310/1136
f 1866/2314/1142 1886/2329/1278 1890/2337/1152
f 1870/2313/1141 1882/2324/968 1886/2329/1278
f 1857/2440/1728 1873/2325/1147 1882/2324/968
f 2026/2464/1461 2120/6874/1775 2001/2465/440
f 2002/2467/329 2121/6875/1779 2046/2468/1462
f 2008/2470/1316 2051/2485/1748 2021/2471/1463
f 2004/2472/519 2021/2471/1463 2031/2473/1464
f 2007/2474/1318 2031/2473/1464 2036/2475/1744
f 2006/2476/521 2036/2475/1744 2041/2477/1745
f 2005/2478/511 2041/2477/1745 2026/2464/1461
f 2009/2469/338 2046/2468/1462 2056/2479/1746
f 2012/2480/352 2056/2479/1746 2061/2481/1747
f 2011/2482/522 2061/2481/1747 2066/2483/1469
f 2010/2484/1324 2066/2483/1469 2051/2485/1748
f 2027/2486/1749 2042/2490/1474 2040/2487/1472
f 2028/2489/1473 2043/2492/1750 2042/2490/1474
f 2029/2491/1475 2044/2494/1751 2043/2492/1750
f 2026/2493/1461 2041/6876/1745 2044/2494/1751
f 2042/2490/1474 2037/2497/1753 2035/2495/1478
f 2042/2490/1474 2043/2492/1750 2038/2496/1752
f 2044/2494/1751 2039/2499/1754 2038/2496/1752
f 2044/2494/1751 2041/6876/1745 2036/2498/1744
f 2037/2497/1753 2032/2502/1756 2030/2500/1280
f 2037/2497/1753 2038/2496/1752 2033/2501/1755
f 2039/2499/1754 2034/2504/1757 2033/2501/1755
f 2039/2499/1754 2036/2498/1744 2031/2503/1464
f 2030/2500/1280 2032/2502/1756 2022/2505/1758
f 2032/2502/1756 2033/2501/1755 2023/2507/1487
f 2033/2501/1755 2034/2504/1757 2024/2508/1488
f 2034/2504/1757 2031/2503/1464 2021/2509/1463
f 2052/2510/1759 2067/2514/1761 2065/2511/1292
f 2053/2513/1491 2068/2516/1763 2067/2514/1761
f 2054/2515/1762 2069/2518/1764 2068/2516/1763
f 2051/2517/1748 2066/2523/1469 2069/2518/1764
f 2065/2511/1292 2067/2514/1761 2062/2519/1496
f 2067/2514/1761 2068/2516/1763 2063/2521/1766
f 2068/2516/1763 2069/2518/1764 2064/2522/1767
f 2066/2523/1469 2061/6877/1747 2064/2522/1767
f 2060/2520/1765 2062/2519/1496 2057/2524/1768
f 2063/2521/1766 2058/2527/1770 2057/2524/1768
f 2063/2521/1766 2064/2522/1767 2059/2526/1769
f 2064/2522/1767 2061/6877/1747 2056/2528/1746
f 2055/2525/1501 2057/2524/1768 2047/2529/1771
f 2057/2524/1768 2058/2527/1770 2048/2531/1505
f 2058/2527/1770 2059/2526/1769 2049/2532/1506
f 2059/2526/1769 2056/2528/1746 2046/2533/1462
f 2022/2505/1758 2052/2510/1759 2050/2512/1760
f 2014/2534/1772 2027/2486/1749 2025/2488/776
f 2015/2536/1774 2028/2489/1473 2027/2486/1749
f 2016/2537/504 2029/2491/1475 2028/2489/1473
f 2120/2538/1775 2026/2493/1461 2029/2491/1475
f 2023/2507/1487 2053/2513/1491 2052/2510/1759
f 2024/2508/1488 2054/2515/1762 2053/2513/1491
f 2021/2509/1463 2051/2517/1748 2054/2515/1762
f 2045/2530/1371 2047/2529/1771 2019/2539/1776
f 2047/2529/1771 2048/2531/1505 2018/2541/1777
f 2048/2531/1505 2049/2532/1506 2017/2542/1778
f 2049/2532/1506 2046/2533/1462 2121/2543/1779
f 2003/2544/1255 2001/6878/1255 2002/2545/1255
f 2045/2530/1371 2122/2540/776 2013/2535/1773
f 2111/2547/1516 2116/2567/1532 2149/2548/1517
f 2094/2553/1521 2130/2618/1811 2134/2554/1522
f 2142/2556/1782 2101/6879/1574 2076/2557/1525
f 2077/2559/1527 2102/2613/1809 2100/2560/1784
f 2089/2555/1781 2134/2554/1522 2138/2565/1786
f 2116/2567/1532 2101/6879/1574 2142/2556/1782
f 2098/2568/1788 2106/2571/1535 2157/2569/1534
f 2106/2571/1535 2111/2547/1516 2153/2549/1780
f 2083/2572/1790 2085/2573/1791 2077/2559/1527
f 2085/2573/1791 2086/2575/1539 2078/2574/1538
f 2086/2575/1539 2087/2577/1793 2079/2576/1792
f 2087/2577/1793 2084/2583/1787 2076/2578/1525
f 2090/2579/1794 2085/2573/1791 2083/2572/1790
f 2091/2581/1544 2086/2575/1539 2085/2573/1791
f 2092/2582/1545 2087/2577/1793 2086/2575/1539
f 2092/2582/1545 2089/6880/1781 2084/2583/1787
f 2093/2584/1796 2095/2586/1548 2090/2579/1794
f 2096/2585/1547 2091/2581/1544 2090/2579/1794
f 2096/2585/1547 2097/2588/1797 2092/2582/1545
f 2094/2587/1521 2089/6880/1781 2092/2582/1545
f 2070/2589/1798 2095/2586/1548 2093/2584/1796
f 2082/2591/1552 2096/2585/1547 2095/2586/1548
f 2071/2592/1553 2097/2588/1797 2096/2585/1547
f 2081/2593/1799 2094/2587/1521 2097/2588/1797
f 2105/2594/1555 2107/2597/1558 2074/2595/1800
f 2107/2597/1558 2108/2599/1560 2073/2598/1801
f 2108/2599/1560 2109/2601/1562 2099/2600/1802
f 2109/2601/1562 2106/6881/1535 2098/2602/1788
f 2112/2603/1803 2107/2597/1558 2105/2594/1555
f 2113/2605/1805 2108/2599/1560 2107/2597/1558
f 2114/2606/1806 2109/2601/1562 2108/2599/1560
f 2111/2607/1516 2106/6881/1535 2109/2601/1562
f 2117/2608/1807 2112/2603/1803 2110/2604/1804
f 2118/2610/1568 2113/2605/1805 2112/2603/1803
f 2119/2611/1570 2114/2606/1806 2113/2605/1805
f 2116/2612/1532 2111/2607/1516 2114/2606/1806
f 2102/2613/1809 2117/2608/1807 2115/2609/1808
f 2103/2614/1572 2118/2610/1568 2117/2608/1807
f 2104/2615/1810 2119/2611/1570 2118/2610/1568
f 2101/2616/1574 2116/2612/1532 2119/2611/1570
f 2078/2574/1538 2103/2614/1572 2102/2613/1809
f 2078/2574/1538 2079/2576/1792 2104/2615/1810
f 2079/2576/1792 2076/2578/1525 2101/2616/1574
f 2084/2566/1787 2138/2565/1786 2125/2558/1783
f 2081/2617/1799 2160/2867/1819 2130/2618/1811
f 2128/2619/1812 2139/2623/1580 2137/2620/876
f 2127/2622/1813 2140/2625/1581 2139/2623/1580
f 2125/2624/1783 2138/2629/1786 2140/2625/1581
f 2139/2623/1580 2135/2628/1815 2133/2626/1583
f 2139/2623/1580 2140/2625/1581 2136/2627/1814
f 2138/2629/1786 2134/2632/1522 2136/2627/1814
f 2135/2628/1815 2131/2631/1816 2129/2630/1583
f 2136/2627/1814 2132/2633/1817 2131/2631/1816
f 2134/2632/1522 2130/6882/1811 2132/2633/1817
f 2129/2630/1583 2131/2631/1816 2161/2634/1587
f 2131/2631/1816 2132/2633/1817 2124/2635/1818
f 2132/2633/1817 2130/6882/1811 2160/2636/1819
f 2147/2637/1820 2158/2641/1593 2156/2638/785
f 2162/2640/1821 2159/2643/1594 2158/2641/1593
f 2145/2642/1789 2157/2646/1534 2159/2643/1594
f 2158/2641/1593 2154/2645/1596 2152/2644/1595
f 2159/2643/1594 2155/2647/1822 2154/2645/1596
f 2157/2646/1534 2153/6883/1780 2155/2647/1822
f 2154/2645/1596 2150/2649/1599 2148/2648/1823
f 2155/2647/1822 2151/2651/1600 2150/2649/1599
f 2155/2647/1822 2153/6883/1780 2149/2650/1517
f 2148/2648/1823 2150/2649/1599 2143/2652/1824
f 2150/2649/1599 2151/2651/1600 2144/2653/1825
f 2151/2651/1600 2149/2650/1517 2142/2654/1782
f 2143/2652/1824 2128/2619/1812 2126/2621/1578
f 2144/2653/1825 2127/2622/1813 2128/2619/1812
f 2142/2654/1782 2125/2624/1783 2127/2622/1813
f 2141/2564/784 2126/2621/1578 2013/2550/971
f 2141/2564/784 2121/2660/781 2002/2661/781
f 2005/2662/1255 2003/2544/1255 2009/2546/1255
f 2006/2664/1255 2005/2662/1255 2012/2663/1255
f 2010/2666/1255 2007/2668/1255 2006/2664/1255
f 2008/2667/1255 2004/6884/1255 2007/2668/1255
f 2055/2525/1501 2045/2530/1371 2025/2488/776
f 2060/2520/1765 2055/2525/1501 2040/2487/1472
f 2065/2511/1292 2060/2520/1765 2035/2495/1478
f 2050/2512/1760 2065/2511/1292 2030/2500/1280
f 2001/2669/781 2123/2551/108 2285/2670/1826
f 2163/2672/440 2282/6885/1869 2188/2673/1313
f 2208/2675/1827 2283/6886/1370 2164/2676/329
f 2183/2678/1315 2213/2693/1835 2170/2679/1828
f 2193/2681/1317 2183/2678/1315 2166/2680/1829
f 2198/2683/1830 2193/2681/1317 2169/2682/1318
f 2203/2685/1831 2198/2683/1830 2168/2684/521
f 2188/2673/1313 2203/2685/1831 2167/2686/511
f 2218/2687/1832 2208/2675/1827 2171/2677/338
f 2223/2689/1833 2218/2687/1832 2174/2688/352
f 2228/2691/1834 2223/2689/1833 2173/2690/522
f 2213/2693/1835 2228/2691/1834 2172/2692/1324
f 2202/2694/1836 2204/2697/1838 2189/2695/1837
f 2204/2697/1838 2205/2699/1330 2190/2698/1839
f 2205/2699/1330 2206/2701/1840 2191/2700/1331
f 2206/2701/1840 2203/2706/1831 2188/2702/1313
f 2197/2703/1841 2199/2708/1844 2204/2697/1838
f 2204/2697/1838 2199/2708/1844 2200/2704/1842
f 2200/2704/1842 2201/2705/1843 2206/2701/1840
f 2201/2705/1843 2198/2712/1830 2203/2706/1831
f 2192/2707/1336 2194/2709/1845 2199/2708/1844
f 2194/2709/1845 2195/2710/1846 2200/2704/1842
f 2195/2710/1846 2196/2716/1343 2201/2705/1843
f 2201/2705/1843 2196/2716/1343 2193/2711/1317
f 2192/2707/1336 2182/2742/1865 2184/2713/1847
f 2194/2709/1845 2184/2713/1847 2185/2714/1848
f 2195/2710/1846 2185/2714/1848 2186/2715/1849
f 2196/2716/1343 2186/2715/1849 2183/2717/1315
f 2227/2718/1850 2229/2721/1851 2214/2719/1345
f 2229/2721/1851 2230/2723/1853 2215/2722/1852
f 2230/2723/1853 2231/2725/1855 2216/2724/1854
f 2231/2725/1855 2228/2730/1834 2213/2726/1835
f 2222/2727/1856 2224/2728/1857 2229/2721/1851
f 2224/2728/1857 2225/2732/1860 2230/2723/1853
f 2230/2723/1853 2225/2732/1860 2226/2729/1858
f 2226/2729/1858 2223/2735/1833 2228/2730/1834
f 2222/2727/1856 2217/2736/1861 2219/2731/1859
f 2219/2731/1859 2220/2739/1864 2225/2732/1860
f 2225/2732/1860 2220/2739/1864 2221/2733/1357
f 2226/2729/1858 2221/2733/1357 2218/2734/1832
f 2217/2736/1861 2207/2748/1870 2209/2737/1862
f 2219/2731/1859 2209/2737/1862 2210/2738/1863
f 2220/2739/1864 2210/2738/1863 2211/2740/1362
f 2221/2733/1357 2211/2740/1362 2208/2741/1827
f 2212/2720/1346 2214/2719/1345 2184/2713/1847
f 2187/2696/718 2189/2695/1837 2176/2743/1866
f 2189/2695/1837 2190/2698/1839 2177/2745/1867
f 2190/2698/1839 2191/2700/1331 2178/2746/1868
f 2191/2700/1331 2188/2702/1313 2282/2747/1869
f 2214/2719/1345 2215/2722/1852 2185/2714/1848
f 2215/2722/1852 2216/2724/1854 2186/2715/1849
f 2216/2724/1854 2213/2726/1835 2183/2717/1315
f 2207/2748/1870 2284/6887/1255 2181/2749/343
f 2209/2737/1862 2181/2749/343 2180/2750/1871
f 2210/2738/1863 2180/2750/1871 2179/2751/1872
f 2211/2740/1362 2179/2751/1872 2283/2752/1370
f 2164/2753/1371 2163/6888/1371 2165/2754/1371
f 2175/2744/1365 2284/6887/1255 2207/2748/1870
f 2273/2756/1873 2315/2778/1391 2311/2757/1874
f 2296/2761/1377 2292/2826/1904 2256/2762/1875
f 2287/2764/1380 2238/2825/1888 2263/2765/1877
f 2262/2767/1878 2264/2821/1427 2239/2768/1384
f 2300/2773/1880 2296/2761/1377 2251/2763/1876
f 2278/2758/1374 2311/2757/1874 2304/2766/1382
f 2260/2775/1881 2307/6889/1918 2319/2776/1389
f 2268/2777/1882 2319/2776/1389 2315/2778/1391
f 2245/2779/1883 2237/2769/1879 2239/2768/1384
f 2247/2780/1884 2239/2768/1384 2240/2781/1885
f 2248/2782/1395 2240/2781/1885 2241/2783/1886
f 2249/2784/1887 2241/2783/1886 2238/2785/1888
f 2245/2779/1883 2247/2780/1884 2252/2787/1399
f 2252/2787/1399 2247/2780/1884 2248/2782/1395
f 2248/2782/1395 2249/2784/1887 2254/2790/1402
f 2254/2790/1402 2249/2784/1887 2246/2786/1387
f 2255/2792/1889 2250/2788/1400 2252/2787/1399
f 2252/2787/1399 2253/2789/1401 2258/2794/1405
f 2258/2794/1405 2253/2789/1401 2254/2790/1402
f 2259/2795/1406 2254/2790/1402 2251/2791/1876
f 2255/2792/1889 2257/2793/1890 2232/2797/1891
f 2257/2793/1890 2258/2794/1405 2244/2799/1409
f 2258/2794/1405 2259/2795/1406 2233/2800/1410
f 2259/2795/1406 2256/2796/1875 2243/2801/1893
f 2267/2802/1894 2234/2875/1927 2236/2803/1895
f 2269/2804/1414 2236/2803/1895 2235/2805/1896
f 2270/2806/1897 2235/2805/1896 2261/2807/1898
f 2271/2808/1899 2261/2807/1898 2260/2809/1881
f 2267/2802/1894 2269/2804/1414 2274/2811/1420
f 2274/2811/1420 2269/2804/1414 2270/2806/1897
f 2270/2806/1897 2271/2808/1899 2276/2814/1900
f 2271/2808/1899 2268/2810/1882 2273/2815/1873
f 2272/2812/43 2274/2811/1420 2279/2816/1424
f 2279/2816/1424 2274/2811/1420 2275/2813/1421
f 2275/2813/1421 2276/2814/1900 2281/2819/1426
f 2276/2814/1900 2273/2815/1873 2278/2820/1374
f 2277/2817/1901 2279/2816/1424 2264/2821/1427
f 2279/2816/1424 2280/2818/1425 2265/2822/1902
f 2280/2818/1425 2281/2819/1426 2266/2823/1903
f 2281/2819/1426 2278/2820/1374 2263/2824/1877
f 2264/2821/1427 2265/2822/1902 2240/2781/1885
f 2240/2781/1885 2265/2822/1902 2266/2823/1903
f 2266/2823/1903 2263/2824/1877 2238/2785/1888
f 2099/2600/1802 2098/2602/1788 2260/2809/1881
f 2110/2604/1804 2272/2812/43 2277/2817/1901
f 2237/2769/1879 2075/2561/1785 2100/2560/1784
f 2287/2764/1380 2300/2773/1880 2246/2774/1387
f 2292/2826/1904 2322/2866/1913 2243/2827/1893
f 2299/2828/1905 2301/2831/1434 2290/2829/1906
f 2301/2831/1434 2302/2833/1436 2289/2832/1907
f 2302/2833/1436 2300/2838/1880 2287/2834/1380
f 2295/2835/1908 2297/2836/1438 2301/2831/1434
f 2297/2836/1438 2298/2837/1439 2302/2833/1436
f 2298/2837/1439 2296/2841/1377 2300/2838/1880
f 2295/2835/1908 2291/2842/1910 2293/2839/1909
f 2293/2839/1909 2294/2845/1912 2298/2837/1439
f 2298/2837/1439 2294/2845/1912 2292/2840/1904
f 2291/2842/1910 2285/2670/1826 2323/2843/1442
f 2293/2839/1909 2323/2843/1442 2286/2844/1911
f 2294/2845/1912 2286/2844/1911 2322/2846/1913
f 2318/2847/1446 2320/2850/1449 2309/2848/1914
f 2320/2850/1449 2321/2852/1917 2324/2851/1916
f 2321/2852/1917 2319/2856/1389 2307/2853/1918
f 2314/2854/1919 2316/2858/1922 2320/2850/1449
f 2320/2850/1449 2316/2858/1922 2317/2855/1920
f 2317/2855/1920 2315/2860/1391 2319/2856/1389
f 2314/2854/1919 2310/2861/1924 2312/2857/1921
f 2312/2857/1921 2313/2859/1923 2317/2855/1920
f 2313/2859/1923 2311/2865/1874 2315/2860/1391
f 2310/2861/1924 2303/2771/971 2305/2862/1925
f 2312/2857/1921 2305/2862/1925 2306/2863/1926
f 2313/2859/1923 2306/2863/1926 2304/2864/1382
f 2081/2617/1799 2243/2827/1893 2322/2866/1913
f 2288/2830/1433 2290/2829/1906 2305/2862/1925
f 2305/2862/1925 2290/2829/1906 2289/2832/1907
f 2289/2832/1907 2287/2834/1380 2304/2864/1382
f 2175/2759/784 2288/2830/1433 2303/2771/971
f 2164/2874/781 2283/2873/781 2303/2771/971
f 2308/2849/1915 2146/2639/110 2002/2661/781
f 2161/2634/1587 2124/2635/1818 2286/2844/1911
f 2075/2561/1785 2237/2769/1879 2245/2779/1883
f 2162/2640/1821 2324/2851/1916 2307/2853/1918
f 2308/2849/1915 2309/2848/1914 2147/2637/1820
f 2147/2637/1820 2309/2848/1914 2324/2851/1916
f 2088/2580/1795 2083/2572/1790 2245/2779/1883
f 2093/2584/1796 2088/2580/1795 2250/2788/1400
f 2093/2584/1796 2255/2792/1889 2242/2798/1892
f 2277/2817/1901 2262/2767/1878 2100/2560/1784
f 2105/2594/1555 2267/2802/1894 2272/2812/43
f 2267/2802/1894 2105/2594/1555 2072/2596/1557
f 2099/2600/1802 2261/2807/1898 2235/2805/1896
f 2074/2595/1800 2073/2598/1801 2235/2805/1896
f 2074/2595/1800 2236/2803/1895 2234/2875/1927
f 2070/2589/1798 2080/2590/163 2242/2798/1892
f 2070/2589/1798 2232/2797/1891 2244/2799/1409
f 2082/2591/1552 2244/2799/1409 2233/2800/1410
f 2071/2592/1553 2233/2800/1410 2243/2801/1893
f 2307/2876/1918 2260/6890/1881 2098/2568/1788
f 2161/2634/1587 2323/2843/1442 2285/2670/1826
f 2171/2755/1371 2165/2754/1371 2167/2877/1371
f 2174/2878/1371 2167/2877/1371 2168/2879/1371
f 2173/2880/1371 2168/2879/1371 2169/2881/1371
f 2172/2882/1371 2169/2881/1371 2166/2883/1371
f 2187/2696/718 2207/2748/1870 2217/2736/1861
f 2202/2694/1836 2217/2736/1861 2222/2727/1856
f 2197/2703/1841 2222/2727/1856 2227/2718/1850
f 2192/2707/1336 2227/2718/1850 2212/2720/1346
f 2160/2636/1819 2322/2846/1913 2286/2844/1911
f 2002/2661/781 2001/2669/781 2163/2671/781
f 2410/2885/1928 2346/2889/1932 2349/2886/1929
f 2330/2888/1931 2326/2903/1946 2346/2889/1932
f 2482/2890/1933 2417/2911/1954 2421/2891/1934
f 2474/2893/1936 2426/2918/1961 2334/2894/1937
f 2398/2896/1939 2402/2902/1945 2353/2897/1940
f 2358/2899/1942 2382/2901/1944 2398/2896/1939
f 2365/2900/1943 2394/2909/1952 2382/2901/1944
f 2406/2887/1930 2349/2886/1929 2353/2897/1940
f 2466/2895/1938 2334/2894/1937 2326/2903/1946
f 2362/2904/1947 2378/2922/1964 2386/2905/1948
f 2373/2906/1949 2386/2905/1948 2390/2907/1950
f 2369/2908/1951 2390/2907/1950 2394/2909/1952
f 2470/2910/1953 2414/2919/1962 2417/2911/1954
f 2437/2912/1955 2462/2925/1967 2338/2913/1956
f 2434/2915/1958 2450/2920/1963 2454/2916/1959
f 2478/2892/1935 2421/2891/1934 2426/2918/1961
f 2414/2919/1962 2470/2910/1953 2450/2920/1963
f 2430/2921/1957 2338/6891/1956 2378/2922/1964
f 2445/2917/1960 2454/2916/1959 2458/2923/1965
f 2441/2924/1966 2458/2923/1965 2462/2925/1967
f 2348/2926/1968 2351/2930/1970 2349/2927/1929
f 2347/2929/1969 2352/2932/1972 2351/2930/1970
f 2345/2931/1971 2350/3078/2063 2352/2932/1972
f 2349/2927/1929 2351/2930/1970 2355/2933/1686
f 2351/2930/1970 2352/2932/1972 2356/2935/1973
f 2352/2932/1972 2350/3078/2063 2354/2936/1251
f 2355/2933/1686 2344/2938/1974 2342/2937/1941
f 2356/2935/1973 2343/2939/1975 2344/2938/1974
f 2354/2936/1251 2341/3079/2064 2343/2939/1975
f 2358/2940/1942 2360/2943/1977 2367/2941/1976
f 2360/2943/1977 2359/2945/1979 2368/2944/1978
f 2359/2945/1979 2357/3056/2047 2366/2946/1980
f 2365/2942/1943 2367/2941/1976 2371/2947/1981
f 2367/2941/1976 2368/2944/1978 2372/2949/1982
f 2368/2944/1978 2366/2946/1980 2370/2950/1983
f 2371/2947/1981 2375/2952/1984 2373/2951/1949
f 2372/2949/1982 2376/2953/1985 2375/2952/1984
f 2370/2950/1983 2374/2956/1987 2376/2953/1985
f 2375/2952/1984 2364/2955/1986 2362/2954/1947
f 2376/2953/1985 2363/2957/1988 2364/2955/1986
f 2374/2956/1987 2361/3068/2057 2363/2957/1988
f 2414/2958/1962 2416/2961/1990 2419/2959/1989
f 2416/2961/1990 2415/2963/1991 2420/2962/1712
f 2415/2963/1991 2413/3077/1308 2418/2964/1992
f 2419/2959/1989 2423/2966/1993 2421/2965/1934
f 2420/2962/1712 2424/2967/1994 2423/2966/1993
f 2418/2964/1992 2422/3076/2062 2424/2967/1994
f 2421/2965/1934 2423/2966/1993 2428/2968/1708
f 2423/2966/1993 2424/2967/1994 2427/2970/1706
f 2424/2967/1994 2422/3076/2062 2425/2971/1262
f 2430/2972/1957 2432/2975/1995 2439/2973/1721
f 2432/2975/1995 2431/2977/1996 2440/2976/1718
f 2431/2977/1996 2429/3069/2058 2438/2978/1719
f 2437/2974/1955 2439/2973/1721 2443/2979/1997
f 2439/2973/1721 2440/2976/1718 2444/2981/1998
f 2440/2976/1718 2438/2978/1719 2442/2982/1266
f 2443/2979/1997 2447/2984/1999 2445/2983/1960
f 2444/2981/1998 2448/2985/2000 2447/2984/1999
f 2442/2982/1266 2446/2988/1269 2448/2985/2000
f 2447/2984/1999 2436/2987/2001 2434/2986/1958
f 2448/2985/2000 2435/2989/2002 2436/2987/2001
f 2446/2988/1269 2433/3057/2048 2435/2989/2002
f 2401/2990/2003 2403/2993/2005 2399/2991/2004
f 2403/2993/2005 2404/2995/2007 2400/2994/2006
f 2404/2995/2007 2402/6892/1945 2398/2996/1939
f 2407/2997/2008 2403/2993/2005 2401/2990/2003
f 2408/2999/2010 2404/2995/2007 2403/2993/2005
f 2406/3000/1930 2402/6892/1945 2404/2995/2007
f 2409/3001/2011 2411/3002/2012 2407/2997/2008
f 2411/3002/2012 2412/3003/2013 2408/2999/2010
f 2412/3003/2013 2410/6893/1928 2406/3000/1930
f 2383/3004/2014 2395/3008/2017 2393/3005/968
f 2384/3007/2016 2396/3010/2018 2395/3008/2017
f 2382/3009/1944 2394/3013/1952 2396/3010/2018
f 2395/3008/2017 2391/3012/2019 2389/3011/1278
f 2396/3010/2018 2392/3014/2020 2391/3012/2019
f 2394/3013/1952 2390/6894/1950 2392/3014/2020
f 2389/3011/1278 2391/3012/2019 2387/3015/2021
f 2391/3012/2019 2392/3014/2020 2388/3017/2022
f 2392/3014/2020 2390/6894/1950 2386/3018/1948
f 2385/3016/1280 2387/3015/2021 2379/3019/2023
f 2387/3015/2021 2388/3017/2022 2380/3021/2025
f 2388/3017/2022 2386/3018/1948 2378/3022/1964
f 2473/3023/2026 2475/3026/2028 2467/3024/2027
f 2475/3026/2028 2476/3028/2030 2468/3027/2029
f 2476/3028/2030 2474/6895/1936 2466/3029/1938
f 2479/3030/2031 2475/3026/2028 2473/3023/2026
f 2480/3032/2032 2476/3028/2030 2475/3026/2028
f 2478/3033/1935 2474/6895/1936 2476/3028/2030
f 2481/3034/2033 2483/3035/2034 2479/3030/2031
f 2483/3035/2034 2484/3036/2035 2480/3032/2032
f 2484/3036/2035 2482/6896/1933 2478/3033/1935
f 2471/3037/2036 2483/3035/2034 2481/3034/2033
f 2472/3039/2037 2484/3036/2035 2483/3035/2034
f 2470/3040/1953 2482/6896/1933 2484/3036/2035
f 2463/3041/2038 2459/3045/2041 2457/3042/2039
f 2464/3044/2040 2460/3047/2042 2459/3045/2041
f 2462/3046/1967 2458/6897/1965 2460/3047/2042
f 2457/3042/2039 2459/3045/2041 2455/3048/2043
f 2459/3045/2041 2460/3047/2042 2456/3050/2044
f 2460/3047/2042 2458/6897/1965 2454/3051/1959
f 2453/3049/776 2455/3048/2043 2451/3052/2045
f 2455/3048/2043 2456/3050/2044 2452/3054/2046
f 2456/3050/2044 2454/3051/1959 2450/3055/1963
f 2342/2937/1941 2344/2938/1974 2360/2943/1977
f 2344/2938/1974 2343/2939/1975 2359/2945/1979
f 2343/2939/1975 2341/3079/2064 2357/3056/2047
f 2399/2991/2004 2383/3004/2014 2381/3006/2015
f 2400/2994/2006 2384/3007/2016 2383/3004/2014
f 2398/2996/1939 2382/3009/1944 2384/3007/2016
f 2436/2987/2001 2416/2961/1990 2414/2958/1962
f 2435/2989/2002 2415/2963/1991 2416/2961/1990
f 2433/3057/2048 2413/3077/1308 2415/2963/1991
f 2449/3053/1296 2451/3052/2045 2471/3037/2036
f 2451/3052/2045 2452/3054/2046 2472/3039/2037
f 2452/3054/2046 2450/3055/1963 2470/3040/1953
f 2327/3058/2049 2335/3062/2052 2333/3059/2050
f 2327/3058/2049 2328/3064/2053 2336/3061/2051
f 2326/3063/1946 2334/3070/1937 2336/3061/2051
f 2379/3019/2023 2339/3066/2055 2337/3065/2054
f 2380/3021/2025 2340/3067/2056 2339/3066/2055
f 2378/3022/1964 2338/3075/1956 2340/3067/2056
f 2431/2977/1996 2363/2957/1988 2361/3068/2057
f 2432/2975/1995 2364/2955/1986 2363/2957/1988
f 2430/2972/1957 2362/2954/1947 2364/2955/1986
f 2326/3063/1946 2328/3064/2053 2348/2926/1968
f 2328/3064/2053 2327/3058/2049 2347/2929/1969
f 2327/3058/2049 2325/3060/1262 2345/2931/1971
f 2428/2968/1708 2336/3061/2051 2334/3070/1937
f 2427/2970/1706 2335/3062/2052 2336/3061/2051
f 2425/2971/1262 2333/3059/2050 2335/3062/2052
f 2331/3071/2059 2411/3002/2012 2409/3001/2011
f 2332/3073/2061 2412/3003/2013 2411/3002/2012
f 2330/3074/1931 2410/6893/1928 2412/3003/2013
f 2339/3066/2055 2463/3041/2038 2461/3043/1292
f 2340/3067/2056 2464/3044/2040 2463/3041/2038
f 2338/3075/1956 2462/3046/1967 2464/3044/2040
f 2330/3074/1931 2332/3073/2061 2468/3027/2029
f 2331/3071/2059 2467/3024/2027 2468/3027/2029
f 2329/3072/2060 2465/3025/1136 2467/3024/2027
f 2469/3038/1155 2481/3034/2033 2453/3049/776
f 2481/3034/2033 2477/3031/1286 2457/3042/2039
f 2477/3031/1286 2473/3023/2026 2461/3043/1292
f 2473/3023/2026 2465/3025/1136 2337/3065/2054
f 2397/2992/1271 2381/3006/2015 2393/3005/968
f 2401/2990/2003 2393/3005/968 2389/3011/1278
f 2405/2998/2009 2389/3011/1278 2385/3016/1280
f 2377/3020/2024 2329/3072/2060 2409/3001/2011
f 2337/3065/2054 2465/3025/1136 2329/3072/2060
f 2333/3059/2050 2429/3069/2058 2361/3068/2057
f 2429/3069/2058 2333/3059/2050 2425/2971/1262
f 2422/3076/2062 2442/2982/1266 2438/2978/1719
f 2418/2964/1992 2446/2988/1269 2442/2982/1266
f 2413/3077/1308 2433/3057/2048 2446/2988/1269
f 2361/3068/2057 2374/2956/1987 2345/2931/1971
f 2350/3078/2063 2345/2931/1971 2374/2956/1987
f 2354/2936/1251 2350/3078/2063 2370/2950/1983
f 2341/3079/2064 2354/2936/1251 2366/2946/1980
