# Blender 5.1.0
# www.blender.org
mtllib catavento.mtl
o Pinwheel
v -0.027602 0.442531 -0.007763
v -0.018689 0.439286 -0.007730
v -0.008650 0.435635 -0.007730
v -0.000081 0.432511 -0.007763
v -0.027679 0.442564 -0.008943
v -0.018676 0.439282 -0.008969
v -0.008348 0.435525 -0.008969
v -0.000081 0.432511 -0.008943
v -0.037113 0.330746 -0.007763
v -0.033746 0.339995 -0.007763
v -0.030380 0.349245 -0.007763
v -0.027013 0.358494 -0.007763
v -0.023647 0.367744 -0.007763
v -0.020280 0.376993 -0.007763
v -0.016914 0.386243 -0.007763
v -0.013547 0.395492 -0.007763
v -0.010109 0.404884 -0.007763
v -0.006865 0.413797 -0.009396
v -0.003312 0.423559 -0.009396
v -0.045740 0.333848 -0.009427
v -0.042324 0.343118 -0.009424
v -0.038958 0.352367 -0.009424
v -0.035591 0.361617 -0.009424
v -0.032225 0.370866 -0.009424
v -0.028858 0.380115 -0.009423
v -0.025492 0.389365 -0.009423
v -0.022125 0.398614 -0.009423
v -0.018759 0.407864 -0.009423
v -0.015392 0.417113 -0.009423
v -0.012026 0.426363 -0.009423
v -0.052647 0.346836 -0.009421
v -0.049231 0.356106 -0.009424
v -0.045865 0.365356 -0.009424
v -0.042498 0.374605 -0.009424
v -0.039132 0.383855 -0.009424
v -0.035765 0.393104 -0.009423
v -0.032399 0.402354 -0.009423
v -0.029032 0.411603 -0.009423
v -0.025666 0.420852 -0.009423
v -0.022299 0.430102 -0.009423
v -0.057846 0.359204 -0.007754
v -0.054443 0.368478 -0.007763
v -0.051077 0.377728 -0.007763
v -0.047710 0.386977 -0.007763
v -0.044343 0.396226 -0.007763
v -0.040977 0.405476 -0.007763
v -0.037610 0.414725 -0.007763
v -0.034244 0.423975 -0.007763
v -0.030877 0.433224 -0.007763
v -0.060554 0.370664 -0.003745
v -0.057156 0.379940 -0.003764
v -0.053789 0.389190 -0.003764
v -0.050422 0.398439 -0.003764
v -0.047056 0.407688 -0.003764
v -0.043689 0.416938 -0.003764
v -0.040323 0.426187 -0.003764
v -0.036956 0.435437 -0.003764
v -0.033590 0.444686 -0.003764
v -0.061563 0.381506 0.001917
v -0.058173 0.390785 0.001896
v -0.054806 0.400034 0.001896
v -0.051440 0.409284 0.001896
v -0.048073 0.418533 0.001896
v -0.044707 0.427783 0.001896
v -0.041340 0.437032 0.001896
v -0.037974 0.446282 0.001896
v -0.059895 0.391374 0.007194
v -0.056516 0.400657 0.007177
v -0.053150 0.409906 0.007177
v -0.049783 0.419156 0.007177
v -0.046417 0.428405 0.007177
v -0.043050 0.437655 0.007177
v -0.039684 0.446904 0.007177
v -0.055040 0.400081 0.012820
v -0.051672 0.409368 0.012797
v -0.048305 0.418618 0.012797
v -0.044938 0.427867 0.012797
v -0.041572 0.437117 0.012797
v -0.038205 0.446366 0.012797
v -0.047512 0.407816 0.018052
v -0.044153 0.417107 0.018039
v -0.040786 0.426356 0.018039
v -0.037420 0.435605 0.018039
v -0.034053 0.444855 0.018039
v -0.033586 0.413222 0.014977
v -0.030233 0.422515 0.014988
v -0.026866 0.431764 0.014988
v -0.023500 0.441014 0.014988
v -0.021144 0.419169 0.005811
v -0.017816 0.428470 0.005856
v -0.014450 0.437720 0.005856
v -0.006349 0.424258 -0.005499
v -0.003011 0.433556 -0.005454
v 0.004215 0.430898 -0.007184
v -0.040515 0.321510 -0.007777
v -0.037113 0.330746 -0.008943
v -0.033746 0.339995 -0.008943
v -0.030380 0.349245 -0.008943
v -0.027013 0.358494 -0.008943
v -0.023647 0.367744 -0.008943
v -0.020280 0.376993 -0.008943
v -0.016914 0.386243 -0.008943
v -0.013547 0.395492 -0.008943
v -0.010109 0.404884 -0.008943
v -0.006860 0.413810 -0.010635
v -0.003317 0.423546 -0.010635
v -0.033819 0.444770 -0.004671
v -0.038511 0.446477 0.001381
v -0.040386 0.447160 0.007075
v -0.038790 0.446579 0.013149
v -0.034378 0.444973 0.018865
v -0.023622 0.441058 0.016150
v -0.014390 0.437698 0.007068
v -0.002826 0.433489 -0.004330
v 0.004215 0.430898 -0.006005
v -0.045775 0.333853 -0.010727
v -0.040516 0.321510 -0.008958
v -0.052630 0.346823 -0.010719
v -0.057854 0.359199 -0.008932
v -0.060791 0.370743 -0.004647
v -0.062106 0.381696 0.001408
v -0.060600 0.391623 0.007096
v -0.055624 0.400286 0.013178
v -0.047835 0.407926 0.018883
v -0.033705 0.413258 0.016137
v -0.021075 0.419136 0.007015
v -0.006158 0.424181 -0.004383
v -0.042350 0.343127 -0.010723
v -0.038984 0.352377 -0.010723
v -0.035617 0.361626 -0.010723
v -0.032251 0.370876 -0.010723
v -0.028884 0.380125 -0.010723
v -0.025518 0.389374 -0.010723
v -0.022151 0.398624 -0.010723
v -0.018785 0.407873 -0.010723
v -0.015418 0.417123 -0.010723
v -0.012052 0.426372 -0.012327
v -0.049205 0.356097 -0.010723
v -0.045839 0.365346 -0.010723
v -0.042472 0.374596 -0.010723
v -0.039106 0.383845 -0.010723
v -0.035739 0.393095 -0.010723
v -0.032373 0.402344 -0.010723
v -0.029006 0.411594 -0.010723
v -0.025640 0.420843 -0.010723
v -0.022273 0.430092 -0.010723
v -0.054443 0.368478 -0.008943
v -0.051077 0.377728 -0.008943
v -0.047710 0.386977 -0.008943
v -0.044343 0.396226 -0.008943
v -0.040977 0.405476 -0.008943
v -0.037610 0.414725 -0.008943
v -0.034244 0.423975 -0.008943
v -0.030877 0.433224 -0.008943
v -0.057385 0.380024 -0.004671
v -0.054018 0.389273 -0.004671
v -0.050652 0.398522 -0.004671
v -0.047285 0.407772 -0.004671
v -0.043919 0.417021 -0.004671
v -0.040552 0.426271 -0.004671
v -0.037186 0.435520 -0.004671
v -0.058710 0.390981 0.001381
v -0.055343 0.400230 0.001381
v -0.051977 0.409479 0.001381
v -0.048610 0.418729 0.001381
v -0.045244 0.427978 0.001381
v -0.041877 0.437228 0.001381
v -0.057218 0.400912 0.007075
v -0.053852 0.410162 0.007075
v -0.050485 0.419411 0.007075
v -0.047119 0.428661 0.007075
v -0.043752 0.437910 0.007075
v -0.052256 0.409581 0.013149
v -0.048890 0.418831 0.013149
v -0.045523 0.428080 0.013149
v -0.042156 0.437329 0.013149
v -0.044478 0.417225 0.018865
v -0.041111 0.426474 0.018865
v -0.037745 0.435724 0.018865
v -0.030355 0.422559 0.016149
v -0.026989 0.431809 0.016149
v -0.017756 0.428448 0.007068
v 0.101690 0.395424 -0.007763
v 0.092440 0.398790 -0.007763
v 0.083191 0.402157 -0.007763
v 0.073941 0.405523 -0.007763
v 0.064692 0.408890 -0.007763
v 0.055442 0.412256 -0.007763
v 0.046193 0.415623 -0.007763
v 0.036943 0.418989 -0.007763
v 0.027602 0.422413 -0.007763
v 0.018689 0.425657 -0.007730
v 0.009189 0.429117 -0.007730
v 0.098588 0.386797 -0.009426
v 0.089318 0.390212 -0.009423
v 0.080069 0.393578 -0.009423
v 0.070819 0.396945 -0.009423
v 0.061570 0.400311 -0.009423
v 0.052320 0.403678 -0.009423
v 0.043071 0.407044 -0.009423
v 0.033821 0.410411 -0.009423
v 0.024572 0.413778 -0.009423
v 0.015322 0.417144 -0.009423
v 0.006073 0.420511 -0.009423
v 0.085599 0.379890 -0.009420
v 0.076329 0.383305 -0.009423
v 0.067080 0.386671 -0.009423
v 0.057830 0.390038 -0.009423
v 0.048581 0.393404 -0.009423
v 0.039331 0.396771 -0.009423
v 0.030082 0.400138 -0.009423
v 0.020833 0.403504 -0.009423
v 0.011583 0.406871 -0.009423
v 0.002334 0.410237 -0.009423
v 0.073232 0.374690 -0.007754
v 0.063958 0.378093 -0.007763
v 0.054708 0.381460 -0.007763
v 0.045459 0.384826 -0.007763
v 0.036209 0.388193 -0.007763
v 0.026960 0.391559 -0.007763
v 0.017710 0.394926 -0.007763
v 0.008461 0.398292 -0.007763
v -0.000789 0.401659 -0.007763
v 0.061772 0.371982 -0.003745
v 0.052496 0.375381 -0.003764
v 0.043246 0.378747 -0.003764
v 0.033997 0.382114 -0.003764
v 0.024747 0.385480 -0.003764
v 0.015498 0.388847 -0.003764
v 0.006248 0.392213 -0.003764
v -0.003001 0.395580 -0.003764
v -0.012251 0.398946 -0.003764
v 0.050929 0.370973 0.001917
v 0.041651 0.374364 0.001896
v 0.032401 0.377730 0.001896
v 0.023152 0.381097 0.001896
v 0.013902 0.384463 0.001896
v 0.004653 0.387830 0.001896
v -0.004597 0.391196 0.001896
v -0.013846 0.394563 0.001896
v 0.041062 0.372641 0.007194
v 0.031779 0.376020 0.007178
v 0.022529 0.379387 0.007177
v 0.013280 0.382753 0.007177
v 0.004030 0.386120 0.007177
v -0.005219 0.389486 0.007178
v -0.014469 0.392853 0.007178
v 0.032354 0.377497 0.012820
v 0.023067 0.380865 0.012798
v 0.013818 0.384231 0.012797
v 0.004568 0.387598 0.012798
v -0.004681 0.390964 0.012798
v -0.013931 0.394331 0.012797
v 0.024619 0.385024 0.018052
v 0.015329 0.388383 0.018039
v 0.006080 0.391750 0.018039
v -0.003170 0.395116 0.018039
v -0.012419 0.398483 0.018039
v 0.019213 0.398951 0.014977
v 0.009921 0.402303 0.014988
v 0.000671 0.405670 0.014988
v -0.008578 0.409037 0.014988
v 0.013267 0.411392 0.005811
v 0.003965 0.414720 0.005856
v -0.005284 0.418086 0.005856
v 0.008177 0.426187 -0.005499
v -0.001121 0.429525 -0.005454
v 0.001537 0.436751 -0.007184
v 0.110926 0.392021 -0.007777
v 0.101690 0.395424 -0.008943
v 0.092440 0.398790 -0.008943
v 0.083191 0.402157 -0.008943
v 0.073941 0.405523 -0.008943
v 0.064692 0.408890 -0.008943
v 0.055442 0.412256 -0.008943
v 0.046193 0.415623 -0.008943
v 0.036943 0.418989 -0.008943
v 0.027602 0.422413 -0.008943
v 0.018676 0.425662 -0.008969
v 0.008902 0.429222 -0.008969
v -0.012334 0.398717 -0.004671
v -0.014042 0.394025 0.001381
v -0.014724 0.392150 0.007075
v -0.014143 0.393746 0.013149
v -0.012538 0.398158 0.018865
v -0.008623 0.408914 0.016150
v -0.005262 0.418147 0.007068
v -0.001054 0.429710 -0.004330
v 0.001537 0.436751 -0.006005
v 0.098583 0.386761 -0.010727
v 0.110926 0.392020 -0.008958
v 0.085613 0.379906 -0.010719
v 0.073237 0.374683 -0.008931
v 0.061693 0.371745 -0.004647
v 0.050739 0.370430 0.001408
v 0.040813 0.371936 0.007096
v 0.032149 0.376913 0.013178
v 0.024510 0.384702 0.018883
v 0.019178 0.398832 0.016137
v 0.013300 0.411461 0.007015
v 0.008254 0.426378 -0.004383
v 0.089309 0.390186 -0.010722
v 0.080059 0.393552 -0.010722
v 0.070810 0.396919 -0.010722
v 0.061560 0.400285 -0.010722
v 0.052311 0.403652 -0.010722
v 0.043061 0.407018 -0.010722
v 0.033812 0.410385 -0.010722
v 0.024562 0.413752 -0.010722
v 0.015313 0.417118 -0.010722
v 0.006063 0.420485 -0.010722
v 0.076339 0.383331 -0.010722
v 0.067089 0.386697 -0.010722
v 0.057840 0.390064 -0.010722
v 0.048590 0.393431 -0.010722
v 0.039341 0.396797 -0.010722
v 0.030091 0.400164 -0.010722
v 0.020842 0.403530 -0.010723
v 0.011593 0.406897 -0.010723
v 0.002343 0.410263 -0.010723
v 0.063958 0.378093 -0.008943
v 0.054708 0.381460 -0.008943
v 0.045459 0.384826 -0.008943
v 0.036209 0.388193 -0.008943
v 0.026960 0.391559 -0.008943
v 0.017710 0.394926 -0.008943
v 0.008461 0.398292 -0.008943
v -0.000789 0.401659 -0.008943
v 0.052412 0.375151 -0.004671
v 0.043163 0.378518 -0.004671
v 0.033913 0.381884 -0.004671
v 0.024664 0.385251 -0.004671
v 0.015414 0.388617 -0.004671
v 0.006165 0.391984 -0.004671
v -0.003085 0.395350 -0.004671
v 0.041455 0.373827 0.001381
v 0.032206 0.377193 0.001381
v 0.022956 0.380560 0.001381
v 0.013707 0.383926 0.001381
v 0.004457 0.387293 0.001381
v -0.004792 0.390659 0.001381
v 0.031523 0.375318 0.007075
v 0.022274 0.378684 0.007075
v 0.013024 0.382051 0.007075
v 0.003775 0.385417 0.007075
v -0.005475 0.388784 0.007075
v 0.022855 0.380280 0.013149
v 0.013605 0.383647 0.013149
v 0.004356 0.387013 0.013149
v -0.004894 0.390380 0.013149
v 0.015211 0.388059 0.018865
v 0.005961 0.391425 0.018865
v -0.003288 0.394792 0.018865
v 0.009876 0.402181 0.016149
v 0.000627 0.405548 0.016149
v 0.003987 0.414780 0.007068
v 0.040515 0.543434 -0.007777
v 0.037113 0.534198 -0.007763
v 0.045740 0.531096 -0.009426
v 0.042324 0.521826 -0.009423
v 0.033746 0.524948 -0.007763
v 0.038958 0.512577 -0.009423
v 0.030380 0.515699 -0.007763
v 0.035591 0.503327 -0.009423
v 0.027013 0.506449 -0.007763
v 0.032225 0.494078 -0.009423
v 0.023647 0.497200 -0.007763
v 0.028858 0.484828 -0.009423
v 0.020280 0.487950 -0.007763
v 0.025492 0.475579 -0.009423
v 0.016914 0.478701 -0.007763
v 0.022125 0.466329 -0.009423
v 0.013547 0.469451 -0.007763
v 0.018759 0.457080 -0.009423
v 0.010109 0.460060 -0.007763
v 0.015392 0.447830 -0.009423
v 0.006865 0.451146 -0.009396
v 0.012026 0.438581 -0.009423
v 0.003312 0.441385 -0.009396
v 0.000081 0.432433 -0.007763
v 0.052647 0.518107 -0.009420
v 0.049231 0.508837 -0.009423
v 0.045865 0.499588 -0.009423
v 0.042498 0.490338 -0.009423
v 0.039132 0.481089 -0.009423
v 0.035765 0.471839 -0.009423
v 0.032399 0.462590 -0.009423
v 0.029032 0.453341 -0.009423
v 0.025666 0.444091 -0.009423
v 0.022299 0.434842 -0.009423
v 0.057846 0.505740 -0.007754
v 0.054443 0.496466 -0.007763
v 0.051077 0.487216 -0.007763
v 0.047710 0.477967 -0.007763
v 0.044343 0.468717 -0.007763
v 0.040977 0.459468 -0.007763
v 0.037610 0.450218 -0.007763
v 0.034244 0.440969 -0.007763
v 0.030877 0.431720 -0.007763
v 0.060554 0.494280 -0.003745
v 0.057156 0.485004 -0.003764
v 0.053789 0.475754 -0.003764
v 0.050422 0.466505 -0.003764
v 0.047056 0.457255 -0.003764
v 0.043689 0.448006 -0.003764
v 0.040323 0.438756 -0.003764
v 0.036956 0.429507 -0.003764
v 0.033590 0.420257 -0.003764
v 0.061563 0.483437 0.001917
v 0.058173 0.474159 0.001896
v 0.054806 0.464909 0.001896
v 0.051440 0.455660 0.001896
v 0.048073 0.446410 0.001896
v 0.044707 0.437161 0.001896
v 0.041340 0.427911 0.001896
v 0.037974 0.418662 0.001896
v 0.059895 0.473570 0.007194
v 0.056516 0.464287 0.007177
v 0.053150 0.455037 0.007177
v 0.049783 0.445788 0.007177
v 0.046417 0.436538 0.007177
v 0.043050 0.427289 0.007177
v 0.039684 0.418040 0.007177
v 0.055040 0.464862 0.012820
v 0.051671 0.455575 0.012797
v 0.048305 0.446326 0.012797
v 0.044938 0.437076 0.012797
v 0.041572 0.427827 0.012797
v 0.038205 0.418578 0.012797
v 0.047512 0.457127 0.018052
v 0.044153 0.447837 0.018039
v 0.040786 0.438588 0.018039
v 0.037420 0.429338 0.018039
v 0.034053 0.420089 0.018039
v 0.033586 0.451721 0.014977
v 0.030233 0.442429 0.014988
v 0.026866 0.433179 0.014988
v 0.023500 0.423930 0.014988
v 0.021144 0.445775 0.005811
v 0.017816 0.436473 0.005856
v 0.014450 0.427224 0.005856
v 0.006349 0.440685 -0.005499
v 0.003011 0.431387 -0.005454
v -0.004215 0.434045 -0.007184
v 0.037113 0.534198 -0.008943
v 0.040516 0.543434 -0.008958
v 0.033746 0.524948 -0.008943
v 0.030380 0.515699 -0.008943
v 0.027013 0.506449 -0.008943
v 0.023647 0.497200 -0.008943
v 0.020280 0.487950 -0.008943
v 0.016914 0.478701 -0.008943
v 0.013547 0.469451 -0.008943
v 0.010109 0.460060 -0.008943
v 0.033819 0.420174 -0.004671
v 0.038511 0.418466 0.001381
v 0.040386 0.417784 0.007075
v 0.038790 0.418365 0.013149
v 0.034378 0.419971 0.018865
v 0.023622 0.423886 0.016150
v 0.014390 0.427246 0.007068
v 0.002826 0.431455 -0.004330
v -0.004215 0.434045 -0.006005
v 0.045775 0.531090 -0.010727
v 0.052630 0.518121 -0.010719
v 0.057854 0.505745 -0.008931
v 0.060791 0.494201 -0.004647
v 0.062106 0.483247 0.001408
v 0.060600 0.473321 0.007096
v 0.055624 0.464657 0.013178
v 0.047835 0.457018 0.018883
v 0.033705 0.451686 0.016137
v 0.021075 0.445808 0.007015
v 0.006158 0.440762 -0.004383
v 0.042350 0.521816 -0.010723
v 0.038984 0.512567 -0.010723
v 0.035617 0.503318 -0.010723
v 0.032251 0.494068 -0.010723
v 0.028884 0.484819 -0.010723
v 0.025518 0.475569 -0.010723
v 0.022151 0.466320 -0.010723
v 0.018785 0.457070 -0.010723
v 0.015418 0.447821 -0.010723
v 0.006860 0.451133 -0.010635
v 0.012052 0.438571 -0.012327
v 0.003317 0.441398 -0.010635
v 0.000081 0.432433 -0.008943
v 0.049205 0.508847 -0.010723
v 0.045839 0.499597 -0.010723
v 0.042472 0.490348 -0.010723
v 0.039106 0.481098 -0.010723
v 0.035739 0.471849 -0.010723
v 0.032373 0.462599 -0.010723
v 0.029006 0.453350 -0.010723
v 0.025640 0.444101 -0.010723
v 0.022273 0.434851 -0.010723
v 0.054443 0.496466 -0.008943
v 0.051077 0.487216 -0.008943
v 0.047710 0.477967 -0.008943
v 0.044343 0.468717 -0.008943
v 0.040977 0.459468 -0.008943
v 0.037610 0.450218 -0.008943
v 0.034244 0.440969 -0.008943
v 0.030877 0.431720 -0.008943
v 0.057385 0.484920 -0.004671
v 0.054018 0.475671 -0.004671
v 0.050652 0.466421 -0.004671
v 0.047285 0.457172 -0.004671
v 0.043919 0.447922 -0.004671
v 0.040552 0.438673 -0.004671
v 0.037186 0.429423 -0.004671
v 0.058710 0.473963 0.001381
v 0.055343 0.464714 0.001381
v 0.051977 0.455464 0.001381
v 0.048610 0.446215 0.001381
v 0.045244 0.436965 0.001381
v 0.041877 0.427716 0.001381
v 0.057218 0.464031 0.007075
v 0.053852 0.454782 0.007075
v 0.050485 0.445532 0.007075
v 0.047119 0.436283 0.007075
v 0.043752 0.427033 0.007075
v 0.052256 0.455363 0.013149
v 0.048890 0.446113 0.013149
v 0.045523 0.436864 0.013149
v 0.042156 0.427614 0.013149
v 0.044478 0.447719 0.018865
v 0.041111 0.438469 0.018865
v 0.037745 0.429220 0.018865
v 0.030355 0.442384 0.016149
v 0.026989 0.433135 0.016149
v 0.017756 0.436495 0.007068
v -0.110926 0.472923 -0.007777
v -0.101690 0.469520 -0.007763
v -0.098588 0.478147 -0.009426
v -0.089318 0.474732 -0.009423
v -0.092440 0.466154 -0.007763
v -0.080068 0.471365 -0.009423
v -0.083191 0.462787 -0.007763
v -0.070819 0.467999 -0.009423
v -0.073941 0.459421 -0.007763
v -0.061570 0.464632 -0.009423
v -0.064692 0.456054 -0.007763
v -0.052320 0.461266 -0.009423
v -0.055442 0.452687 -0.007763
v -0.043071 0.457899 -0.009423
v -0.046193 0.449321 -0.007763
v -0.033821 0.454533 -0.009423
v -0.036943 0.445954 -0.007763
v -0.024572 0.451166 -0.009423
v -0.015322 0.447800 -0.009423
v -0.006073 0.444433 -0.009423
v -0.085599 0.485054 -0.009420
v -0.076329 0.481639 -0.009423
v -0.067080 0.478272 -0.009423
v -0.057830 0.474906 -0.009423
v -0.048581 0.471539 -0.009423
v -0.039331 0.468173 -0.009423
v -0.030082 0.464806 -0.009423
v -0.020833 0.461440 -0.009423
v -0.011583 0.458073 -0.009423
v -0.002334 0.454706 -0.009423
v -0.073232 0.490253 -0.007754
v -0.063958 0.486850 -0.007763
v -0.054708 0.483484 -0.007763
v -0.045459 0.480117 -0.007763
v -0.036209 0.476751 -0.007763
v -0.026960 0.473384 -0.007763
v -0.017710 0.470018 -0.007763
v -0.008461 0.466651 -0.007763
v 0.000789 0.463285 -0.007763
v -0.061772 0.492961 -0.003745
v -0.052496 0.489563 -0.003764
v -0.043246 0.486196 -0.003764
v -0.033997 0.482830 -0.003764
v -0.024747 0.479463 -0.003764
v -0.015498 0.476097 -0.003764
v -0.006248 0.472730 -0.003764
v 0.003001 0.469364 -0.003764
v 0.012251 0.465997 -0.003764
v -0.050929 0.493971 0.001918
v -0.041651 0.490580 0.001896
v -0.032401 0.487214 0.001896
v -0.023152 0.483847 0.001896
v -0.013902 0.480481 0.001896
v -0.004653 0.477114 0.001896
v 0.004597 0.473748 0.001896
v 0.013846 0.470381 0.001896
v -0.041062 0.492303 0.007194
v -0.031779 0.488924 0.007178
v -0.022529 0.485557 0.007178
v -0.013280 0.482191 0.007178
v -0.004030 0.478824 0.007178
v 0.005219 0.475458 0.007178
v 0.014469 0.472091 0.007178
v -0.032354 0.487447 0.012820
v -0.023067 0.484079 0.012798
v -0.013818 0.480712 0.012798
v -0.004568 0.477346 0.012798
v 0.004681 0.473979 0.012798
v 0.013931 0.470613 0.012798
v -0.024619 0.479920 0.018052
v -0.015329 0.476560 0.018039
v -0.006080 0.473194 0.018039
v 0.003170 0.469827 0.018039
v 0.012419 0.466461 0.018039
v -0.019213 0.465993 0.014977
v -0.009921 0.462640 0.014988
v -0.000671 0.459274 0.014988
v 0.008578 0.455907 0.014988
v -0.013267 0.453551 0.005811
v -0.003965 0.450224 0.005856
v 0.005284 0.446857 0.005856
v -0.008177 0.438756 -0.005499
v 0.001121 0.435419 -0.005454
v -0.001537 0.428192 -0.007184
v -0.101690 0.469520 -0.008943
v -0.110926 0.472923 -0.008958
v -0.092440 0.466154 -0.008943
v -0.083191 0.462787 -0.008943
v -0.073941 0.459421 -0.008943
v -0.064692 0.456054 -0.008943
v -0.055442 0.452687 -0.008943
v -0.046193 0.449321 -0.008943
v -0.036943 0.445954 -0.008943
v -0.027526 0.442498 -0.008943
v 0.012334 0.466227 -0.004671
v 0.014042 0.470918 0.001381
v 0.014724 0.472793 0.007075
v 0.014143 0.471198 0.013149
v 0.012538 0.466786 0.018865
v 0.008623 0.456030 0.016150
v 0.005262 0.446797 0.007068
v 0.001054 0.435234 -0.004330
v -0.001537 0.428192 -0.006005
v -0.098583 0.478183 -0.010727
v -0.085613 0.485038 -0.010719
v -0.073237 0.490261 -0.008931
v -0.061693 0.493199 -0.004647
v -0.050739 0.494514 0.001408
v -0.040813 0.493007 0.007096
v -0.032149 0.488031 0.013178
v -0.024510 0.480242 0.018883
v -0.019178 0.466112 0.016137
v -0.013300 0.453483 0.007015
v -0.008254 0.438565 -0.004383
v -0.089309 0.474758 -0.010722
v -0.080059 0.471391 -0.010722
v -0.070810 0.468025 -0.010722
v -0.061560 0.464658 -0.010722
v -0.052311 0.461292 -0.010722
v -0.043061 0.457925 -0.010722
v -0.033812 0.454559 -0.010722
v -0.024562 0.451192 -0.010722
v -0.015313 0.447826 -0.010722
v -0.006063 0.444459 -0.010722
v -0.076339 0.481613 -0.010722
v -0.067089 0.478246 -0.010722
v -0.057840 0.474880 -0.010722
v -0.048590 0.471513 -0.010722
v -0.039341 0.468147 -0.010722
v -0.030091 0.464780 -0.010722
v -0.020842 0.461414 -0.010722
v -0.011593 0.458047 -0.010722
v -0.002343 0.454681 -0.010722
v -0.063958 0.486850 -0.008943
v -0.054708 0.483484 -0.008943
v -0.045459 0.480117 -0.008943
v -0.036209 0.476751 -0.008943
v -0.026960 0.473384 -0.008943
v -0.017710 0.470018 -0.008943
v -0.008461 0.466651 -0.008943
v 0.000789 0.463285 -0.008943
v -0.052412 0.489792 -0.004671
v -0.043163 0.486426 -0.004671
v -0.033913 0.483059 -0.004671
v -0.024664 0.479693 -0.004671
v -0.015414 0.476326 -0.004671
v -0.006165 0.472960 -0.004671
v 0.003085 0.469593 -0.004671
v -0.041455 0.491117 0.001381
v -0.032206 0.487751 0.001381
v -0.022956 0.484384 0.001381
v -0.013707 0.481018 0.001381
v -0.004457 0.477651 0.001381
v 0.004792 0.474285 0.001381
v -0.031523 0.489626 0.007075
v -0.022274 0.486259 0.007075
v -0.013024 0.482893 0.007075
v -0.003775 0.479526 0.007075
v 0.005475 0.476160 0.007075
v -0.022855 0.484663 0.013149
v -0.013605 0.481297 0.013149
v -0.004356 0.477930 0.013149
v 0.004894 0.474564 0.013149
v -0.015211 0.476885 0.018865
v -0.005961 0.473519 0.018865
v 0.003288 0.470152 0.018865
v -0.009876 0.462763 0.016149
v -0.000627 0.459396 0.016149
v -0.003987 0.450164 0.007068
vn -0.1680 0.0604 0.9839
vn -0.1679 0.0609 0.9839
vn -0.1242 0.0452 0.9912
vn -0.0844 0.0307 0.9960
vn -0.1681 0.0612 0.9839
vn -0.1680 0.0612 0.9839
vn -0.0843 0.0307 0.9960
vn 0.0029 0.2166 0.9763
vn -0.0137 0.0280 0.9995
vn 0.0307 0.0794 0.9964
vn -0.0286 -0.0788 0.9965
vn -0.0282 -0.0818 0.9963
vn 0.0018 0.0045 1.0000
vn -0.0579 -0.1588 0.9856
vn 0.0421 -0.0154 0.9990
vn 0.0845 -0.0308 0.9959
vn 0.0844 -0.0307 0.9960
vn 0.0425 -0.0822 0.9957
vn 0.0006 0.0067 1.0000
vn 0.2422 -0.0882 0.9662
vn 0.3371 -0.1227 0.9334
vn 0.3370 -0.1227 0.9335
vn 0.3375 -0.1217 0.9334
vn 0.1744 0.0126 0.9846
vn 0.5470 -0.1991 0.8131
vn 0.6180 -0.2249 0.7533
vn 0.6179 -0.2249 0.7534
vn 0.6199 -0.2238 0.7521
vn 0.7603 -0.2768 0.5876
vn 0.8200 -0.2984 0.4884
vn 0.8198 -0.2984 0.4887
vn 0.9146 -0.3329 0.2296
vn 0.9393 -0.3419 0.0292
vn 0.9393 -0.3419 0.0295
vn 0.9393 -0.3419 0.0294
vn 0.8815 -0.3209 -0.3464
vn 0.8305 -0.3023 -0.4680
vn 0.8306 -0.3023 -0.4677
vn 0.5331 -0.1944 -0.8234
vn 0.2800 -0.1024 -0.9545
vn 0.2800 -0.1019 -0.9546
vn -0.3729 0.1351 -0.9180
vn -0.4602 0.1672 -0.8719
vn -0.4604 0.1676 -0.8717
vn -0.6444 0.2339 -0.7280
vn -0.6432 0.2339 -0.7291
vn -0.6431 0.2341 -0.7291
vn -0.5475 0.2003 -0.8125
vn -0.4384 0.1615 -0.8841
vn -0.2048 0.0782 -0.9757
vn 0.9390 -0.3439 -0.0000
vn 0.1270 -0.9919 -0.0002
vn -0.0785 -0.9969 0.0017
vn 0.9397 -0.3420 -0.0000
vn 0.9394 -0.3429 -0.0000
vn 0.9363 -0.3513 -0.0000
vn -0.9449 0.3273 0.0002
vn 0.3402 0.9403 0.0007
vn 0.3410 0.9401 0.0003
vn 0.3269 0.9444 0.0362
vn 0.3407 0.9401 0.0044
vn 0.3421 0.9397 -0.0000
vn 0.3420 0.9397 -0.0000
vn 0.3433 0.9392 -0.0002
vn 0.3440 0.9390 -0.0003
vn 0.9869 0.1614 -0.0001
vn 0.9988 0.0477 -0.0105
vn -0.9036 -0.4278 0.0224
vn -0.9017 -0.4317 0.0221
vn -0.9049 -0.4256 -0.0062
vn -0.9030 -0.4297 -0.0065
vn -0.9535 -0.3013 0.0071
vn -0.9449 -0.3272 0.0127
vn -0.9424 -0.2521 0.2199
vn -0.9328 -0.2773 0.2302
vn -0.7124 -0.3152 0.6270
vn -0.6969 -0.3366 0.6333
vn -0.2802 -0.4264 0.8600
vn -0.2619 -0.4369 0.8605
vn 0.2026 -0.6563 0.7268
vn 0.2201 -0.6639 0.7147
vn 0.4628 -0.8349 0.2979
vn 0.4758 -0.8310 0.2882
vn 0.4356 -0.8970 0.0752
vn 0.3994 -0.9143 0.0666
vn 0.3289 -0.9434 -0.0423
vn 0.3616 -0.9312 -0.0471
vn 0.4070 -0.9040 -0.1307
vn 0.3626 -0.9239 -0.1220
vn 0.1790 -0.0644 -0.9817
vn 0.1325 -0.0482 -0.9900
vn 0.1790 -0.0649 -0.9817
vn 0.0900 -0.0327 -0.9954
vn 0.1792 -0.0652 -0.9816
vn 0.0900 -0.0328 -0.9954
vn 0.1791 -0.0653 -0.9817
vn 0.0899 -0.0328 -0.9954
vn -0.0005 -0.2240 -0.9746
vn -0.0232 -0.0817 -0.9964
vn -0.0197 -0.1088 -0.9939
vn 0.0380 0.0729 -0.9966
vn 0.0979 0.0821 -0.9918
vn 0.0393 0.0393 -0.9985
vn 0.0601 0.1641 -0.9846
vn -0.0451 0.0165 -0.9988
vn -0.0902 0.0328 -0.9954
vn -0.0901 0.0328 -0.9954
vn -0.1027 0.0870 -0.9909
vn -0.0151 0.0190 -0.9997
vn -0.2554 0.0930 -0.9623
vn -0.3481 0.1267 -0.9289
vn -0.3480 0.1267 -0.9289
vn -0.3490 0.1248 -0.9288
vn -0.2987 0.1521 -0.9422
vn -0.5572 0.2028 -0.8052
vn -0.6224 0.2266 -0.7492
vn -0.6223 0.2265 -0.7492
vn -0.6224 0.2265 -0.7492
vn -0.6258 0.2246 -0.7469
vn -0.7619 0.2774 -0.5853
vn -0.8187 0.2980 -0.4909
vn -0.8185 0.2979 -0.4912
vn -0.9151 0.3331 -0.2273
vn -0.9392 0.3418 -0.0319
vn -0.9392 0.3418 -0.0322
vn -0.8807 0.3206 0.3486
vn -0.8333 0.3033 0.4622
vn -0.8334 0.3033 0.4619
vn -0.8335 0.3033 0.4619
vn -0.5421 0.1978 0.8167
vn -0.3002 0.1098 0.9475
vn -0.3002 0.1092 0.9476
vn 0.3504 -0.1267 0.9280
vn 0.4416 -0.1603 0.8828
vn 0.4418 -0.1608 0.8826
vn 0.6382 -0.2315 0.7343
vn 0.6383 -0.2321 0.7340
vn 0.6382 -0.2323 0.7340
vn 0.5476 -0.2005 0.8124
vn 0.4373 -0.1615 0.8847
vn 0.2033 -0.0784 0.9760
vn -0.0604 -0.1680 0.9839
vn -0.0609 -0.1679 0.9839
vn -0.0452 -0.1243 0.9912
vn -0.0307 -0.0844 0.9960
vn -0.0612 -0.1681 0.9839
vn -0.0613 -0.1680 0.9839
vn -0.0307 -0.0842 0.9960
vn -0.1744 -0.0126 0.9846
vn -0.0307 -0.0856 0.9959
vn -0.0006 -0.0068 1.0000
vn -0.0287 -0.0878 0.9957
vn -0.0018 -0.0046 1.0000
vn 0.0154 0.0421 0.9990
vn 0.0308 0.0845 0.9959
vn 0.0307 0.0844 0.9960
vn 0.0316 0.0835 0.9960
vn 0.0882 0.2422 0.9662
vn 0.1227 0.3372 0.9334
vn 0.1227 0.3370 0.9335
vn 0.1212 0.3378 0.9334
vn 0.1991 0.5470 0.8131
vn 0.2249 0.6180 0.7533
vn 0.2249 0.6179 0.7534
vn 0.2233 0.6210 0.7513
vn 0.2768 0.7603 0.5876
vn 0.2984 0.8200 0.4884
vn 0.2984 0.8198 0.4887
vn 0.3329 0.9146 0.2296
vn 0.3419 0.9393 0.0292
vn 0.3419 0.9393 0.0295
vn 0.3419 0.9393 0.0294
vn 0.3209 0.8815 -0.3465
vn 0.3023 0.8305 -0.4680
vn 0.3023 0.8306 -0.4677
vn 0.1944 0.5331 -0.8234
vn 0.1024 0.2800 -0.9545
vn 0.1019 0.2800 -0.9546
vn -0.1351 -0.3729 -0.9180
vn -0.1672 -0.4602 -0.8719
vn -0.1676 -0.4604 -0.8717
vn -0.2339 -0.6444 -0.7280
vn -0.2339 -0.6432 -0.7291
vn -0.2341 -0.6431 -0.7291
vn -0.2002 -0.5475 -0.8125
vn -0.1615 -0.4384 -0.8841
vn -0.0782 -0.2048 -0.9757
vn 0.3439 0.9390 -0.0000
vn 0.9919 0.1270 -0.0002
vn 0.9969 -0.0785 0.0017
vn 0.3431 0.9393 -0.0000
vn 0.3533 0.9355 -0.0000
vn -0.3240 -0.9460 0.0002
vn -0.9403 0.3405 0.0004
vn -0.9400 0.3412 0.0003
vn -0.9397 0.3420 -0.0000
vn -0.9392 0.3433 -0.0002
vn -0.9390 0.3440 -0.0003
vn -0.1614 0.9869 -0.0001
vn -0.0477 0.9988 -0.0105
vn 0.4278 -0.9036 0.0223
vn 0.4317 -0.9017 0.0221
vn 0.4256 -0.9049 -0.0063
vn 0.4297 -0.9030 -0.0065
vn 0.3013 -0.9535 0.0071
vn 0.3272 -0.9449 0.0127
vn 0.2521 -0.9424 0.2199
vn 0.2773 -0.9328 0.2302
vn 0.3152 -0.7124 0.6270
vn 0.3366 -0.6969 0.6333
vn 0.4264 -0.2802 0.8600
vn 0.4369 -0.2619 0.8606
vn 0.6563 0.2026 0.7268
vn 0.6639 0.2201 0.7147
vn 0.8349 0.4628 0.2980
vn 0.8310 0.4758 0.2883
vn 0.8970 0.4356 0.0753
vn 0.9143 0.3994 0.0666
vn 0.9434 0.3289 -0.0423
vn 0.9312 0.3616 -0.0471
vn 0.9040 0.4070 -0.1307
vn 0.9239 0.3626 -0.1220
vn 0.0644 0.1790 -0.9817
vn 0.0482 0.1325 -0.9900
vn 0.0649 0.1790 -0.9817
vn 0.0328 0.0900 -0.9954
vn 0.0652 0.1792 -0.9816
vn 0.0653 0.1791 -0.9817
vn 0.0328 0.0899 -0.9954
vn 0.1819 0.0149 -0.9832
vn 0.0327 0.0887 -0.9955
vn 0.0152 -0.0190 -0.9997
vn 0.0269 0.0913 -0.9955
vn -0.0392 -0.0414 -0.9984
vn -0.0165 -0.0451 -0.9988
vn -0.0328 -0.0902 -0.9954
vn -0.0328 -0.0901 -0.9954
vn -0.0354 -0.0876 -0.9955
vn -0.0930 -0.2554 -0.9623
vn -0.1267 -0.3481 -0.9289
vn -0.1267 -0.3480 -0.9289
vn -0.1251 -0.3488 -0.9288
vn -0.2028 -0.5572 -0.8052
vn -0.2266 -0.6224 -0.7492
vn -0.2265 -0.6223 -0.7492
vn -0.2265 -0.6224 -0.7492
vn -0.2249 -0.6253 -0.7473
vn -0.2774 -0.7619 -0.5853
vn -0.2980 -0.8187 -0.4909
vn -0.2979 -0.8185 -0.4912
vn -0.3331 -0.9151 -0.2273
vn -0.3418 -0.9392 -0.0319
vn -0.3418 -0.9392 -0.0322
vn -0.3206 -0.8807 0.3486
vn -0.3033 -0.8333 0.4622
vn -0.3033 -0.8334 0.4619
vn -0.3033 -0.8335 0.4619
vn -0.1978 -0.5421 0.8167
vn -0.1098 -0.3002 0.9475
vn -0.1092 -0.3002 0.9476
vn 0.1267 0.3504 0.9280
vn 0.1603 0.4416 0.8828
vn 0.1608 0.4418 0.8826
vn 0.2315 0.6382 0.7343
vn 0.2321 0.6383 0.7340
vn 0.2323 0.6382 0.7340
vn 0.2005 0.5476 0.8124
vn 0.1615 0.4373 0.8847
vn 0.0784 0.2033 0.9760
vn 0.1680 -0.0604 0.9839
vn 0.1679 -0.0609 0.9839
vn 0.1243 -0.0452 0.9912
vn 0.1681 -0.0612 0.9839
vn 0.1680 -0.0612 0.9839
vn 0.0843 -0.0307 0.9960
vn -0.0029 -0.2166 0.9763
vn 0.0137 -0.0280 0.9995
vn -0.0307 -0.0794 0.9964
vn 0.0286 0.0788 0.9965
vn 0.0282 0.0818 0.9963
vn 0.0581 0.1587 0.9856
vn -0.0421 0.0154 0.9990
vn -0.0845 0.0308 0.9959
vn -0.0425 0.0822 0.9957
vn -0.2422 0.0882 0.9662
vn -0.3372 0.1227 0.9334
vn -0.3370 0.1227 0.9335
vn -0.3375 0.1217 0.9334
vn -0.5470 0.1991 0.8131
vn -0.6180 0.2249 0.7533
vn -0.6179 0.2249 0.7534
vn -0.6199 0.2238 0.7521
vn -0.7603 0.2768 0.5876
vn -0.8200 0.2984 0.4884
vn -0.8198 0.2984 0.4887
vn -0.9146 0.3329 0.2296
vn -0.9393 0.3419 0.0292
vn -0.9393 0.3419 0.0294
vn -0.8815 0.3209 -0.3464
vn -0.8305 0.3023 -0.4680
vn -0.8306 0.3023 -0.4677
vn -0.5331 0.1944 -0.8234
vn -0.2800 0.1024 -0.9545
vn -0.2800 0.1019 -0.9546
vn 0.3729 -0.1351 -0.9180
vn 0.4602 -0.1672 -0.8719
vn 0.4604 -0.1676 -0.8717
vn 0.6444 -0.2339 -0.7280
vn 0.6432 -0.2339 -0.7291
vn 0.6431 -0.2341 -0.7291
vn 0.5475 -0.2003 -0.8125
vn 0.4384 -0.1615 -0.8841
vn 0.2048 -0.0782 -0.9757
vn -0.9390 0.3439 -0.0000
vn -0.1270 0.9919 -0.0002
vn 0.0785 0.9969 0.0017
vn -0.9394 0.3429 -0.0000
vn -0.9363 0.3513 -0.0000
vn 0.9449 -0.3272 0.0001
vn -0.3401 -0.9404 0.0005
vn -0.3410 -0.9401 0.0003
vn -0.3420 -0.9397 -0.0000
vn -0.3434 -0.9392 -0.0002
vn -0.3440 -0.9390 -0.0003
vn -0.9869 -0.1614 -0.0001
vn -0.9988 -0.0477 -0.0105
vn 0.9036 0.4278 0.0223
vn 0.9017 0.4317 0.0220
vn 0.9049 0.4256 -0.0062
vn 0.9030 0.4297 -0.0065
vn 0.9535 0.3013 0.0071
vn 0.9449 0.3272 0.0127
vn 0.9424 0.2521 0.2199
vn 0.9328 0.2773 0.2302
vn 0.7124 0.3152 0.6270
vn 0.6969 0.3366 0.6333
vn 0.2802 0.4264 0.8600
vn 0.2619 0.4369 0.8605
vn -0.2026 0.6563 0.7268
vn -0.2201 0.6639 0.7147
vn -0.4628 0.8349 0.2980
vn -0.4758 0.8310 0.2883
vn -0.4356 0.8970 0.0753
vn -0.3994 0.9143 0.0666
vn -0.3289 0.9434 -0.0423
vn -0.3615 0.9312 -0.0471
vn -0.4070 0.9040 -0.1307
vn -0.3626 0.9239 -0.1220
vn -0.1790 0.0644 -0.9817
vn -0.1325 0.0482 -0.9900
vn -0.1790 0.0649 -0.9817
vn -0.0900 0.0328 -0.9954
vn -0.1792 0.0652 -0.9816
vn -0.1791 0.0653 -0.9817
vn -0.0899 0.0328 -0.9954
vn 0.0005 0.2240 -0.9746
vn 0.0232 0.0817 -0.9964
vn 0.0197 0.1088 -0.9939
vn -0.0400 -0.0745 -0.9964
vn -0.0971 -0.0829 -0.9918
vn -0.0599 -0.1642 -0.9846
vn 0.0451 -0.0165 -0.9988
vn 0.0902 -0.0328 -0.9954
vn 0.0901 -0.0328 -0.9954
vn 0.1028 -0.0871 -0.9909
vn 0.2554 -0.0930 -0.9623
vn 0.3481 -0.1267 -0.9289
vn 0.3480 -0.1267 -0.9289
vn 0.3485 -0.1256 -0.9288
vn 0.5572 -0.2028 -0.8052
vn 0.6224 -0.2266 -0.7492
vn 0.6223 -0.2265 -0.7492
vn 0.6224 -0.2265 -0.7492
vn 0.6243 -0.2254 -0.7480
vn 0.7619 -0.2774 -0.5853
vn 0.8187 -0.2980 -0.4909
vn 0.8185 -0.2979 -0.4912
vn 0.9151 -0.3331 -0.2273
vn 0.9392 -0.3418 -0.0319
vn 0.9392 -0.3418 -0.0322
vn 0.8807 -0.3206 0.3486
vn 0.8333 -0.3033 0.4622
vn 0.8334 -0.3033 0.4619
vn 0.8335 -0.3033 0.4619
vn 0.5421 -0.1978 0.8167
vn 0.3002 -0.1098 0.9475
vn 0.3002 -0.1092 0.9476
vn -0.3504 0.1267 0.9280
vn -0.4416 0.1603 0.8828
vn -0.4418 0.1608 0.8826
vn -0.6382 0.2315 0.7343
vn -0.6383 0.2321 0.7340
vn -0.6382 0.2323 0.7340
vn -0.5476 0.2005 0.8124
vn -0.4373 0.1615 0.8847
vn -0.2033 0.0784 0.9760
vn 0.0604 0.1680 0.9839
vn 0.0609 0.1679 0.9839
vn 0.0452 0.1242 0.9912
vn 0.0612 0.1681 0.9839
vn 0.0613 0.1680 0.9839
vn 0.0307 0.0842 0.9960
vn 0.0307 0.0856 0.9959
vn 0.0288 0.0877 0.9957
vn -0.0154 -0.0422 0.9990
vn -0.0308 -0.0845 0.9959
vn -0.0316 -0.0835 0.9960
vn -0.0882 -0.2422 0.9662
vn -0.1227 -0.3372 0.9334
vn -0.1227 -0.3370 0.9335
vn -0.1212 -0.3378 0.9334
vn -0.1991 -0.5470 0.8131
vn -0.2249 -0.6180 0.7533
vn -0.2249 -0.6179 0.7534
vn -0.2233 -0.6210 0.7513
vn -0.2768 -0.7603 0.5876
vn -0.2984 -0.8200 0.4884
vn -0.2984 -0.8198 0.4887
vn -0.3329 -0.9146 0.2296
vn -0.3419 -0.9393 0.0292
vn -0.3419 -0.9393 0.0294
vn -0.3209 -0.8815 -0.3465
vn -0.3023 -0.8305 -0.4680
vn -0.3023 -0.8306 -0.4677
vn -0.1944 -0.5331 -0.8234
vn -0.1024 -0.2800 -0.9545
vn -0.1019 -0.2800 -0.9546
vn 0.1351 0.3729 -0.9180
vn 0.1672 0.4602 -0.8719
vn 0.1676 0.4604 -0.8717
vn 0.2339 0.6444 -0.7280
vn 0.2339 0.6432 -0.7291
vn 0.2341 0.6431 -0.7291
vn 0.2002 0.5475 -0.8125
vn 0.1615 0.4384 -0.8841
vn 0.0782 0.2048 -0.9757
vn -0.3439 -0.9390 -0.0000
vn -0.9919 -0.1270 -0.0002
vn -0.9969 0.0785 0.0017
vn -0.3433 -0.9392 -0.0000
vn -0.3433 -0.9392 0.0002
vn -0.3442 -0.9389 0.0038
vn 0.9403 -0.3405 0.0004
vn 0.9400 -0.3412 0.0003
vn 0.9392 -0.3433 -0.0002
vn 0.9390 -0.3440 -0.0003
vn 0.1614 -0.9869 -0.0001
vn 0.0477 -0.9988 -0.0105
vn -0.4278 0.9036 0.0224
vn -0.4317 0.9017 0.0221
vn -0.4256 0.9049 -0.0062
vn -0.4297 0.9030 -0.0065
vn -0.3013 0.9535 0.0071
vn -0.3272 0.9449 0.0127
vn -0.2521 0.9424 0.2198
vn -0.2773 0.9328 0.2302
vn -0.3152 0.7124 0.6270
vn -0.3366 0.6969 0.6333
vn -0.4264 0.2801 0.8600
vn -0.4369 0.2618 0.8606
vn -0.6563 -0.2026 0.7268
vn -0.6639 -0.2201 0.7147
vn -0.8349 -0.4628 0.2980
vn -0.8310 -0.4758 0.2883
vn -0.8970 -0.4356 0.0753
vn -0.9143 -0.3994 0.0666
vn -0.9434 -0.3289 -0.0423
vn -0.9312 -0.3616 -0.0471
vn -0.9040 -0.4070 -0.1307
vn -0.9239 -0.3626 -0.1219
vn -0.0644 -0.1790 -0.9817
vn -0.0482 -0.1325 -0.9900
vn -0.0649 -0.1790 -0.9817
vn -0.0328 -0.0900 -0.9954
vn -0.0652 -0.1792 -0.9816
vn -0.0653 -0.1791 -0.9817
vn -0.0328 -0.0898 -0.9954
vn -0.0657 -0.1778 -0.9819
vn -0.0326 -0.0887 -0.9955
vn -0.0270 -0.0911 -0.9955
vn 0.0165 0.0451 -0.9988
vn 0.0328 0.0902 -0.9954
vn 0.0328 0.0901 -0.9954
vn 0.0354 0.0876 -0.9955
vn 0.0930 0.2554 -0.9623
vn 0.1267 0.3481 -0.9289
vn 0.1267 0.3480 -0.9289
vn 0.1251 0.3488 -0.9288
vn 0.2028 0.5572 -0.8052
vn 0.2266 0.6224 -0.7492
vn 0.2265 0.6223 -0.7492
vn 0.2265 0.6224 -0.7492
vn 0.2249 0.6253 -0.7473
vn 0.2774 0.7619 -0.5853
vn 0.2980 0.8187 -0.4909
vn 0.2979 0.8185 -0.4912
vn 0.3331 0.9151 -0.2273
vn 0.3418 0.9392 -0.0319
vn 0.3418 0.9392 -0.0322
vn 0.3206 0.8807 0.3486
vn 0.3033 0.8333 0.4622
vn 0.3033 0.8334 0.4619
vn 0.3034 0.8334 0.4619
vn 0.3033 0.8335 0.4619
vn 0.1978 0.5421 0.8167
vn 0.1098 0.3002 0.9475
vn 0.1093 0.3002 0.9476
vn 0.1092 0.3002 0.9476
vn -0.1267 -0.3504 0.9280
vn -0.1603 -0.4416 0.8828
vn -0.1608 -0.4418 0.8826
vn -0.2315 -0.6382 0.7343
vn -0.2321 -0.6383 0.7340
vn -0.2323 -0.6382 0.7340
vn -0.2005 -0.5476 0.8124
vn -0.1615 -0.4373 0.8847
vn -0.0784 -0.2033 0.9760
vt 0.548136 0.993259
vt 0.585603 0.993286
vt 0.585369 0.971835
vt 0.622973 0.971862
vt 0.623071 0.993223
vt 0.660441 0.971799
vt 0.660538 0.993160
vt 0.697908 0.971736
vt 0.698005 0.993097
vt 0.735375 0.971673
vt 0.735472 0.993034
vt 0.772842 0.971611
vt 0.772939 0.992972
vt 0.810309 0.971548
vt 0.810407 0.992909
vt 0.847777 0.971485
vt 0.847874 0.992846
vt 0.885244 0.971422
vt 0.886058 0.992846
vt 0.922711 0.971359
vt 0.922166 0.992785
vt 0.960178 0.971296
vt 0.960275 0.992657
vt 0.997711 0.970425
vt 0.997909 0.992695
vt 0.622720 0.946189
vt 0.660324 0.946217
vt 0.697792 0.946154
vt 0.735259 0.946091
vt 0.772726 0.946028
vt 0.810193 0.945965
vt 0.847660 0.945902
vt 0.885127 0.945839
vt 0.922595 0.945776
vt 0.960062 0.945714
vt 0.997601 0.946117
vt 0.660107 0.926267
vt 0.697710 0.926082
vt 0.735175 0.925835
vt 0.772640 0.925588
vt 0.810105 0.925341
vt 0.847570 0.925094
vt 0.885035 0.924847
vt 0.922500 0.924600
vt 0.959965 0.924353
vt 0.997500 0.923921
vt 0.696690 0.898566
vt 0.734294 0.898269
vt 0.771757 0.897837
vt 0.809220 0.897406
vt 0.846683 0.896975
vt 0.884146 0.896544
vt 0.921609 0.896113
vt 0.959072 0.895681
vt 0.996536 0.895250
vt 0.732888 0.857547
vt 0.770493 0.857266
vt 0.807956 0.856835
vt 0.845419 0.856404
vt 0.882882 0.855973
vt 0.920345 0.855542
vt 0.957808 0.855110
vt 0.995271 0.854679
vt 0.769173 0.819296
vt 0.806776 0.818979
vt 0.844239 0.818548
vt 0.881702 0.818116
vt 0.919165 0.817685
vt 0.956628 0.817254
vt 0.994091 0.816823
vt 0.805379 0.778535
vt 0.842983 0.778262
vt 0.880447 0.777831
vt 0.917909 0.777400
vt 0.955372 0.776969
vt 0.992835 0.776538
vt 0.841673 0.740598
vt 0.879276 0.740261
vt 0.916738 0.739829
vt 0.954202 0.739398
vt 0.991665 0.738967
vt 0.878318 0.713921
vt 0.841676 0.740645
vt 0.915919 0.713553
vt 0.953381 0.713122
vt 0.954200 0.739398
vt 0.990843 0.712690
vt 0.991662 0.738967
vt 0.915949 0.714476
vt 0.913761 0.648701
vt 0.878348 0.714829
vt 0.951340 0.647663
vt 0.988802 0.647232
vt 0.949857 0.566973
vt 0.983490 0.566172
vt 0.982031 0.552797
vt 0.933329 0.523728
vt 0.933329 0.515661
vt 0.971391 0.515754
vt 0.972938 0.529954
vt 0.895267 0.523728
vt 0.895267 0.515661
vt 0.857205 0.523728
vt 0.857205 0.515661
vt 0.819142 0.523728
vt 0.819142 0.515661
vt 0.781080 0.523728
vt 0.781080 0.515661
vt 0.743018 0.523728
vt 0.743018 0.515661
vt 0.704956 0.523728
vt 0.704956 0.515661
vt 0.666893 0.523728
vt 0.666893 0.515661
vt 0.628103 0.523728
vt 0.628103 0.515661
vt 0.698620 0.759587
vt 0.705671 0.755455
vt 0.680504 0.788820
vt 0.671592 0.794843
vt 0.740341 0.718454
vt 0.744693 0.716994
vt 0.781755 0.685295
vt 0.783130 0.686304
vt 0.828993 0.657775
vt 0.826838 0.660845
vt 0.875925 0.638231
vt 0.869961 0.643157
vt 0.864567 0.675573
vt 0.855894 0.681772
vt 0.803826 0.742085
vt 0.794613 0.748144
vt 0.727568 0.825511
vt 0.718915 0.830847
vt 0.720915 0.849452
vt 0.712003 0.855475
vt 0.985084 0.541435
vt 0.945150 0.550168
vt 0.933495 0.544265
vt 0.901185 0.580054
vt 0.895433 0.572633
vt 0.857343 0.596997
vt 0.857371 0.588944
vt 0.819281 0.624410
vt 0.819309 0.618242
vt 0.781219 0.663123
vt 0.780500 0.659577
vt 0.692074 0.826877
vt 0.692947 0.823045
vt 0.725625 0.783285
vt 0.726058 0.784346
vt 0.782415 0.753962
vt 0.780109 0.750968
vt 0.815310 0.711165
vt 0.820466 0.710935
vt 0.753812 0.739485
vt 0.756711 0.738724
vt 0.723203 0.777240
vt 0.716997 0.780012
vt 0.677079 0.804118
vt 0.676888 0.798016
vt 0.700880 0.766199
vt 0.702017 0.774401
vt 0.735043 0.778732
vt 0.744745 0.780058
vt 0.781293 0.736282
vt 0.770770 0.734290
vt 0.825836 0.681519
vt 0.815512 0.678901
vt 0.938992 0.563922
vt 0.973569 0.548355
vt 0.933329 0.523728
vt 0.895267 0.544162
vt 0.895267 0.523728
vt 0.857205 0.544162
vt 0.857205 0.523728
vt 0.819142 0.544162
vt 0.781080 0.544162
vt 0.743018 0.544162
vt 0.704956 0.544162
vt 0.666893 0.544162
vt 0.666893 0.523728
vt 0.628831 0.544162
vt 0.628103 0.523667
vt 0.590769 0.544162
vt 0.591368 0.523667
vt 0.552707 0.544162
vt 0.552707 0.523728
vt 0.514573 0.544902
vt 0.514476 0.523632
vt 0.857205 0.568437
vt 0.819142 0.568437
vt 0.781080 0.568437
vt 0.743018 0.568437
vt 0.704956 0.568437
vt 0.666893 0.568437
vt 0.628831 0.568437
vt 0.590769 0.568437
vt 0.552707 0.568437
vt 0.514573 0.568023
vt 0.819142 0.588871
vt 0.781080 0.588871
vt 0.743018 0.588871
vt 0.704956 0.588871
vt 0.666893 0.588871
vt 0.628831 0.588871
vt 0.590769 0.588871
vt 0.552707 0.588871
vt 0.514573 0.589045
vt 0.781080 0.618079
vt 0.743018 0.618079
vt 0.743018 0.588871
vt 0.704956 0.618079
vt 0.666893 0.618079
vt 0.628831 0.618079
vt 0.590769 0.618079
vt 0.552707 0.618079
vt 0.514645 0.618076
vt 0.781247 0.659640
vt 0.743018 0.659454
vt 0.704956 0.659454
vt 0.666893 0.659455
vt 0.628831 0.659455
vt 0.590769 0.659455
vt 0.552707 0.659455
vt 0.514645 0.659453
vt 0.743184 0.698527
vt 0.704956 0.698384
vt 0.666893 0.698384
vt 0.628831 0.698384
vt 0.590769 0.698384
vt 0.552707 0.698384
vt 0.514644 0.698384
vt 0.705122 0.740110
vt 0.666893 0.739912
vt 0.628831 0.739912
vt 0.590769 0.739912
vt 0.552707 0.739912
vt 0.514645 0.739913
vt 0.667060 0.779116
vt 0.628831 0.778993
vt 0.590769 0.778993
vt 0.552707 0.778993
vt 0.514645 0.778994
vt 0.667060 0.779050
vt 0.628998 0.804612
vt 0.590769 0.804537
vt 0.552707 0.804537
vt 0.514645 0.804537
vt 0.628998 0.804619
vt 0.590936 0.866990
vt 0.552707 0.866627
vt 0.514645 0.866624
vt 0.514645 0.804534
vt 0.552874 0.944920
vt 0.514646 0.944555
vt 0.514415 0.961299
vt 0.034214 0.999391
vt 0.071681 0.999418
vt 0.071447 0.977967
vt 0.109051 0.977994
vt 0.109148 0.999355
vt 0.146519 0.977931
vt 0.146616 0.999292
vt 0.183986 0.977868
vt 0.184083 0.999230
vt 0.221453 0.977805
vt 0.221550 0.999166
vt 0.258920 0.977743
vt 0.259017 0.999104
vt 0.296387 0.977680
vt 0.296484 0.999041
vt 0.333854 0.977617
vt 0.333952 0.998978
vt 0.371322 0.977554
vt 0.372136 0.998978
vt 0.408789 0.977491
vt 0.408244 0.998917
vt 0.446256 0.977428
vt 0.446353 0.998789
vt 0.483789 0.976557
vt 0.483986 0.998827
vt 0.108798 0.952321
vt 0.146402 0.952349
vt 0.183870 0.952286
vt 0.221336 0.952223
vt 0.258804 0.952160
vt 0.296271 0.952097
vt 0.333738 0.952034
vt 0.371205 0.951971
vt 0.408672 0.951909
vt 0.446139 0.951846
vt 0.483679 0.952249
vt 0.146184 0.932399
vt 0.183787 0.932214
vt 0.221252 0.931967
vt 0.258718 0.931720
vt 0.296183 0.931473
vt 0.333648 0.931226
vt 0.371113 0.930979
vt 0.408578 0.930732
vt 0.446043 0.930485
vt 0.483578 0.930053
vt 0.182768 0.904698
vt 0.220372 0.904401
vt 0.257835 0.903969
vt 0.295298 0.903538
vt 0.332761 0.903107
vt 0.370224 0.902676
vt 0.407687 0.902245
vt 0.445150 0.901813
vt 0.482613 0.901382
vt 0.218966 0.863679
vt 0.256570 0.863398
vt 0.294034 0.862967
vt 0.331496 0.862536
vt 0.368960 0.862105
vt 0.406423 0.861674
vt 0.443886 0.861243
vt 0.481349 0.860811
vt 0.255251 0.825428
vt 0.292854 0.825111
vt 0.330317 0.824680
vt 0.367780 0.824248
vt 0.405243 0.823817
vt 0.442706 0.823386
vt 0.480169 0.822955
vt 0.291457 0.784667
vt 0.329061 0.784395
vt 0.366524 0.783963
vt 0.403987 0.783532
vt 0.441450 0.783101
vt 0.478913 0.782670
vt 0.327751 0.746730
vt 0.365353 0.746393
vt 0.402816 0.745962
vt 0.440279 0.745530
vt 0.477742 0.745099
vt 0.364396 0.720053
vt 0.327754 0.746777
vt 0.401997 0.719685
vt 0.439459 0.719254
vt 0.440278 0.745530
vt 0.476920 0.718822
vt 0.477739 0.745099
vt 0.402026 0.720608
vt 0.399839 0.654833
vt 0.364426 0.720961
vt 0.437418 0.653795
vt 0.474879 0.653364
vt 0.435935 0.573105
vt 0.469568 0.572304
vt 0.468108 0.558929
vt 0.419407 0.529860
vt 0.419407 0.521793
vt 0.457469 0.521886
vt 0.459015 0.536086
vt 0.381345 0.529860
vt 0.381345 0.521793
vt 0.343282 0.529860
vt 0.343282 0.521793
vt 0.305220 0.529860
vt 0.305220 0.521793
vt 0.267158 0.529860
vt 0.267158 0.521793
vt 0.229096 0.529860
vt 0.229096 0.521793
vt 0.191033 0.529860
vt 0.191033 0.521793
vt 0.152971 0.529860
vt 0.152971 0.521793
vt 0.114180 0.529860
vt 0.114180 0.521793
vt 0.184697 0.765719
vt 0.191748 0.761587
vt 0.166582 0.794952
vt 0.157670 0.800975
vt 0.226419 0.724586
vt 0.230771 0.723126
vt 0.267833 0.691427
vt 0.269207 0.692436
vt 0.315071 0.663907
vt 0.312916 0.666977
vt 0.362002 0.644363
vt 0.356039 0.649289
vt 0.350645 0.681705
vt 0.341972 0.687904
vt 0.289903 0.748217
vt 0.280691 0.754276
vt 0.213645 0.831643
vt 0.204993 0.836980
vt 0.206993 0.855585
vt 0.198081 0.861607
vt 0.471162 0.547567
vt 0.431228 0.556300
vt 0.419573 0.550397
vt 0.387262 0.586186
vt 0.381511 0.578765
vt 0.343421 0.603129
vt 0.343449 0.595077
vt 0.305359 0.630542
vt 0.305387 0.624374
vt 0.267297 0.669255
vt 0.266553 0.665708
vt 0.178152 0.833009
vt 0.179025 0.829177
vt 0.211703 0.789417
vt 0.212155 0.790480
vt 0.268493 0.760094
vt 0.266187 0.757100
vt 0.301388 0.717297
vt 0.306544 0.717067
vt 0.239889 0.745617
vt 0.242794 0.744871
vt 0.209281 0.783372
vt 0.203075 0.786144
vt 0.163156 0.810250
vt 0.162965 0.804148
vt 0.186958 0.772331
vt 0.188095 0.780533
vt 0.221120 0.784864
vt 0.230814 0.786177
vt 0.267371 0.742414
vt 0.256848 0.740422
vt 0.311914 0.687651
vt 0.301590 0.685033
vt 0.425070 0.570054
vt 0.459647 0.554487
vt 0.419407 0.529860
vt 0.381345 0.550294
vt 0.381345 0.529860
vt 0.343282 0.550294
vt 0.343282 0.529860
vt 0.305220 0.550294
vt 0.267158 0.550294
vt 0.229096 0.550294
vt 0.191034 0.550294
vt 0.152971 0.550294
vt 0.152971 0.529860
vt 0.114909 0.550294
vt 0.114181 0.529799
vt 0.076847 0.550294
vt 0.077446 0.529799
vt 0.038785 0.550294
vt 0.038785 0.529860
vt 0.000651 0.551034
vt 0.000554 0.529764
vt 0.343282 0.574569
vt 0.305220 0.574569
vt 0.267158 0.574569
vt 0.229096 0.574569
vt 0.191033 0.574569
vt 0.152971 0.574569
vt 0.114909 0.574569
vt 0.076847 0.574569
vt 0.038785 0.574569
vt 0.000651 0.574154
vt 0.305220 0.595003
vt 0.267158 0.595003
vt 0.229096 0.595003
vt 0.191033 0.595003
vt 0.152971 0.595003
vt 0.114909 0.595003
vt 0.076847 0.595003
vt 0.038785 0.595003
vt 0.000651 0.595177
vt 0.267158 0.624211
vt 0.229096 0.624211
vt 0.229096 0.595003
vt 0.191034 0.624211
vt 0.152971 0.624211
vt 0.114909 0.624211
vt 0.076847 0.624211
vt 0.038785 0.624211
vt 0.000722 0.624209
vt 0.267324 0.665772
vt 0.229096 0.665587
vt 0.191034 0.665587
vt 0.152971 0.665587
vt 0.114909 0.665587
vt 0.076847 0.665587
vt 0.038785 0.665587
vt 0.000722 0.665585
vt 0.229262 0.704659
vt 0.191034 0.704516
vt 0.152971 0.704516
vt 0.114909 0.704516
vt 0.076847 0.704516
vt 0.038785 0.704516
vt 0.000722 0.704516
vt 0.191200 0.746242
vt 0.152971 0.746044
vt 0.114909 0.746044
vt 0.076847 0.746044
vt 0.038785 0.746044
vt 0.000722 0.746045
vt 0.153138 0.785248
vt 0.114909 0.785125
vt 0.076847 0.785125
vt 0.038785 0.785125
vt 0.000723 0.785126
vt 0.153138 0.785182
vt 0.115076 0.810744
vt 0.076847 0.810669
vt 0.038785 0.810669
vt 0.000723 0.810669
vt 0.115076 0.810751
vt 0.077014 0.873122
vt 0.038785 0.872759
vt 0.000723 0.872756
vt 0.000723 0.810666
vt 0.038951 0.951052
vt 0.000724 0.950687
vt 0.000493 0.967431
vt 0.549942 0.477992
vt 0.587409 0.478019
vt 0.587175 0.456568
vt 0.624779 0.456595
vt 0.624877 0.477956
vt 0.662247 0.456532
vt 0.662344 0.477893
vt 0.699714 0.456470
vt 0.699811 0.477831
vt 0.737181 0.456407
vt 0.737278 0.477768
vt 0.774648 0.456344
vt 0.774745 0.477705
vt 0.812115 0.456281
vt 0.812213 0.477642
vt 0.849583 0.456218
vt 0.849680 0.477579
vt 0.887050 0.456155
vt 0.887864 0.477579
vt 0.924517 0.456092
vt 0.923972 0.477519
vt 0.961984 0.456029
vt 0.962081 0.477390
vt 0.999517 0.455158
vt 0.999715 0.477428
vt 0.624526 0.430922
vt 0.662130 0.430950
vt 0.699598 0.430887
vt 0.737065 0.430824
vt 0.774532 0.430761
vt 0.811999 0.430698
vt 0.849466 0.430636
vt 0.886933 0.430573
vt 0.924401 0.430510
vt 0.961868 0.430447
vt 0.999407 0.430851
vt 0.661913 0.411000
vt 0.699515 0.410815
vt 0.736980 0.410568
vt 0.774446 0.410321
vt 0.811911 0.410074
vt 0.849376 0.409827
vt 0.886841 0.409580
vt 0.924306 0.409333
vt 0.961771 0.409086
vt 0.999306 0.408654
vt 0.698496 0.383299
vt 0.736100 0.383002
vt 0.773563 0.382570
vt 0.811026 0.382139
vt 0.848489 0.381708
vt 0.885952 0.381277
vt 0.923415 0.380846
vt 0.960878 0.380415
vt 0.998342 0.379983
vt 0.734694 0.342281
vt 0.772299 0.342000
vt 0.809762 0.341568
vt 0.847224 0.341137
vt 0.884688 0.340706
vt 0.922151 0.340275
vt 0.959614 0.339844
vt 0.997077 0.339413
vt 0.770979 0.304029
vt 0.808582 0.303712
vt 0.846045 0.303281
vt 0.883508 0.302850
vt 0.920971 0.302418
vt 0.958434 0.301987
vt 0.995897 0.301556
vt 0.807185 0.263268
vt 0.844789 0.262996
vt 0.882253 0.262564
vt 0.919715 0.262133
vt 0.957178 0.261702
vt 0.994641 0.261271
vt 0.843479 0.225331
vt 0.881082 0.224994
vt 0.918544 0.224563
vt 0.956008 0.224132
vt 0.993471 0.223700
vt 0.880124 0.198654
vt 0.843482 0.225378
vt 0.917725 0.198286
vt 0.955187 0.197855
vt 0.956006 0.224131
vt 0.992648 0.197424
vt 0.993468 0.223700
vt 0.917754 0.199209
vt 0.915567 0.133434
vt 0.880154 0.199562
vt 0.953146 0.132397
vt 0.990608 0.131965
vt 0.951663 0.051707
vt 0.985296 0.050905
vt 0.983836 0.037530
vt 0.935135 0.008461
vt 0.935135 0.000394
vt 0.973197 0.000487
vt 0.974744 0.014687
vt 0.897073 0.008461
vt 0.897073 0.000394
vt 0.859011 0.008461
vt 0.859011 0.000394
vt 0.820948 0.008461
vt 0.820948 0.000394
vt 0.782886 0.008461
vt 0.782886 0.000394
vt 0.744824 0.008461
vt 0.744824 0.000394
vt 0.706762 0.008461
vt 0.706762 0.000394
vt 0.668699 0.008461
vt 0.668699 0.000394
vt 0.629908 0.008461
vt 0.629908 0.000394
vt 0.700426 0.244320
vt 0.707476 0.240188
vt 0.682310 0.273553
vt 0.673398 0.279576
vt 0.742147 0.203187
vt 0.746499 0.201728
vt 0.783561 0.170029
vt 0.784935 0.171037
vt 0.830799 0.142509
vt 0.828644 0.145578
vt 0.877730 0.122964
vt 0.871767 0.127890
vt 0.866373 0.160306
vt 0.857700 0.166505
vt 0.805632 0.226818
vt 0.796419 0.232877
vt 0.729374 0.310244
vt 0.720721 0.315581
vt 0.722721 0.334186
vt 0.713809 0.340208
vt 0.986890 0.026168
vt 0.946956 0.034901
vt 0.935301 0.028999
vt 0.902990 0.064787
vt 0.897239 0.057367
vt 0.859149 0.081730
vt 0.859177 0.073678
vt 0.821087 0.109144
vt 0.821115 0.102975
vt 0.783025 0.147856
vt 0.782306 0.144310
vt 0.693880 0.311610
vt 0.694753 0.307778
vt 0.727431 0.268019
vt 0.727864 0.269080
vt 0.784221 0.238696
vt 0.781915 0.235701
vt 0.817116 0.195899
vt 0.822272 0.195668
vt 0.755617 0.224218
vt 0.758517 0.223458
vt 0.725009 0.261973
vt 0.718803 0.264746
vt 0.678885 0.288851
vt 0.678693 0.282749
vt 0.702686 0.250933
vt 0.703823 0.259134
vt 0.736848 0.263465
vt 0.746551 0.264791
vt 0.783099 0.221015
vt 0.772576 0.219024
vt 0.827642 0.166252
vt 0.817318 0.163634
vt 0.940798 0.048655
vt 0.975375 0.033088
vt 0.935135 0.008461
vt 0.897073 0.028895
vt 0.897073 0.008461
vt 0.859011 0.028895
vt 0.859011 0.008461
vt 0.820948 0.028895
vt 0.782886 0.028895
vt 0.744824 0.028895
vt 0.706762 0.028895
vt 0.668699 0.028895
vt 0.668699 0.008461
vt 0.630637 0.028895
vt 0.629909 0.008400
vt 0.592575 0.028895
vt 0.593174 0.008400
vt 0.554513 0.028895
vt 0.554513 0.008461
vt 0.516379 0.029635
vt 0.516282 0.008365
vt 0.859011 0.053170
vt 0.820948 0.053170
vt 0.782886 0.053170
vt 0.744824 0.053170
vt 0.706762 0.053170
vt 0.668699 0.053170
vt 0.630637 0.053170
vt 0.592575 0.053170
vt 0.554513 0.053170
vt 0.516379 0.052756
vt 0.820948 0.073604
vt 0.782886 0.073604
vt 0.744824 0.073604
vt 0.706762 0.073604
vt 0.668699 0.073604
vt 0.630637 0.073604
vt 0.592575 0.073604
vt 0.554513 0.073604
vt 0.516379 0.073778
vt 0.782886 0.102812
vt 0.744824 0.102812
vt 0.744824 0.073604
vt 0.706762 0.102812
vt 0.668699 0.102812
vt 0.630637 0.102812
vt 0.592575 0.102812
vt 0.554513 0.102812
vt 0.516450 0.102810
vt 0.783053 0.144373
vt 0.744824 0.144188
vt 0.706762 0.144188
vt 0.668699 0.144188
vt 0.630637 0.144188
vt 0.592575 0.144188
vt 0.554513 0.144188
vt 0.516450 0.144187
vt 0.744990 0.183261
vt 0.706762 0.183117
vt 0.668699 0.183117
vt 0.630637 0.183117
vt 0.592575 0.183117
vt 0.554513 0.183117
vt 0.516450 0.183117
vt 0.706928 0.224843
vt 0.668699 0.224645
vt 0.630637 0.224645
vt 0.592575 0.224645
vt 0.554513 0.224645
vt 0.516451 0.224646
vt 0.668866 0.263849
vt 0.630637 0.263726
vt 0.592575 0.263726
vt 0.554513 0.263726
vt 0.516451 0.263727
vt 0.668866 0.263783
vt 0.630804 0.289345
vt 0.592575 0.289270
vt 0.554513 0.289270
vt 0.516451 0.289270
vt 0.630804 0.289352
vt 0.592742 0.351724
vt 0.554513 0.351361
vt 0.516451 0.351358
vt 0.516451 0.289267
vt 0.554680 0.429653
vt 0.516452 0.429288
vt 0.516221 0.446032
vt 0.036020 0.484124
vt 0.073487 0.484151
vt 0.073253 0.462700
vt 0.110857 0.462727
vt 0.110954 0.484088
vt 0.148324 0.462664
vt 0.148422 0.484026
vt 0.185792 0.462602
vt 0.185889 0.483963
vt 0.223259 0.462539
vt 0.223356 0.483900
vt 0.260726 0.462476
vt 0.260823 0.483837
vt 0.298193 0.462413
vt 0.298290 0.483774
vt 0.335660 0.462350
vt 0.335757 0.483711
vt 0.373128 0.462287
vt 0.373942 0.483711
vt 0.410595 0.462224
vt 0.410050 0.483651
vt 0.448062 0.462161
vt 0.448159 0.483522
vt 0.485595 0.461290
vt 0.485792 0.483560
vt 0.110604 0.437054
vt 0.148208 0.437082
vt 0.185675 0.437019
vt 0.223142 0.436956
vt 0.260610 0.436893
vt 0.298077 0.436830
vt 0.335544 0.436768
vt 0.373011 0.436705
vt 0.410478 0.436642
vt 0.447945 0.436579
vt 0.485485 0.436983
vt 0.147990 0.417132
vt 0.185593 0.416947
vt 0.223058 0.416700
vt 0.260524 0.416453
vt 0.297989 0.416206
vt 0.335454 0.415959
vt 0.372919 0.415712
vt 0.410384 0.415465
vt 0.447849 0.415218
vt 0.485384 0.414786
vt 0.184574 0.389431
vt 0.222178 0.389134
vt 0.259641 0.388703
vt 0.297104 0.388271
vt 0.334567 0.387840
vt 0.372030 0.387409
vt 0.409493 0.386978
vt 0.446956 0.386547
vt 0.484419 0.386115
vt 0.220772 0.348413
vt 0.258376 0.348132
vt 0.295840 0.347700
vt 0.333302 0.347269
vt 0.370766 0.346838
vt 0.408229 0.346407
vt 0.445692 0.345976
vt 0.483155 0.345545
vt 0.257057 0.310162
vt 0.294660 0.309844
vt 0.332123 0.309413
vt 0.369586 0.308982
vt 0.407049 0.308550
vt 0.444512 0.308119
vt 0.481975 0.307688
vt 0.293263 0.269400
vt 0.330867 0.269128
vt 0.368330 0.268697
vt 0.405793 0.268265
vt 0.443256 0.267834
vt 0.480719 0.267403
vt 0.329557 0.231463
vt 0.367159 0.231126
vt 0.404622 0.230695
vt 0.442085 0.230264
vt 0.479548 0.229832
vt 0.366202 0.204786
vt 0.329560 0.231510
vt 0.403803 0.204418
vt 0.441265 0.203987
vt 0.442084 0.230263
vt 0.478726 0.203556
vt 0.479545 0.229832
vt 0.403832 0.205341
vt 0.401645 0.139566
vt 0.366232 0.205695
vt 0.439224 0.138529
vt 0.476685 0.138097
vt 0.437741 0.057839
vt 0.471374 0.057037
vt 0.469914 0.043662
vt 0.421213 0.014593
vt 0.421213 0.006526
vt 0.459275 0.006619
vt 0.460821 0.020819
vt 0.383151 0.014593
vt 0.383151 0.006526
vt 0.345088 0.014593
vt 0.345088 0.006526
vt 0.307026 0.014593
vt 0.307026 0.006526
vt 0.268964 0.014593
vt 0.268964 0.006526
vt 0.230902 0.014593
vt 0.230902 0.006526
vt 0.192839 0.014593
vt 0.192839 0.006526
vt 0.154777 0.014593
vt 0.154777 0.006526
vt 0.115986 0.014593
vt 0.115986 0.006526
vt 0.186503 0.250452
vt 0.193554 0.246320
vt 0.168388 0.279685
vt 0.159475 0.285708
vt 0.228225 0.209319
vt 0.232577 0.207860
vt 0.269639 0.176161
vt 0.271013 0.177169
vt 0.316877 0.148641
vt 0.314722 0.151710
vt 0.363808 0.129096
vt 0.357845 0.134022
vt 0.352451 0.166438
vt 0.343778 0.172637
vt 0.291709 0.232950
vt 0.282497 0.239009
vt 0.215451 0.316377
vt 0.206799 0.321713
vt 0.208799 0.340318
vt 0.199887 0.346340
vt 0.472968 0.032300
vt 0.433034 0.041033
vt 0.421379 0.035131
vt 0.389068 0.070919
vt 0.383317 0.063499
vt 0.345227 0.087862
vt 0.345255 0.079810
vt 0.307165 0.115276
vt 0.307193 0.109107
vt 0.269103 0.153989
vt 0.268359 0.150442
vt 0.179957 0.317742
vt 0.180831 0.313910
vt 0.213509 0.274151
vt 0.213961 0.275213
vt 0.270299 0.244828
vt 0.267993 0.241834
vt 0.303194 0.202031
vt 0.308350 0.201800
vt 0.241695 0.230350
vt 0.244600 0.229604
vt 0.211087 0.268105
vt 0.204881 0.270878
vt 0.164962 0.294983
vt 0.164771 0.288881
vt 0.188764 0.257065
vt 0.189900 0.265266
vt 0.222926 0.269597
vt 0.232619 0.270910
vt 0.269177 0.227147
vt 0.258654 0.225156
vt 0.313720 0.172384
vt 0.303396 0.169766
vt 0.426876 0.054787
vt 0.461453 0.039220
vt 0.421213 0.014593
vt 0.383151 0.035027
vt 0.383151 0.014593
vt 0.345088 0.035027
vt 0.345088 0.014593
vt 0.307026 0.035027
vt 0.268964 0.035027
vt 0.230902 0.035027
vt 0.192840 0.035027
vt 0.154777 0.035027
vt 0.154777 0.014593
vt 0.116715 0.035027
vt 0.115986 0.014532
vt 0.078653 0.035027
vt 0.079252 0.014532
vt 0.040591 0.035027
vt 0.040591 0.014593
vt 0.002457 0.035767
vt 0.002360 0.014497
vt 0.345088 0.059302
vt 0.307026 0.059302
vt 0.268964 0.059302
vt 0.230902 0.059302
vt 0.192839 0.059302
vt 0.154777 0.059302
vt 0.116715 0.059302
vt 0.078653 0.059302
vt 0.040590 0.059302
vt 0.002457 0.058888
vt 0.307026 0.079736
vt 0.268964 0.079736
vt 0.230902 0.079736
vt 0.192839 0.079736
vt 0.154777 0.079736
vt 0.116715 0.079736
vt 0.078653 0.079736
vt 0.040591 0.079736
vt 0.002457 0.079910
vt 0.268964 0.108944
vt 0.230902 0.108944
vt 0.230902 0.079736
vt 0.192840 0.108944
vt 0.154777 0.108944
vt 0.116715 0.108944
vt 0.078653 0.108944
vt 0.040590 0.108944
vt 0.002528 0.108942
vt 0.269130 0.150505
vt 0.230902 0.150320
vt 0.192840 0.150320
vt 0.154777 0.150320
vt 0.116715 0.150320
vt 0.078653 0.150320
vt 0.040590 0.150320
vt 0.002528 0.150319
vt 0.231068 0.189393
vt 0.192840 0.189249
vt 0.154777 0.189249
vt 0.116715 0.189249
vt 0.078653 0.189249
vt 0.040590 0.189249
vt 0.002528 0.189249
vt 0.193006 0.230975
vt 0.154777 0.230777
vt 0.116715 0.230777
vt 0.078653 0.230777
vt 0.040591 0.230777
vt 0.002528 0.230778
vt 0.154944 0.269982
vt 0.116715 0.269858
vt 0.078653 0.269858
vt 0.040591 0.269858
vt 0.002529 0.269859
vt 0.154944 0.269915
vt 0.116882 0.295477
vt 0.078653 0.295402
vt 0.040591 0.295402
vt 0.002529 0.295402
vt 0.116881 0.295484
vt 0.078820 0.357856
vt 0.040591 0.357493
vt 0.002529 0.357490
vt 0.002529 0.295399
vt 0.040757 0.435785
vt 0.002530 0.435420
vt 0.002299 0.452164
s 1
usemtl Pinwheel
f 95/1/1 9/2/2 20/3/3
f 21/4/4 20/3/3 9/2/2
f 9/2/2 10/5/5 21/4/4
f 22/6/4 21/4/4 10/5/5
f 10/5/5 11/7/5 22/6/4
f 23/8/4 22/6/4 11/7/5
f 11/7/5 12/9/5 23/8/4
f 24/10/4 23/8/4 12/9/5
f 12/9/5 13/11/5 24/10/4
f 25/12/4 24/10/4 13/11/5
f 13/11/5 14/13/5 25/12/4
f 26/14/4 25/12/4 14/13/5
f 14/13/5 15/15/5 26/14/4
f 27/16/4 26/14/4 15/15/5
f 15/15/5 16/17/6 27/16/4
f 28/18/7 27/16/4 16/17/6
f 16/17/6 17/19/8 28/18/7
f 29/20/9 28/18/7 17/19/8
f 17/19/8 18/21/10 29/20/9
f 30/22/11 29/20/9 18/21/10
f 18/21/10 19/23/12 30/22/11
f 3/24/13 30/22/11 19/23/12
f 19/23/12 4/25/14 3/24/13
f 21/4/4 31/26/15 20/3/3
f 32/27/16 31/26/15 21/4/4
f 21/4/4 22/6/4 32/27/16
f 33/28/17 32/27/16 22/6/4
f 22/6/4 23/8/4 33/28/17
f 34/29/17 33/28/17 23/8/4
f 23/8/4 24/10/4 34/29/17
f 35/30/17 34/29/17 24/10/4
f 24/10/4 25/12/4 35/30/17
f 36/31/17 35/30/17 25/12/4
f 25/12/4 26/14/4 36/31/17
f 37/32/17 36/31/17 26/14/4
f 26/14/4 27/16/4 37/32/17
f 38/33/17 37/32/17 27/16/4
f 27/16/4 28/18/7 38/33/17
f 39/34/17 38/33/17 28/18/7
f 28/18/7 29/20/9 39/34/17
f 40/35/18 39/34/17 29/20/9
f 29/20/9 30/22/11 40/35/18
f 2/36/19 40/35/18 30/22/11
f 30/22/11 3/24/13 2/36/19
f 32/27/16 41/37/20 31/26/15
f 42/38/21 41/37/20 32/27/16
f 32/27/16 33/28/17 42/38/21
f 43/39/22 42/38/21 33/28/17
f 33/28/17 34/29/17 43/39/22
f 44/40/22 43/39/22 34/29/17
f 34/29/17 35/30/17 44/40/22
f 45/41/22 44/40/22 35/30/17
f 35/30/17 36/31/17 45/41/22
f 46/42/22 45/41/22 36/31/17
f 36/31/17 37/32/17 46/42/22
f 47/43/22 46/42/22 37/32/17
f 37/32/17 38/33/17 47/43/22
f 48/44/22 47/43/22 38/33/17
f 38/33/17 39/34/17 48/44/22
f 49/45/23 48/44/22 39/34/17
f 39/34/17 40/35/18 49/45/23
f 1/46/24 49/45/23 40/35/18
f 40/35/18 2/36/19 1/46/24
f 42/38/21 50/47/25 41/37/20
f 51/48/26 50/47/25 42/38/21
f 42/38/21 43/39/22 51/48/26
f 52/49/27 51/48/26 43/39/22
f 43/39/22 44/40/22 52/49/27
f 53/50/27 52/49/27 44/40/22
f 44/40/22 45/41/22 53/50/27
f 54/51/27 53/50/27 45/41/22
f 45/41/22 46/42/22 54/51/27
f 55/52/27 54/51/27 46/42/22
f 46/42/22 47/43/22 55/52/27
f 56/53/27 55/52/27 47/43/22
f 47/43/22 48/44/22 56/53/27
f 57/54/27 56/53/27 48/44/22
f 48/44/22 49/45/23 57/54/27
f 58/55/28 57/54/27 49/45/23
f 49/45/23 1/46/24 58/55/28
f 51/48/26 59/56/29 50/47/25
f 60/57/30 59/56/29 51/48/26
f 51/48/26 52/49/27 60/57/30
f 61/58/31 60/57/30 52/49/27
f 52/49/27 53/50/27 61/58/31
f 62/59/31 61/58/31 53/50/27
f 53/50/27 54/51/27 62/59/31
f 63/60/31 62/59/31 54/51/27
f 54/51/27 55/52/27 63/60/31
f 64/61/31 63/60/31 55/52/27
f 55/52/27 56/53/27 64/61/31
f 65/62/31 64/61/31 56/53/27
f 56/53/27 57/54/27 65/62/31
f 66/63/31 65/62/31 57/54/27
f 57/54/27 58/55/28 66/63/31
f 60/57/30 67/64/32 59/56/29
f 68/65/33 67/64/32 60/57/30
f 60/57/30 61/58/31 68/65/33
f 69/66/34 68/65/33 61/58/31
f 61/58/31 62/59/31 69/66/34
f 70/67/34 69/66/34 62/59/31
f 62/59/31 63/60/31 70/67/34
f 71/68/34 70/67/34 63/60/31
f 63/60/31 64/61/31 71/68/34
f 72/69/34 71/68/34 64/61/31
f 64/61/31 65/62/31 72/69/34
f 73/70/35 72/69/34 65/62/31
f 65/62/31 66/63/31 73/70/35
f 68/65/33 74/71/36 67/64/32
f 75/72/37 74/71/36 68/65/33
f 68/65/33 69/66/34 75/72/37
f 76/73/38 75/72/37 69/66/34
f 69/66/34 70/67/34 76/73/38
f 77/74/38 76/73/38 70/67/34
f 70/67/34 71/68/34 77/74/38
f 78/75/38 77/74/38 71/68/34
f 71/68/34 72/69/34 78/75/38
f 79/76/38 78/75/38 72/69/34
f 72/69/34 73/70/35 79/76/38
f 75/72/37 80/77/39 74/71/36
f 81/78/40 80/77/39 75/72/37
f 75/72/37 76/73/38 81/78/40
f 82/79/41 81/78/40 76/73/38
f 76/73/38 77/74/38 82/79/41
f 83/80/41 82/79/41 77/74/38
f 77/74/38 78/75/38 83/80/41
f 84/81/41 83/80/41 78/75/38
f 78/75/38 79/76/38 84/81/41
f 81/78/40 85/82/42 80/83/39
f 86/84/43 85/82/42 81/78/40
f 81/78/40 82/79/41 86/84/43
f 87/85/44 86/84/43 82/79/41
f 82/79/41 83/86/41 87/85/44
f 88/87/44 87/85/44 83/86/41
f 83/86/41 84/88/41 88/87/44
f 86/89/43 89/90/45 85/91/42
f 90/92/46 89/90/45 86/89/43
f 86/89/43 87/85/44 90/92/46
f 91/93/47 90/92/46 87/85/44
f 87/85/44 88/87/44 91/93/47
f 90/92/46 92/94/48 89/90/45
f 93/95/49 92/94/48 90/92/46
f 90/92/46 91/93/47 93/95/49
f 93/95/49 94/96/50 92/94/48
f 96/97/51 9/98/51 95/99/52
f 95/99/52 117/100/53 96/97/51
f 97/101/54 10/102/54 9/98/51
f 9/98/51 96/97/51 97/101/54
f 98/103/54 11/104/54 10/102/54
f 10/102/54 97/101/54 98/103/54
f 99/105/54 12/106/54 11/104/54
f 11/104/54 98/103/54 99/105/54
f 100/107/54 13/108/54 12/106/54
f 12/106/54 99/105/54 100/107/54
f 101/109/54 14/110/54 13/108/54
f 13/108/54 100/107/54 101/109/54
f 102/111/54 15/112/54 14/110/54
f 14/110/54 101/109/54 102/111/54
f 103/113/55 16/114/55 15/112/54
f 15/112/54 102/111/54 103/113/55
f 104/115/56 17/116/57 16/114/55
f 16/114/55 103/113/55 104/115/56
f 107/117/58 58/118/59 1/119/60
f 1/119/60 5/120/61 107/117/58
f 108/121/62 66/122/62 58/118/59
f 58/118/59 107/117/58 108/121/62
f 109/123/63 73/124/63 66/122/62
f 66/122/62 108/121/62 109/123/63
f 110/125/63 79/126/63 73/124/63
f 73/124/63 109/123/63 110/125/63
f 111/127/63 84/128/63 79/126/63
f 79/126/63 110/125/63 111/127/63
f 112/129/63 88/130/63 84/128/63
f 84/128/63 111/127/63 112/129/63
f 113/131/63 91/132/63 88/130/63
f 88/130/63 112/129/63 113/131/63
f 114/133/64 93/134/65 91/132/63
f 91/132/63 113/131/63 114/133/64
f 115/135/66 94/136/67 93/134/65
f 93/134/65 114/133/64 115/135/66
f 117/100/53 95/137/52 20/138/68
f 20/138/68 116/139/69 117/100/53
f 116/139/69 20/138/68 31/140/70
f 31/140/70 118/141/71 116/139/69
f 118/141/71 31/140/70 41/142/72
f 41/142/72 119/143/73 118/141/71
f 119/143/73 41/142/72 50/144/74
f 50/144/74 120/145/75 119/143/73
f 120/145/75 50/144/74 59/146/76
f 59/146/76 121/147/77 120/145/75
f 121/148/77 59/149/76 67/150/78
f 67/150/78 122/151/79 121/148/77
f 122/152/79 67/153/78 74/154/80
f 74/154/80 123/155/81 122/152/79
f 123/156/81 74/157/80 80/158/82
f 80/158/82 124/159/83 123/156/81
f 124/160/83 80/161/82 85/162/84
f 85/162/84 125/163/85 124/160/83
f 125/164/85 85/165/84 89/166/86
f 89/166/86 126/167/87 125/164/85
f 126/167/87 89/166/86 92/168/88
f 92/168/88 127/169/89 126/167/87
f 127/170/89 92/94/88 94/96/67
f 94/96/67 115/171/66 127/170/89
f 117/100/90 116/139/91 96/172/92
f 128/173/93 97/174/94 96/172/92
f 96/172/92 116/139/91 128/173/93
f 129/175/95 98/176/94 97/174/94
f 97/174/94 128/173/93 129/175/95
f 130/177/95 99/105/94 98/176/94
f 98/176/94 129/175/95 130/177/95
f 131/178/95 100/107/94 99/105/94
f 99/105/94 130/177/95 131/178/95
f 132/179/95 101/109/94 100/107/94
f 100/107/94 131/178/95 132/179/95
f 133/180/95 102/111/94 101/109/94
f 101/109/94 132/179/95 133/180/95
f 134/181/95 103/182/96 102/111/94
f 102/111/94 133/180/95 134/181/95
f 135/183/97 104/184/98 103/182/96
f 103/182/96 134/181/95 135/183/97
f 136/185/99 105/186/100 104/184/98
f 104/184/98 135/183/97 136/185/99
f 137/187/101 106/188/102 105/186/100
f 105/186/100 136/185/99 137/187/101
f 7/189/103 8/190/104 106/188/102
f 106/188/102 137/187/101 7/189/103
f 128/173/93 116/139/91 118/141/105
f 138/191/106 129/175/95 128/173/93
f 128/173/93 118/141/105 138/191/106
f 139/192/107 130/177/95 129/175/95
f 129/175/95 138/191/106 139/192/107
f 140/193/107 131/178/95 130/177/95
f 130/177/95 139/192/107 140/193/107
f 141/194/107 132/179/95 131/178/95
f 131/178/95 140/193/107 141/194/107
f 142/195/107 133/180/95 132/179/95
f 132/179/95 141/194/107 142/195/107
f 143/196/107 134/181/95 133/180/95
f 133/180/95 142/195/107 143/196/107
f 144/197/107 135/183/97 134/181/95
f 134/181/95 143/196/107 144/197/107
f 145/198/107 136/185/99 135/183/97
f 135/183/97 144/197/107 145/198/107
f 146/199/108 137/187/101 136/185/99
f 136/185/99 145/198/107 146/199/108
f 6/200/109 7/189/103 137/187/101
f 137/187/101 146/199/108 6/200/109
f 138/191/106 118/141/105 119/143/110
f 147/201/111 139/192/107 138/191/106
f 138/191/106 119/143/110 147/201/111
f 148/202/112 140/193/107 139/192/107
f 139/192/107 147/201/111 148/202/112
f 149/203/112 141/194/107 140/193/107
f 140/193/107 148/202/112 149/203/112
f 150/204/112 142/195/107 141/194/107
f 141/194/107 149/203/112 150/204/112
f 151/205/112 143/196/107 142/195/107
f 142/195/107 150/204/112 151/205/112
f 152/206/112 144/197/107 143/196/107
f 143/196/107 151/205/112 152/206/112
f 153/207/112 145/198/107 144/197/107
f 144/197/107 152/206/112 153/207/112
f 154/208/113 146/199/108 145/198/107
f 145/198/107 153/207/112 154/208/113
f 5/209/114 6/200/109 146/199/108
f 146/199/108 154/208/113 5/209/114
f 147/201/111 119/143/110 120/145/115
f 155/210/116 148/202/112 147/201/111
f 147/201/111 120/145/115 155/210/116
f 156/211/117 149/212/112 148/202/112
f 148/202/112 155/210/116 156/211/117
f 157/213/117 150/204/112 149/212/112
f 149/212/112 156/211/117 157/213/117
f 158/214/117 151/205/112 150/204/112
f 150/204/112 157/213/117 158/214/117
f 159/215/117 152/206/112 151/205/112
f 151/205/112 158/214/117 159/215/117
f 160/216/117 153/207/112 152/206/112
f 152/206/112 159/215/117 160/216/117
f 161/217/118 154/208/113 153/207/112
f 153/207/112 160/216/117 161/217/118
f 107/218/119 5/209/114 154/208/113
f 154/208/113 161/217/118 107/218/119
f 155/210/116 120/145/115 121/219/120
f 162/220/121 156/211/117 155/210/116
f 155/210/116 121/219/120 162/220/121
f 163/221/122 157/213/117 156/211/117
f 156/211/117 162/220/121 163/221/122
f 164/222/122 158/214/117 157/213/117
f 157/213/117 163/221/122 164/222/122
f 165/223/122 159/215/117 158/214/117
f 158/214/117 164/222/122 165/223/122
f 166/224/122 160/216/117 159/215/117
f 159/215/117 165/223/122 166/224/122
f 167/225/122 161/217/118 160/216/117
f 160/216/117 166/224/122 167/225/122
f 108/226/122 107/218/119 161/217/118
f 161/217/118 167/225/122 108/226/122
f 162/220/121 121/219/120 122/227/123
f 168/228/124 163/221/122 162/220/121
f 162/220/121 122/227/123 168/228/124
f 169/229/125 164/222/122 163/221/122
f 163/221/122 168/228/124 169/229/125
f 170/230/125 165/223/122 164/222/122
f 164/222/122 169/229/125 170/230/125
f 171/231/125 166/224/122 165/223/122
f 165/223/122 170/230/125 171/231/125
f 172/232/125 167/225/122 166/224/122
f 166/224/122 171/231/125 172/232/125
f 109/233/125 108/226/122 167/225/122
f 167/225/122 172/232/125 109/233/125
f 168/228/124 122/227/123 123/234/126
f 173/235/127 169/229/125 168/228/124
f 168/228/124 123/234/126 173/235/127
f 174/236/128 170/230/125 169/229/125
f 169/229/125 173/235/127 174/236/128
f 175/237/128 171/231/125 170/230/125
f 170/230/125 174/236/128 175/237/128
f 176/238/129 172/232/125 171/231/125
f 171/231/125 175/237/128 176/238/129
f 110/239/129 109/233/125 172/232/125
f 172/232/125 176/238/129 110/239/129
f 173/235/127 123/234/126 124/240/130
f 177/241/131 174/236/128 173/235/127
f 173/235/127 124/240/130 177/241/131
f 178/242/132 175/237/128 174/236/128
f 174/236/128 177/241/131 178/242/132
f 179/243/132 176/238/129 175/237/128
f 175/237/128 178/242/132 179/243/132
f 111/244/132 110/239/129 176/238/129
f 176/238/129 179/243/132 111/244/132
f 177/241/131 124/245/130 125/246/133
f 180/247/134 178/242/132 177/241/131
f 177/241/131 125/246/133 180/247/134
f 181/248/135 179/243/132 178/242/132
f 178/242/132 180/247/134 181/248/135
f 112/249/135 111/244/132 179/243/132
f 179/243/132 181/248/135 112/249/135
f 180/247/134 125/250/133 126/251/136
f 182/252/137 181/248/135 180/247/134
f 180/247/134 126/251/136 182/252/137
f 113/253/138 112/254/135 181/248/135
f 181/248/135 182/252/137 113/253/138
f 182/252/137 126/251/136 127/255/139
f 114/256/140 113/253/138 182/252/137
f 182/252/137 127/255/139 114/256/140
f 114/256/140 127/255/139 115/257/141
f 269/258/142 183/259/143 194/260/144
f 195/261/145 194/260/144 183/259/143
f 183/259/143 184/262/146 195/261/145
f 196/263/145 195/261/145 184/262/146
f 184/262/146 185/264/146 196/263/145
f 197/265/145 196/263/145 185/264/146
f 185/264/146 186/266/146 197/265/145
f 198/267/145 197/265/145 186/266/146
f 186/266/146 187/268/146 198/267/145
f 199/269/145 198/267/145 187/268/146
f 187/268/146 188/270/146 199/269/145
f 200/271/145 199/269/145 188/270/146
f 188/270/146 189/272/146 200/271/145
f 201/273/145 200/271/145 189/272/146
f 189/272/146 190/274/147 201/273/145
f 202/275/148 201/273/145 190/274/147
f 190/274/147 191/276/149 202/275/148
f 203/277/150 202/275/148 191/276/149
f 191/276/149 192/278/151 203/277/150
f 204/279/152 203/277/150 192/278/151
f 192/278/151 193/280/153 204/279/152
f 19/281/12 204/279/152 193/280/153
f 193/280/153 4/282/14 19/281/12
f 195/261/145 205/283/154 194/260/144
f 206/284/155 205/283/154 195/261/145
f 195/261/145 196/263/145 206/284/155
f 207/285/156 206/284/155 196/263/145
f 196/263/145 197/265/145 207/285/156
f 208/286/156 207/285/156 197/265/145
f 197/265/145 198/267/145 208/286/156
f 209/287/156 208/286/156 198/267/145
f 198/267/145 199/269/145 209/287/156
f 210/288/156 209/287/156 199/269/145
f 199/269/145 200/271/145 210/288/156
f 211/289/156 210/288/156 200/271/145
f 200/271/145 201/273/145 211/289/156
f 212/290/156 211/289/156 201/273/145
f 201/273/145 202/275/148 212/290/156
f 213/291/156 212/290/156 202/275/148
f 202/275/148 203/277/150 213/291/156
f 214/292/157 213/291/156 203/277/150
f 203/277/150 204/279/152 214/292/157
f 18/293/10 214/292/157 204/279/152
f 204/279/152 19/281/12 18/293/10
f 206/284/155 215/294/158 205/283/154
f 216/295/159 215/294/158 206/284/155
f 206/284/155 207/285/156 216/295/159
f 217/296/160 216/295/159 207/285/156
f 207/285/156 208/286/156 217/296/160
f 218/297/160 217/296/160 208/286/156
f 208/286/156 209/287/156 218/297/160
f 219/298/160 218/297/160 209/287/156
f 209/287/156 210/288/156 219/298/160
f 220/299/160 219/298/160 210/288/156
f 210/288/156 211/289/156 220/299/160
f 221/300/160 220/299/160 211/289/156
f 211/289/156 212/290/156 221/300/160
f 222/301/160 221/300/160 212/290/156
f 212/290/156 213/291/156 222/301/160
f 223/302/161 222/301/160 213/291/156
f 213/291/156 214/292/157 223/302/161
f 17/303/8 223/302/161 214/292/157
f 214/292/157 18/293/10 17/303/8
f 216/295/159 224/304/162 215/294/158
f 225/305/163 224/304/162 216/295/159
f 216/295/159 217/296/160 225/305/163
f 226/306/164 225/305/163 217/296/160
f 217/296/160 218/297/160 226/306/164
f 227/307/164 226/306/164 218/297/160
f 218/297/160 219/298/160 227/307/164
f 228/308/164 227/307/164 219/298/160
f 219/298/160 220/299/160 228/308/164
f 229/309/164 228/308/164 220/299/160
f 220/299/160 221/300/160 229/309/164
f 230/310/164 229/309/164 221/300/160
f 221/300/160 222/301/160 230/310/164
f 231/311/164 230/310/164 222/301/160
f 222/301/160 223/302/161 231/311/164
f 232/312/165 231/311/164 223/302/161
f 223/302/161 17/303/8 232/312/165
f 225/305/163 233/313/166 224/304/162
f 234/314/167 233/313/166 225/305/163
f 225/305/163 226/306/164 234/314/167
f 235/315/168 234/314/167 226/306/164
f 226/306/164 227/307/164 235/315/168
f 236/316/168 235/315/168 227/307/164
f 227/307/164 228/308/164 236/316/168
f 237/317/168 236/316/168 228/308/164
f 228/308/164 229/309/164 237/317/168
f 238/318/168 237/317/168 229/309/164
f 229/309/164 230/310/164 238/318/168
f 239/319/168 238/318/168 230/310/164
f 230/310/164 231/311/164 239/319/168
f 240/320/168 239/319/168 231/311/164
f 231/311/164 232/312/165 240/320/168
f 234/314/167 241/321/169 233/313/166
f 242/322/170 241/321/169 234/314/167
f 234/314/167 235/315/168 242/322/170
f 243/323/171 242/322/170 235/315/168
f 235/315/168 236/316/168 243/323/171
f 244/324/171 243/323/171 236/316/168
f 236/316/168 237/317/168 244/324/171
f 245/325/172 244/324/171 237/317/168
f 237/317/168 238/318/168 245/325/172
f 246/326/172 245/325/172 238/318/168
f 238/318/168 239/319/168 246/326/172
f 247/327/172 246/326/172 239/319/168
f 239/319/168 240/320/168 247/327/172
f 242/322/170 248/328/173 241/321/169
f 249/329/174 248/328/173 242/322/170
f 242/322/170 243/323/171 249/329/174
f 250/330/175 249/329/174 243/323/171
f 243/323/171 244/324/171 250/330/175
f 251/331/175 250/330/175 244/324/171
f 244/324/171 245/325/172 251/331/175
f 252/332/175 251/331/175 245/325/172
f 245/325/172 246/326/172 252/332/175
f 253/333/175 252/332/175 246/326/172
f 246/326/172 247/327/172 253/333/175
f 249/329/174 254/334/176 248/328/173
f 255/335/177 254/334/176 249/329/174
f 249/329/174 250/330/175 255/335/177
f 256/336/178 255/335/177 250/330/175
f 250/330/175 251/331/175 256/336/178
f 257/337/178 256/336/178 251/331/175
f 251/331/175 252/332/175 257/337/178
f 258/338/178 257/337/178 252/332/175
f 252/332/175 253/333/175 258/338/178
f 255/335/177 259/339/179 254/340/176
f 260/341/180 259/339/179 255/335/177
f 255/335/177 256/336/178 260/341/180
f 261/342/181 260/341/180 256/336/178
f 256/336/178 257/343/178 261/342/181
f 262/344/181 261/342/181 257/343/178
f 257/343/178 258/345/178 262/344/181
f 260/346/180 263/347/182 259/348/179
f 264/349/183 263/347/182 260/346/180
f 260/346/180 261/342/181 264/349/183
f 265/350/184 264/349/183 261/342/181
f 261/342/181 262/344/181 265/350/184
f 264/349/183 266/351/185 263/347/182
f 267/352/186 266/351/185 264/349/183
f 264/349/183 265/350/184 267/352/186
f 267/352/186 268/353/187 266/351/185
f 270/354/188 183/355/188 269/356/189
f 269/356/189 291/357/190 270/354/188
f 271/358/63 184/359/63 183/355/188
f 183/355/188 270/354/188 271/358/63
f 272/360/63 185/361/63 184/359/63
f 184/359/63 271/358/63 272/360/63
f 273/362/63 186/363/63 185/361/63
f 185/361/63 272/360/63 273/362/63
f 274/364/63 187/365/63 186/363/63
f 186/363/63 273/362/63 274/364/63
f 275/366/63 188/367/63 187/365/63
f 187/365/63 274/364/63 275/366/63
f 276/368/63 189/369/63 188/367/63
f 188/367/63 275/366/63 276/368/63
f 277/370/191 190/371/191 189/369/63
f 189/369/63 276/368/63 277/370/191
f 278/372/192 191/373/193 190/371/191
f 190/371/191 277/370/191 278/372/192
f 281/374/194 232/375/195 17/376/57
f 17/376/57 104/377/56 281/374/194
f 282/378/196 240/379/196 232/375/195
f 232/375/195 281/374/194 282/378/196
f 283/380/196 247/381/196 240/379/196
f 240/379/196 282/378/196 283/380/196
f 284/382/196 253/383/196 247/381/196
f 247/381/196 283/380/196 284/382/196
f 285/384/196 258/385/196 253/383/196
f 253/383/196 284/382/196 285/384/196
f 286/386/196 262/387/196 258/385/196
f 258/385/196 285/384/196 286/386/196
f 287/388/196 265/389/196 262/387/196
f 262/387/196 286/386/196 287/388/196
f 288/390/197 267/391/198 265/389/196
f 265/389/196 287/388/196 288/390/197
f 289/392/199 268/393/200 267/391/198
f 267/391/198 288/390/197 289/392/199
f 291/357/190 269/394/189 194/395/201
f 194/395/201 290/396/202 291/357/190
f 290/396/202 194/395/201 205/397/203
f 205/397/203 292/398/204 290/396/202
f 292/398/204 205/397/203 215/399/205
f 215/399/205 293/400/206 292/398/204
f 293/400/206 215/399/205 224/401/207
f 224/401/207 294/402/208 293/400/206
f 294/402/208 224/401/207 233/403/209
f 233/403/209 295/404/210 294/402/208
f 295/405/210 233/406/209 241/407/211
f 241/407/211 296/408/212 295/405/210
f 296/409/212 241/410/211 248/411/213
f 248/411/213 297/412/214 296/409/212
f 297/413/214 248/414/213 254/415/215
f 254/415/215 298/416/216 297/413/214
f 298/417/216 254/418/215 259/419/217
f 259/419/217 299/420/218 298/417/216
f 299/421/218 259/422/217 263/423/219
f 263/423/219 300/424/220 299/421/218
f 300/424/220 263/423/219 266/425/221
f 266/425/221 301/426/222 300/424/220
f 301/427/222 266/351/221 268/353/200
f 268/353/200 289/428/199 301/427/222
f 291/357/223 290/396/224 270/429/225
f 302/430/226 271/431/227 270/429/225
f 270/429/225 290/396/224 302/430/226
f 303/432/226 272/433/227 271/431/227
f 271/431/227 302/430/226 303/432/226
f 304/434/226 273/362/227 272/433/227
f 272/433/227 303/432/226 304/434/226
f 305/435/226 274/364/227 273/362/227
f 273/362/227 304/434/226 305/435/226
f 306/436/226 275/366/227 274/364/227
f 274/364/227 305/435/226 306/436/226
f 307/437/226 276/368/227 275/366/227
f 275/366/227 306/436/226 307/437/226
f 308/438/226 277/439/228 276/368/227
f 276/368/227 307/437/226 308/438/226
f 309/440/229 278/441/230 277/439/228
f 277/439/228 308/438/226 309/440/229
f 310/442/231 279/443/232 278/441/230
f 278/441/230 309/440/229 310/442/231
f 311/444/233 280/445/234 279/443/232
f 279/443/232 310/442/231 311/444/233
f 106/446/102 8/447/104 280/445/234
f 280/445/234 311/444/233 106/446/102
f 302/430/226 290/396/224 292/398/235
f 312/448/236 303/432/226 302/430/226
f 302/430/226 292/398/235 312/448/236
f 313/449/237 304/434/226 303/432/226
f 303/432/226 312/448/236 313/449/237
f 314/450/237 305/435/226 304/434/226
f 304/434/226 313/449/237 314/450/237
f 315/451/237 306/436/226 305/435/226
f 305/435/226 314/450/237 315/451/237
f 316/452/237 307/437/226 306/436/226
f 306/436/226 315/451/237 316/452/237
f 317/453/237 308/438/226 307/437/226
f 307/437/226 316/452/237 317/453/237
f 318/454/237 309/440/229 308/438/226
f 308/438/226 317/453/237 318/454/237
f 319/455/237 310/442/231 309/440/229
f 309/440/229 318/454/237 319/455/237
f 320/456/238 311/444/233 310/442/231
f 310/442/231 319/455/237 320/456/238
f 105/457/100 106/446/102 311/444/233
f 311/444/233 320/456/238 105/457/100
f 312/448/236 292/398/235 293/400/239
f 321/458/240 313/449/237 312/448/236
f 312/448/236 293/400/239 321/458/240
f 322/459/241 314/450/237 313/449/237
f 313/449/237 321/458/240 322/459/241
f 323/460/241 315/451/237 314/450/237
f 314/450/237 322/459/241 323/460/241
f 324/461/241 316/452/237 315/451/237
f 315/451/237 323/460/241 324/461/241
f 325/462/241 317/453/237 316/452/237
f 316/452/237 324/461/241 325/462/241
f 326/463/241 318/454/237 317/453/237
f 317/453/237 325/462/241 326/463/241
f 327/464/241 319/455/237 318/454/237
f 318/454/237 326/463/241 327/464/241
f 328/465/242 320/456/238 319/455/237
f 319/455/237 327/464/241 328/465/242
f 104/466/98 105/457/100 320/456/238
f 320/456/238 328/465/242 104/466/98
f 321/458/240 293/400/239 294/402/243
f 329/467/244 322/459/241 321/458/240
f 321/458/240 294/402/243 329/467/244
f 330/468/245 323/469/241 322/459/241
f 322/459/241 329/467/244 330/468/245
f 331/470/245 324/461/241 323/469/241
f 323/469/241 330/468/245 331/470/245
f 332/471/245 325/462/241 324/461/241
f 324/461/241 331/470/245 332/471/245
f 333/472/245 326/463/241 325/462/241
f 325/462/241 332/471/245 333/472/245
f 334/473/245 327/464/241 326/463/241
f 326/463/241 333/472/245 334/473/245
f 335/474/246 328/465/242 327/464/241
f 327/464/241 334/473/245 335/474/246
f 281/475/247 104/466/98 328/465/242
f 328/465/242 335/474/246 281/475/247
f 329/467/244 294/402/243 295/476/248
f 336/477/249 330/468/245 329/467/244
f 329/467/244 295/476/248 336/477/249
f 337/478/250 331/470/245 330/468/245
f 330/468/245 336/477/249 337/478/250
f 338/479/250 332/471/245 331/470/245
f 331/470/245 337/478/250 338/479/250
f 339/480/250 333/472/245 332/471/245
f 332/471/245 338/479/250 339/480/250
f 340/481/250 334/473/245 333/472/245
f 333/472/245 339/480/250 340/481/250
f 341/482/250 335/474/246 334/473/245
f 334/473/245 340/481/250 341/482/250
f 282/483/250 281/475/247 335/474/246
f 335/474/246 341/482/250 282/483/250
f 336/477/249 295/476/248 296/484/251
f 342/485/252 337/478/250 336/477/249
f 336/477/249 296/484/251 342/485/252
f 343/486/253 338/479/250 337/478/250
f 337/478/250 342/485/252 343/486/253
f 344/487/253 339/480/250 338/479/250
f 338/479/250 343/486/253 344/487/253
f 345/488/253 340/481/250 339/480/250
f 339/480/250 344/487/253 345/488/253
f 346/489/253 341/482/250 340/481/250
f 340/481/250 345/488/253 346/489/253
f 283/490/253 282/483/250 341/482/250
f 341/482/250 346/489/253 283/490/253
f 342/485/252 296/484/251 297/491/254
f 347/492/255 343/486/253 342/485/252
f 342/485/252 297/491/254 347/492/255
f 348/493/256 344/487/253 343/486/253
f 343/486/253 347/492/255 348/493/256
f 349/494/256 345/488/253 344/487/253
f 344/487/253 348/493/256 349/494/256
f 350/495/257 346/489/253 345/488/253
f 345/488/253 349/494/256 350/495/257
f 284/496/257 283/490/253 346/489/253
f 346/489/253 350/495/257 284/496/257
f 347/492/255 297/491/254 298/497/258
f 351/498/259 348/493/256 347/492/255
f 347/492/255 298/497/258 351/498/259
f 352/499/260 349/494/256 348/493/256
f 348/493/256 351/498/259 352/499/260
f 353/500/260 350/495/257 349/494/256
f 349/494/256 352/499/260 353/500/260
f 285/501/260 284/496/257 350/495/257
f 350/495/257 353/500/260 285/501/260
f 351/498/259 298/502/258 299/503/261
f 354/504/262 352/499/260 351/498/259
f 351/498/259 299/503/261 354/504/262
f 355/505/263 353/500/260 352/499/260
f 352/499/260 354/504/262 355/505/263
f 286/506/263 285/501/260 353/500/260
f 353/500/260 355/505/263 286/506/263
f 354/504/262 299/507/261 300/508/264
f 356/509/265 355/505/263 354/504/262
f 354/504/262 300/508/264 356/509/265
f 287/510/266 286/511/263 355/505/263
f 355/505/263 356/509/265 287/510/266
f 356/509/265 300/508/264 301/512/267
f 288/513/268 287/510/266 356/509/265
f 356/509/265 301/512/267 288/513/268
f 288/513/268 301/512/267 289/514/269
f 357/515/270 358/516/271 359/517/272
f 360/518/17 359/517/272 358/516/271
f 358/516/271 361/519/273 360/518/17
f 362/520/17 360/518/17 361/519/273
f 361/519/273 363/521/273 362/520/17
f 364/522/17 362/520/17 363/521/273
f 363/521/273 365/523/273 364/522/17
f 366/524/17 364/522/17 365/523/273
f 365/523/273 367/525/273 366/524/17
f 368/526/17 366/524/17 367/525/273
f 367/525/273 369/527/273 368/526/17
f 370/528/17 368/526/17 369/527/273
f 369/527/273 371/529/273 370/528/17
f 372/530/17 370/528/17 371/529/273
f 371/529/273 373/531/274 372/530/17
f 374/532/275 372/530/17 373/531/274
f 373/531/274 375/533/276 374/532/275
f 376/534/277 374/532/275 375/533/276
f 375/533/276 377/535/278 376/534/277
f 378/536/279 376/534/277 377/535/278
f 377/535/278 379/537/280 378/536/279
f 193/538/153 378/536/279 379/537/280
f 379/537/280 380/539/281 193/538/153
f 360/518/17 381/540/282 359/517/272
f 382/541/283 381/540/282 360/518/17
f 360/518/17 362/520/17 382/541/283
f 383/542/4 382/541/283 362/520/17
f 362/520/17 364/522/17 383/542/4
f 384/543/4 383/542/4 364/522/17
f 364/522/17 366/524/17 384/543/4
f 385/544/4 384/543/4 366/524/17
f 366/524/17 368/526/17 385/544/4
f 386/545/4 385/544/4 368/526/17
f 368/526/17 370/528/17 386/545/4
f 387/546/4 386/545/4 370/528/17
f 370/528/17 372/530/17 387/546/4
f 388/547/4 387/546/4 372/530/17
f 372/530/17 374/532/275 388/547/4
f 389/548/4 388/547/4 374/532/275
f 374/532/275 376/534/277 389/548/4
f 390/549/284 389/548/4 376/534/277
f 376/534/277 378/536/279 390/549/284
f 192/550/151 390/549/284 378/536/279
f 378/536/279 193/538/153 192/550/151
f 382/541/283 391/551/285 381/540/282
f 392/552/286 391/551/285 382/541/283
f 382/541/283 383/542/4 392/552/286
f 393/553/287 392/552/286 383/542/4
f 383/542/4 384/543/4 393/553/287
f 394/554/287 393/553/287 384/543/4
f 384/543/4 385/544/4 394/554/287
f 395/555/287 394/554/287 385/544/4
f 385/544/4 386/545/4 395/555/287
f 396/556/287 395/555/287 386/545/4
f 386/545/4 387/546/4 396/556/287
f 397/557/287 396/556/287 387/546/4
f 387/546/4 388/547/4 397/557/287
f 398/558/287 397/557/287 388/547/4
f 388/547/4 389/548/4 398/558/287
f 399/559/288 398/558/287 389/548/4
f 389/548/4 390/549/284 399/559/288
f 191/560/149 399/559/288 390/549/284
f 390/549/284 192/550/151 191/560/149
f 392/552/286 400/561/289 391/551/285
f 401/562/290 400/561/289 392/552/286
f 392/552/286 393/553/287 401/562/290
f 402/563/291 401/562/290 393/553/287
f 393/553/287 394/554/287 402/563/291
f 403/564/291 402/563/291 394/554/287
f 394/554/287 395/555/287 403/564/291
f 404/565/291 403/564/291 395/555/287
f 395/555/287 396/556/287 404/565/291
f 405/566/291 404/565/291 396/556/287
f 396/556/287 397/557/287 405/566/291
f 406/567/291 405/566/291 397/557/287
f 397/557/287 398/558/287 406/567/291
f 407/568/291 406/567/291 398/558/287
f 398/558/287 399/559/288 407/568/291
f 408/569/292 407/568/291 399/559/288
f 399/559/288 191/560/149 408/569/292
f 401/562/290 409/570/293 400/561/289
f 410/571/294 409/570/293 401/562/290
f 401/562/290 402/563/291 410/571/294
f 411/572/295 410/571/294 402/563/291
f 402/563/291 403/564/291 411/572/295
f 412/573/295 411/572/295 403/564/291
f 403/564/291 404/565/291 412/573/295
f 413/574/295 412/573/295 404/565/291
f 404/565/291 405/566/291 413/574/295
f 414/575/295 413/574/295 405/566/291
f 405/566/291 406/567/291 414/575/295
f 415/576/295 414/575/295 406/567/291
f 406/567/291 407/568/291 415/576/295
f 416/577/295 415/576/295 407/568/291
f 407/568/291 408/569/292 416/577/295
f 410/571/294 417/578/296 409/570/293
f 418/579/297 417/578/296 410/571/294
f 410/571/294 411/572/295 418/579/297
f 419/580/298 418/579/297 411/572/295
f 411/572/295 412/573/295 419/580/298
f 420/581/298 419/580/298 412/573/295
f 412/573/295 413/574/295 420/581/298
f 421/582/298 420/581/298 413/574/295
f 413/574/295 414/575/295 421/582/298
f 422/583/298 421/582/298 414/575/295
f 414/575/295 415/576/295 422/583/298
f 423/584/298 422/583/298 415/576/295
f 415/576/295 416/577/295 423/584/298
f 418/579/297 424/585/299 417/578/296
f 425/586/300 424/585/299 418/579/297
f 418/579/297 419/580/298 425/586/300
f 426/587/301 425/586/300 419/580/298
f 419/580/298 420/581/298 426/587/301
f 427/588/301 426/587/301 420/581/298
f 420/581/298 421/582/298 427/588/301
f 428/589/301 427/588/301 421/582/298
f 421/582/298 422/583/298 428/589/301
f 429/590/301 428/589/301 422/583/298
f 422/583/298 423/584/298 429/590/301
f 425/586/300 430/591/302 424/585/299
f 431/592/303 430/591/302 425/586/300
f 425/586/300 426/587/301 431/592/303
f 432/593/304 431/592/303 426/587/301
f 426/587/301 427/588/301 432/593/304
f 433/594/304 432/593/304 427/588/301
f 427/588/301 428/589/301 433/594/304
f 434/595/304 433/594/304 428/589/301
f 428/589/301 429/590/301 434/595/304
f 431/592/303 435/596/305 430/597/302
f 436/598/306 435/596/305 431/592/303
f 431/592/303 432/593/304 436/598/306
f 437/599/307 436/598/306 432/593/304
f 432/593/304 433/600/304 437/599/307
f 438/601/307 437/599/307 433/600/304
f 433/600/304 434/602/304 438/601/307
f 436/603/306 439/604/308 435/605/305
f 440/606/309 439/604/308 436/603/306
f 436/603/306 437/599/307 440/606/309
f 441/607/310 440/606/309 437/599/307
f 437/599/307 438/601/307 441/607/310
f 440/606/309 442/608/311 439/604/308
f 443/609/312 442/608/311 440/606/309
f 440/606/309 441/607/310 443/609/312
f 443/609/312 444/610/313 442/608/311
f 445/611/314 358/612/314 357/613/315
f 357/613/315 446/614/316 445/611/314
f 447/615/196 361/616/196 358/612/314
f 358/612/314 445/611/314 447/615/196
f 448/617/196 363/618/196 361/616/196
f 361/616/196 447/615/196 448/617/196
f 449/619/196 365/620/196 363/618/196
f 363/618/196 448/617/196 449/619/196
f 450/621/196 367/622/196 365/620/196
f 365/620/196 449/619/196 450/621/196
f 451/623/196 369/624/196 367/622/196
f 367/622/196 450/621/196 451/623/196
f 452/625/196 371/626/196 369/624/196
f 369/624/196 451/623/196 452/625/196
f 453/627/317 373/628/317 371/626/196
f 371/626/196 452/625/196 453/627/317
f 454/629/318 375/630/319 373/628/317
f 373/628/317 453/627/317 454/629/318
f 455/631/320 408/632/321 191/633/193
f 191/633/193 278/634/192 455/631/320
f 456/635/322 416/636/322 408/632/321
f 408/632/321 455/631/320 456/635/322
f 457/637/322 423/638/322 416/636/322
f 416/636/322 456/635/322 457/637/322
f 458/639/322 429/640/322 423/638/322
f 423/638/322 457/637/322 458/639/322
f 459/641/322 434/642/322 429/640/322
f 429/640/322 458/639/322 459/641/322
f 460/643/322 438/644/322 434/642/322
f 434/642/322 459/641/322 460/643/322
f 461/645/322 441/646/322 438/644/322
f 438/644/322 460/643/322 461/645/322
f 462/647/323 443/648/324 441/646/322
f 441/646/322 461/645/322 462/647/323
f 463/649/325 444/650/326 443/648/324
f 443/648/324 462/647/323 463/649/325
f 446/614/316 357/651/315 359/652/327
f 359/652/327 464/653/328 446/614/316
f 464/653/328 359/652/327 381/654/329
f 381/654/329 465/655/330 464/653/328
f 465/655/330 381/654/329 391/656/331
f 391/656/331 466/657/332 465/655/330
f 466/657/332 391/656/331 400/658/333
f 400/658/333 467/659/334 466/657/332
f 467/659/334 400/658/333 409/660/335
f 409/660/335 468/661/336 467/659/334
f 468/662/336 409/663/335 417/664/337
f 417/664/337 469/665/338 468/662/336
f 469/666/338 417/667/337 424/668/339
f 424/668/339 470/669/340 469/666/338
f 470/670/340 424/671/339 430/672/341
f 430/672/341 471/673/342 470/670/340
f 471/674/342 430/675/341 435/676/343
f 435/676/343 472/677/344 471/674/342
f 472/678/344 435/679/343 439/680/345
f 439/680/345 473/681/346 472/678/344
f 473/681/346 439/680/345 442/682/347
f 442/682/347 474/683/348 473/681/346
f 474/684/348 442/608/347 444/610/326
f 444/610/326 463/685/325 474/684/348
f 446/614/349 464/653/350 445/686/351
f 475/687/352 447/688/353 445/686/351
f 445/686/351 464/653/350 475/687/352
f 476/689/352 448/690/353 447/688/353
f 447/688/353 475/687/352 476/689/352
f 477/691/352 449/619/353 448/690/353
f 448/690/353 476/689/352 477/691/352
f 478/692/352 450/621/353 449/619/353
f 449/619/353 477/691/352 478/692/352
f 479/693/352 451/623/353 450/621/353
f 450/621/353 478/692/352 479/693/352
f 480/694/352 452/625/353 451/623/353
f 451/623/353 479/693/352 480/694/352
f 481/695/352 453/696/354 452/625/353
f 452/625/353 480/694/352 481/695/352
f 482/697/355 454/698/356 453/696/354
f 453/696/354 481/695/352 482/697/355
f 483/699/357 484/700/358 454/698/356
f 454/698/356 482/697/355 483/699/357
f 485/701/359 486/702/360 484/700/358
f 484/700/358 483/699/357 485/701/359
f 280/703/234 487/704/361 486/702/360
f 486/702/360 485/701/359 280/703/234
f 475/687/352 464/653/350 465/655/362
f 488/705/363 476/689/352 475/687/352
f 475/687/352 465/655/362 488/705/363
f 489/706/364 477/691/352 476/689/352
f 476/689/352 488/705/363 489/706/364
f 490/707/364 478/692/352 477/691/352
f 477/691/352 489/706/364 490/707/364
f 491/708/364 479/693/352 478/692/352
f 478/692/352 490/707/364 491/708/364
f 492/709/364 480/694/352 479/693/352
f 479/693/352 491/708/364 492/709/364
f 493/710/364 481/695/352 480/694/352
f 480/694/352 492/709/364 493/710/364
f 494/711/364 482/697/355 481/695/352
f 481/695/352 493/710/364 494/711/364
f 495/712/364 483/699/357 482/697/355
f 482/697/355 494/711/364 495/712/364
f 496/713/365 485/701/359 483/699/357
f 483/699/357 495/712/364 496/713/365
f 279/714/232 280/703/234 485/701/359
f 485/701/359 496/713/365 279/714/232
f 488/705/363 465/655/362 466/657/366
f 497/715/367 489/706/364 488/705/363
f 488/705/363 466/657/366 497/715/367
f 498/716/368 490/707/364 489/706/364
f 489/706/364 497/715/367 498/716/368
f 499/717/368 491/708/364 490/707/364
f 490/707/364 498/716/368 499/717/368
f 500/718/368 492/709/364 491/708/364
f 491/708/364 499/717/368 500/718/368
f 501/719/368 493/710/364 492/709/364
f 492/709/364 500/718/368 501/719/368
f 502/720/368 494/711/364 493/710/364
f 493/710/364 501/719/368 502/720/368
f 503/721/368 495/712/364 494/711/364
f 494/711/364 502/720/368 503/721/368
f 504/722/369 496/713/365 495/712/364
f 495/712/364 503/721/368 504/722/369
f 278/723/230 279/714/232 496/713/365
f 496/713/365 504/722/369 278/723/230
f 497/715/367 466/657/366 467/659/370
f 505/724/371 498/716/368 497/715/367
f 497/715/367 467/659/370 505/724/371
f 506/725/372 499/726/368 498/716/368
f 498/716/368 505/724/371 506/725/372
f 507/727/372 500/718/368 499/726/368
f 499/726/368 506/725/372 507/727/372
f 508/728/372 501/719/368 500/718/368
f 500/718/368 507/727/372 508/728/372
f 509/729/372 502/720/368 501/719/368
f 501/719/368 508/728/372 509/729/372
f 510/730/372 503/721/368 502/720/368
f 502/720/368 509/729/372 510/730/372
f 511/731/373 504/722/369 503/721/368
f 503/721/368 510/730/372 511/731/373
f 455/732/374 278/723/230 504/722/369
f 504/722/369 511/731/373 455/732/374
f 505/724/371 467/659/370 468/733/375
f 512/734/376 506/725/372 505/724/371
f 505/724/371 468/733/375 512/734/376
f 513/735/377 507/727/372 506/725/372
f 506/725/372 512/734/376 513/735/377
f 514/736/377 508/728/372 507/727/372
f 507/727/372 513/735/377 514/736/377
f 515/737/377 509/729/372 508/728/372
f 508/728/372 514/736/377 515/737/377
f 516/738/377 510/730/372 509/729/372
f 509/729/372 515/737/377 516/738/377
f 517/739/377 511/731/373 510/730/372
f 510/730/372 516/738/377 517/739/377
f 456/740/377 455/732/374 511/731/373
f 511/731/373 517/739/377 456/740/377
f 512/734/376 468/733/375 469/741/378
f 518/742/379 513/735/377 512/734/376
f 512/734/376 469/741/378 518/742/379
f 519/743/380 514/736/377 513/735/377
f 513/735/377 518/742/379 519/743/380
f 520/744/380 515/737/377 514/736/377
f 514/736/377 519/743/380 520/744/380
f 521/745/380 516/738/377 515/737/377
f 515/737/377 520/744/380 521/745/380
f 522/746/380 517/739/377 516/738/377
f 516/738/377 521/745/380 522/746/380
f 457/747/380 456/740/377 517/739/377
f 517/739/377 522/746/380 457/747/380
f 518/742/379 469/741/378 470/748/381
f 523/749/382 519/743/380 518/742/379
f 518/742/379 470/748/381 523/749/382
f 524/750/383 520/744/380 519/743/380
f 519/743/380 523/749/382 524/750/383
f 525/751/383 521/745/380 520/744/380
f 520/744/380 524/750/383 525/751/383
f 526/752/384 522/746/380 521/745/380
f 521/745/380 525/751/383 526/752/384
f 458/753/384 457/747/380 522/746/380
f 522/746/380 526/752/384 458/753/384
f 523/749/382 470/748/381 471/754/385
f 527/755/386 524/750/383 523/749/382
f 523/749/382 471/754/385 527/755/386
f 528/756/387 525/751/383 524/750/383
f 524/750/383 527/755/386 528/756/387
f 529/757/387 526/752/384 525/751/383
f 525/751/383 528/756/387 529/757/387
f 459/758/387 458/753/384 526/752/384
f 526/752/384 529/757/387 459/758/387
f 527/755/386 471/759/385 472/760/388
f 530/761/389 528/756/387 527/755/386
f 527/755/386 472/760/388 530/761/389
f 531/762/390 529/757/387 528/756/387
f 528/756/387 530/761/389 531/762/390
f 460/763/390 459/758/387 529/757/387
f 529/757/387 531/762/390 460/763/390
f 530/761/389 472/764/388 473/765/391
f 532/766/392 531/762/390 530/761/389
f 530/761/389 473/765/391 532/766/392
f 461/767/393 460/768/390 531/762/390
f 531/762/390 532/766/392 461/767/393
f 532/766/392 473/765/391 474/769/394
f 462/770/395 461/767/393 532/766/392
f 532/766/392 474/769/394 462/770/395
f 462/770/395 474/769/394 463/771/396
f 533/772/397 534/773/398 535/774/399
f 536/775/156 535/774/399 534/773/398
f 534/773/398 537/776/400 536/775/156
f 538/777/156 536/775/156 537/776/400
f 537/776/400 539/778/400 538/777/156
f 540/779/156 538/777/156 539/778/400
f 539/778/400 541/780/400 540/779/156
f 542/781/156 540/779/156 541/780/400
f 541/780/400 543/782/400 542/781/156
f 544/783/156 542/781/156 543/782/400
f 543/782/400 545/784/400 544/783/156
f 546/785/156 544/783/156 545/784/400
f 545/784/400 547/786/400 546/785/156
f 548/787/156 546/785/156 547/786/400
f 547/786/400 549/788/401 548/787/156
f 550/789/402 548/787/156 549/788/401
f 549/788/401 1/790/24 550/789/402
f 551/791/403 550/789/402 1/790/24
f 1/790/24 2/792/19 551/791/403
f 552/793/404 551/791/403 2/792/19
f 2/792/19 3/794/13 552/793/404
f 379/795/280 552/793/404 3/794/13
f 3/794/13 380/796/281 379/795/280
f 536/775/156 553/797/405 535/774/399
f 554/798/406 553/797/405 536/775/156
f 536/775/156 538/777/156 554/798/406
f 555/799/145 554/798/406 538/777/156
f 538/777/156 540/779/156 555/799/145
f 556/800/145 555/799/145 540/779/156
f 540/779/156 542/781/156 556/800/145
f 557/801/145 556/800/145 542/781/156
f 542/781/156 544/783/156 557/801/145
f 558/802/145 557/801/145 544/783/156
f 544/783/156 546/785/156 558/802/145
f 559/803/145 558/802/145 546/785/156
f 546/785/156 548/787/156 559/803/145
f 560/804/145 559/803/145 548/787/156
f 548/787/156 550/789/402 560/804/145
f 561/805/145 560/804/145 550/789/402
f 550/789/402 551/791/403 561/805/145
f 562/806/407 561/805/145 551/791/403
f 551/791/403 552/793/404 562/806/407
f 377/807/278 562/806/407 552/793/404
f 552/793/404 379/795/280 377/807/278
f 554/798/406 563/808/408 553/797/405
f 564/809/409 563/808/408 554/798/406
f 554/798/406 555/799/145 564/809/409
f 565/810/410 564/809/409 555/799/145
f 555/799/145 556/800/145 565/810/410
f 566/811/410 565/810/410 556/800/145
f 556/800/145 557/801/145 566/811/410
f 567/812/410 566/811/410 557/801/145
f 557/801/145 558/802/145 567/812/410
f 568/813/410 567/812/410 558/802/145
f 558/802/145 559/803/145 568/813/410
f 569/814/410 568/813/410 559/803/145
f 559/803/145 560/804/145 569/814/410
f 570/815/410 569/814/410 560/804/145
f 560/804/145 561/805/145 570/815/410
f 571/816/411 570/815/410 561/805/145
f 561/805/145 562/806/407 571/816/411
f 375/817/276 571/816/411 562/806/407
f 562/806/407 377/807/278 375/817/276
f 564/809/409 572/818/412 563/808/408
f 573/819/413 572/818/412 564/809/409
f 564/809/409 565/810/410 573/819/413
f 574/820/414 573/819/413 565/810/410
f 565/810/410 566/811/410 574/820/414
f 575/821/414 574/820/414 566/811/410
f 566/811/410 567/812/410 575/821/414
f 576/822/414 575/821/414 567/812/410
f 567/812/410 568/813/410 576/822/414
f 577/823/414 576/822/414 568/813/410
f 568/813/410 569/814/410 577/823/414
f 578/824/414 577/823/414 569/814/410
f 569/814/410 570/815/410 578/824/414
f 579/825/414 578/824/414 570/815/410
f 570/815/410 571/816/411 579/825/414
f 580/826/415 579/825/414 571/816/411
f 571/816/411 375/817/276 580/826/415
f 573/819/413 581/827/416 572/818/412
f 582/828/417 581/827/416 573/819/413
f 573/819/413 574/820/414 582/828/417
f 583/829/418 582/828/417 574/820/414
f 574/820/414 575/821/414 583/829/418
f 584/830/418 583/829/418 575/821/414
f 575/821/414 576/822/414 584/830/418
f 585/831/418 584/830/418 576/822/414
f 576/822/414 577/823/414 585/831/418
f 586/832/418 585/831/418 577/823/414
f 577/823/414 578/824/414 586/832/418
f 587/833/418 586/832/418 578/824/414
f 578/824/414 579/825/414 587/833/418
f 588/834/418 587/833/418 579/825/414
f 579/825/414 580/826/415 588/834/418
f 582/828/417 589/835/419 581/827/416
f 590/836/420 589/835/419 582/828/417
f 582/828/417 583/829/418 590/836/420
f 591/837/421 590/836/420 583/829/418
f 583/829/418 584/830/418 591/837/421
f 592/838/421 591/837/421 584/830/418
f 584/830/418 585/831/418 592/838/421
f 593/839/421 592/838/421 585/831/418
f 585/831/418 586/832/418 593/839/421
f 594/840/421 593/839/421 586/832/418
f 586/832/418 587/833/418 594/840/421
f 595/841/421 594/840/421 587/833/418
f 587/833/418 588/834/418 595/841/421
f 590/836/420 596/842/422 589/835/419
f 597/843/423 596/842/422 590/836/420
f 590/836/420 591/837/421 597/843/423
f 598/844/424 597/843/423 591/837/421
f 591/837/421 592/838/421 598/844/424
f 599/845/424 598/844/424 592/838/421
f 592/838/421 593/839/421 599/845/424
f 600/846/424 599/845/424 593/839/421
f 593/839/421 594/840/421 600/846/424
f 601/847/424 600/846/424 594/840/421
f 594/840/421 595/841/421 601/847/424
f 597/843/423 602/848/425 596/842/422
f 603/849/426 602/848/425 597/843/423
f 597/843/423 598/844/424 603/849/426
f 604/850/427 603/849/426 598/844/424
f 598/844/424 599/845/424 604/850/427
f 605/851/427 604/850/427 599/845/424
f 599/845/424 600/846/424 605/851/427
f 606/852/427 605/851/427 600/846/424
f 600/846/424 601/847/424 606/852/427
f 603/849/426 607/853/428 602/854/425
f 608/855/429 607/853/428 603/849/426
f 603/849/426 604/850/427 608/855/429
f 609/856/430 608/855/429 604/850/427
f 604/850/427 605/857/427 609/856/430
f 610/858/430 609/856/430 605/857/427
f 605/857/427 606/859/427 610/858/430
f 608/860/429 611/861/431 607/862/428
f 612/863/432 611/861/431 608/860/429
f 608/860/429 609/856/430 612/863/432
f 613/864/433 612/863/432 609/856/430
f 609/856/430 610/858/430 613/864/433
f 612/863/432 614/865/434 611/861/431
f 615/866/435 614/865/434 612/863/432
f 612/863/432 613/864/433 615/866/435
f 615/866/435 616/867/436 614/865/434
f 617/868/437 534/869/437 533/870/438
f 533/870/438 618/871/439 617/868/437
f 619/872/322 537/873/322 534/869/437
f 534/869/437 617/868/437 619/872/322
f 620/874/322 539/875/322 537/873/322
f 537/873/322 619/872/322 620/874/322
f 621/876/322 541/877/322 539/875/322
f 539/875/322 620/874/322 621/876/322
f 622/878/322 543/879/322 541/877/322
f 541/877/322 621/876/322 622/878/322
f 623/880/322 545/881/322 543/879/322
f 543/879/322 622/878/322 623/880/322
f 624/882/322 547/883/322 545/881/322
f 545/881/322 623/880/322 624/882/322
f 625/884/440 549/885/441 547/883/322
f 547/883/322 624/882/322 625/884/440
f 626/886/442 1/887/60 549/885/441
f 549/885/441 625/884/440 626/886/442
f 627/888/443 580/889/444 375/890/319
f 375/890/319 454/891/318 627/888/443
f 628/892/54 588/893/54 580/889/444
f 580/889/444 627/888/443 628/892/54
f 629/894/54 595/895/54 588/893/54
f 588/893/54 628/892/54 629/894/54
f 630/896/54 601/897/54 595/895/54
f 595/895/54 629/894/54 630/896/54
f 631/898/54 606/899/54 601/897/54
f 601/897/54 630/896/54 631/898/54
f 632/900/54 610/901/54 606/899/54
f 606/899/54 631/898/54 632/900/54
f 633/902/54 613/903/54 610/901/54
f 610/901/54 632/900/54 633/902/54
f 634/904/445 615/905/446 613/903/54
f 613/903/54 633/902/54 634/904/445
f 635/906/447 616/907/448 615/905/446
f 615/905/446 634/904/445 635/906/447
f 618/871/439 533/908/438 535/909/449
f 535/909/449 636/910/450 618/871/439
f 636/910/450 535/909/449 553/911/451
f 553/911/451 637/912/452 636/910/450
f 637/912/452 553/911/451 563/913/453
f 563/913/453 638/914/454 637/912/452
f 638/914/454 563/913/453 572/915/455
f 572/915/455 639/916/456 638/914/454
f 639/916/456 572/915/455 581/917/457
f 581/917/457 640/918/458 639/916/456
f 640/919/458 581/920/457 589/921/459
f 589/921/459 641/922/460 640/919/458
f 641/923/460 589/924/459 596/925/461
f 596/925/461 642/926/462 641/923/460
f 642/927/462 596/928/461 602/929/463
f 602/929/463 643/930/464 642/927/462
f 643/931/464 602/932/463 607/933/465
f 607/933/465 644/934/466 643/931/464
f 644/935/466 607/936/465 611/937/467
f 611/937/467 645/938/468 644/935/466
f 645/938/468 611/937/467 614/939/469
f 614/939/469 646/940/470 645/938/468
f 646/941/470 614/865/469 616/867/448
f 616/867/448 635/942/447 646/941/470
f 618/871/471 636/910/472 617/943/473
f 647/944/474 619/945/475 617/943/473
f 617/943/473 636/910/472 647/944/474
f 648/946/474 620/947/475 619/945/475
f 619/945/475 647/944/474 648/946/474
f 649/948/474 621/876/475 620/947/475
f 620/947/475 648/946/474 649/948/474
f 650/949/474 622/878/475 621/876/475
f 621/876/475 649/948/474 650/949/474
f 651/950/474 623/880/475 622/878/475
f 622/878/475 650/949/474 651/950/474
f 652/951/474 624/882/475 623/880/475
f 623/880/475 651/950/474 652/951/474
f 653/952/474 625/953/476 624/882/475
f 624/882/475 652/951/474 653/952/474
f 654/954/477 626/955/478 625/953/476
f 625/953/476 653/952/474 654/954/477
f 655/956/479 6/957/109 626/955/478
f 626/955/478 654/954/477 655/956/479
f 656/958/480 7/959/103 6/957/109
f 6/957/109 655/956/479 656/958/480
f 486/960/360 487/961/361 7/959/103
f 7/959/103 656/958/480 486/960/360
f 647/944/474 636/910/472 637/912/481
f 657/962/482 648/946/474 647/944/474
f 647/944/474 637/912/481 657/962/482
f 658/963/483 649/948/474 648/946/474
f 648/946/474 657/962/482 658/963/483
f 659/964/483 650/949/474 649/948/474
f 649/948/474 658/963/483 659/964/483
f 660/965/483 651/950/474 650/949/474
f 650/949/474 659/964/483 660/965/483
f 661/966/483 652/951/474 651/950/474
f 651/950/474 660/965/483 661/966/483
f 662/967/483 653/952/474 652/951/474
f 652/951/474 661/966/483 662/967/483
f 663/968/483 654/954/477 653/952/474
f 653/952/474 662/967/483 663/968/483
f 664/969/483 655/956/479 654/954/477
f 654/954/477 663/968/483 664/969/483
f 665/970/484 656/958/480 655/956/479
f 655/956/479 664/969/483 665/970/484
f 484/971/358 486/960/360 656/958/480
f 656/958/480 665/970/484 484/971/358
f 657/962/482 637/912/481 638/914/485
f 666/972/486 658/963/483 657/962/482
f 657/962/482 638/914/485 666/972/486
f 667/973/487 659/964/483 658/963/483
f 658/963/483 666/972/486 667/973/487
f 668/974/487 660/965/483 659/964/483
f 659/964/483 667/973/487 668/974/487
f 669/975/487 661/966/483 660/965/483
f 660/965/483 668/974/487 669/975/487
f 670/976/487 662/967/483 661/966/483
f 661/966/483 669/975/487 670/976/487
f 671/977/487 663/968/483 662/967/483
f 662/967/483 670/976/487 671/977/487
f 672/978/487 664/969/483 663/968/483
f 663/968/483 671/977/487 672/978/487
f 673/979/488 665/970/484 664/969/483
f 664/969/483 672/978/487 673/979/488
f 454/980/356 484/971/358 665/970/484
f 665/970/484 673/979/488 454/980/356
f 666/972/486 638/914/485 639/916/489
f 674/981/490 667/973/487 666/972/486
f 666/972/486 639/916/489 674/981/490
f 675/982/491 668/983/487 667/973/487
f 667/973/487 674/981/490 675/982/491
f 676/984/491 669/975/487 668/983/487
f 668/983/487 675/982/491 676/984/491
f 677/985/491 670/976/487 669/975/487
f 669/975/487 676/984/491 677/985/491
f 678/986/491 671/977/487 670/976/487
f 670/976/487 677/985/491 678/986/491
f 679/987/491 672/978/487 671/977/487
f 671/977/487 678/986/491 679/987/491
f 680/988/492 673/979/488 672/978/487
f 672/978/487 679/987/491 680/988/492
f 627/989/493 454/980/356 673/979/488
f 673/979/488 680/988/492 627/989/493
f 674/981/490 639/916/489 640/990/494
f 681/991/495 675/982/491 674/981/490
f 674/981/490 640/990/494 681/991/495
f 682/992/496 676/984/491 675/982/491
f 675/982/491 681/991/495 682/992/496
f 683/993/496 677/985/491 676/984/491
f 676/984/491 682/992/496 683/993/496
f 684/994/496 678/986/491 677/985/491
f 677/985/491 683/993/496 684/994/496
f 685/995/496 679/987/491 678/986/491
f 678/986/491 684/994/496 685/995/496
f 686/996/496 680/988/492 679/987/491
f 679/987/491 685/995/496 686/996/496
f 628/997/496 627/989/493 680/988/492
f 680/988/492 686/996/496 628/997/496
f 681/991/495 640/990/494 641/998/497
f 687/999/498 682/992/496 681/991/495
f 681/991/495 641/998/497 687/999/498
f 688/1000/499 683/993/496 682/992/496
f 682/992/496 687/999/498 688/1000/499
f 689/1001/499 684/994/496 683/993/496
f 683/993/496 688/1000/499 689/1001/499
f 690/1002/499 685/995/496 684/994/496
f 684/994/496 689/1001/499 690/1002/499
f 691/1003/499 686/996/496 685/995/496
f 685/995/496 690/1002/499 691/1003/499
f 629/1004/499 628/997/496 686/996/496
f 686/996/496 691/1003/499 629/1004/499
f 687/999/498 641/998/497 642/1005/500
f 692/1006/501 688/1000/499 687/999/498
f 687/999/498 642/1005/500 692/1006/501
f 693/1007/502 689/1001/499 688/1000/499
f 688/1000/499 692/1006/501 693/1007/502
f 694/1008/503 690/1002/499 689/1001/499
f 689/1001/499 693/1007/502 694/1008/503
f 695/1009/504 691/1003/499 690/1002/499
f 690/1002/499 694/1008/503 695/1009/504
f 630/1010/504 629/1004/499 691/1003/499
f 691/1003/499 695/1009/504 630/1010/504
f 692/1006/501 642/1005/500 643/1011/505
f 696/1012/506 693/1007/502 692/1006/501
f 692/1006/501 643/1011/505 696/1012/506
f 697/1013/507 694/1008/503 693/1007/502
f 693/1007/502 696/1012/506 697/1013/507
f 698/1014/508 695/1009/504 694/1008/503
f 694/1008/503 697/1013/507 698/1014/508
f 631/1015/508 630/1010/504 695/1009/504
f 695/1009/504 698/1014/508 631/1015/508
f 696/1012/506 643/1016/505 644/1017/509
f 699/1018/510 697/1013/507 696/1012/506
f 696/1012/506 644/1017/509 699/1018/510
f 700/1019/511 698/1014/508 697/1013/507
f 697/1013/507 699/1018/510 700/1019/511
f 632/1020/511 631/1015/508 698/1014/508
f 698/1014/508 700/1019/511 632/1020/511
f 699/1018/510 644/1021/509 645/1022/512
f 701/1023/513 700/1019/511 699/1018/510
f 699/1018/510 645/1022/512 701/1023/513
f 633/1024/514 632/1025/511 700/1019/511
f 700/1019/511 701/1023/513 633/1024/514
f 701/1023/513 645/1022/512 646/1026/515
f 634/1027/516 633/1024/514 701/1023/513
f 701/1023/513 646/1026/515 634/1027/516
f 634/1027/516 646/1026/515 635/1028/517
