# Blender 5.1.0
# www.blender.org
mtllib cercado.mtl
o Fence4.001
v 55.495037 -11.736317 -18.655579
v 55.495037 -11.736317 -18.655579
v 55.495037 -11.736317 -18.655579
v 55.495037 -10.381504 -18.655579
v 55.495037 -10.381504 -18.655579
v 55.359554 -11.736317 -18.655579
v 55.359554 -11.736317 -18.655579
v 55.359554 -11.736317 -18.655579
v 55.359554 -10.381504 -18.655579
v 55.359554 -10.381504 -18.655579
v 55.495037 -11.736317 -19.167732
v 55.495037 -11.736317 -19.167732
v 55.495037 -11.736317 -19.167732
v 55.495037 -10.381504 -19.167732
v 55.495037 -10.381504 -19.167732
v 55.359554 -11.736317 -19.167732
v 55.359554 -11.736317 -19.167732
v 55.359554 -11.736317 -19.167732
v 55.359554 -10.381504 -19.167732
v 55.359554 -10.381504 -19.167732
v 55.359554 -11.736317 -18.911655
v 55.359554 -11.736317 -18.911655
v 55.359554 -10.282874 -18.911655
v 55.359554 -10.282874 -18.911655
v 55.359554 -10.282874 -18.911655
v 55.495037 -11.736317 -18.911655
v 55.495037 -11.736317 -18.911655
v 55.495037 -10.282874 -18.911655
v 55.495037 -10.282874 -18.911655
v 55.495037 -10.282874 -18.911655
v 55.495037 -11.736317 -14.875336
v 55.495037 -11.736317 -14.875336
v 55.495037 -11.736317 -14.875336
v 55.495037 -10.381504 -14.875336
v 55.495037 -10.381504 -14.875336
v 55.359554 -11.736317 -14.875336
v 55.359554 -11.736317 -14.875336
v 55.359554 -11.736317 -14.875336
v 55.359554 -10.381504 -14.875336
v 55.359554 -10.381504 -14.875336
v 55.495037 -11.736317 -15.387488
v 55.495037 -11.736317 -15.387488
v 55.495037 -11.736317 -15.387488
v 55.495037 -10.381504 -15.387488
v 55.495037 -10.381504 -15.387488
v 55.359554 -11.736317 -15.387488
v 55.359554 -11.736317 -15.387488
v 55.359554 -11.736317 -15.387488
v 55.359554 -10.381504 -15.387488
v 55.359554 -10.381504 -15.387488
v 55.359554 -11.736317 -15.131413
v 55.359554 -11.736317 -15.131413
v 55.359554 -10.282874 -15.131413
v 55.359554 -10.282874 -15.131413
v 55.359554 -10.282874 -15.131413
v 55.495037 -11.736317 -15.131413
v 55.495037 -11.736317 -15.131413
v 55.495037 -10.282874 -15.131413
v 55.495037 -10.282874 -15.131413
v 55.495037 -10.282874 -15.131413
v 55.495037 -11.736317 -14.119287
v 55.495037 -11.736317 -14.119287
v 55.495037 -11.736317 -14.119287
v 55.495037 -10.381504 -14.119287
v 55.495037 -10.381504 -14.119287
v 55.359554 -11.736317 -14.119287
v 55.359554 -11.736317 -14.119287
v 55.359554 -11.736317 -14.119287
v 55.359554 -10.381504 -14.119287
v 55.359554 -10.381504 -14.119287
v 55.495037 -11.736317 -14.631439
v 55.495037 -11.736317 -14.631439
v 55.495037 -11.736317 -14.631439
v 55.495037 -10.381504 -14.631439
v 55.495037 -10.381504 -14.631439
v 55.359554 -11.736317 -14.631439
v 55.359554 -11.736317 -14.631439
v 55.359554 -11.736317 -14.631439
v 55.359554 -10.381504 -14.631439
v 55.359554 -10.381504 -14.631439
v 55.359554 -11.736317 -14.375363
v 55.359554 -11.736317 -14.375363
v 55.359554 -10.282874 -14.375363
v 55.359554 -10.282874 -14.375363
v 55.359554 -10.282874 -14.375363
v 55.495037 -11.736317 -14.375363
v 55.495037 -11.736317 -14.375363
v 55.495037 -10.282874 -14.375363
v 55.495037 -10.282874 -14.375363
v 55.495037 -10.282874 -14.375363
v 55.495037 -11.736317 -13.363239
v 55.495037 -11.736317 -13.363239
v 55.495037 -11.736317 -13.363239
v 55.495037 -10.381504 -13.363239
v 55.495037 -10.381504 -13.363239
v 55.359554 -11.736317 -13.363239
v 55.359554 -11.736317 -13.363239
v 55.359554 -11.736317 -13.363239
v 55.359554 -10.381504 -13.363239
v 55.359554 -10.381504 -13.363239
v 55.495037 -11.736317 -13.875392
v 55.495037 -11.736317 -13.875392
v 55.495037 -11.736317 -13.875392
v 55.495037 -10.381504 -13.875392
v 55.495037 -10.381504 -13.875392
v 55.359554 -11.736317 -13.875392
v 55.359554 -11.736317 -13.875392
v 55.359554 -11.736317 -13.875392
v 55.359554 -10.381504 -13.875392
v 55.359554 -10.381504 -13.875392
v 55.359554 -11.736317 -13.619316
v 55.359554 -11.736317 -13.619316
v 55.359554 -10.282874 -13.619316
v 55.359554 -10.282874 -13.619316
v 55.359554 -10.282874 -13.619316
v 55.495037 -11.736317 -13.619316
v 55.495037 -11.736317 -13.619316
v 55.495037 -10.282874 -13.619316
v 55.495037 -10.282874 -13.619316
v 55.495037 -10.282874 -13.619316
v 55.495037 -11.736317 -12.607191
v 55.495037 -11.736317 -12.607191
v 55.495037 -11.736317 -12.607191
v 55.495037 -10.381504 -12.607191
v 55.495037 -10.381504 -12.607191
v 55.359554 -11.736317 -12.607191
v 55.359554 -11.736317 -12.607191
v 55.359554 -11.736317 -12.607191
v 55.359554 -10.381504 -12.607191
v 55.359554 -10.381504 -12.607191
v 55.495037 -11.736317 -13.119343
v 55.495037 -11.736317 -13.119343
v 55.495037 -11.736317 -13.119343
v 55.495037 -10.381504 -13.119343
v 55.495037 -10.381504 -13.119343
v 55.359554 -11.736317 -13.119343
v 55.359554 -11.736317 -13.119343
v 55.359554 -11.736317 -13.119343
v 55.359554 -10.381504 -13.119343
v 55.359554 -10.381504 -13.119343
v 55.359554 -11.736317 -12.863267
v 55.359554 -11.736317 -12.863267
v 55.359554 -10.282874 -12.863267
v 55.359554 -10.282874 -12.863267
v 55.359554 -10.282874 -12.863267
v 55.495037 -11.736317 -12.863267
v 55.495037 -11.736317 -12.863267
v 55.495037 -10.282874 -12.863267
v 55.495037 -10.282874 -12.863267
v 55.495037 -10.282874 -12.863267
v 55.495037 -11.736317 -11.851142
v 55.495037 -11.736317 -11.851142
v 55.495037 -11.736317 -11.851142
v 55.495037 -10.381504 -11.851142
v 55.495037 -10.381504 -11.851142
v 55.359554 -11.736317 -11.851142
v 55.359554 -11.736317 -11.851142
v 55.359554 -11.736317 -11.851142
v 55.359554 -10.381504 -11.851142
v 55.359554 -10.381504 -11.851142
v 55.495037 -11.736317 -12.363295
v 55.495037 -11.736317 -12.363295
v 55.495037 -11.736317 -12.363295
v 55.495037 -10.381504 -12.363295
v 55.495037 -10.381504 -12.363295
v 55.359554 -11.736317 -12.363295
v 55.359554 -11.736317 -12.363295
v 55.359554 -11.736317 -12.363295
v 55.359554 -10.381504 -12.363295
v 55.359554 -10.381504 -12.363295
v 55.359554 -11.736317 -12.107218
v 55.359554 -11.736317 -12.107218
v 55.359554 -10.282874 -12.107218
v 55.359554 -10.282874 -12.107218
v 55.359554 -10.282874 -12.107218
v 55.495037 -11.736317 -12.107218
v 55.495037 -11.736317 -12.107218
v 55.495037 -10.282874 -12.107218
v 55.495037 -10.282874 -12.107218
v 55.495037 -10.282874 -12.107218
v 55.495037 -11.736317 -11.095093
v 55.495037 -11.736317 -11.095093
v 55.495037 -11.736317 -11.095093
v 55.495037 -10.381504 -11.095093
v 55.495037 -10.381504 -11.095093
v 55.359554 -11.736317 -11.095093
v 55.359554 -11.736317 -11.095093
v 55.359554 -11.736317 -11.095093
v 55.359554 -10.381504 -11.095093
v 55.359554 -10.381504 -11.095093
v 55.495037 -11.736317 -11.607245
v 55.495037 -11.736317 -11.607245
v 55.495037 -11.736317 -11.607245
v 55.495037 -10.381504 -11.607245
v 55.495037 -10.381504 -11.607245
v 55.359554 -11.736317 -11.607245
v 55.359554 -11.736317 -11.607245
v 55.359554 -11.736317 -11.607245
v 55.359554 -10.381504 -11.607245
v 55.359554 -10.381504 -11.607245
v 55.359554 -11.736317 -11.351170
v 55.359554 -11.736317 -11.351170
v 55.359554 -10.282874 -11.351170
v 55.359554 -10.282874 -11.351170
v 55.359554 -10.282874 -11.351170
v 55.495037 -11.736317 -11.351170
v 55.495037 -11.736317 -11.351170
v 55.495037 -10.282874 -11.351170
v 55.495037 -10.282874 -11.351170
v 55.495037 -10.282874 -11.351170
v 55.495037 -11.736317 -10.339045
v 55.495037 -11.736317 -10.339045
v 55.495037 -11.736317 -10.339045
v 55.495037 -10.381504 -10.339045
v 55.495037 -10.381504 -10.339045
v 55.359554 -11.736317 -10.339045
v 55.359554 -11.736317 -10.339045
v 55.359554 -11.736317 -10.339045
v 55.359554 -10.381504 -10.339045
v 55.359554 -10.381504 -10.339045
v 55.495037 -11.736317 -10.851196
v 55.495037 -11.736317 -10.851196
v 55.495037 -11.736317 -10.851196
v 55.495037 -10.381504 -10.851196
v 55.495037 -10.381504 -10.851196
v 55.359554 -11.736317 -10.851196
v 55.359554 -11.736317 -10.851196
v 55.359554 -11.736317 -10.851196
v 55.359554 -10.381504 -10.851196
v 55.359554 -10.381504 -10.851196
v 55.359554 -11.736317 -10.595120
v 55.359554 -11.736317 -10.595120
v 55.359554 -10.282874 -10.595120
v 55.359554 -10.282874 -10.595120
v 55.359554 -10.282874 -10.595120
v 55.495037 -11.736317 -10.595120
v 55.495037 -11.736317 -10.595120
v 55.495037 -10.282874 -10.595120
v 55.495037 -10.282874 -10.595120
v 55.495037 -10.282874 -10.595120
v 55.495033 -11.736317 -9.582995
v 55.495033 -11.736317 -9.582995
v 55.495033 -11.736317 -9.582995
v 55.495033 -10.381504 -9.582995
v 55.495033 -10.381504 -9.582995
v 55.359554 -11.736317 -9.582995
v 55.359554 -11.736317 -9.582995
v 55.359554 -11.736317 -9.582995
v 55.359554 -10.381504 -9.582995
v 55.359554 -10.381504 -9.582995
v 55.495033 -11.736317 -10.095148
v 55.495033 -11.736317 -10.095148
v 55.495033 -11.736317 -10.095148
v 55.495033 -10.381504 -10.095148
v 55.495033 -10.381504 -10.095148
v 55.359554 -11.736317 -10.095148
v 55.359554 -11.736317 -10.095148
v 55.359554 -11.736317 -10.095148
v 55.359554 -10.381504 -10.095148
v 55.359554 -10.381504 -10.095148
v 55.359554 -11.736317 -9.839071
v 55.359554 -11.736317 -9.839071
v 55.359554 -10.282874 -9.839071
v 55.359554 -10.282874 -9.839071
v 55.359554 -10.282874 -9.839071
v 55.495033 -11.736317 -9.839071
v 55.495033 -11.736317 -9.839071
v 55.495033 -10.282874 -9.839071
v 55.495033 -10.282874 -9.839071
v 55.495033 -10.282874 -9.839071
v 55.495033 -11.736317 -8.826945
v 55.495033 -11.736317 -8.826945
v 55.495033 -11.736317 -8.826945
v 55.495033 -10.381504 -8.826945
v 55.495033 -10.381504 -8.826945
v 55.359554 -11.736317 -8.826945
v 55.359554 -11.736317 -8.826945
v 55.359554 -11.736317 -8.826945
v 55.359554 -10.381504 -8.826945
v 55.359554 -10.381504 -8.826945
v 55.495033 -11.736317 -9.339098
v 55.495033 -11.736317 -9.339098
v 55.495033 -11.736317 -9.339098
v 55.495033 -10.381504 -9.339098
v 55.495033 -10.381504 -9.339098
v 55.359554 -11.736317 -9.339098
v 55.359554 -11.736317 -9.339098
v 55.359554 -11.736317 -9.339098
v 55.359554 -10.381504 -9.339098
v 55.359554 -10.381504 -9.339098
v 55.359554 -11.736317 -9.083021
v 55.359554 -11.736317 -9.083021
v 55.359554 -10.282874 -9.083021
v 55.359554 -10.282874 -9.083021
v 55.359554 -10.282874 -9.083021
v 55.495033 -11.736317 -9.083021
v 55.495033 -11.736317 -9.083021
v 55.495033 -10.282874 -9.083021
v 55.495033 -10.282874 -9.083021
v 55.495033 -10.282874 -9.083021
v 55.495033 -11.736317 -8.070900
v 55.495033 -11.736317 -8.070900
v 55.495033 -11.736317 -8.070900
v 55.495033 -10.381504 -8.070900
v 55.495033 -10.381504 -8.070900
v 55.359554 -11.736317 -8.070900
v 55.359554 -11.736317 -8.070900
v 55.359554 -11.736317 -8.070900
v 55.359554 -10.381504 -8.070900
v 55.359554 -10.381504 -8.070900
v 55.495033 -11.736317 -8.583053
v 55.495033 -11.736317 -8.583053
v 55.495033 -11.736317 -8.583053
v 55.495033 -10.381504 -8.583053
v 55.495033 -10.381504 -8.583053
v 55.359554 -11.736317 -8.583053
v 55.359554 -11.736317 -8.583053
v 55.359554 -11.736317 -8.583053
v 55.359554 -10.381504 -8.583053
v 55.359554 -10.381504 -8.583053
v 55.359554 -11.736317 -8.326976
v 55.359554 -11.736317 -8.326976
v 55.359554 -10.282874 -8.326976
v 55.359554 -10.282874 -8.326976
v 55.359554 -10.282874 -8.326976
v 55.495033 -11.736317 -8.326976
v 55.495033 -11.736317 -8.326976
v 55.495033 -10.282874 -8.326976
v 55.495033 -10.282874 -8.326976
v 55.495033 -10.282874 -8.326976
v 55.495033 -11.736317 -7.314847
v 55.495033 -11.736317 -7.314847
v 55.495033 -11.736317 -7.314847
v 55.495033 -10.381504 -7.314847
v 55.495033 -10.381504 -7.314847
v 55.359554 -11.736317 -7.314847
v 55.359554 -11.736317 -7.314847
v 55.359554 -11.736317 -7.314847
v 55.359554 -10.381504 -7.314847
v 55.359554 -10.381504 -7.314847
v 55.495033 -11.736317 -7.827000
v 55.495033 -11.736317 -7.827000
v 55.495033 -11.736317 -7.827000
v 55.495033 -10.381504 -7.827000
v 55.495033 -10.381504 -7.827000
v 55.359554 -11.736317 -7.827000
v 55.359554 -11.736317 -7.827000
v 55.359554 -11.736317 -7.827000
v 55.359554 -10.381504 -7.827000
v 55.359554 -10.381504 -7.827000
v 55.359554 -11.736317 -7.570923
v 55.359554 -11.736317 -7.570923
v 55.359554 -10.282874 -7.570923
v 55.359554 -10.282874 -7.570923
v 55.359554 -10.282874 -7.570923
v 55.495033 -11.736317 -7.570923
v 55.495033 -11.736317 -7.570923
v 55.495033 -10.282874 -7.570923
v 55.495033 -10.282874 -7.570923
v 55.495033 -10.282874 -7.570923
v 55.495033 -11.736317 -6.558802
v 55.495033 -11.736317 -6.558802
v 55.495033 -11.736317 -6.558802
v 55.495033 -10.381504 -6.558802
v 55.495033 -10.381504 -6.558802
v 55.359554 -11.736317 -6.558802
v 55.359554 -11.736317 -6.558802
v 55.359554 -11.736317 -6.558802
v 55.359554 -10.381504 -6.558802
v 55.359554 -10.381504 -6.558802
v 55.495033 -11.736317 -7.070954
v 55.495033 -11.736317 -7.070954
v 55.495033 -11.736317 -7.070954
v 55.495033 -10.381504 -7.070954
v 55.495033 -10.381504 -7.070954
v 55.359554 -11.736317 -7.070954
v 55.359554 -11.736317 -7.070954
v 55.359554 -11.736317 -7.070954
v 55.359554 -10.381504 -7.070954
v 55.359554 -10.381504 -7.070954
v 55.359554 -11.736317 -6.814878
v 55.359554 -11.736317 -6.814878
v 55.359554 -10.282874 -6.814878
v 55.359554 -10.282874 -6.814878
v 55.359554 -10.282874 -6.814878
v 55.495033 -11.736317 -6.814878
v 55.495033 -11.736317 -6.814878
v 55.495033 -10.282874 -6.814878
v 55.495033 -10.282874 -6.814878
v 55.495033 -10.282874 -6.814878
v 55.495033 -11.736317 -5.802755
v 55.495033 -11.736317 -5.802755
v 55.495033 -11.736317 -5.802755
v 55.495033 -10.381504 -5.802755
v 55.495033 -10.381504 -5.802755
v 55.359554 -11.736317 -5.802755
v 55.359554 -11.736317 -5.802755
v 55.359554 -11.736317 -5.802755
v 55.359554 -10.381504 -5.802755
v 55.359554 -10.381504 -5.802755
v 55.495033 -11.736317 -6.314907
v 55.495033 -11.736317 -6.314907
v 55.495033 -11.736317 -6.314907
v 55.495033 -10.381504 -6.314907
v 55.495033 -10.381504 -6.314907
v 55.359554 -11.736317 -6.314907
v 55.359554 -11.736317 -6.314907
v 55.359554 -11.736317 -6.314907
v 55.359554 -10.381504 -6.314907
v 55.359554 -10.381504 -6.314907
v 55.359554 -11.736317 -6.058831
v 55.359554 -11.736317 -6.058831
v 55.359554 -10.282874 -6.058831
v 55.359554 -10.282874 -6.058831
v 55.359554 -10.282874 -6.058831
v 55.495033 -11.736317 -6.058831
v 55.495033 -11.736317 -6.058831
v 55.495033 -10.282874 -6.058831
v 55.495033 -10.282874 -6.058831
v 55.495033 -10.282874 -6.058831
v 55.495033 -11.736317 -5.046704
v 55.495033 -11.736317 -5.046704
v 55.495033 -11.736317 -5.046704
v 55.495033 -10.381504 -5.046704
v 55.495033 -10.381504 -5.046704
v 55.359554 -11.736317 -5.046704
v 55.359554 -11.736317 -5.046704
v 55.359554 -11.736317 -5.046704
v 55.359554 -10.381504 -5.046704
v 55.359554 -10.381504 -5.046704
v 55.495033 -11.736317 -5.558856
v 55.495033 -11.736317 -5.558856
v 55.495033 -11.736317 -5.558856
v 55.495033 -10.381504 -5.558856
v 55.495033 -10.381504 -5.558856
v 55.359554 -11.736317 -5.558856
v 55.359554 -11.736317 -5.558856
v 55.359554 -11.736317 -5.558856
v 55.359554 -10.381504 -5.558856
v 55.359554 -10.381504 -5.558856
v 55.359554 -11.736317 -5.302780
v 55.359554 -11.736317 -5.302780
v 55.359554 -10.282874 -5.302780
v 55.359554 -10.282874 -5.302780
v 55.359554 -10.282874 -5.302780
v 55.495033 -11.736317 -5.302780
v 55.495033 -11.736317 -5.302780
v 55.495033 -10.282874 -5.302780
v 55.495033 -10.282874 -5.302780
v 55.495033 -10.282874 -5.302780
v 55.495033 -11.736317 -4.290648
v 55.495033 -11.736317 -4.290648
v 55.495033 -11.736317 -4.290648
v 55.495033 -10.381504 -4.290648
v 55.495033 -10.381504 -4.290648
v 55.359554 -11.736317 -4.290648
v 55.359554 -11.736317 -4.290648
v 55.359554 -11.736317 -4.290648
v 55.359554 -10.381504 -4.290648
v 55.359554 -10.381504 -4.290648
v 55.495033 -11.736317 -4.802801
v 55.495033 -11.736317 -4.802801
v 55.495033 -11.736317 -4.802801
v 55.495033 -10.381504 -4.802801
v 55.495033 -10.381504 -4.802801
v 55.359554 -11.736317 -4.802801
v 55.359554 -11.736317 -4.802801
v 55.359554 -11.736317 -4.802801
v 55.359554 -10.381504 -4.802801
v 55.359554 -10.381504 -4.802801
v 55.359554 -11.736317 -4.546725
v 55.359554 -11.736317 -4.546725
v 55.359554 -10.282874 -4.546725
v 55.359554 -10.282874 -4.546725
v 55.359554 -10.282874 -4.546725
v 55.495033 -11.736317 -4.546725
v 55.495033 -11.736317 -4.546725
v 55.495033 -10.282874 -4.546725
v 55.495033 -10.282874 -4.546725
v 55.495033 -10.282874 -4.546725
v 55.495033 -11.736317 -3.534606
v 55.495033 -11.736317 -3.534606
v 55.495033 -11.736317 -3.534606
v 55.495033 -10.381504 -3.534606
v 55.495033 -10.381504 -3.534606
v 55.359554 -11.736317 -3.534606
v 55.359554 -11.736317 -3.534606
v 55.359554 -11.736317 -3.534606
v 55.359554 -10.381504 -3.534606
v 55.359554 -10.381504 -3.534606
v 55.495033 -11.736317 -4.046758
v 55.495033 -11.736317 -4.046758
v 55.495033 -11.736317 -4.046758
v 55.495033 -10.381504 -4.046758
v 55.495033 -10.381504 -4.046758
v 55.359554 -11.736317 -4.046758
v 55.359554 -11.736317 -4.046758
v 55.359554 -11.736317 -4.046758
v 55.359554 -10.381504 -4.046758
v 55.359554 -10.381504 -4.046758
v 55.359554 -11.736317 -3.790682
v 55.359554 -11.736317 -3.790682
v 55.359554 -10.282874 -3.790682
v 55.359554 -10.282874 -3.790682
v 55.359554 -10.282874 -3.790682
v 55.495033 -11.736317 -3.790682
v 55.495033 -11.736317 -3.790682
v 55.495033 -10.282874 -3.790682
v 55.495033 -10.282874 -3.790682
v 55.495033 -10.282874 -3.790682
v 55.495033 -11.736317 -2.778561
v 55.495033 -11.736317 -2.778561
v 55.495033 -11.736317 -2.778561
v 55.495033 -10.381504 -2.778561
v 55.495033 -10.381504 -2.778561
v 55.359554 -11.736317 -2.778561
v 55.359554 -11.736317 -2.778561
v 55.359554 -11.736317 -2.778561
v 55.359554 -10.381504 -2.778561
v 55.359554 -10.381504 -2.778561
v 55.495033 -11.736317 -3.290713
v 55.495033 -11.736317 -3.290713
v 55.495033 -11.736317 -3.290713
v 55.495033 -10.381504 -3.290713
v 55.495033 -10.381504 -3.290713
v 55.359554 -11.736317 -3.290713
v 55.359554 -11.736317 -3.290713
v 55.359554 -11.736317 -3.290713
v 55.359554 -10.381504 -3.290713
v 55.359554 -10.381504 -3.290713
v 55.359554 -11.736317 -3.034636
v 55.359554 -11.736317 -3.034636
v 55.359554 -10.282874 -3.034636
v 55.359554 -10.282874 -3.034636
v 55.359554 -10.282874 -3.034636
v 55.495033 -11.736317 -3.034636
v 55.495033 -11.736317 -3.034636
v 55.495033 -10.282874 -3.034636
v 55.495033 -10.282874 -3.034636
v 55.495033 -10.282874 -3.034636
v 55.495033 -11.736317 -2.022509
v 55.495033 -11.736317 -2.022509
v 55.495033 -11.736317 -2.022509
v 55.495033 -10.381504 -2.022509
v 55.495033 -10.381504 -2.022509
v 55.359554 -11.736317 -2.022509
v 55.359554 -11.736317 -2.022509
v 55.359554 -11.736317 -2.022509
v 55.359554 -10.381504 -2.022509
v 55.359554 -10.381504 -2.022509
v 55.495033 -11.736317 -2.534662
v 55.495033 -11.736317 -2.534662
v 55.495033 -11.736317 -2.534662
v 55.495033 -10.381504 -2.534662
v 55.495033 -10.381504 -2.534662
v 55.359554 -11.736317 -2.534662
v 55.359554 -11.736317 -2.534662
v 55.359554 -11.736317 -2.534662
v 55.359554 -10.381504 -2.534662
v 55.359554 -10.381504 -2.534662
v 55.359554 -11.736317 -2.278585
v 55.359554 -11.736317 -2.278585
v 55.359554 -10.282874 -2.278585
v 55.359554 -10.282874 -2.278585
v 55.359554 -10.282874 -2.278585
v 55.495033 -11.736317 -2.278585
v 55.495033 -11.736317 -2.278585
v 55.495033 -10.282874 -2.278585
v 55.495033 -10.282874 -2.278585
v 55.495033 -10.282874 -2.278585
v 55.495033 -11.736317 -1.266457
v 55.495033 -11.736317 -1.266457
v 55.495033 -11.736317 -1.266457
v 55.495033 -10.381504 -1.266457
v 55.495033 -10.381504 -1.266457
v 55.359554 -11.736317 -1.266457
v 55.359554 -11.736317 -1.266457
v 55.359554 -11.736317 -1.266457
v 55.359554 -10.381504 -1.266457
v 55.359554 -10.381504 -1.266457
v 55.495033 -11.736317 -1.778608
v 55.495033 -11.736317 -1.778608
v 55.495033 -11.736317 -1.778608
v 55.495033 -10.381504 -1.778608
v 55.495033 -10.381504 -1.778608
v 55.359554 -11.736317 -1.778608
v 55.359554 -11.736317 -1.778608
v 55.359554 -11.736317 -1.778608
v 55.359554 -10.381504 -1.778608
v 55.359554 -10.381504 -1.778608
v 55.359554 -11.736317 -1.522533
v 55.359554 -11.736317 -1.522533
v 55.359554 -10.282874 -1.522533
v 55.359554 -10.282874 -1.522533
v 55.359554 -10.282874 -1.522533
v 55.495033 -11.736317 -1.522533
v 55.495033 -11.736317 -1.522533
v 55.495033 -10.282874 -1.522533
v 55.495033 -10.282874 -1.522533
v 55.495033 -10.282874 -1.522533
v 55.495033 -11.736317 -0.510418
v 55.495033 -11.736317 -0.510418
v 55.495033 -11.736317 -0.510418
v 55.495033 -10.381504 -0.510418
v 55.495033 -10.381504 -0.510418
v 55.359554 -11.736317 -0.510418
v 55.359554 -11.736317 -0.510418
v 55.359554 -11.736317 -0.510418
v 55.359554 -10.381504 -0.510418
v 55.359554 -10.381504 -0.510418
v 55.495033 -11.736317 -1.022570
v 55.495033 -11.736317 -1.022570
v 55.495033 -11.736317 -1.022570
v 55.495033 -10.381504 -1.022570
v 55.495033 -10.381504 -1.022570
v 55.359554 -11.736317 -1.022570
v 55.359554 -11.736317 -1.022570
v 55.359554 -11.736317 -1.022570
v 55.359554 -10.381504 -1.022570
v 55.359554 -10.381504 -1.022570
v 55.359554 -11.736317 -0.766493
v 55.359554 -11.736317 -0.766493
v 55.359554 -10.282874 -0.766493
v 55.359554 -10.282874 -0.766493
v 55.359554 -10.282874 -0.766493
v 55.495033 -11.736317 -0.766493
v 55.495033 -11.736317 -0.766493
v 55.495033 -10.282874 -0.766493
v 55.495033 -10.282874 -0.766493
v 55.495033 -10.282874 -0.766493
v 55.495033 -11.736317 0.245636
v 55.495033 -11.736317 0.245636
v 55.495033 -11.736317 0.245636
v 55.495033 -10.381504 0.245636
v 55.495033 -10.381504 0.245636
v 55.359554 -11.736317 0.245636
v 55.359554 -11.736317 0.245636
v 55.359554 -11.736317 0.245636
v 55.359554 -10.381504 0.245636
v 55.359554 -10.381504 0.245636
v 55.495033 -11.736317 -0.266516
v 55.495033 -11.736317 -0.266516
v 55.495033 -11.736317 -0.266516
v 55.495033 -10.381504 -0.266516
v 55.495033 -10.381504 -0.266516
v 55.359554 -11.736317 -0.266516
v 55.359554 -11.736317 -0.266516
v 55.359554 -11.736317 -0.266516
v 55.359554 -10.381504 -0.266516
v 55.359554 -10.381504 -0.266516
v 55.359554 -11.736317 -0.010441
v 55.359554 -11.736317 -0.010441
v 55.359554 -10.282874 -0.010441
v 55.359554 -10.282874 -0.010441
v 55.359554 -10.282874 -0.010441
v 55.495033 -11.736317 -0.010441
v 55.495033 -11.736317 -0.010441
v 55.495033 -10.282874 -0.010441
v 55.495033 -10.282874 -0.010441
v 55.495033 -10.282874 -0.010441
v 55.495037 -11.736317 -21.679773
v 55.495037 -11.736317 -21.679773
v 55.495037 -11.736317 -21.679773
v 55.495037 -10.381504 -21.679773
v 55.495037 -10.381504 -21.679773
v 55.359558 -11.736317 -21.679773
v 55.359558 -11.736317 -21.679773
v 55.359558 -11.736317 -21.679773
v 55.359558 -10.381504 -21.679773
v 55.359558 -10.381504 -21.679773
v 55.495037 -11.736317 -22.191925
v 55.495037 -11.736317 -22.191925
v 55.495037 -11.736317 -22.191925
v 55.495037 -10.381504 -22.191925
v 55.495037 -10.381504 -22.191925
v 55.359558 -11.736317 -22.191925
v 55.359558 -11.736317 -22.191925
v 55.359558 -11.736317 -22.191925
v 55.359558 -10.381504 -22.191925
v 55.359558 -10.381504 -22.191925
v 55.359558 -11.736317 -21.935850
v 55.359558 -11.736317 -21.935850
v 55.359558 -10.282874 -21.935850
v 55.359558 -10.282874 -21.935850
v 55.359558 -10.282874 -21.935850
v 55.495037 -11.736317 -21.935850
v 55.495037 -11.736317 -21.935850
v 55.495037 -10.282874 -21.935850
v 55.495037 -10.282874 -21.935850
v 55.495037 -10.282874 -21.935850
v 55.495037 -11.736317 -20.923725
v 55.495037 -11.736317 -20.923725
v 55.495037 -11.736317 -20.923725
v 55.495037 -10.381504 -20.923725
v 55.495037 -10.381504 -20.923725
v 55.359554 -11.736317 -20.923725
v 55.359554 -11.736317 -20.923725
v 55.359554 -11.736317 -20.923725
v 55.359554 -10.381504 -20.923725
v 55.359554 -10.381504 -20.923725
v 55.495037 -11.736317 -21.435877
v 55.495037 -11.736317 -21.435877
v 55.495037 -11.736317 -21.435877
v 55.495037 -10.381504 -21.435877
v 55.495037 -10.381504 -21.435877
v 55.359554 -11.736317 -21.435877
v 55.359554 -11.736317 -21.435877
v 55.359554 -11.736317 -21.435877
v 55.359554 -10.381504 -21.435877
v 55.359554 -10.381504 -21.435877
v 55.359554 -11.736317 -21.179800
v 55.359554 -11.736317 -21.179800
v 55.359554 -10.282874 -21.179800
v 55.359554 -10.282874 -21.179800
v 55.359554 -10.282874 -21.179800
v 55.495037 -11.736317 -21.179800
v 55.495037 -11.736317 -21.179800
v 55.495037 -10.282874 -21.179800
v 55.495037 -10.282874 -21.179800
v 55.495037 -10.282874 -21.179800
v 55.495037 -11.736317 -20.167675
v 55.495037 -11.736317 -20.167675
v 55.495037 -11.736317 -20.167675
v 55.495037 -10.381504 -20.167675
v 55.495037 -10.381504 -20.167675
v 55.359554 -11.736317 -20.167675
v 55.359554 -11.736317 -20.167675
v 55.359554 -11.736317 -20.167675
v 55.359554 -10.381504 -20.167675
v 55.359554 -10.381504 -20.167675
v 55.495037 -11.736317 -20.679829
v 55.495037 -11.736317 -20.679829
v 55.495037 -11.736317 -20.679829
v 55.495037 -10.381504 -20.679829
v 55.495037 -10.381504 -20.679829
v 55.359554 -11.736317 -20.679829
v 55.359554 -11.736317 -20.679829
v 55.359554 -11.736317 -20.679829
v 55.359554 -10.381504 -20.679829
v 55.359554 -10.381504 -20.679829
v 55.359554 -11.736317 -20.423752
v 55.359554 -11.736317 -20.423752
v 55.359554 -10.282874 -20.423752
v 55.359554 -10.282874 -20.423752
v 55.359554 -10.282874 -20.423752
v 55.495037 -11.736317 -20.423752
v 55.495037 -11.736317 -20.423752
v 55.495037 -10.282874 -20.423752
v 55.495037 -10.282874 -20.423752
v 55.495037 -10.282874 -20.423752
v 55.495037 -11.736317 -19.411629
v 55.495037 -11.736317 -19.411629
v 55.495037 -11.736317 -19.411629
v 55.495037 -10.381504 -19.411629
v 55.495037 -10.381504 -19.411629
v 55.359554 -11.736317 -19.411629
v 55.359554 -11.736317 -19.411629
v 55.359554 -11.736317 -19.411629
v 55.359554 -10.381504 -19.411629
v 55.359554 -10.381504 -19.411629
v 55.495037 -11.736317 -19.923780
v 55.495037 -11.736317 -19.923780
v 55.495037 -11.736317 -19.923780
v 55.495037 -10.381504 -19.923780
v 55.495037 -10.381504 -19.923780
v 55.359554 -11.736317 -19.923780
v 55.359554 -11.736317 -19.923780
v 55.359554 -11.736317 -19.923780
v 55.359554 -10.381504 -19.923780
v 55.359554 -10.381504 -19.923780
v 55.359554 -11.736317 -19.667704
v 55.359554 -11.736317 -19.667704
v 55.359554 -10.282874 -19.667704
v 55.359554 -10.282874 -19.667704
v 55.359554 -10.282874 -19.667704
v 55.495037 -11.736317 -19.667704
v 55.495037 -11.736317 -19.667704
v 55.495037 -10.282874 -19.667704
v 55.495037 -10.282874 -19.667704
v 55.495037 -10.282874 -19.667704
v 55.495037 -11.736317 -17.899530
v 55.495037 -11.736317 -17.899530
v 55.495037 -11.736317 -17.899530
v 55.495037 -10.381504 -17.899530
v 55.495037 -10.381504 -17.899530
v 55.359554 -11.736317 -17.899530
v 55.359554 -11.736317 -17.899530
v 55.359554 -11.736317 -17.899530
v 55.359554 -10.381504 -17.899530
v 55.359554 -10.381504 -17.899530
v 55.495037 -11.736317 -18.411682
v 55.495037 -11.736317 -18.411682
v 55.495037 -11.736317 -18.411682
v 55.495037 -10.381504 -18.411682
v 55.495037 -10.381504 -18.411682
v 55.359554 -11.736317 -18.411682
v 55.359554 -11.736317 -18.411682
v 55.359554 -11.736317 -18.411682
v 55.359554 -10.381504 -18.411682
v 55.359554 -10.381504 -18.411682
v 55.359554 -11.736317 -18.155607
v 55.359554 -11.736317 -18.155607
v 55.359554 -10.282874 -18.155607
v 55.359554 -10.282874 -18.155607
v 55.359554 -10.282874 -18.155607
v 55.495037 -11.736317 -18.155607
v 55.495037 -11.736317 -18.155607
v 55.495037 -10.282874 -18.155607
v 55.495037 -10.282874 -18.155607
v 55.495037 -10.282874 -18.155607
v 55.495037 -11.736317 -17.143482
v 55.495037 -11.736317 -17.143482
v 55.495037 -11.736317 -17.143482
v 55.495037 -10.381504 -17.143482
v 55.495037 -10.381504 -17.143482
v 55.359554 -11.736317 -17.143482
v 55.359554 -11.736317 -17.143482
v 55.359554 -11.736317 -17.143482
v 55.359554 -10.381504 -17.143482
v 55.359554 -10.381504 -17.143482
v 55.495037 -11.736317 -17.655634
v 55.495037 -11.736317 -17.655634
v 55.495037 -11.736317 -17.655634
v 55.495037 -10.381504 -17.655634
v 55.495037 -10.381504 -17.655634
v 55.359554 -11.736317 -17.655634
v 55.359554 -11.736317 -17.655634
v 55.359554 -11.736317 -17.655634
v 55.359554 -10.381504 -17.655634
v 55.359554 -10.381504 -17.655634
v 55.359554 -11.736317 -17.399557
v 55.359554 -11.736317 -17.399557
v 55.359554 -10.282874 -17.399557
v 55.359554 -10.282874 -17.399557
v 55.359554 -10.282874 -17.399557
v 55.495037 -11.736317 -17.399557
v 55.495037 -11.736317 -17.399557
v 55.495037 -10.282874 -17.399557
v 55.495037 -10.282874 -17.399557
v 55.495037 -10.282874 -17.399557
v 55.495037 -11.736317 -16.387432
v 55.495037 -11.736317 -16.387432
v 55.495037 -11.736317 -16.387432
v 55.495037 -10.381504 -16.387432
v 55.495037 -10.381504 -16.387432
v 55.359554 -11.736317 -16.387432
v 55.359554 -11.736317 -16.387432
v 55.359554 -11.736317 -16.387432
v 55.359554 -10.381504 -16.387432
v 55.359554 -10.381504 -16.387432
v 55.495037 -11.736317 -16.899584
v 55.495037 -11.736317 -16.899584
v 55.495037 -11.736317 -16.899584
v 55.495037 -10.381504 -16.899584
v 55.495037 -10.381504 -16.899584
v 55.359554 -11.736317 -16.899584
v 55.359554 -11.736317 -16.899584
v 55.359554 -11.736317 -16.899584
v 55.359554 -10.381504 -16.899584
v 55.359554 -10.381504 -16.899584
v 55.359554 -11.736317 -16.643509
v 55.359554 -11.736317 -16.643509
v 55.359554 -10.282874 -16.643509
v 55.359554 -10.282874 -16.643509
v 55.359554 -10.282874 -16.643509
v 55.495037 -11.736317 -16.643509
v 55.495037 -11.736317 -16.643509
v 55.495037 -10.282874 -16.643509
v 55.495037 -10.282874 -16.643509
v 55.495037 -10.282874 -16.643509
v 55.495037 -11.736317 -15.631385
v 55.495037 -11.736317 -15.631385
v 55.495037 -11.736317 -15.631385
v 55.495037 -10.381504 -15.631385
v 55.495037 -10.381504 -15.631385
v 55.359554 -11.736317 -15.631385
v 55.359554 -11.736317 -15.631385
v 55.359554 -11.736317 -15.631385
v 55.359554 -10.381504 -15.631385
v 55.359554 -10.381504 -15.631385
v 55.495037 -11.736317 -16.143538
v 55.495037 -11.736317 -16.143538
v 55.495037 -11.736317 -16.143538
v 55.495037 -10.381504 -16.143538
v 55.495037 -10.381504 -16.143538
v 55.359554 -11.736317 -16.143538
v 55.359554 -11.736317 -16.143538
v 55.359554 -11.736317 -16.143538
v 55.359554 -10.381504 -16.143538
v 55.359554 -10.381504 -16.143538
v 55.359554 -11.736317 -15.887461
v 55.359554 -11.736317 -15.887461
v 55.359554 -10.282874 -15.887461
v 55.359554 -10.282874 -15.887461
v 55.359554 -10.282874 -15.887461
v 55.495037 -11.736317 -15.887461
v 55.495037 -11.736317 -15.887461
v 55.495037 -10.282874 -15.887461
v 55.495037 -10.282874 -15.887461
v 55.495037 -10.282874 -15.887461
v 55.495037 -11.736317 -23.947920
v 55.495037 -11.736317 -23.947920
v 55.495037 -11.736317 -23.947920
v 55.495037 -10.381504 -23.947920
v 55.495037 -10.381504 -23.947920
v 55.359558 -11.736317 -23.947920
v 55.359558 -11.736317 -23.947920
v 55.359558 -11.736317 -23.947920
v 55.359558 -10.381504 -23.947920
v 55.359558 -10.381504 -23.947920
v 55.495037 -11.736317 -24.460072
v 55.495037 -11.736317 -24.460072
v 55.495037 -11.736317 -24.460072
v 55.495037 -10.381504 -24.460072
v 55.495037 -10.381504 -24.460072
v 55.359558 -11.736317 -24.460072
v 55.359558 -11.736317 -24.460072
v 55.359558 -11.736317 -24.460072
v 55.359558 -10.381504 -24.460072
v 55.359558 -10.381504 -24.460072
v 55.359558 -11.736317 -24.203995
v 55.359558 -11.736317 -24.203995
v 55.359558 -10.282874 -24.203995
v 55.359558 -10.282874 -24.203995
v 55.359558 -10.282874 -24.203995
v 55.495037 -11.736317 -24.203995
v 55.495037 -11.736317 -24.203995
v 55.495037 -10.282874 -24.203995
v 55.495037 -10.282874 -24.203995
v 55.495037 -10.282874 -24.203995
v 55.495037 -11.736317 -23.191870
v 55.495037 -11.736317 -23.191870
v 55.495037 -11.736317 -23.191870
v 55.495037 -10.381504 -23.191870
v 55.495037 -10.381504 -23.191870
v 55.359554 -11.736317 -23.191870
v 55.359554 -11.736317 -23.191870
v 55.359554 -11.736317 -23.191870
v 55.359554 -10.381504 -23.191870
v 55.359554 -10.381504 -23.191870
v 55.495037 -11.736317 -23.704021
v 55.495037 -11.736317 -23.704021
v 55.495037 -11.736317 -23.704021
v 55.495037 -10.381504 -23.704021
v 55.495037 -10.381504 -23.704021
v 55.359554 -11.736317 -23.704021
v 55.359554 -11.736317 -23.704021
v 55.359554 -11.736317 -23.704021
v 55.359554 -10.381504 -23.704021
v 55.359554 -10.381504 -23.704021
v 55.359554 -11.736317 -23.447947
v 55.359554 -11.736317 -23.447947
v 55.359554 -10.282874 -23.447947
v 55.359554 -10.282874 -23.447947
v 55.359554 -10.282874 -23.447947
v 55.495037 -11.736317 -23.447947
v 55.495037 -11.736317 -23.447947
v 55.495037 -10.282874 -23.447947
v 55.495037 -10.282874 -23.447947
v 55.495037 -10.282874 -23.447947
v 55.495037 -11.736317 -22.435823
v 55.495037 -11.736317 -22.435823
v 55.495037 -11.736317 -22.435823
v 55.495037 -10.381504 -22.435823
v 55.495037 -10.381504 -22.435823
v 55.359554 -11.736317 -22.435823
v 55.359554 -11.736317 -22.435823
v 55.359554 -11.736317 -22.435823
v 55.359554 -10.381504 -22.435823
v 55.359554 -10.381504 -22.435823
v 55.495037 -11.736317 -22.947975
v 55.495037 -11.736317 -22.947975
v 55.495037 -11.736317 -22.947975
v 55.495037 -10.381504 -22.947975
v 55.495037 -10.381504 -22.947975
v 55.359554 -11.736317 -22.947975
v 55.359554 -11.736317 -22.947975
v 55.359554 -11.736317 -22.947975
v 55.359554 -10.381504 -22.947975
v 55.359554 -10.381504 -22.947975
v 55.359554 -11.736317 -22.691898
v 55.359554 -11.736317 -22.691898
v 55.359554 -10.282874 -22.691898
v 55.359554 -10.282874 -22.691898
v 55.359554 -10.282874 -22.691898
v 55.495037 -11.736317 -22.691898
v 55.495037 -11.736317 -22.691898
v 55.495037 -10.282874 -22.691898
v 55.495037 -10.282874 -22.691898
v 55.495037 -10.282874 -22.691898
v 55.387295 -11.355234 0.039124
v 55.387295 -11.355234 0.039124
v 55.387295 -11.355234 0.039124
v 55.387295 -11.234227 0.039124
v 55.387295 -11.234227 0.039124
v 55.387295 -11.234227 0.039124
v 55.312008 -11.355234 0.039124
v 55.312008 -11.355234 0.039124
v 55.312008 -11.355234 0.039124
v 55.312008 -11.234227 0.039124
v 55.312008 -11.234227 0.039124
v 55.312008 -11.234227 0.039124
v 55.387302 -11.355234 -24.279387
v 55.387302 -11.355234 -24.279387
v 55.387302 -11.355234 -24.279387
v 55.387302 -11.234227 -24.279387
v 55.387302 -11.234227 -24.279387
v 55.387302 -11.234227 -24.279387
v 55.312016 -11.355234 -24.279387
v 55.312016 -11.355234 -24.279387
v 55.312016 -11.355234 -24.279387
v 55.312016 -11.234227 -24.279387
v 55.312016 -11.234227 -24.279387
v 55.312016 -11.234227 -24.279387
v 55.387295 -10.820125 0.039124
v 55.387295 -10.820125 0.039124
v 55.387295 -10.820125 0.039124
v 55.387295 -10.699118 0.039124
v 55.387295 -10.699118 0.039124
v 55.387295 -10.699118 0.039124
v 55.312008 -10.820125 0.039124
v 55.312008 -10.820125 0.039124
v 55.312008 -10.820125 0.039124
v 55.312008 -10.699118 0.039124
v 55.312008 -10.699118 0.039124
v 55.312008 -10.699118 0.039124
v 55.387302 -10.820125 -24.279387
v 55.387302 -10.820125 -24.279387
v 55.387302 -10.820125 -24.279387
v 55.387302 -10.699118 -24.279387
v 55.387302 -10.699118 -24.279387
v 55.387302 -10.699118 -24.279387
v 55.312016 -10.820125 -24.279387
v 55.312016 -10.820125 -24.279387
v 55.312016 -10.820125 -24.279387
v 55.312016 -10.699118 -24.279387
v 55.312016 -10.699118 -24.279387
v 55.312016 -10.699118 -24.279387
vn 0.9623 -0.0962 0.2545
vn 0.9600 0.0870 0.2661
vn -0.9600 0.0870 0.2660
vn -0.9623 -0.0962 0.2546
vn -0.9950 -0.0995 -0.0000
vn -0.9941 0.1083 -0.0000
vn -0.9600 0.0870 -0.2661
vn -0.9623 -0.0962 -0.2545
vn 0.9600 0.0870 -0.2660
vn 0.9623 -0.0962 -0.2546
vn 0.9950 -0.0995 -0.0000
vn 0.9941 0.1083 -0.0000
vn -0.9623 -0.0962 -0.2546
vn 0.9623 -0.0962 -0.2545
vn -0.9623 -0.0962 0.2545
vn 0.9623 -0.0962 0.2546
vn 0.9600 0.0870 -0.2661
vn -0.9600 0.0870 0.2661
vn -0.0000 -0.0000 1.0000
vn -1.0000 -0.0000 -0.0000
vn -0.0000 -0.0000 -1.0000
vn 1.0000 -0.0000 -0.0000
vn -0.0000 -1.0000 -0.0000
vn -0.0000 1.0000 -0.0000
vt 0.689489 0.856190
vt 0.689489 0.266082
vt 0.748500 0.266082
vt 0.748500 0.856190
vt 0.614883 0.856190
vt 0.614883 0.223122
vt 0.673894 0.266082
vt 0.673894 0.856190
vt 0.764096 0.643425
vt 0.764096 0.296114
vt 0.823106 0.296114
vt 0.823106 0.643425
vt 0.481266 0.856190
vt 0.481266 0.223122
vt 0.540277 0.266082
vt 0.540277 0.856190
vt 0.823106 0.718031
vt 0.823106 0.777042
vt 0.764095 0.777042
vt 0.764095 0.718031
vt 0.748500 0.223122
vt 0.689489 0.223122
vt 0.764096 0.223122
vt 0.823106 0.223122
vt 0.823106 0.659020
vt 0.764096 0.659020
vt 0.422256 0.856190
vt 0.422256 0.266082
vt 0.555873 0.856190
vt 0.555873 0.266082
vt 0.061284 0.016431
vt 0.061284 0.001386
vt 0.070644 0.001386
vt 0.070644 0.016431
vt 0.016431 0.998614
vt 0.001386 0.998614
vt 0.001386 0.001386
vt 0.016431 0.001386
vt 0.061284 0.034247
vt 0.061284 0.019202
vt 0.070644 0.019202
vt 0.070644 0.034247
vt 0.034248 0.998614
vt 0.019203 0.998614
vt 0.019203 0.001386
vt 0.034248 0.001386
vt 0.046380 0.001386
vt 0.046380 0.998614
vt 0.037019 0.998614
vt 0.037019 0.001386
vt 0.058512 0.001386
vt 0.058512 0.998614
vt 0.049151 0.998614
vt 0.049151 0.001386
s 1
usemtl Fence.002
f 2/1/1 5/2/2 10/3/3
f 2/1/1 10/3/3 7/4/4
f 21/5/5 23/6/6 19/7/7
f 21/5/5 19/7/7 16/8/8
f 17/9/8 20/10/7 15/11/9
f 17/9/8 15/11/9 13/12/10
f 26/13/11 28/14/12 4/15/2
f 26/13/11 4/15/2 1/16/1
f 22/17/5 18/18/13 12/19/14
f 22/17/5 12/19/14 27/20/11
f 24/21/6 10/3/3 5/2/2
f 24/21/6 5/2/2 29/22/12
f 20/10/7 25/23/6 30/24/12
f 20/10/7 30/24/12 15/11/9
f 8/25/15 22/17/5 27/20/11
f 8/25/15 27/20/11 3/26/16
f 11/27/10 14/28/17 28/14/12
f 11/27/10 28/14/12 26/13/11
f 6/29/4 9/30/18 23/6/6
f 6/29/4 23/6/6 21/5/5
f 32/1/1 35/2/2 40/3/3
f 32/1/1 40/3/3 37/4/4
f 51/5/5 53/6/6 49/7/7
f 51/5/5 49/7/7 46/8/8
f 47/9/8 50/10/7 45/11/9
f 47/9/8 45/11/9 43/12/10
f 56/13/11 58/14/12 34/15/2
f 56/13/11 34/15/2 31/16/1
f 52/17/5 48/18/13 42/19/14
f 52/17/5 42/19/14 57/20/11
f 54/21/6 40/3/3 35/2/2
f 54/21/6 35/2/2 59/22/12
f 50/10/7 55/23/6 60/24/12
f 50/10/7 60/24/12 45/11/9
f 38/25/15 52/17/5 57/20/11
f 38/25/15 57/20/11 33/26/16
f 41/27/10 44/28/17 58/14/12
f 41/27/10 58/14/12 56/13/11
f 36/29/4 39/30/18 53/6/6
f 36/29/4 53/6/6 51/5/5
f 62/1/1 65/2/2 70/3/3
f 62/1/1 70/3/3 67/4/4
f 81/5/5 83/6/6 79/7/7
f 81/5/5 79/7/7 76/8/8
f 77/9/8 80/10/7 75/11/9
f 77/9/8 75/11/9 73/12/10
f 86/13/11 88/14/12 64/15/2
f 86/13/11 64/15/2 61/16/1
f 82/17/5 78/18/13 72/19/14
f 82/17/5 72/19/14 87/20/11
f 84/21/6 70/3/3 65/2/2
f 84/21/6 65/2/2 89/22/12
f 80/10/7 85/23/6 90/24/12
f 80/10/7 90/24/12 75/11/9
f 68/25/15 82/17/5 87/20/11
f 68/25/15 87/20/11 63/26/16
f 71/27/10 74/28/17 88/14/12
f 71/27/10 88/14/12 86/13/11
f 66/29/4 69/30/18 83/6/6
f 66/29/4 83/6/6 81/5/5
f 92/1/1 95/2/2 100/3/3
f 92/1/1 100/3/3 97/4/4
f 111/5/5 113/6/6 109/7/7
f 111/5/5 109/7/7 106/8/8
f 107/9/8 110/10/7 105/11/9
f 107/9/8 105/11/9 103/12/10
f 116/13/11 118/14/12 94/15/2
f 116/13/11 94/15/2 91/16/1
f 112/17/5 108/18/13 102/19/14
f 112/17/5 102/19/14 117/20/11
f 114/21/6 100/3/3 95/2/2
f 114/21/6 95/2/2 119/22/12
f 110/10/7 115/23/6 120/24/12
f 110/10/7 120/24/12 105/11/9
f 98/25/15 112/17/5 117/20/11
f 98/25/15 117/20/11 93/26/16
f 101/27/10 104/28/17 118/14/12
f 101/27/10 118/14/12 116/13/11
f 96/29/4 99/30/18 113/6/6
f 96/29/4 113/6/6 111/5/5
f 122/1/1 125/2/2 130/3/3
f 122/1/1 130/3/3 127/4/4
f 141/5/5 143/6/6 139/7/7
f 141/5/5 139/7/7 136/8/8
f 137/9/8 140/10/7 135/11/9
f 137/9/8 135/11/9 133/12/10
f 146/13/11 148/14/12 124/15/2
f 146/13/11 124/15/2 121/16/1
f 142/17/5 138/18/13 132/19/14
f 142/17/5 132/19/14 147/20/11
f 144/21/6 130/3/3 125/2/2
f 144/21/6 125/2/2 149/22/12
f 140/10/7 145/23/6 150/24/12
f 140/10/7 150/24/12 135/11/9
f 128/25/15 142/17/5 147/20/11
f 128/25/15 147/20/11 123/26/16
f 131/27/10 134/28/17 148/14/12
f 131/27/10 148/14/12 146/13/11
f 126/29/4 129/30/18 143/6/6
f 126/29/4 143/6/6 141/5/5
f 152/1/1 155/2/2 160/3/3
f 152/1/1 160/3/3 157/4/4
f 171/5/5 173/6/6 169/7/7
f 171/5/5 169/7/7 166/8/8
f 167/9/8 170/10/7 165/11/9
f 167/9/8 165/11/9 163/12/10
f 176/13/11 178/14/12 154/15/2
f 176/13/11 154/15/2 151/16/1
f 172/17/5 168/18/13 162/19/14
f 172/17/5 162/19/14 177/20/11
f 174/21/6 160/3/3 155/2/2
f 174/21/6 155/2/2 179/22/12
f 170/10/7 175/23/6 180/24/12
f 170/10/7 180/24/12 165/11/9
f 158/25/15 172/17/5 177/20/11
f 158/25/15 177/20/11 153/26/16
f 161/27/10 164/28/17 178/14/12
f 161/27/10 178/14/12 176/13/11
f 156/29/4 159/30/18 173/6/6
f 156/29/4 173/6/6 171/5/5
f 182/1/1 185/2/2 190/3/3
f 182/1/1 190/3/3 187/4/4
f 201/5/5 203/6/6 199/7/7
f 201/5/5 199/7/7 196/8/8
f 197/9/8 200/10/7 195/11/9
f 197/9/8 195/11/9 193/12/10
f 206/13/11 208/14/12 184/15/2
f 206/13/11 184/15/2 181/16/1
f 202/17/5 198/18/13 192/19/14
f 202/17/5 192/19/14 207/20/11
f 204/21/6 190/3/3 185/2/2
f 204/21/6 185/2/2 209/22/12
f 200/10/7 205/23/6 210/24/12
f 200/10/7 210/24/12 195/11/9
f 188/25/15 202/17/5 207/20/11
f 188/25/15 207/20/11 183/26/16
f 191/27/10 194/28/17 208/14/12
f 191/27/10 208/14/12 206/13/11
f 186/29/4 189/30/18 203/6/6
f 186/29/4 203/6/6 201/5/5
f 212/1/1 215/2/2 220/3/3
f 212/1/1 220/3/3 217/4/4
f 231/5/5 233/6/6 229/7/7
f 231/5/5 229/7/7 226/8/8
f 227/9/8 230/10/7 225/11/9
f 227/9/8 225/11/9 223/12/10
f 236/13/11 238/14/12 214/15/2
f 236/13/11 214/15/2 211/16/1
f 232/17/5 228/18/13 222/19/14
f 232/17/5 222/19/14 237/20/11
f 234/21/6 220/3/3 215/2/2
f 234/21/6 215/2/2 239/22/12
f 230/10/7 235/23/6 240/24/12
f 230/10/7 240/24/12 225/11/9
f 218/25/15 232/17/5 237/20/11
f 218/25/15 237/20/11 213/26/16
f 221/27/10 224/28/17 238/14/12
f 221/27/10 238/14/12 236/13/11
f 216/29/4 219/30/18 233/6/6
f 216/29/4 233/6/6 231/5/5
f 242/1/1 245/2/2 250/3/3
f 242/1/1 250/3/3 247/4/4
f 261/5/5 263/6/6 259/7/7
f 261/5/5 259/7/7 256/8/8
f 257/9/8 260/10/7 255/11/9
f 257/9/8 255/11/9 253/12/10
f 266/13/11 268/14/12 244/15/2
f 266/13/11 244/15/2 241/16/1
f 262/17/5 258/18/13 252/19/14
f 262/17/5 252/19/14 267/20/11
f 264/21/6 250/3/3 245/2/2
f 264/21/6 245/2/2 269/22/12
f 260/10/7 265/23/6 270/24/12
f 260/10/7 270/24/12 255/11/9
f 248/25/15 262/17/5 267/20/11
f 248/25/15 267/20/11 243/26/16
f 251/27/10 254/28/17 268/14/12
f 251/27/10 268/14/12 266/13/11
f 246/29/4 249/30/18 263/6/6
f 246/29/4 263/6/6 261/5/5
f 272/1/1 275/2/2 280/3/3
f 272/1/1 280/3/3 277/4/4
f 291/5/5 293/6/6 289/7/7
f 291/5/5 289/7/7 286/8/8
f 287/9/8 290/10/7 285/11/9
f 287/9/8 285/11/9 283/12/10
f 296/13/11 298/14/12 274/15/2
f 296/13/11 274/15/2 271/16/1
f 292/17/5 288/18/13 282/19/14
f 292/17/5 282/19/14 297/20/11
f 294/21/6 280/3/3 275/2/2
f 294/21/6 275/2/2 299/22/12
f 290/10/7 295/23/6 300/24/12
f 290/10/7 300/24/12 285/11/9
f 278/25/15 292/17/5 297/20/11
f 278/25/15 297/20/11 273/26/16
f 281/27/10 284/28/17 298/14/12
f 281/27/10 298/14/12 296/13/11
f 276/29/4 279/30/18 293/6/6
f 276/29/4 293/6/6 291/5/5
f 302/1/1 305/2/2 310/3/3
f 302/1/1 310/3/3 307/4/4
f 321/5/5 323/6/6 319/7/7
f 321/5/5 319/7/7 316/8/8
f 317/9/8 320/10/7 315/11/9
f 317/9/8 315/11/9 313/12/10
f 326/13/11 328/14/12 304/15/2
f 326/13/11 304/15/2 301/16/1
f 322/17/5 318/18/13 312/19/14
f 322/17/5 312/19/14 327/20/11
f 324/21/6 310/3/3 305/2/2
f 324/21/6 305/2/2 329/22/12
f 320/10/7 325/23/6 330/24/12
f 320/10/7 330/24/12 315/11/9
f 308/25/15 322/17/5 327/20/11
f 308/25/15 327/20/11 303/26/16
f 311/27/10 314/28/17 328/14/12
f 311/27/10 328/14/12 326/13/11
f 306/29/4 309/30/18 323/6/6
f 306/29/4 323/6/6 321/5/5
f 332/1/1 335/2/2 340/3/3
f 332/1/1 340/3/3 337/4/4
f 351/5/5 353/6/6 349/7/7
f 351/5/5 349/7/7 346/8/8
f 347/9/8 350/10/7 345/11/9
f 347/9/8 345/11/9 343/12/10
f 356/13/11 358/14/12 334/15/2
f 356/13/11 334/15/2 331/16/1
f 352/17/5 348/18/13 342/19/14
f 352/17/5 342/19/14 357/20/11
f 354/21/6 340/3/3 335/2/2
f 354/21/6 335/2/2 359/22/12
f 350/10/7 355/23/6 360/24/12
f 350/10/7 360/24/12 345/11/9
f 338/25/15 352/17/5 357/20/11
f 338/25/15 357/20/11 333/26/16
f 341/27/10 344/28/17 358/14/12
f 341/27/10 358/14/12 356/13/11
f 336/29/4 339/30/18 353/6/6
f 336/29/4 353/6/6 351/5/5
f 362/1/1 365/2/2 370/3/3
f 362/1/1 370/3/3 367/4/4
f 381/5/5 383/6/6 379/7/7
f 381/5/5 379/7/7 376/8/8
f 377/9/8 380/10/7 375/11/9
f 377/9/8 375/11/9 373/12/10
f 386/13/11 388/14/12 364/15/2
f 386/13/11 364/15/2 361/16/1
f 382/17/5 378/18/13 372/19/14
f 382/17/5 372/19/14 387/20/11
f 384/21/6 370/3/3 365/2/2
f 384/21/6 365/2/2 389/22/12
f 380/10/7 385/23/6 390/24/12
f 380/10/7 390/24/12 375/11/9
f 368/25/15 382/17/5 387/20/11
f 368/25/15 387/20/11 363/26/16
f 371/27/10 374/28/17 388/14/12
f 371/27/10 388/14/12 386/13/11
f 366/29/4 369/30/18 383/6/6
f 366/29/4 383/6/6 381/5/5
f 392/1/1 395/2/2 400/3/3
f 392/1/1 400/3/3 397/4/4
f 411/5/5 413/6/6 409/7/7
f 411/5/5 409/7/7 406/8/8
f 407/9/8 410/10/7 405/11/9
f 407/9/8 405/11/9 403/12/10
f 416/13/11 418/14/12 394/15/2
f 416/13/11 394/15/2 391/16/1
f 412/17/5 408/18/13 402/19/14
f 412/17/5 402/19/14 417/20/11
f 414/21/6 400/3/3 395/2/2
f 414/21/6 395/2/2 419/22/12
f 410/10/7 415/23/6 420/24/12
f 410/10/7 420/24/12 405/11/9
f 398/25/15 412/17/5 417/20/11
f 398/25/15 417/20/11 393/26/16
f 401/27/10 404/28/17 418/14/12
f 401/27/10 418/14/12 416/13/11
f 396/29/4 399/30/18 413/6/6
f 396/29/4 413/6/6 411/5/5
f 422/1/1 425/2/2 430/3/3
f 422/1/1 430/3/3 427/4/4
f 441/5/5 443/6/6 439/7/7
f 441/5/5 439/7/7 436/8/8
f 437/9/8 440/10/7 435/11/9
f 437/9/8 435/11/9 433/12/10
f 446/13/11 448/14/12 424/15/2
f 446/13/11 424/15/2 421/16/1
f 442/17/5 438/18/13 432/19/14
f 442/17/5 432/19/14 447/20/11
f 444/21/6 430/3/3 425/2/2
f 444/21/6 425/2/2 449/22/12
f 440/10/7 445/23/6 450/24/12
f 440/10/7 450/24/12 435/11/9
f 428/25/15 442/17/5 447/20/11
f 428/25/15 447/20/11 423/26/16
f 431/27/10 434/28/17 448/14/12
f 431/27/10 448/14/12 446/13/11
f 426/29/4 429/30/18 443/6/6
f 426/29/4 443/6/6 441/5/5
f 452/1/1 455/2/2 460/3/3
f 452/1/1 460/3/3 457/4/4
f 471/5/5 473/6/6 469/7/7
f 471/5/5 469/7/7 466/8/8
f 467/9/8 470/10/7 465/11/9
f 467/9/8 465/11/9 463/12/10
f 476/13/11 478/14/12 454/15/2
f 476/13/11 454/15/2 451/16/1
f 472/17/5 468/18/13 462/19/14
f 472/17/5 462/19/14 477/20/11
f 474/21/6 460/3/3 455/2/2
f 474/21/6 455/2/2 479/22/12
f 470/10/7 475/23/6 480/24/12
f 470/10/7 480/24/12 465/11/9
f 458/25/15 472/17/5 477/20/11
f 458/25/15 477/20/11 453/26/16
f 461/27/10 464/28/17 478/14/12
f 461/27/10 478/14/12 476/13/11
f 456/29/4 459/30/18 473/6/6
f 456/29/4 473/6/6 471/5/5
f 482/1/1 485/2/2 490/3/3
f 482/1/1 490/3/3 487/4/4
f 501/5/5 503/6/6 499/7/7
f 501/5/5 499/7/7 496/8/8
f 497/9/8 500/10/7 495/11/9
f 497/9/8 495/11/9 493/12/10
f 506/13/11 508/14/12 484/15/2
f 506/13/11 484/15/2 481/16/1
f 502/17/5 498/18/13 492/19/14
f 502/17/5 492/19/14 507/20/11
f 504/21/6 490/3/3 485/2/2
f 504/21/6 485/2/2 509/22/12
f 500/10/7 505/23/6 510/24/12
f 500/10/7 510/24/12 495/11/9
f 488/25/15 502/17/5 507/20/11
f 488/25/15 507/20/11 483/26/16
f 491/27/10 494/28/17 508/14/12
f 491/27/10 508/14/12 506/13/11
f 486/29/4 489/30/18 503/6/6
f 486/29/4 503/6/6 501/5/5
f 512/1/1 515/2/2 520/3/3
f 512/1/1 520/3/3 517/4/4
f 531/5/5 533/6/6 529/7/7
f 531/5/5 529/7/7 526/8/8
f 527/9/8 530/10/7 525/11/9
f 527/9/8 525/11/9 523/12/10
f 536/13/11 538/14/12 514/15/2
f 536/13/11 514/15/2 511/16/1
f 532/17/5 528/18/13 522/19/14
f 532/17/5 522/19/14 537/20/11
f 534/21/6 520/3/3 515/2/2
f 534/21/6 515/2/2 539/22/12
f 530/10/7 535/23/6 540/24/12
f 530/10/7 540/24/12 525/11/9
f 518/25/15 532/17/5 537/20/11
f 518/25/15 537/20/11 513/26/16
f 521/27/10 524/28/17 538/14/12
f 521/27/10 538/14/12 536/13/11
f 516/29/4 519/30/18 533/6/6
f 516/29/4 533/6/6 531/5/5
f 542/1/1 545/2/2 550/3/3
f 542/1/1 550/3/3 547/4/4
f 561/5/5 563/6/6 559/7/7
f 561/5/5 559/7/7 556/8/8
f 557/9/8 560/10/7 555/11/9
f 557/9/8 555/11/9 553/12/10
f 566/13/11 568/14/12 544/15/2
f 566/13/11 544/15/2 541/16/1
f 562/17/5 558/18/13 552/19/14
f 562/17/5 552/19/14 567/20/11
f 564/21/6 550/3/3 545/2/2
f 564/21/6 545/2/2 569/22/12
f 560/10/7 565/23/6 570/24/12
f 560/10/7 570/24/12 555/11/9
f 548/25/15 562/17/5 567/20/11
f 548/25/15 567/20/11 543/26/16
f 551/27/10 554/28/17 568/14/12
f 551/27/10 568/14/12 566/13/11
f 546/29/4 549/30/18 563/6/6
f 546/29/4 563/6/6 561/5/5
f 572/1/1 575/2/2 580/3/3
f 572/1/1 580/3/3 577/4/4
f 591/5/5 593/6/6 589/7/7
f 591/5/5 589/7/7 586/8/8
f 587/9/8 590/10/7 585/11/9
f 587/9/8 585/11/9 583/12/10
f 596/13/11 598/14/12 574/15/2
f 596/13/11 574/15/2 571/16/1
f 592/17/5 588/18/13 582/19/14
f 592/17/5 582/19/14 597/20/11
f 594/21/6 580/3/3 575/2/2
f 594/21/6 575/2/2 599/22/12
f 590/10/7 595/23/6 600/24/12
f 590/10/7 600/24/12 585/11/9
f 578/25/15 592/17/5 597/20/11
f 578/25/15 597/20/11 573/26/16
f 581/27/10 584/28/17 598/14/12
f 581/27/10 598/14/12 596/13/11
f 576/29/4 579/30/18 593/6/6
f 576/29/4 593/6/6 591/5/5
f 602/1/1 605/2/2 610/3/3
f 602/1/1 610/3/3 607/4/4
f 621/5/5 623/6/6 619/7/7
f 621/5/5 619/7/7 616/8/8
f 617/9/8 620/10/7 615/11/9
f 617/9/8 615/11/9 613/12/10
f 626/13/11 628/14/12 604/15/2
f 626/13/11 604/15/2 601/16/1
f 622/17/5 618/18/13 612/19/14
f 622/17/5 612/19/14 627/20/11
f 624/21/6 610/3/3 605/2/2
f 624/21/6 605/2/2 629/22/12
f 620/10/7 625/23/6 630/24/12
f 620/10/7 630/24/12 615/11/9
f 608/25/15 622/17/5 627/20/11
f 608/25/15 627/20/11 603/26/16
f 611/27/10 614/28/17 628/14/12
f 611/27/10 628/14/12 626/13/11
f 606/29/4 609/30/18 623/6/6
f 606/29/4 623/6/6 621/5/5
f 632/1/1 635/2/2 640/3/3
f 632/1/1 640/3/3 637/4/4
f 651/5/5 653/6/6 649/7/7
f 651/5/5 649/7/7 646/8/8
f 647/9/8 650/10/7 645/11/9
f 647/9/8 645/11/9 643/12/10
f 656/13/11 658/14/12 634/15/2
f 656/13/11 634/15/2 631/16/1
f 652/17/5 648/18/13 642/19/14
f 652/17/5 642/19/14 657/20/11
f 654/21/6 640/3/3 635/2/2
f 654/21/6 635/2/2 659/22/12
f 650/10/7 655/23/6 660/24/12
f 650/10/7 660/24/12 645/11/9
f 638/25/15 652/17/5 657/20/11
f 638/25/15 657/20/11 633/26/16
f 641/27/10 644/28/17 658/14/12
f 641/27/10 658/14/12 656/13/11
f 636/29/4 639/30/18 653/6/6
f 636/29/4 653/6/6 651/5/5
f 662/1/1 665/2/2 670/3/3
f 662/1/1 670/3/3 667/4/4
f 681/5/5 683/6/6 679/7/7
f 681/5/5 679/7/7 676/8/8
f 677/9/8 680/10/7 675/11/9
f 677/9/8 675/11/9 673/12/10
f 686/13/11 688/14/12 664/15/2
f 686/13/11 664/15/2 661/16/1
f 682/17/5 678/18/13 672/19/14
f 682/17/5 672/19/14 687/20/11
f 684/21/6 670/3/3 665/2/2
f 684/21/6 665/2/2 689/22/12
f 680/10/7 685/23/6 690/24/12
f 680/10/7 690/24/12 675/11/9
f 668/25/15 682/17/5 687/20/11
f 668/25/15 687/20/11 663/26/16
f 671/27/10 674/28/17 688/14/12
f 671/27/10 688/14/12 686/13/11
f 666/29/4 669/30/18 683/6/6
f 666/29/4 683/6/6 681/5/5
f 692/1/1 695/2/2 700/3/3
f 692/1/1 700/3/3 697/4/4
f 711/5/5 713/6/6 709/7/7
f 711/5/5 709/7/7 706/8/8
f 707/9/8 710/10/7 705/11/9
f 707/9/8 705/11/9 703/12/10
f 716/13/11 718/14/12 694/15/2
f 716/13/11 694/15/2 691/16/1
f 712/17/5 708/18/13 702/19/14
f 712/17/5 702/19/14 717/20/11
f 714/21/6 700/3/3 695/2/2
f 714/21/6 695/2/2 719/22/12
f 710/10/7 715/23/6 720/24/12
f 710/10/7 720/24/12 705/11/9
f 698/25/15 712/17/5 717/20/11
f 698/25/15 717/20/11 693/26/16
f 701/27/10 704/28/17 718/14/12
f 701/27/10 718/14/12 716/13/11
f 696/29/4 699/30/18 713/6/6
f 696/29/4 713/6/6 711/5/5
f 722/1/1 725/2/2 730/3/3
f 722/1/1 730/3/3 727/4/4
f 741/5/5 743/6/6 739/7/7
f 741/5/5 739/7/7 736/8/8
f 737/9/8 740/10/7 735/11/9
f 737/9/8 735/11/9 733/12/10
f 746/13/11 748/14/12 724/15/2
f 746/13/11 724/15/2 721/16/1
f 742/17/5 738/18/13 732/19/14
f 742/17/5 732/19/14 747/20/11
f 744/21/6 730/3/3 725/2/2
f 744/21/6 725/2/2 749/22/12
f 740/10/7 745/23/6 750/24/12
f 740/10/7 750/24/12 735/11/9
f 728/25/15 742/17/5 747/20/11
f 728/25/15 747/20/11 723/26/16
f 731/27/10 734/28/17 748/14/12
f 731/27/10 748/14/12 746/13/11
f 726/29/4 729/30/18 743/6/6
f 726/29/4 743/6/6 741/5/5
f 752/1/1 755/2/2 760/3/3
f 752/1/1 760/3/3 757/4/4
f 771/5/5 773/6/6 769/7/7
f 771/5/5 769/7/7 766/8/8
f 767/9/8 770/10/7 765/11/9
f 767/9/8 765/11/9 763/12/10
f 776/13/11 778/14/12 754/15/2
f 776/13/11 754/15/2 751/16/1
f 772/17/5 768/18/13 762/19/14
f 772/17/5 762/19/14 777/20/11
f 774/21/6 760/3/3 755/2/2
f 774/21/6 755/2/2 779/22/12
f 770/10/7 775/23/6 780/24/12
f 770/10/7 780/24/12 765/11/9
f 758/25/15 772/17/5 777/20/11
f 758/25/15 777/20/11 753/26/16
f 761/27/10 764/28/17 778/14/12
f 761/27/10 778/14/12 776/13/11
f 756/29/4 759/30/18 773/6/6
f 756/29/4 773/6/6 771/5/5
f 782/1/1 785/2/2 790/3/3
f 782/1/1 790/3/3 787/4/4
f 801/5/5 803/6/6 799/7/7
f 801/5/5 799/7/7 796/8/8
f 797/9/8 800/10/7 795/11/9
f 797/9/8 795/11/9 793/12/10
f 806/13/11 808/14/12 784/15/2
f 806/13/11 784/15/2 781/16/1
f 802/17/5 798/18/13 792/19/14
f 802/17/5 792/19/14 807/20/11
f 804/21/6 790/3/3 785/2/2
f 804/21/6 785/2/2 809/22/12
f 800/10/7 805/23/6 810/24/12
f 800/10/7 810/24/12 795/11/9
f 788/25/15 802/17/5 807/20/11
f 788/25/15 807/20/11 783/26/16
f 791/27/10 794/28/17 808/14/12
f 791/27/10 808/14/12 806/13/11
f 786/29/4 789/30/18 803/6/6
f 786/29/4 803/6/6 801/5/5
f 812/1/1 815/2/2 820/3/3
f 812/1/1 820/3/3 817/4/4
f 831/5/5 833/6/6 829/7/7
f 831/5/5 829/7/7 826/8/8
f 827/9/8 830/10/7 825/11/9
f 827/9/8 825/11/9 823/12/10
f 836/13/11 838/14/12 814/15/2
f 836/13/11 814/15/2 811/16/1
f 832/17/5 828/18/13 822/19/14
f 832/17/5 822/19/14 837/20/11
f 834/21/6 820/3/3 815/2/2
f 834/21/6 815/2/2 839/22/12
f 830/10/7 835/23/6 840/24/12
f 830/10/7 840/24/12 825/11/9
f 818/25/15 832/17/5 837/20/11
f 818/25/15 837/20/11 813/26/16
f 821/27/10 824/28/17 838/14/12
f 821/27/10 838/14/12 836/13/11
f 816/29/4 819/30/18 833/6/6
f 816/29/4 833/6/6 831/5/5
f 842/1/1 845/2/2 850/3/3
f 842/1/1 850/3/3 847/4/4
f 861/5/5 863/6/6 859/7/7
f 861/5/5 859/7/7 856/8/8
f 857/9/8 860/10/7 855/11/9
f 857/9/8 855/11/9 853/12/10
f 866/13/11 868/14/12 844/15/2
f 866/13/11 844/15/2 841/16/1
f 862/17/5 858/18/13 852/19/14
f 862/17/5 852/19/14 867/20/11
f 864/21/6 850/3/3 845/2/2
f 864/21/6 845/2/2 869/22/12
f 860/10/7 865/23/6 870/24/12
f 860/10/7 870/24/12 855/11/9
f 848/25/15 862/17/5 867/20/11
f 848/25/15 867/20/11 843/26/16
f 851/27/10 854/28/17 868/14/12
f 851/27/10 868/14/12 866/13/11
f 846/29/4 849/30/18 863/6/6
f 846/29/4 863/6/6 861/5/5
f 872/1/1 875/2/2 880/3/3
f 872/1/1 880/3/3 877/4/4
f 891/5/5 893/6/6 889/7/7
f 891/5/5 889/7/7 886/8/8
f 887/9/8 890/10/7 885/11/9
f 887/9/8 885/11/9 883/12/10
f 896/13/11 898/14/12 874/15/2
f 896/13/11 874/15/2 871/16/1
f 892/17/5 888/18/13 882/19/14
f 892/17/5 882/19/14 897/20/11
f 894/21/6 880/3/3 875/2/2
f 894/21/6 875/2/2 899/22/12
f 890/10/7 895/23/6 900/24/12
f 890/10/7 900/24/12 885/11/9
f 878/25/15 892/17/5 897/20/11
f 878/25/15 897/20/11 873/26/16
f 881/27/10 884/28/17 898/14/12
f 881/27/10 898/14/12 896/13/11
f 876/29/4 879/30/18 893/6/6
f 876/29/4 893/6/6 891/5/5
f 902/1/1 905/2/2 910/3/3
f 902/1/1 910/3/3 907/4/4
f 921/5/5 923/6/6 919/7/7
f 921/5/5 919/7/7 916/8/8
f 917/9/8 920/10/7 915/11/9
f 917/9/8 915/11/9 913/12/10
f 926/13/11 928/14/12 904/15/2
f 926/13/11 904/15/2 901/16/1
f 922/17/5 918/18/13 912/19/14
f 922/17/5 912/19/14 927/20/11
f 924/21/6 910/3/3 905/2/2
f 924/21/6 905/2/2 929/22/12
f 920/10/7 925/23/6 930/24/12
f 920/10/7 930/24/12 915/11/9
f 908/25/15 922/17/5 927/20/11
f 908/25/15 927/20/11 903/26/16
f 911/27/10 914/28/17 928/14/12
f 911/27/10 928/14/12 926/13/11
f 906/29/4 909/30/18 923/6/6
f 906/29/4 923/6/6 921/5/5
f 932/1/1 935/2/2 940/3/3
f 932/1/1 940/3/3 937/4/4
f 951/5/5 953/6/6 949/7/7
f 951/5/5 949/7/7 946/8/8
f 947/9/8 950/10/7 945/11/9
f 947/9/8 945/11/9 943/12/10
f 956/13/11 958/14/12 934/15/2
f 956/13/11 934/15/2 931/16/1
f 952/17/5 948/18/13 942/19/14
f 952/17/5 942/19/14 957/20/11
f 954/21/6 940/3/3 935/2/2
f 954/21/6 935/2/2 959/22/12
f 950/10/7 955/23/6 960/24/12
f 950/10/7 960/24/12 945/11/9
f 938/25/15 952/17/5 957/20/11
f 938/25/15 957/20/11 933/26/16
f 941/27/10 944/28/17 958/14/12
f 941/27/10 958/14/12 956/13/11
f 936/29/4 939/30/18 953/6/6
f 936/29/4 953/6/6 951/5/5
f 962/1/1 965/2/2 970/3/3
f 962/1/1 970/3/3 967/4/4
f 981/5/5 983/6/6 979/7/7
f 981/5/5 979/7/7 976/8/8
f 977/9/8 980/10/7 975/11/9
f 977/9/8 975/11/9 973/12/10
f 986/13/11 988/14/12 964/15/2
f 986/13/11 964/15/2 961/16/1
f 982/17/5 978/18/13 972/19/14
f 982/17/5 972/19/14 987/20/11
f 984/21/6 970/3/3 965/2/2
f 984/21/6 965/2/2 989/22/12
f 980/10/7 985/23/6 990/24/12
f 980/10/7 990/24/12 975/11/9
f 968/25/15 982/17/5 987/20/11
f 968/25/15 987/20/11 963/26/16
f 971/27/10 974/28/17 988/14/12
f 971/27/10 988/14/12 986/13/11
f 966/29/4 969/30/18 983/6/6
f 966/29/4 983/6/6 981/5/5
s 0
f 993/31/19 996/32/19 1002/33/19
f 993/31/19 1002/33/19 999/34/19
f 997/35/20 1000/36/20 1012/37/20
f 997/35/20 1012/37/20 1009/38/20
f 1011/39/21 1014/40/21 1008/41/21
f 1011/39/21 1008/41/21 1005/42/21
f 1003/43/22 1006/44/22 994/45/22
f 1003/43/22 994/45/22 991/46/22
f 998/47/23 1010/48/23 1004/49/23
f 998/47/23 1004/49/23 992/50/23
f 1013/51/24 1001/52/24 995/53/24
f 1013/51/24 995/53/24 1007/54/24
f 1017/31/19 1020/32/19 1026/33/19
f 1017/31/19 1026/33/19 1023/34/19
f 1021/35/20 1024/36/20 1036/37/20
f 1021/35/20 1036/37/20 1033/38/20
f 1035/39/21 1038/40/21 1032/41/21
f 1035/39/21 1032/41/21 1029/42/21
f 1027/43/22 1030/44/22 1018/45/22
f 1027/43/22 1018/45/22 1015/46/22
f 1022/47/23 1034/48/23 1028/49/23
f 1022/47/23 1028/49/23 1016/50/23
f 1037/51/24 1025/52/24 1019/53/24
f 1037/51/24 1019/53/24 1031/54/24
o Fence
v 59.784325 -11.681538 0.409512
v 59.784325 -11.681538 0.409512
v 59.784325 -11.681538 0.409512
v 59.784325 -10.326725 0.409512
v 59.784325 -10.326725 0.409512
v 59.784325 -11.681538 0.274030
v 59.784325 -11.681538 0.274030
v 59.784325 -11.681538 0.274030
v 59.784325 -10.326725 0.274030
v 59.784325 -10.326725 0.274030
v 60.055290 -11.681538 0.409512
v 60.055290 -11.681538 0.409512
v 60.055290 -11.681538 0.409512
v 60.055290 -10.326725 0.409512
v 60.055290 -10.326725 0.409512
v 60.055290 -11.681538 0.274030
v 60.055290 -11.681538 0.274030
v 60.055290 -11.681538 0.274030
v 60.055290 -10.326725 0.274030
v 60.055290 -10.326725 0.274030
v 59.919807 -11.681538 0.274030
v 59.919807 -11.681538 0.274030
v 59.919807 -10.228095 0.274030
v 59.919807 -10.228095 0.274030
v 59.919807 -10.228095 0.274030
v 59.919807 -11.681538 0.409512
v 59.919807 -11.681538 0.409512
v 59.919807 -10.228095 0.409512
v 59.919807 -10.228095 0.409512
v 59.919807 -10.228095 0.409512
v 55.384327 -11.681538 0.409512
v 55.384327 -11.681538 0.409512
v 55.384327 -11.681538 0.409512
v 55.384327 -10.326725 0.409512
v 55.384327 -10.326725 0.409512
v 55.384327 -11.681538 0.274030
v 55.384327 -11.681538 0.274030
v 55.384327 -11.681538 0.274030
v 55.384327 -10.326725 0.274030
v 55.384327 -10.326725 0.274030
v 55.655289 -11.681538 0.409512
v 55.655289 -11.681538 0.409512
v 55.655289 -11.681538 0.409512
v 55.655289 -10.326725 0.409512
v 55.655289 -10.326725 0.409512
v 55.655289 -11.681538 0.274030
v 55.655289 -11.681538 0.274030
v 55.655289 -11.681538 0.274030
v 55.655289 -10.326725 0.274030
v 55.655289 -10.326725 0.274030
v 55.519806 -11.681538 0.274030
v 55.519806 -11.681538 0.274030
v 55.519806 -10.228095 0.274030
v 55.519806 -10.228095 0.274030
v 55.519806 -10.228095 0.274030
v 55.519806 -11.681538 0.409512
v 55.519806 -11.681538 0.409512
v 55.519806 -10.228095 0.409512
v 55.519806 -10.228095 0.409512
v 55.519806 -10.228095 0.409512
v 55.784325 -11.681538 0.409512
v 55.784325 -11.681538 0.409512
v 55.784325 -11.681538 0.409512
v 55.784325 -10.326725 0.409512
v 55.784325 -10.326725 0.409512
v 55.784325 -11.681538 0.274030
v 55.784325 -11.681538 0.274030
v 55.784325 -11.681538 0.274030
v 55.784325 -10.326725 0.274030
v 55.784325 -10.326725 0.274030
v 56.055290 -11.681538 0.409512
v 56.055290 -11.681538 0.409512
v 56.055290 -11.681538 0.409512
v 56.055290 -10.326725 0.409512
v 56.055290 -10.326725 0.409512
v 56.055290 -11.681538 0.274030
v 56.055290 -11.681538 0.274030
v 56.055290 -11.681538 0.274030
v 56.055290 -10.326725 0.274030
v 56.055290 -10.326725 0.274030
v 55.919807 -11.681538 0.274030
v 55.919807 -11.681538 0.274030
v 55.919807 -10.228095 0.274030
v 55.919807 -10.228095 0.274030
v 55.919807 -10.228095 0.274030
v 55.919807 -11.681538 0.409512
v 55.919807 -11.681538 0.409512
v 55.919807 -10.228095 0.409512
v 55.919807 -10.228095 0.409512
v 55.919807 -10.228095 0.409512
v 56.184326 -11.681538 0.409512
v 56.184326 -11.681538 0.409512
v 56.184326 -11.681538 0.409512
v 56.184326 -10.326725 0.409512
v 56.184326 -10.326725 0.409512
v 56.184326 -11.681538 0.274030
v 56.184326 -11.681538 0.274030
v 56.184326 -11.681538 0.274030
v 56.184326 -10.326725 0.274030
v 56.184326 -10.326725 0.274030
v 56.455288 -11.681538 0.409512
v 56.455288 -11.681538 0.409512
v 56.455288 -11.681538 0.409512
v 56.455288 -10.326725 0.409512
v 56.455288 -10.326725 0.409512
v 56.455288 -11.681538 0.274030
v 56.455288 -11.681538 0.274030
v 56.455288 -11.681538 0.274030
v 56.455288 -10.326725 0.274030
v 56.455288 -10.326725 0.274030
v 56.319809 -11.681538 0.274030
v 56.319809 -11.681538 0.274030
v 56.319809 -10.228095 0.274030
v 56.319809 -10.228095 0.274030
v 56.319809 -10.228095 0.274030
v 56.319809 -11.681538 0.409512
v 56.319809 -11.681538 0.409512
v 56.319809 -10.228095 0.409512
v 56.319809 -10.228095 0.409512
v 56.319809 -10.228095 0.409512
v 56.584328 -11.681538 0.409512
v 56.584328 -11.681538 0.409512
v 56.584328 -11.681538 0.409512
v 56.584328 -10.326725 0.409512
v 56.584328 -10.326725 0.409512
v 56.584328 -11.681538 0.274030
v 56.584328 -11.681538 0.274030
v 56.584328 -11.681538 0.274030
v 56.584328 -10.326725 0.274030
v 56.584328 -10.326725 0.274030
v 56.855289 -11.681538 0.409512
v 56.855289 -11.681538 0.409512
v 56.855289 -11.681538 0.409512
v 56.855289 -10.326725 0.409512
v 56.855289 -10.326725 0.409512
v 56.855289 -11.681538 0.274030
v 56.855289 -11.681538 0.274030
v 56.855289 -11.681538 0.274030
v 56.855289 -10.326725 0.274030
v 56.855289 -10.326725 0.274030
v 56.719807 -11.681538 0.274030
v 56.719807 -11.681538 0.274030
v 56.719807 -10.228095 0.274030
v 56.719807 -10.228095 0.274030
v 56.719807 -10.228095 0.274030
v 56.719807 -11.681538 0.409512
v 56.719807 -11.681538 0.409512
v 56.719807 -10.228095 0.409512
v 56.719807 -10.228095 0.409512
v 56.719807 -10.228095 0.409512
v 56.984325 -11.681538 0.409512
v 56.984325 -11.681538 0.409512
v 56.984325 -11.681538 0.409512
v 56.984325 -10.326725 0.409512
v 56.984325 -10.326725 0.409512
v 56.984325 -11.681538 0.274030
v 56.984325 -11.681538 0.274030
v 56.984325 -11.681538 0.274030
v 56.984325 -10.326725 0.274030
v 56.984325 -10.326725 0.274030
v 57.255287 -11.681538 0.409512
v 57.255287 -11.681538 0.409512
v 57.255287 -11.681538 0.409512
v 57.255287 -10.326725 0.409512
v 57.255287 -10.326725 0.409512
v 57.255287 -11.681538 0.274030
v 57.255287 -11.681538 0.274030
v 57.255287 -11.681538 0.274030
v 57.255287 -10.326725 0.274030
v 57.255287 -10.326725 0.274030
v 57.119808 -11.681538 0.274030
v 57.119808 -11.681538 0.274030
v 57.119808 -10.228095 0.274030
v 57.119808 -10.228095 0.274030
v 57.119808 -10.228095 0.274030
v 57.119808 -11.681538 0.409512
v 57.119808 -11.681538 0.409512
v 57.119808 -10.228095 0.409512
v 57.119808 -10.228095 0.409512
v 57.119808 -10.228095 0.409512
v 57.384327 -11.681538 0.409512
v 57.384327 -11.681538 0.409512
v 57.384327 -11.681538 0.409512
v 57.384327 -10.326725 0.409512
v 57.384327 -10.326725 0.409512
v 57.384327 -11.681538 0.274030
v 57.384327 -11.681538 0.274030
v 57.384327 -11.681538 0.274030
v 57.384327 -10.326725 0.274030
v 57.384327 -10.326725 0.274030
v 57.655289 -11.681538 0.409512
v 57.655289 -11.681538 0.409512
v 57.655289 -11.681538 0.409512
v 57.655289 -10.326725 0.409512
v 57.655289 -10.326725 0.409512
v 57.655289 -11.681538 0.274030
v 57.655289 -11.681538 0.274030
v 57.655289 -11.681538 0.274030
v 57.655289 -10.326725 0.274030
v 57.655289 -10.326725 0.274030
v 57.519806 -11.681538 0.274030
v 57.519806 -11.681538 0.274030
v 57.519806 -10.228095 0.274030
v 57.519806 -10.228095 0.274030
v 57.519806 -10.228095 0.274030
v 57.519806 -11.681538 0.409512
v 57.519806 -11.681538 0.409512
v 57.519806 -10.228095 0.409512
v 57.519806 -10.228095 0.409512
v 57.519806 -10.228095 0.409512
v 57.784325 -11.681538 0.409512
v 57.784325 -11.681538 0.409512
v 57.784325 -11.681538 0.409512
v 57.784325 -10.326725 0.409512
v 57.784325 -10.326725 0.409512
v 57.784325 -11.681538 0.274030
v 57.784325 -11.681538 0.274030
v 57.784325 -11.681538 0.274030
v 57.784325 -10.326725 0.274030
v 57.784325 -10.326725 0.274030
v 58.055290 -11.681538 0.409512
v 58.055290 -11.681538 0.409512
v 58.055290 -11.681538 0.409512
v 58.055290 -10.326725 0.409512
v 58.055290 -10.326725 0.409512
v 58.055290 -11.681538 0.274030
v 58.055290 -11.681538 0.274030
v 58.055290 -11.681538 0.274030
v 58.055290 -10.326725 0.274030
v 58.055290 -10.326725 0.274030
v 57.919807 -11.681538 0.274030
v 57.919807 -11.681538 0.274030
v 57.919807 -10.228095 0.274030
v 57.919807 -10.228095 0.274030
v 57.919807 -10.228095 0.274030
v 57.919807 -11.681538 0.409512
v 57.919807 -11.681538 0.409512
v 57.919807 -10.228095 0.409512
v 57.919807 -10.228095 0.409512
v 57.919807 -10.228095 0.409512
v 58.184326 -11.681538 0.409512
v 58.184326 -11.681538 0.409512
v 58.184326 -11.681538 0.409512
v 58.184326 -10.326725 0.409512
v 58.184326 -10.326725 0.409512
v 58.184326 -11.681538 0.274030
v 58.184326 -11.681538 0.274030
v 58.184326 -11.681538 0.274030
v 58.184326 -10.326725 0.274030
v 58.184326 -10.326725 0.274030
v 58.455288 -11.681538 0.409512
v 58.455288 -11.681538 0.409512
v 58.455288 -11.681538 0.409512
v 58.455288 -10.326725 0.409512
v 58.455288 -10.326725 0.409512
v 58.455288 -11.681538 0.274030
v 58.455288 -11.681538 0.274030
v 58.455288 -11.681538 0.274030
v 58.455288 -10.326725 0.274030
v 58.455288 -10.326725 0.274030
v 58.319809 -11.681538 0.274030
v 58.319809 -11.681538 0.274030
v 58.319809 -10.228095 0.274030
v 58.319809 -10.228095 0.274030
v 58.319809 -10.228095 0.274030
v 58.319809 -11.681538 0.409512
v 58.319809 -11.681538 0.409512
v 58.319809 -10.228095 0.409512
v 58.319809 -10.228095 0.409512
v 58.319809 -10.228095 0.409512
v 58.584328 -11.681538 0.409512
v 58.584328 -11.681538 0.409512
v 58.584328 -11.681538 0.409512
v 58.584328 -10.326725 0.409512
v 58.584328 -10.326725 0.409512
v 58.584328 -11.681538 0.274030
v 58.584328 -11.681538 0.274030
v 58.584328 -11.681538 0.274030
v 58.584328 -10.326725 0.274030
v 58.584328 -10.326725 0.274030
v 58.855289 -11.681538 0.409512
v 58.855289 -11.681538 0.409512
v 58.855289 -11.681538 0.409512
v 58.855289 -10.326725 0.409512
v 58.855289 -10.326725 0.409512
v 58.855289 -11.681538 0.274030
v 58.855289 -11.681538 0.274030
v 58.855289 -11.681538 0.274030
v 58.855289 -10.326725 0.274030
v 58.855289 -10.326725 0.274030
v 58.719807 -11.681538 0.274030
v 58.719807 -11.681538 0.274030
v 58.719807 -10.228095 0.274030
v 58.719807 -10.228095 0.274030
v 58.719807 -10.228095 0.274030
v 58.719807 -11.681538 0.409512
v 58.719807 -11.681538 0.409512
v 58.719807 -10.228095 0.409512
v 58.719807 -10.228095 0.409512
v 58.719807 -10.228095 0.409512
v 58.984325 -11.681538 0.409512
v 58.984325 -11.681538 0.409512
v 58.984325 -11.681538 0.409512
v 58.984325 -10.326725 0.409512
v 58.984325 -10.326725 0.409512
v 58.984325 -11.681538 0.274030
v 58.984325 -11.681538 0.274030
v 58.984325 -11.681538 0.274030
v 58.984325 -10.326725 0.274030
v 58.984325 -10.326725 0.274030
v 59.255287 -11.681538 0.409512
v 59.255287 -11.681538 0.409512
v 59.255287 -11.681538 0.409512
v 59.255287 -10.326725 0.409512
v 59.255287 -10.326725 0.409512
v 59.255287 -11.681538 0.274030
v 59.255287 -11.681538 0.274030
v 59.255287 -11.681538 0.274030
v 59.255287 -10.326725 0.274030
v 59.255287 -10.326725 0.274030
v 59.119808 -11.681538 0.274030
v 59.119808 -11.681538 0.274030
v 59.119808 -10.228095 0.274030
v 59.119808 -10.228095 0.274030
v 59.119808 -10.228095 0.274030
v 59.119808 -11.681538 0.409512
v 59.119808 -11.681538 0.409512
v 59.119808 -10.228095 0.409512
v 59.119808 -10.228095 0.409512
v 59.119808 -10.228095 0.409512
v 59.384327 -11.681538 0.409512
v 59.384327 -11.681538 0.409512
v 59.384327 -11.681538 0.409512
v 59.384327 -10.326725 0.409512
v 59.384327 -10.326725 0.409512
v 59.384327 -11.681538 0.274030
v 59.384327 -11.681538 0.274030
v 59.384327 -11.681538 0.274030
v 59.384327 -10.326725 0.274030
v 59.384327 -10.326725 0.274030
v 59.655289 -11.681538 0.409512
v 59.655289 -11.681538 0.409512
v 59.655289 -11.681538 0.409512
v 59.655289 -10.326725 0.409512
v 59.655289 -10.326725 0.409512
v 59.655289 -11.681538 0.274030
v 59.655289 -11.681538 0.274030
v 59.655289 -11.681538 0.274030
v 59.655289 -10.326725 0.274030
v 59.655289 -10.326725 0.274030
v 59.519806 -11.681538 0.274030
v 59.519806 -11.681538 0.274030
v 59.519806 -10.228095 0.274030
v 59.519806 -10.228095 0.274030
v 59.519806 -10.228095 0.274030
v 59.519806 -11.681538 0.409512
v 59.519806 -11.681538 0.409512
v 59.519806 -10.228095 0.409512
v 59.519806 -10.228095 0.409512
v 59.519806 -10.228095 0.409512
v 60.184326 -11.681538 0.409512
v 60.184326 -11.681538 0.409512
v 60.184326 -11.681538 0.409512
v 60.184326 -10.326725 0.409512
v 60.184326 -10.326725 0.409512
v 60.184326 -11.681538 0.274030
v 60.184326 -11.681538 0.274030
v 60.184326 -11.681538 0.274030
v 60.184326 -10.326725 0.274030
v 60.184326 -10.326725 0.274030
v 60.455288 -11.681538 0.409512
v 60.455288 -11.681538 0.409512
v 60.455288 -11.681538 0.409512
v 60.455288 -10.326725 0.409512
v 60.455288 -10.326725 0.409512
v 60.455288 -11.681538 0.274030
v 60.455288 -11.681538 0.274030
v 60.455288 -11.681538 0.274030
v 60.455288 -10.326725 0.274030
v 60.455288 -10.326725 0.274030
v 60.319809 -11.681538 0.274030
v 60.319809 -11.681538 0.274030
v 60.319809 -10.228095 0.274030
v 60.319809 -10.228095 0.274030
v 60.319809 -10.228095 0.274030
v 60.319809 -11.681538 0.409512
v 60.319809 -11.681538 0.409512
v 60.319809 -10.228095 0.409512
v 60.319809 -10.228095 0.409512
v 60.319809 -10.228095 0.409512
v 60.584328 -11.681538 0.409512
v 60.584328 -11.681538 0.409512
v 60.584328 -11.681538 0.409512
v 60.584328 -10.326725 0.409512
v 60.584328 -10.326725 0.409512
v 60.584328 -11.681538 0.274030
v 60.584328 -11.681538 0.274030
v 60.584328 -11.681538 0.274030
v 60.584328 -10.326725 0.274030
v 60.584328 -10.326725 0.274030
v 60.855289 -11.681538 0.409512
v 60.855289 -11.681538 0.409512
v 60.855289 -11.681538 0.409512
v 60.855289 -10.326725 0.409512
v 60.855289 -10.326725 0.409512
v 60.855289 -11.681538 0.274030
v 60.855289 -11.681538 0.274030
v 60.855289 -11.681538 0.274030
v 60.855289 -10.326725 0.274030
v 60.855289 -10.326725 0.274030
v 60.719807 -11.681538 0.274030
v 60.719807 -11.681538 0.274030
v 60.719807 -10.228095 0.274030
v 60.719807 -10.228095 0.274030
v 60.719807 -10.228095 0.274030
v 60.719807 -11.681538 0.409512
v 60.719807 -11.681538 0.409512
v 60.719807 -10.228095 0.409512
v 60.719807 -10.228095 0.409512
v 60.719807 -10.228095 0.409512
v 60.984325 -11.681538 0.409512
v 60.984325 -11.681538 0.409512
v 60.984325 -11.681538 0.409512
v 60.984325 -10.326725 0.409512
v 60.984325 -10.326725 0.409512
v 60.984325 -11.681538 0.274030
v 60.984325 -11.681538 0.274030
v 60.984325 -11.681538 0.274030
v 60.984325 -10.326725 0.274030
v 60.984325 -10.326725 0.274030
v 61.255287 -11.681538 0.409512
v 61.255287 -11.681538 0.409512
v 61.255287 -11.681538 0.409512
v 61.255287 -10.326725 0.409512
v 61.255287 -10.326725 0.409512
v 61.255287 -11.681538 0.274030
v 61.255287 -11.681538 0.274030
v 61.255287 -11.681538 0.274030
v 61.255287 -10.326725 0.274030
v 61.255287 -10.326725 0.274030
v 61.119808 -11.681538 0.274030
v 61.119808 -11.681538 0.274030
v 61.119808 -10.228095 0.274030
v 61.119808 -10.228095 0.274030
v 61.119808 -10.228095 0.274030
v 61.119808 -11.681538 0.409512
v 61.119808 -11.681538 0.409512
v 61.119808 -10.228095 0.409512
v 61.119808 -10.228095 0.409512
v 61.119808 -10.228095 0.409512
v 61.384327 -11.681538 0.409512
v 61.384327 -11.681538 0.409512
v 61.384327 -11.681538 0.409512
v 61.384327 -10.326725 0.409512
v 61.384327 -10.326725 0.409512
v 61.384327 -11.681538 0.274030
v 61.384327 -11.681538 0.274030
v 61.384327 -11.681538 0.274030
v 61.384327 -10.326725 0.274030
v 61.384327 -10.326725 0.274030
v 61.655289 -11.681538 0.409512
v 61.655289 -11.681538 0.409512
v 61.655289 -11.681538 0.409512
v 61.655289 -10.326725 0.409512
v 61.655289 -10.326725 0.409512
v 61.655289 -11.681538 0.274030
v 61.655289 -11.681538 0.274030
v 61.655289 -11.681538 0.274030
v 61.655289 -10.326725 0.274030
v 61.655289 -10.326725 0.274030
v 61.519806 -11.681538 0.274030
v 61.519806 -11.681538 0.274030
v 61.519806 -10.228095 0.274030
v 61.519806 -10.228095 0.274030
v 61.519806 -10.228095 0.274030
v 61.519806 -11.681538 0.409512
v 61.519806 -11.681538 0.409512
v 61.519806 -10.228095 0.409512
v 61.519806 -10.228095 0.409512
v 61.519806 -10.228095 0.409512
v 61.784325 -11.681538 0.409512
v 61.784325 -11.681538 0.409512
v 61.784325 -11.681538 0.409512
v 61.784325 -10.326725 0.409512
v 61.784325 -10.326725 0.409512
v 61.784325 -11.681538 0.274030
v 61.784325 -11.681538 0.274030
v 61.784325 -11.681538 0.274030
v 61.784325 -10.326725 0.274030
v 61.784325 -10.326725 0.274030
v 62.055290 -11.681538 0.409512
v 62.055290 -11.681538 0.409512
v 62.055290 -11.681538 0.409512
v 62.055290 -10.326725 0.409512
v 62.055290 -10.326725 0.409512
v 62.055290 -11.681538 0.274030
v 62.055290 -11.681538 0.274030
v 62.055290 -11.681538 0.274030
v 62.055290 -10.326725 0.274030
v 62.055290 -10.326725 0.274030
v 61.919807 -11.681538 0.274030
v 61.919807 -11.681538 0.274030
v 61.919807 -10.228095 0.274030
v 61.919807 -10.228095 0.274030
v 61.919807 -10.228095 0.274030
v 61.919807 -11.681538 0.409512
v 61.919807 -11.681538 0.409512
v 61.919807 -10.228095 0.409512
v 61.919807 -10.228095 0.409512
v 61.919807 -10.228095 0.409512
v 62.184326 -11.681538 0.409512
v 62.184326 -11.681538 0.409512
v 62.184326 -11.681538 0.409512
v 62.184326 -10.326725 0.409512
v 62.184326 -10.326725 0.409512
v 62.184326 -11.681538 0.274030
v 62.184326 -11.681538 0.274030
v 62.184326 -11.681538 0.274030
v 62.184326 -10.326725 0.274030
v 62.184326 -10.326725 0.274030
v 62.455288 -11.681538 0.409512
v 62.455288 -11.681538 0.409512
v 62.455288 -11.681538 0.409512
v 62.455288 -10.326725 0.409512
v 62.455288 -10.326725 0.409512
v 62.455288 -11.681538 0.274030
v 62.455288 -11.681538 0.274030
v 62.455288 -11.681538 0.274030
v 62.455288 -10.326725 0.274030
v 62.455288 -10.326725 0.274030
v 62.319809 -11.681538 0.274030
v 62.319809 -11.681538 0.274030
v 62.319809 -10.228095 0.274030
v 62.319809 -10.228095 0.274030
v 62.319809 -10.228095 0.274030
v 62.319809 -11.681538 0.409512
v 62.319809 -11.681538 0.409512
v 62.319809 -10.228095 0.409512
v 62.319809 -10.228095 0.409512
v 62.319809 -10.228095 0.409512
v 62.584328 -11.681538 0.409512
v 62.584328 -11.681538 0.409512
v 62.584328 -11.681538 0.409512
v 62.584328 -10.326725 0.409512
v 62.584328 -10.326725 0.409512
v 62.584328 -11.681538 0.274030
v 62.584328 -11.681538 0.274030
v 62.584328 -11.681538 0.274030
v 62.584328 -10.326725 0.274030
v 62.584328 -10.326725 0.274030
v 62.855289 -11.681538 0.409512
v 62.855289 -11.681538 0.409512
v 62.855289 -11.681538 0.409512
v 62.855289 -10.326725 0.409512
v 62.855289 -10.326725 0.409512
v 62.855289 -11.681538 0.274030
v 62.855289 -11.681538 0.274030
v 62.855289 -11.681538 0.274030
v 62.855289 -10.326725 0.274030
v 62.855289 -10.326725 0.274030
v 62.719807 -11.681538 0.274030
v 62.719807 -11.681538 0.274030
v 62.719807 -10.228095 0.274030
v 62.719807 -10.228095 0.274030
v 62.719807 -10.228095 0.274030
v 62.719807 -11.681538 0.409512
v 62.719807 -11.681538 0.409512
v 62.719807 -10.228095 0.409512
v 62.719807 -10.228095 0.409512
v 62.719807 -10.228095 0.409512
v 62.984325 -11.681538 0.409512
v 62.984325 -11.681538 0.409512
v 62.984325 -11.681538 0.409512
v 62.984325 -10.326725 0.409512
v 62.984325 -10.326725 0.409512
v 62.984325 -11.681538 0.274030
v 62.984325 -11.681538 0.274030
v 62.984325 -11.681538 0.274030
v 62.984325 -10.326725 0.274030
v 62.984325 -10.326725 0.274030
v 63.255287 -11.681538 0.409512
v 63.255287 -11.681538 0.409512
v 63.255287 -11.681538 0.409512
v 63.255287 -10.326725 0.409512
v 63.255287 -10.326725 0.409512
v 63.255287 -11.681538 0.274030
v 63.255287 -11.681538 0.274030
v 63.255287 -11.681538 0.274030
v 63.255287 -10.326725 0.274030
v 63.255287 -10.326725 0.274030
v 63.119808 -11.681538 0.274030
v 63.119808 -11.681538 0.274030
v 63.119808 -10.228095 0.274030
v 63.119808 -10.228095 0.274030
v 63.119808 -10.228095 0.274030
v 63.119808 -11.681538 0.409512
v 63.119808 -11.681538 0.409512
v 63.119808 -10.228095 0.409512
v 63.119808 -10.228095 0.409512
v 63.119808 -10.228095 0.409512
v 63.384327 -11.681538 0.409512
v 63.384327 -11.681538 0.409512
v 63.384327 -11.681538 0.409512
v 63.384327 -10.326725 0.409512
v 63.384327 -10.326725 0.409512
v 63.384327 -11.681538 0.274030
v 63.384327 -11.681538 0.274030
v 63.384327 -11.681538 0.274030
v 63.384327 -10.326725 0.274030
v 63.384327 -10.326725 0.274030
v 63.655289 -11.681538 0.409512
v 63.655289 -11.681538 0.409512
v 63.655289 -11.681538 0.409512
v 63.655289 -10.326725 0.409512
v 63.655289 -10.326725 0.409512
v 63.655289 -11.681538 0.274030
v 63.655289 -11.681538 0.274030
v 63.655289 -11.681538 0.274030
v 63.655289 -10.326725 0.274030
v 63.655289 -10.326725 0.274030
v 63.519806 -11.681538 0.274030
v 63.519806 -11.681538 0.274030
v 63.519806 -10.228095 0.274030
v 63.519806 -10.228095 0.274030
v 63.519806 -10.228095 0.274030
v 63.519806 -11.681538 0.409512
v 63.519806 -11.681538 0.409512
v 63.519806 -10.228095 0.409512
v 63.519806 -10.228095 0.409512
v 63.519806 -10.228095 0.409512
v 55.504578 -10.748385 0.303783
v 55.504578 -10.748385 0.303783
v 55.504578 -10.748385 0.303783
v 55.504578 -10.627378 0.303783
v 55.504578 -10.627378 0.303783
v 55.504578 -10.627378 0.303783
v 55.504578 -10.748385 0.228497
v 55.504578 -10.748385 0.228497
v 55.504578 -10.748385 0.228497
v 55.504578 -10.627378 0.228497
v 55.504578 -10.627378 0.228497
v 55.504578 -10.627378 0.228497
v 63.525307 -10.748385 0.303783
v 63.525307 -10.748385 0.303783
v 63.525307 -10.748385 0.303783
v 63.525307 -10.627378 0.303783
v 63.525307 -10.627378 0.303783
v 63.525307 -10.627378 0.303783
v 63.525307 -10.748385 0.228497
v 63.525307 -10.748385 0.228497
v 63.525307 -10.748385 0.228497
v 63.525307 -10.627378 0.228497
v 63.525307 -10.627378 0.228497
v 63.525307 -10.627378 0.228497
v 55.504578 -11.303843 0.303783
v 55.504578 -11.303843 0.303783
v 55.504578 -11.303843 0.303783
v 55.504578 -11.182836 0.303783
v 55.504578 -11.182836 0.303783
v 55.504578 -11.182836 0.303783
v 55.504578 -11.303843 0.228497
v 55.504578 -11.303843 0.228497
v 55.504578 -11.303843 0.228497
v 55.504578 -11.182836 0.228497
v 55.504578 -11.182836 0.228497
v 55.504578 -11.182836 0.228497
v 63.525307 -11.303843 0.303783
v 63.525307 -11.303843 0.303783
v 63.525307 -11.303843 0.303783
v 63.525307 -11.182836 0.303783
v 63.525307 -11.182836 0.303783
v 63.525307 -11.182836 0.303783
v 63.525307 -11.303843 0.228497
v 63.525307 -11.303843 0.228497
v 63.525307 -11.303843 0.228497
v 63.525307 -11.182836 0.228497
v 63.525307 -11.182836 0.228497
v 63.525307 -11.182836 0.228497
vn -1.0000 -0.0000 -0.0000
vn -0.9854 0.1705 -0.0000
vn -0.9854 0.1704 -0.0000
vn -0.0000 -0.0000 -1.0000
vn 1.0000 -0.0000 -0.0000
vn 0.9854 0.1705 -0.0000
vn 0.9854 0.1704 -0.0000
vn -0.0000 -0.0000 1.0000
vn -0.0000 -1.0000 -0.0000
vn -0.0002 1.0000 0.0001
vn -0.0002 1.0000 -0.0001
vn 0.0002 1.0000 0.0001
vn 0.0002 1.0000 -0.0001
vn -0.0000 1.0000 -0.0000
vt 0.689489 0.856190
vt 0.689489 0.266082
vt 0.748500 0.266082
vt 0.748500 0.856190
vt 0.614883 0.856190
vt 0.614883 0.223122
vt 0.673894 0.266082
vt 0.673894 0.856190
vt 0.764096 0.643425
vt 0.764096 0.296114
vt 0.823106 0.296114
vt 0.823106 0.643425
vt 0.481266 0.856190
vt 0.481266 0.223122
vt 0.540277 0.266082
vt 0.540277 0.856190
vt 0.823106 0.718031
vt 0.823106 0.777042
vt 0.764095 0.777042
vt 0.764095 0.718031
vt 0.748500 0.223122
vt 0.689489 0.223122
vt 0.764096 0.223122
vt 0.823106 0.223122
vt 0.823106 0.659020
vt 0.764096 0.659020
vt 0.422256 0.856190
vt 0.422256 0.266082
vt 0.555873 0.856190
vt 0.555873 0.266082
vt 0.061284 0.016431
vt 0.061284 0.001386
vt 0.070644 0.001386
vt 0.070644 0.016431
vt 0.016431 0.998614
vt 0.001386 0.998614
vt 0.001386 0.001386
vt 0.016431 0.001386
vt 0.061284 0.034247
vt 0.061284 0.019202
vt 0.070644 0.019202
vt 0.070644 0.034247
vt 0.034248 0.998614
vt 0.019203 0.998614
vt 0.019203 0.001386
vt 0.034248 0.001386
vt 0.046380 0.001386
vt 0.046380 0.998614
vt 0.037019 0.998614
vt 0.037019 0.001386
vt 0.058512 0.001386
vt 0.058512 0.998614
vt 0.049151 0.998614
vt 0.049151 0.001386
s 1
usemtl Fence.004
f 1041/55/25 1043/56/26 1048/57/27
f 1041/55/25 1048/57/27 1046/58/25
s 0
f 1059/59/28 1061/60/28 1057/61/28
f 1059/59/28 1057/61/28 1054/62/28
s 1
f 1056/63/29 1058/64/30 1053/65/31
f 1056/63/29 1053/65/31 1051/66/29
s 0
f 1064/67/32 1066/68/32 1042/69/32
f 1064/67/32 1042/69/32 1039/70/32
f 1060/71/33 1055/72/33 1050/73/33
f 1060/71/33 1050/73/33 1065/74/33
s 1
f 1062/75/34 1048/57/27 1043/56/26
f 1062/75/34 1043/56/26 1067/76/35
f 1058/64/30 1063/77/36 1068/78/37
f 1058/64/30 1068/78/37 1053/65/31
s 0
f 1045/79/33 1060/71/33 1065/74/33
f 1045/79/33 1065/74/33 1040/80/33
f 1049/81/32 1052/82/32 1066/68/32
f 1049/81/32 1066/68/32 1064/67/32
f 1044/83/28 1047/84/28 1061/60/28
f 1044/83/28 1061/60/28 1059/59/28
s 1
f 1071/55/25 1073/56/26 1078/57/27
f 1071/55/25 1078/57/27 1076/58/25
s 0
f 1089/59/28 1091/60/28 1087/61/28
f 1089/59/28 1087/61/28 1084/62/28
s 1
f 1086/63/29 1088/64/30 1083/65/31
f 1086/63/29 1083/65/31 1081/66/29
s 0
f 1094/67/32 1096/68/32 1072/69/32
f 1094/67/32 1072/69/32 1069/70/32
f 1090/71/33 1085/72/33 1080/73/33
f 1090/71/33 1080/73/33 1095/74/33
s 1
f 1092/75/34 1078/57/27 1073/56/26
f 1092/75/34 1073/56/26 1097/76/35
f 1088/64/30 1093/77/36 1098/78/37
f 1088/64/30 1098/78/37 1083/65/31
s 0
f 1075/79/33 1090/71/33 1095/74/33
f 1075/79/33 1095/74/33 1070/80/33
f 1079/81/32 1082/82/32 1096/68/32
f 1079/81/32 1096/68/32 1094/67/32
f 1074/83/28 1077/84/28 1091/60/28
f 1074/83/28 1091/60/28 1089/59/28
s 1
f 1101/55/25 1103/56/26 1108/57/27
f 1101/55/25 1108/57/27 1106/58/25
s 0
f 1119/59/28 1121/60/28 1117/61/28
f 1119/59/28 1117/61/28 1114/62/28
s 1
f 1116/63/29 1118/64/30 1113/65/31
f 1116/63/29 1113/65/31 1111/66/29
s 0
f 1124/67/32 1126/68/32 1102/69/32
f 1124/67/32 1102/69/32 1099/70/32
f 1120/71/33 1115/72/33 1110/73/33
f 1120/71/33 1110/73/33 1125/74/33
s 1
f 1122/75/34 1108/57/27 1103/56/26
f 1122/75/34 1103/56/26 1127/76/35
f 1118/64/30 1123/77/36 1128/78/37
f 1118/64/30 1128/78/37 1113/65/31
s 0
f 1105/79/33 1120/71/33 1125/74/33
f 1105/79/33 1125/74/33 1100/80/33
f 1109/81/32 1112/82/32 1126/68/32
f 1109/81/32 1126/68/32 1124/67/32
f 1104/83/28 1107/84/28 1121/60/28
f 1104/83/28 1121/60/28 1119/59/28
s 1
f 1131/55/25 1133/56/26 1138/57/27
f 1131/55/25 1138/57/27 1136/58/25
s 0
f 1149/59/28 1151/60/28 1147/61/28
f 1149/59/28 1147/61/28 1144/62/28
s 1
f 1146/63/29 1148/64/30 1143/65/31
f 1146/63/29 1143/65/31 1141/66/29
s 0
f 1154/67/32 1156/68/32 1132/69/32
f 1154/67/32 1132/69/32 1129/70/32
f 1150/71/33 1145/72/33 1140/73/33
f 1150/71/33 1140/73/33 1155/74/33
s 1
f 1152/75/34 1138/57/27 1133/56/26
f 1152/75/34 1133/56/26 1157/76/35
f 1148/64/30 1153/77/36 1158/78/37
f 1148/64/30 1158/78/37 1143/65/31
s 0
f 1135/79/33 1150/71/33 1155/74/33
f 1135/79/33 1155/74/33 1130/80/33
f 1139/81/32 1142/82/32 1156/68/32
f 1139/81/32 1156/68/32 1154/67/32
f 1134/83/28 1137/84/28 1151/60/28
f 1134/83/28 1151/60/28 1149/59/28
s 1
f 1161/55/25 1163/56/26 1168/57/27
f 1161/55/25 1168/57/27 1166/58/25
s 0
f 1179/59/28 1181/60/28 1177/61/28
f 1179/59/28 1177/61/28 1174/62/28
s 1
f 1176/63/29 1178/64/30 1173/65/31
f 1176/63/29 1173/65/31 1171/66/29
s 0
f 1184/67/32 1186/68/32 1162/69/32
f 1184/67/32 1162/69/32 1159/70/32
f 1180/71/33 1175/72/33 1170/73/33
f 1180/71/33 1170/73/33 1185/74/33
s 1
f 1182/75/34 1168/57/27 1163/56/26
f 1182/75/34 1163/56/26 1187/76/35
f 1178/64/30 1183/77/36 1188/78/37
f 1178/64/30 1188/78/37 1173/65/31
s 0
f 1165/79/33 1180/71/33 1185/74/33
f 1165/79/33 1185/74/33 1160/80/33
f 1169/81/32 1172/82/32 1186/68/32
f 1169/81/32 1186/68/32 1184/67/32
f 1164/83/28 1167/84/28 1181/60/28
f 1164/83/28 1181/60/28 1179/59/28
s 1
f 1191/55/25 1193/56/26 1198/57/27
f 1191/55/25 1198/57/27 1196/58/25
s 0
f 1209/59/28 1211/60/28 1207/61/28
f 1209/59/28 1207/61/28 1204/62/28
s 1
f 1206/63/29 1208/64/30 1203/65/31
f 1206/63/29 1203/65/31 1201/66/29
s 0
f 1214/67/32 1216/68/32 1192/69/32
f 1214/67/32 1192/69/32 1189/70/32
f 1210/71/33 1205/72/33 1200/73/33
f 1210/71/33 1200/73/33 1215/74/33
s 1
f 1212/75/34 1198/57/27 1193/56/26
f 1212/75/34 1193/56/26 1217/76/35
f 1208/64/30 1213/77/36 1218/78/37
f 1208/64/30 1218/78/37 1203/65/31
s 0
f 1195/79/33 1210/71/33 1215/74/33
f 1195/79/33 1215/74/33 1190/80/33
f 1199/81/32 1202/82/32 1216/68/32
f 1199/81/32 1216/68/32 1214/67/32
f 1194/83/28 1197/84/28 1211/60/28
f 1194/83/28 1211/60/28 1209/59/28
s 1
f 1221/55/25 1223/56/26 1228/57/27
f 1221/55/25 1228/57/27 1226/58/25
s 0
f 1239/59/28 1241/60/28 1237/61/28
f 1239/59/28 1237/61/28 1234/62/28
s 1
f 1236/63/29 1238/64/30 1233/65/31
f 1236/63/29 1233/65/31 1231/66/29
s 0
f 1244/67/32 1246/68/32 1222/69/32
f 1244/67/32 1222/69/32 1219/70/32
f 1240/71/33 1235/72/33 1230/73/33
f 1240/71/33 1230/73/33 1245/74/33
s 1
f 1242/75/34 1228/57/27 1223/56/26
f 1242/75/34 1223/56/26 1247/76/35
f 1238/64/30 1243/77/36 1248/78/37
f 1238/64/30 1248/78/37 1233/65/31
s 0
f 1225/79/33 1240/71/33 1245/74/33
f 1225/79/33 1245/74/33 1220/80/33
f 1229/81/32 1232/82/32 1246/68/32
f 1229/81/32 1246/68/32 1244/67/32
f 1224/83/28 1227/84/28 1241/60/28
f 1224/83/28 1241/60/28 1239/59/28
s 1
f 1251/55/25 1253/56/26 1258/57/27
f 1251/55/25 1258/57/27 1256/58/25
s 0
f 1269/59/28 1271/60/28 1267/61/28
f 1269/59/28 1267/61/28 1264/62/28
s 1
f 1266/63/29 1268/64/30 1263/65/31
f 1266/63/29 1263/65/31 1261/66/29
s 0
f 1274/67/32 1276/68/32 1252/69/32
f 1274/67/32 1252/69/32 1249/70/32
f 1270/71/33 1265/72/33 1260/73/33
f 1270/71/33 1260/73/33 1275/74/33
s 1
f 1272/75/34 1258/57/27 1253/56/26
f 1272/75/34 1253/56/26 1277/76/35
f 1268/64/30 1273/77/36 1278/78/37
f 1268/64/30 1278/78/37 1263/65/31
s 0
f 1255/79/33 1270/71/33 1275/74/33
f 1255/79/33 1275/74/33 1250/80/33
f 1259/81/32 1262/82/32 1276/68/32
f 1259/81/32 1276/68/32 1274/67/32
f 1254/83/28 1257/84/28 1271/60/28
f 1254/83/28 1271/60/28 1269/59/28
s 1
f 1281/55/25 1283/56/26 1288/57/27
f 1281/55/25 1288/57/27 1286/58/25
s 0
f 1299/59/28 1301/60/28 1297/61/28
f 1299/59/28 1297/61/28 1294/62/28
s 1
f 1296/63/29 1298/64/30 1293/65/31
f 1296/63/29 1293/65/31 1291/66/29
s 0
f 1304/67/32 1306/68/32 1282/69/32
f 1304/67/32 1282/69/32 1279/70/32
f 1300/71/33 1295/72/33 1290/73/33
f 1300/71/33 1290/73/33 1305/74/33
s 1
f 1302/75/34 1288/57/27 1283/56/26
f 1302/75/34 1283/56/26 1307/76/35
f 1298/64/30 1303/77/36 1308/78/37
f 1298/64/30 1308/78/37 1293/65/31
s 0
f 1285/79/33 1300/71/33 1305/74/33
f 1285/79/33 1305/74/33 1280/80/33
f 1289/81/32 1292/82/32 1306/68/32
f 1289/81/32 1306/68/32 1304/67/32
f 1284/83/28 1287/84/28 1301/60/28
f 1284/83/28 1301/60/28 1299/59/28
s 1
f 1311/55/25 1313/56/26 1318/57/27
f 1311/55/25 1318/57/27 1316/58/25
s 0
f 1329/59/28 1331/60/28 1327/61/28
f 1329/59/28 1327/61/28 1324/62/28
s 1
f 1326/63/29 1328/64/30 1323/65/31
f 1326/63/29 1323/65/31 1321/66/29
s 0
f 1334/67/32 1336/68/32 1312/69/32
f 1334/67/32 1312/69/32 1309/70/32
f 1330/71/33 1325/72/33 1320/73/33
f 1330/71/33 1320/73/33 1335/74/33
s 1
f 1332/75/34 1318/57/27 1313/56/26
f 1332/75/34 1313/56/26 1337/76/35
f 1328/64/30 1333/77/36 1338/78/37
f 1328/64/30 1338/78/37 1323/65/31
s 0
f 1315/79/33 1330/71/33 1335/74/33
f 1315/79/33 1335/74/33 1310/80/33
f 1319/81/32 1322/82/32 1336/68/32
f 1319/81/32 1336/68/32 1334/67/32
f 1314/83/28 1317/84/28 1331/60/28
f 1314/83/28 1331/60/28 1329/59/28
s 1
f 1341/55/25 1343/56/26 1348/57/27
f 1341/55/25 1348/57/27 1346/58/25
s 0
f 1359/59/28 1361/60/28 1357/61/28
f 1359/59/28 1357/61/28 1354/62/28
s 1
f 1356/63/29 1358/64/30 1353/65/31
f 1356/63/29 1353/65/31 1351/66/29
s 0
f 1364/67/32 1366/68/32 1342/69/32
f 1364/67/32 1342/69/32 1339/70/32
f 1360/71/33 1355/72/33 1350/73/33
f 1360/71/33 1350/73/33 1365/74/33
s 1
f 1362/75/34 1348/57/27 1343/56/26
f 1362/75/34 1343/56/26 1367/76/35
f 1358/64/30 1363/77/36 1368/78/37
f 1358/64/30 1368/78/37 1353/65/31
s 0
f 1345/79/33 1360/71/33 1365/74/33
f 1345/79/33 1365/74/33 1340/80/33
f 1349/81/32 1352/82/32 1366/68/32
f 1349/81/32 1366/68/32 1364/67/32
f 1344/83/28 1347/84/28 1361/60/28
f 1344/83/28 1361/60/28 1359/59/28
s 1
f 1371/55/25 1373/56/26 1378/57/27
f 1371/55/25 1378/57/27 1376/58/25
s 0
f 1389/59/28 1391/60/28 1387/61/28
f 1389/59/28 1387/61/28 1384/62/28
s 1
f 1386/63/29 1388/64/30 1383/65/31
f 1386/63/29 1383/65/31 1381/66/29
s 0
f 1394/67/32 1396/68/32 1372/69/32
f 1394/67/32 1372/69/32 1369/70/32
f 1390/71/33 1385/72/33 1380/73/33
f 1390/71/33 1380/73/33 1395/74/33
s 1
f 1392/75/34 1378/57/27 1373/56/26
f 1392/75/34 1373/56/26 1397/76/35
f 1388/64/30 1393/77/36 1398/78/37
f 1388/64/30 1398/78/37 1383/65/31
s 0
f 1375/79/33 1390/71/33 1395/74/33
f 1375/79/33 1395/74/33 1370/80/33
f 1379/81/32 1382/82/32 1396/68/32
f 1379/81/32 1396/68/32 1394/67/32
f 1374/83/28 1377/84/28 1391/60/28
f 1374/83/28 1391/60/28 1389/59/28
s 1
f 1401/55/25 1403/56/26 1408/57/27
f 1401/55/25 1408/57/27 1406/58/25
s 0
f 1419/59/28 1421/60/28 1417/61/28
f 1419/59/28 1417/61/28 1414/62/28
s 1
f 1416/63/29 1418/64/30 1413/65/31
f 1416/63/29 1413/65/31 1411/66/29
s 0
f 1424/67/32 1426/68/32 1402/69/32
f 1424/67/32 1402/69/32 1399/70/32
f 1420/71/33 1415/72/33 1410/73/33
f 1420/71/33 1410/73/33 1425/74/33
s 1
f 1422/75/34 1408/57/27 1403/56/26
f 1422/75/34 1403/56/26 1427/76/35
f 1418/64/30 1423/77/36 1428/78/37
f 1418/64/30 1428/78/37 1413/65/31
s 0
f 1405/79/33 1420/71/33 1425/74/33
f 1405/79/33 1425/74/33 1400/80/33
f 1409/81/32 1412/82/32 1426/68/32
f 1409/81/32 1426/68/32 1424/67/32
f 1404/83/28 1407/84/28 1421/60/28
f 1404/83/28 1421/60/28 1419/59/28
s 1
f 1431/55/25 1433/56/26 1438/57/27
f 1431/55/25 1438/57/27 1436/58/25
s 0
f 1449/59/28 1451/60/28 1447/61/28
f 1449/59/28 1447/61/28 1444/62/28
s 1
f 1446/63/29 1448/64/30 1443/65/31
f 1446/63/29 1443/65/31 1441/66/29
s 0
f 1454/67/32 1456/68/32 1432/69/32
f 1454/67/32 1432/69/32 1429/70/32
f 1450/71/33 1445/72/33 1440/73/33
f 1450/71/33 1440/73/33 1455/74/33
s 1
f 1452/75/34 1438/57/27 1433/56/26
f 1452/75/34 1433/56/26 1457/76/35
f 1448/64/30 1453/77/36 1458/78/37
f 1448/64/30 1458/78/37 1443/65/31
s 0
f 1435/79/33 1450/71/33 1455/74/33
f 1435/79/33 1455/74/33 1430/80/33
f 1439/81/32 1442/82/32 1456/68/32
f 1439/81/32 1456/68/32 1454/67/32
f 1434/83/28 1437/84/28 1451/60/28
f 1434/83/28 1451/60/28 1449/59/28
s 1
f 1461/55/25 1463/56/26 1468/57/27
f 1461/55/25 1468/57/27 1466/58/25
s 0
f 1479/59/28 1481/60/28 1477/61/28
f 1479/59/28 1477/61/28 1474/62/28
s 1
f 1476/63/29 1478/64/30 1473/65/31
f 1476/63/29 1473/65/31 1471/66/29
s 0
f 1484/67/32 1486/68/32 1462/69/32
f 1484/67/32 1462/69/32 1459/70/32
f 1480/71/33 1475/72/33 1470/73/33
f 1480/71/33 1470/73/33 1485/74/33
s 1
f 1482/75/34 1468/57/27 1463/56/26
f 1482/75/34 1463/56/26 1487/76/35
f 1478/64/30 1483/77/36 1488/78/37
f 1478/64/30 1488/78/37 1473/65/31
s 0
f 1465/79/33 1480/71/33 1485/74/33
f 1465/79/33 1485/74/33 1460/80/33
f 1469/81/32 1472/82/32 1486/68/32
f 1469/81/32 1486/68/32 1484/67/32
f 1464/83/28 1467/84/28 1481/60/28
f 1464/83/28 1481/60/28 1479/59/28
s 1
f 1491/55/25 1493/56/26 1498/57/27
f 1491/55/25 1498/57/27 1496/58/25
s 0
f 1509/59/28 1511/60/28 1507/61/28
f 1509/59/28 1507/61/28 1504/62/28
s 1
f 1506/63/29 1508/64/30 1503/65/31
f 1506/63/29 1503/65/31 1501/66/29
s 0
f 1514/67/32 1516/68/32 1492/69/32
f 1514/67/32 1492/69/32 1489/70/32
f 1510/71/33 1505/72/33 1500/73/33
f 1510/71/33 1500/73/33 1515/74/33
s 1
f 1512/75/34 1498/57/27 1493/56/26
f 1512/75/34 1493/56/26 1517/76/35
f 1508/64/30 1513/77/36 1518/78/37
f 1508/64/30 1518/78/37 1503/65/31
s 0
f 1495/79/33 1510/71/33 1515/74/33
f 1495/79/33 1515/74/33 1490/80/33
f 1499/81/32 1502/82/32 1516/68/32
f 1499/81/32 1516/68/32 1514/67/32
f 1494/83/28 1497/84/28 1511/60/28
f 1494/83/28 1511/60/28 1509/59/28
s 1
f 1521/55/25 1523/56/26 1528/57/27
f 1521/55/25 1528/57/27 1526/58/25
s 0
f 1539/59/28 1541/60/28 1537/61/28
f 1539/59/28 1537/61/28 1534/62/28
s 1
f 1536/63/29 1538/64/30 1533/65/31
f 1536/63/29 1533/65/31 1531/66/29
s 0
f 1544/67/32 1546/68/32 1522/69/32
f 1544/67/32 1522/69/32 1519/70/32
f 1540/71/33 1535/72/33 1530/73/33
f 1540/71/33 1530/73/33 1545/74/33
s 1
f 1542/75/34 1528/57/27 1523/56/26
f 1542/75/34 1523/56/26 1547/76/35
f 1538/64/30 1543/77/36 1548/78/37
f 1538/64/30 1548/78/37 1533/65/31
s 0
f 1525/79/33 1540/71/33 1545/74/33
f 1525/79/33 1545/74/33 1520/80/33
f 1529/81/32 1532/82/32 1546/68/32
f 1529/81/32 1546/68/32 1544/67/32
f 1524/83/28 1527/84/28 1541/60/28
f 1524/83/28 1541/60/28 1539/59/28
s 1
f 1551/55/25 1553/56/26 1558/57/27
f 1551/55/25 1558/57/27 1556/58/25
s 0
f 1569/59/28 1571/60/28 1567/61/28
f 1569/59/28 1567/61/28 1564/62/28
s 1
f 1566/63/29 1568/64/30 1563/65/31
f 1566/63/29 1563/65/31 1561/66/29
s 0
f 1574/67/32 1576/68/32 1552/69/32
f 1574/67/32 1552/69/32 1549/70/32
f 1570/71/33 1565/72/33 1560/73/33
f 1570/71/33 1560/73/33 1575/74/33
s 1
f 1572/75/34 1558/57/27 1553/56/26
f 1572/75/34 1553/56/26 1577/76/35
f 1568/64/30 1573/77/36 1578/78/37
f 1568/64/30 1578/78/37 1563/65/31
s 0
f 1555/79/33 1570/71/33 1575/74/33
f 1555/79/33 1575/74/33 1550/80/33
f 1559/81/32 1562/82/32 1576/68/32
f 1559/81/32 1576/68/32 1574/67/32
f 1554/83/28 1557/84/28 1571/60/28
f 1554/83/28 1571/60/28 1569/59/28
s 1
f 1581/55/25 1583/56/26 1588/57/27
f 1581/55/25 1588/57/27 1586/58/25
s 0
f 1599/59/28 1601/60/28 1597/61/28
f 1599/59/28 1597/61/28 1594/62/28
s 1
f 1596/63/29 1598/64/30 1593/65/31
f 1596/63/29 1593/65/31 1591/66/29
s 0
f 1604/67/32 1606/68/32 1582/69/32
f 1604/67/32 1582/69/32 1579/70/32
f 1600/71/33 1595/72/33 1590/73/33
f 1600/71/33 1590/73/33 1605/74/33
s 1
f 1602/75/34 1588/57/27 1583/56/26
f 1602/75/34 1583/56/26 1607/76/35
f 1598/64/30 1603/77/36 1608/78/37
f 1598/64/30 1608/78/37 1593/65/31
s 0
f 1585/79/33 1600/71/33 1605/74/33
f 1585/79/33 1605/74/33 1580/80/33
f 1589/81/32 1592/82/32 1606/68/32
f 1589/81/32 1606/68/32 1604/67/32
f 1584/83/28 1587/84/28 1601/60/28
f 1584/83/28 1601/60/28 1599/59/28
s 1
f 1611/55/25 1613/56/26 1618/57/27
f 1611/55/25 1618/57/27 1616/58/25
s 0
f 1629/59/28 1631/60/28 1627/61/28
f 1629/59/28 1627/61/28 1624/62/28
s 1
f 1626/63/29 1628/64/30 1623/65/31
f 1626/63/29 1623/65/31 1621/66/29
s 0
f 1634/67/32 1636/68/32 1612/69/32
f 1634/67/32 1612/69/32 1609/70/32
f 1630/71/33 1625/72/33 1620/73/33
f 1630/71/33 1620/73/33 1635/74/33
s 1
f 1632/75/34 1618/57/27 1613/56/26
f 1632/75/34 1613/56/26 1637/76/35
f 1628/64/30 1633/77/36 1638/78/37
f 1628/64/30 1638/78/37 1623/65/31
s 0
f 1615/79/33 1630/71/33 1635/74/33
f 1615/79/33 1635/74/33 1610/80/33
f 1619/81/32 1622/82/32 1636/68/32
f 1619/81/32 1636/68/32 1634/67/32
f 1614/83/28 1617/84/28 1631/60/28
f 1614/83/28 1631/60/28 1629/59/28
s 1
f 1641/55/25 1643/56/26 1648/57/27
f 1641/55/25 1648/57/27 1646/58/25
s 0
f 1659/59/28 1661/60/28 1657/61/28
f 1659/59/28 1657/61/28 1654/62/28
s 1
f 1656/63/29 1658/64/30 1653/65/31
f 1656/63/29 1653/65/31 1651/66/29
s 0
f 1664/67/32 1666/68/32 1642/69/32
f 1664/67/32 1642/69/32 1639/70/32
f 1660/71/33 1655/72/33 1650/73/33
f 1660/71/33 1650/73/33 1665/74/33
s 1
f 1662/75/34 1648/57/27 1643/56/26
f 1662/75/34 1643/56/26 1667/76/35
f 1658/64/30 1663/77/36 1668/78/37
f 1658/64/30 1668/78/37 1653/65/31
s 0
f 1645/79/33 1660/71/33 1665/74/33
f 1645/79/33 1665/74/33 1640/80/33
f 1649/81/32 1652/82/32 1666/68/32
f 1649/81/32 1666/68/32 1664/67/32
f 1644/83/28 1647/84/28 1661/60/28
f 1644/83/28 1661/60/28 1659/59/28
f 1671/85/25 1674/86/25 1680/87/25
f 1671/85/25 1680/87/25 1677/88/25
f 1675/89/28 1678/90/28 1690/91/28
f 1675/89/28 1690/91/28 1687/92/28
f 1689/93/29 1692/94/29 1686/95/29
f 1689/93/29 1686/95/29 1683/96/29
f 1681/97/32 1684/98/32 1672/99/32
f 1681/97/32 1672/99/32 1669/100/32
f 1676/101/33 1688/102/33 1682/103/33
f 1676/101/33 1682/103/33 1670/104/33
f 1691/105/38 1679/106/38 1673/107/38
f 1691/105/38 1673/107/38 1685/108/38
f 1695/85/25 1698/86/25 1704/87/25
f 1695/85/25 1704/87/25 1701/88/25
f 1699/89/28 1702/90/28 1714/91/28
f 1699/89/28 1714/91/28 1711/92/28
f 1713/93/29 1716/94/29 1710/95/29
f 1713/93/29 1710/95/29 1707/96/29
f 1705/97/32 1708/98/32 1696/99/32
f 1705/97/32 1696/99/32 1693/100/32
f 1700/101/33 1712/102/33 1706/103/33
f 1700/101/33 1706/103/33 1694/104/33
f 1715/105/38 1703/106/38 1697/107/38
f 1715/105/38 1697/107/38 1709/108/38
o Fence4.002
v 80.086418 -11.771402 -18.383005
v 80.086418 -11.771402 -18.383005
v 80.086418 -11.771402 -18.383005
v 80.086418 -10.416590 -18.383005
v 80.086418 -10.416590 -18.383005
v 79.950935 -11.771402 -18.383005
v 79.950935 -11.771402 -18.383005
v 79.950935 -11.771402 -18.383005
v 79.950935 -10.416590 -18.383005
v 79.950935 -10.416590 -18.383005
v 80.086418 -11.771402 -18.895159
v 80.086418 -11.771402 -18.895159
v 80.086418 -11.771402 -18.895159
v 80.086418 -10.416590 -18.895159
v 80.086418 -10.416590 -18.895159
v 79.950935 -11.771402 -18.895159
v 79.950935 -11.771402 -18.895159
v 79.950935 -11.771402 -18.895159
v 79.950935 -10.416590 -18.895159
v 79.950935 -10.416590 -18.895159
v 79.950935 -11.771402 -18.639082
v 79.950935 -11.771402 -18.639082
v 79.950935 -10.317960 -18.639082
v 79.950935 -10.317960 -18.639082
v 79.950935 -10.317960 -18.639082
v 80.086418 -11.771402 -18.639082
v 80.086418 -11.771402 -18.639082
v 80.086418 -10.317960 -18.639082
v 80.086418 -10.317960 -18.639082
v 80.086418 -10.317960 -18.639082
v 80.086418 -11.771402 -14.602762
v 80.086418 -11.771402 -14.602762
v 80.086418 -11.771402 -14.602762
v 80.086418 -10.416590 -14.602762
v 80.086418 -10.416590 -14.602762
v 79.950935 -11.771402 -14.602762
v 79.950935 -11.771402 -14.602762
v 79.950935 -11.771402 -14.602762
v 79.950935 -10.416590 -14.602762
v 79.950935 -10.416590 -14.602762
v 80.086418 -11.771402 -15.114915
v 80.086418 -11.771402 -15.114915
v 80.086418 -11.771402 -15.114915
v 80.086418 -10.416590 -15.114915
v 80.086418 -10.416590 -15.114915
v 79.950935 -11.771402 -15.114915
v 79.950935 -11.771402 -15.114915
v 79.950935 -11.771402 -15.114915
v 79.950935 -10.416590 -15.114915
v 79.950935 -10.416590 -15.114915
v 79.950935 -11.771402 -14.858839
v 79.950935 -11.771402 -14.858839
v 79.950935 -10.317960 -14.858839
v 79.950935 -10.317960 -14.858839
v 79.950935 -10.317960 -14.858839
v 80.086418 -11.771402 -14.858839
v 80.086418 -11.771402 -14.858839
v 80.086418 -10.317960 -14.858839
v 80.086418 -10.317960 -14.858839
v 80.086418 -10.317960 -14.858839
v 80.086418 -11.771402 -13.846714
v 80.086418 -11.771402 -13.846714
v 80.086418 -11.771402 -13.846714
v 80.086418 -10.416590 -13.846714
v 80.086418 -10.416590 -13.846714
v 79.950935 -11.771402 -13.846714
v 79.950935 -11.771402 -13.846714
v 79.950935 -11.771402 -13.846714
v 79.950935 -10.416590 -13.846714
v 79.950935 -10.416590 -13.846714
v 80.086418 -11.771402 -14.358866
v 80.086418 -11.771402 -14.358866
v 80.086418 -11.771402 -14.358866
v 80.086418 -10.416590 -14.358866
v 80.086418 -10.416590 -14.358866
v 79.950935 -11.771402 -14.358866
v 79.950935 -11.771402 -14.358866
v 79.950935 -11.771402 -14.358866
v 79.950935 -10.416590 -14.358866
v 79.950935 -10.416590 -14.358866
v 79.950935 -11.771402 -14.102790
v 79.950935 -11.771402 -14.102790
v 79.950935 -10.317960 -14.102790
v 79.950935 -10.317960 -14.102790
v 79.950935 -10.317960 -14.102790
v 80.086418 -11.771402 -14.102790
v 80.086418 -11.771402 -14.102790
v 80.086418 -10.317960 -14.102790
v 80.086418 -10.317960 -14.102790
v 80.086418 -10.317960 -14.102790
v 80.086418 -11.771402 -13.090666
v 80.086418 -11.771402 -13.090666
v 80.086418 -11.771402 -13.090666
v 80.086418 -10.416590 -13.090666
v 80.086418 -10.416590 -13.090666
v 79.950935 -11.771402 -13.090666
v 79.950935 -11.771402 -13.090666
v 79.950935 -11.771402 -13.090666
v 79.950935 -10.416590 -13.090666
v 79.950935 -10.416590 -13.090666
v 80.086418 -11.771402 -13.602818
v 80.086418 -11.771402 -13.602818
v 80.086418 -11.771402 -13.602818
v 80.086418 -10.416590 -13.602818
v 80.086418 -10.416590 -13.602818
v 79.950935 -11.771402 -13.602818
v 79.950935 -11.771402 -13.602818
v 79.950935 -11.771402 -13.602818
v 79.950935 -10.416590 -13.602818
v 79.950935 -10.416590 -13.602818
v 79.950935 -11.771402 -13.346743
v 79.950935 -11.771402 -13.346743
v 79.950935 -10.317960 -13.346743
v 79.950935 -10.317960 -13.346743
v 79.950935 -10.317960 -13.346743
v 80.086418 -11.771402 -13.346743
v 80.086418 -11.771402 -13.346743
v 80.086418 -10.317960 -13.346743
v 80.086418 -10.317960 -13.346743
v 80.086418 -10.317960 -13.346743
v 80.086418 -11.771402 -12.334618
v 80.086418 -11.771402 -12.334618
v 80.086418 -11.771402 -12.334618
v 80.086418 -10.416590 -12.334618
v 80.086418 -10.416590 -12.334618
v 79.950935 -11.771402 -12.334618
v 79.950935 -11.771402 -12.334618
v 79.950935 -11.771402 -12.334618
v 79.950935 -10.416590 -12.334618
v 79.950935 -10.416590 -12.334618
v 80.086418 -11.771402 -12.846769
v 80.086418 -11.771402 -12.846769
v 80.086418 -11.771402 -12.846769
v 80.086418 -10.416590 -12.846769
v 80.086418 -10.416590 -12.846769
v 79.950935 -11.771402 -12.846769
v 79.950935 -11.771402 -12.846769
v 79.950935 -11.771402 -12.846769
v 79.950935 -10.416590 -12.846769
v 79.950935 -10.416590 -12.846769
v 79.950935 -11.771402 -12.590693
v 79.950935 -11.771402 -12.590693
v 79.950935 -10.317960 -12.590693
v 79.950935 -10.317960 -12.590693
v 79.950935 -10.317960 -12.590693
v 80.086418 -11.771402 -12.590693
v 80.086418 -11.771402 -12.590693
v 80.086418 -10.317960 -12.590693
v 80.086418 -10.317960 -12.590693
v 80.086418 -10.317960 -12.590693
v 80.086418 -11.771402 -11.578568
v 80.086418 -11.771402 -11.578568
v 80.086418 -11.771402 -11.578568
v 80.086418 -10.416590 -11.578568
v 80.086418 -10.416590 -11.578568
v 79.950935 -11.771402 -11.578568
v 79.950935 -11.771402 -11.578568
v 79.950935 -11.771402 -11.578568
v 79.950935 -10.416590 -11.578568
v 79.950935 -10.416590 -11.578568
v 80.086418 -11.771402 -12.090721
v 80.086418 -11.771402 -12.090721
v 80.086418 -11.771402 -12.090721
v 80.086418 -10.416590 -12.090721
v 80.086418 -10.416590 -12.090721
v 79.950935 -11.771402 -12.090721
v 79.950935 -11.771402 -12.090721
v 79.950935 -11.771402 -12.090721
v 79.950935 -10.416590 -12.090721
v 79.950935 -10.416590 -12.090721
v 79.950935 -11.771402 -11.834644
v 79.950935 -11.771402 -11.834644
v 79.950935 -10.317960 -11.834644
v 79.950935 -10.317960 -11.834644
v 79.950935 -10.317960 -11.834644
v 80.086418 -11.771402 -11.834644
v 80.086418 -11.771402 -11.834644
v 80.086418 -10.317960 -11.834644
v 80.086418 -10.317960 -11.834644
v 80.086418 -10.317960 -11.834644
v 80.086418 -11.771402 -10.822519
v 80.086418 -11.771402 -10.822519
v 80.086418 -11.771402 -10.822519
v 80.086418 -10.416590 -10.822519
v 80.086418 -10.416590 -10.822519
v 79.950935 -11.771402 -10.822519
v 79.950935 -11.771402 -10.822519
v 79.950935 -11.771402 -10.822519
v 79.950935 -10.416590 -10.822519
v 79.950935 -10.416590 -10.822519
v 80.086418 -11.771402 -11.334672
v 80.086418 -11.771402 -11.334672
v 80.086418 -11.771402 -11.334672
v 80.086418 -10.416590 -11.334672
v 80.086418 -10.416590 -11.334672
v 79.950935 -11.771402 -11.334672
v 79.950935 -11.771402 -11.334672
v 79.950935 -11.771402 -11.334672
v 79.950935 -10.416590 -11.334672
v 79.950935 -10.416590 -11.334672
v 79.950935 -11.771402 -11.078596
v 79.950935 -11.771402 -11.078596
v 79.950935 -10.317960 -11.078596
v 79.950935 -10.317960 -11.078596
v 79.950935 -10.317960 -11.078596
v 80.086418 -11.771402 -11.078596
v 80.086418 -11.771402 -11.078596
v 80.086418 -10.317960 -11.078596
v 80.086418 -10.317960 -11.078596
v 80.086418 -10.317960 -11.078596
v 80.086418 -11.771402 -10.066471
v 80.086418 -11.771402 -10.066471
v 80.086418 -11.771402 -10.066471
v 80.086418 -10.416590 -10.066471
v 80.086418 -10.416590 -10.066471
v 79.950935 -11.771402 -10.066471
v 79.950935 -11.771402 -10.066471
v 79.950935 -11.771402 -10.066471
v 79.950935 -10.416590 -10.066471
v 79.950935 -10.416590 -10.066471
v 80.086418 -11.771402 -10.578623
v 80.086418 -11.771402 -10.578623
v 80.086418 -11.771402 -10.578623
v 80.086418 -10.416590 -10.578623
v 80.086418 -10.416590 -10.578623
v 79.950935 -11.771402 -10.578623
v 79.950935 -11.771402 -10.578623
v 79.950935 -11.771402 -10.578623
v 79.950935 -10.416590 -10.578623
v 79.950935 -10.416590 -10.578623
v 79.950935 -11.771402 -10.322547
v 79.950935 -11.771402 -10.322547
v 79.950935 -10.317960 -10.322547
v 79.950935 -10.317960 -10.322547
v 79.950935 -10.317960 -10.322547
v 80.086418 -11.771402 -10.322547
v 80.086418 -11.771402 -10.322547
v 80.086418 -10.317960 -10.322547
v 80.086418 -10.317960 -10.322547
v 80.086418 -10.317960 -10.322547
v 80.086418 -11.771402 -9.310422
v 80.086418 -11.771402 -9.310422
v 80.086418 -11.771402 -9.310422
v 80.086418 -10.416590 -9.310422
v 80.086418 -10.416590 -9.310422
v 79.950935 -11.771402 -9.310422
v 79.950935 -11.771402 -9.310422
v 79.950935 -11.771402 -9.310422
v 79.950935 -10.416590 -9.310422
v 79.950935 -10.416590 -9.310422
v 80.086418 -11.771402 -9.822575
v 80.086418 -11.771402 -9.822575
v 80.086418 -11.771402 -9.822575
v 80.086418 -10.416590 -9.822575
v 80.086418 -10.416590 -9.822575
v 79.950935 -11.771402 -9.822575
v 79.950935 -11.771402 -9.822575
v 79.950935 -11.771402 -9.822575
v 79.950935 -10.416590 -9.822575
v 79.950935 -10.416590 -9.822575
v 79.950935 -11.771402 -9.566498
v 79.950935 -11.771402 -9.566498
v 79.950935 -10.317960 -9.566498
v 79.950935 -10.317960 -9.566498
v 79.950935 -10.317960 -9.566498
v 80.086418 -11.771402 -9.566498
v 80.086418 -11.771402 -9.566498
v 80.086418 -10.317960 -9.566498
v 80.086418 -10.317960 -9.566498
v 80.086418 -10.317960 -9.566498
v 80.086418 -11.771402 -8.554372
v 80.086418 -11.771402 -8.554372
v 80.086418 -11.771402 -8.554372
v 80.086418 -10.416590 -8.554372
v 80.086418 -10.416590 -8.554372
v 79.950935 -11.771402 -8.554372
v 79.950935 -11.771402 -8.554372
v 79.950935 -11.771402 -8.554372
v 79.950935 -10.416590 -8.554372
v 79.950935 -10.416590 -8.554372
v 80.086418 -11.771402 -9.066525
v 80.086418 -11.771402 -9.066525
v 80.086418 -11.771402 -9.066525
v 80.086418 -10.416590 -9.066525
v 80.086418 -10.416590 -9.066525
v 79.950935 -11.771402 -9.066525
v 79.950935 -11.771402 -9.066525
v 79.950935 -11.771402 -9.066525
v 79.950935 -10.416590 -9.066525
v 79.950935 -10.416590 -9.066525
v 79.950935 -11.771402 -8.810448
v 79.950935 -11.771402 -8.810448
v 79.950935 -10.317960 -8.810448
v 79.950935 -10.317960 -8.810448
v 79.950935 -10.317960 -8.810448
v 80.086418 -11.771402 -8.810448
v 80.086418 -11.771402 -8.810448
v 80.086418 -10.317960 -8.810448
v 80.086418 -10.317960 -8.810448
v 80.086418 -10.317960 -8.810448
v 80.086418 -11.771402 -7.798326
v 80.086418 -11.771402 -7.798326
v 80.086418 -11.771402 -7.798326
v 80.086418 -10.416590 -7.798326
v 80.086418 -10.416590 -7.798326
v 79.950935 -11.771402 -7.798326
v 79.950935 -11.771402 -7.798326
v 79.950935 -11.771402 -7.798326
v 79.950935 -10.416590 -7.798326
v 79.950935 -10.416590 -7.798326
v 80.086418 -11.771402 -8.310479
v 80.086418 -11.771402 -8.310479
v 80.086418 -11.771402 -8.310479
v 80.086418 -10.416590 -8.310479
v 80.086418 -10.416590 -8.310479
v 79.950935 -11.771402 -8.310479
v 79.950935 -11.771402 -8.310479
v 79.950935 -11.771402 -8.310479
v 79.950935 -10.416590 -8.310479
v 79.950935 -10.416590 -8.310479
v 79.950935 -11.771402 -8.054402
v 79.950935 -11.771402 -8.054402
v 79.950935 -10.317960 -8.054402
v 79.950935 -10.317960 -8.054402
v 79.950935 -10.317960 -8.054402
v 80.086418 -11.771402 -8.054402
v 80.086418 -11.771402 -8.054402
v 80.086418 -10.317960 -8.054402
v 80.086418 -10.317960 -8.054402
v 80.086418 -10.317960 -8.054402
v 80.086418 -11.771402 -7.042274
v 80.086418 -11.771402 -7.042274
v 80.086418 -11.771402 -7.042274
v 80.086418 -10.416590 -7.042274
v 80.086418 -10.416590 -7.042274
v 79.950935 -11.771402 -7.042274
v 79.950935 -11.771402 -7.042274
v 79.950935 -11.771402 -7.042274
v 79.950935 -10.416590 -7.042274
v 79.950935 -10.416590 -7.042274
v 80.086418 -11.771402 -7.554426
v 80.086418 -11.771402 -7.554426
v 80.086418 -11.771402 -7.554426
v 80.086418 -10.416590 -7.554426
v 80.086418 -10.416590 -7.554426
v 79.950935 -11.771402 -7.554426
v 79.950935 -11.771402 -7.554426
v 79.950935 -11.771402 -7.554426
v 79.950935 -10.416590 -7.554426
v 79.950935 -10.416590 -7.554426
v 79.950935 -11.771402 -7.298349
v 79.950935 -11.771402 -7.298349
v 79.950935 -10.317960 -7.298349
v 79.950935 -10.317960 -7.298349
v 79.950935 -10.317960 -7.298349
v 80.086418 -11.771402 -7.298349
v 80.086418 -11.771402 -7.298349
v 80.086418 -10.317960 -7.298349
v 80.086418 -10.317960 -7.298349
v 80.086418 -10.317960 -7.298349
v 80.086418 -11.771402 -6.286228
v 80.086418 -11.771402 -6.286228
v 80.086418 -11.771402 -6.286228
v 80.086418 -10.416590 -6.286228
v 80.086418 -10.416590 -6.286228
v 79.950935 -11.771402 -6.286228
v 79.950935 -11.771402 -6.286228
v 79.950935 -11.771402 -6.286228
v 79.950935 -10.416590 -6.286228
v 79.950935 -10.416590 -6.286228
v 80.086418 -11.771402 -6.798381
v 80.086418 -11.771402 -6.798381
v 80.086418 -11.771402 -6.798381
v 80.086418 -10.416590 -6.798381
v 80.086418 -10.416590 -6.798381
v 79.950935 -11.771402 -6.798381
v 79.950935 -11.771402 -6.798381
v 79.950935 -11.771402 -6.798381
v 79.950935 -10.416590 -6.798381
v 79.950935 -10.416590 -6.798381
v 79.950935 -11.771402 -6.542305
v 79.950935 -11.771402 -6.542305
v 79.950935 -10.317960 -6.542305
v 79.950935 -10.317960 -6.542305
v 79.950935 -10.317960 -6.542305
v 80.086418 -11.771402 -6.542305
v 80.086418 -11.771402 -6.542305
v 80.086418 -10.317960 -6.542305
v 80.086418 -10.317960 -6.542305
v 80.086418 -10.317960 -6.542305
v 80.086418 -11.771402 -5.530182
v 80.086418 -11.771402 -5.530182
v 80.086418 -11.771402 -5.530182
v 80.086418 -10.416590 -5.530182
v 80.086418 -10.416590 -5.530182
v 79.950935 -11.771402 -5.530182
v 79.950935 -11.771402 -5.530182
v 79.950935 -11.771402 -5.530182
v 79.950935 -10.416590 -5.530182
v 79.950935 -10.416590 -5.530182
v 80.086418 -11.771402 -6.042334
v 80.086418 -11.771402 -6.042334
v 80.086418 -11.771402 -6.042334
v 80.086418 -10.416590 -6.042334
v 80.086418 -10.416590 -6.042334
v 79.950935 -11.771402 -6.042334
v 79.950935 -11.771402 -6.042334
v 79.950935 -11.771402 -6.042334
v 79.950935 -10.416590 -6.042334
v 79.950935 -10.416590 -6.042334
v 79.950935 -11.771402 -5.786258
v 79.950935 -11.771402 -5.786258
v 79.950935 -10.317960 -5.786258
v 79.950935 -10.317960 -5.786258
v 79.950935 -10.317960 -5.786258
v 80.086418 -11.771402 -5.786258
v 80.086418 -11.771402 -5.786258
v 80.086418 -10.317960 -5.786258
v 80.086418 -10.317960 -5.786258
v 80.086418 -10.317960 -5.786258
v 80.086418 -11.771402 -4.774131
v 80.086418 -11.771402 -4.774131
v 80.086418 -11.771402 -4.774131
v 80.086418 -10.416590 -4.774131
v 80.086418 -10.416590 -4.774131
v 79.950935 -11.771402 -4.774131
v 79.950935 -11.771402 -4.774131
v 79.950935 -11.771402 -4.774131
v 79.950935 -10.416590 -4.774131
v 79.950935 -10.416590 -4.774131
v 80.086418 -11.771402 -5.286283
v 80.086418 -11.771402 -5.286283
v 80.086418 -11.771402 -5.286283
v 80.086418 -10.416590 -5.286283
v 80.086418 -10.416590 -5.286283
v 79.950935 -11.771402 -5.286283
v 79.950935 -11.771402 -5.286283
v 79.950935 -11.771402 -5.286283
v 79.950935 -10.416590 -5.286283
v 79.950935 -10.416590 -5.286283
v 79.950935 -11.771402 -5.030207
v 79.950935 -11.771402 -5.030207
v 79.950935 -10.317960 -5.030207
v 79.950935 -10.317960 -5.030207
v 79.950935 -10.317960 -5.030207
v 80.086418 -11.771402 -5.030207
v 80.086418 -11.771402 -5.030207
v 80.086418 -10.317960 -5.030207
v 80.086418 -10.317960 -5.030207
v 80.086418 -10.317960 -5.030207
v 80.086418 -11.771402 -4.018075
v 80.086418 -11.771402 -4.018075
v 80.086418 -11.771402 -4.018075
v 80.086418 -10.416590 -4.018075
v 80.086418 -10.416590 -4.018075
v 79.950935 -11.771402 -4.018075
v 79.950935 -11.771402 -4.018075
v 79.950935 -11.771402 -4.018075
v 79.950935 -10.416590 -4.018075
v 79.950935 -10.416590 -4.018075
v 80.086418 -11.771402 -4.530228
v 80.086418 -11.771402 -4.530228
v 80.086418 -11.771402 -4.530228
v 80.086418 -10.416590 -4.530228
v 80.086418 -10.416590 -4.530228
v 79.950935 -11.771402 -4.530228
v 79.950935 -11.771402 -4.530228
v 79.950935 -11.771402 -4.530228
v 79.950935 -10.416590 -4.530228
v 79.950935 -10.416590 -4.530228
v 79.950935 -11.771402 -4.274152
v 79.950935 -11.771402 -4.274152
v 79.950935 -10.317960 -4.274152
v 79.950935 -10.317960 -4.274152
v 79.950935 -10.317960 -4.274152
v 80.086418 -11.771402 -4.274152
v 80.086418 -11.771402 -4.274152
v 80.086418 -10.317960 -4.274152
v 80.086418 -10.317960 -4.274152
v 80.086418 -10.317960 -4.274152
v 80.086418 -11.771402 -3.262033
v 80.086418 -11.771402 -3.262033
v 80.086418 -11.771402 -3.262033
v 80.086418 -10.416590 -3.262033
v 80.086418 -10.416590 -3.262033
v 79.950935 -11.771402 -3.262033
v 79.950935 -11.771402 -3.262033
v 79.950935 -11.771402 -3.262033
v 79.950935 -10.416590 -3.262033
v 79.950935 -10.416590 -3.262033
v 80.086418 -11.771402 -3.774184
v 80.086418 -11.771402 -3.774184
v 80.086418 -11.771402 -3.774184
v 80.086418 -10.416590 -3.774184
v 80.086418 -10.416590 -3.774184
v 79.950935 -11.771402 -3.774184
v 79.950935 -11.771402 -3.774184
v 79.950935 -11.771402 -3.774184
v 79.950935 -10.416590 -3.774184
v 79.950935 -10.416590 -3.774184
v 79.950935 -11.771402 -3.518108
v 79.950935 -11.771402 -3.518108
v 79.950935 -10.317960 -3.518108
v 79.950935 -10.317960 -3.518108
v 79.950935 -10.317960 -3.518108
v 80.086418 -11.771402 -3.518108
v 80.086418 -11.771402 -3.518108
v 80.086418 -10.317960 -3.518108
v 80.086418 -10.317960 -3.518108
v 80.086418 -10.317960 -3.518108
v 80.086418 -11.771402 -2.505987
v 80.086418 -11.771402 -2.505987
v 80.086418 -11.771402 -2.505987
v 80.086418 -10.416590 -2.505987
v 80.086418 -10.416590 -2.505987
v 79.950935 -11.771402 -2.505987
v 79.950935 -11.771402 -2.505987
v 79.950935 -11.771402 -2.505987
v 79.950935 -10.416590 -2.505987
v 79.950935 -10.416590 -2.505987
v 80.086418 -11.771402 -3.018140
v 80.086418 -11.771402 -3.018140
v 80.086418 -11.771402 -3.018140
v 80.086418 -10.416590 -3.018140
v 80.086418 -10.416590 -3.018140
v 79.950935 -11.771402 -3.018140
v 79.950935 -11.771402 -3.018140
v 79.950935 -11.771402 -3.018140
v 79.950935 -10.416590 -3.018140
v 79.950935 -10.416590 -3.018140
v 79.950935 -11.771402 -2.762063
v 79.950935 -11.771402 -2.762063
v 79.950935 -10.317960 -2.762063
v 79.950935 -10.317960 -2.762063
v 79.950935 -10.317960 -2.762063
v 80.086418 -11.771402 -2.762063
v 80.086418 -11.771402 -2.762063
v 80.086418 -10.317960 -2.762063
v 80.086418 -10.317960 -2.762063
v 80.086418 -10.317960 -2.762063
v 80.086418 -11.771402 -1.749935
v 80.086418 -11.771402 -1.749935
v 80.086418 -11.771402 -1.749935
v 80.086418 -10.416590 -1.749935
v 80.086418 -10.416590 -1.749935
v 79.950935 -11.771402 -1.749935
v 79.950935 -11.771402 -1.749935
v 79.950935 -11.771402 -1.749935
v 79.950935 -10.416590 -1.749935
v 79.950935 -10.416590 -1.749935
v 80.086418 -11.771402 -2.262089
v 80.086418 -11.771402 -2.262089
v 80.086418 -11.771402 -2.262089
v 80.086418 -10.416590 -2.262089
v 80.086418 -10.416590 -2.262089
v 79.950935 -11.771402 -2.262089
v 79.950935 -11.771402 -2.262089
v 79.950935 -11.771402 -2.262089
v 79.950935 -10.416590 -2.262089
v 79.950935 -10.416590 -2.262089
v 79.950935 -11.771402 -2.006012
v 79.950935 -11.771402 -2.006012
v 79.950935 -10.317960 -2.006012
v 79.950935 -10.317960 -2.006012
v 79.950935 -10.317960 -2.006012
v 80.086418 -11.771402 -2.006012
v 80.086418 -11.771402 -2.006012
v 80.086418 -10.317960 -2.006012
v 80.086418 -10.317960 -2.006012
v 80.086418 -10.317960 -2.006012
v 80.086418 -11.771402 -0.993883
v 80.086418 -11.771402 -0.993883
v 80.086418 -11.771402 -0.993883
v 80.086418 -10.416590 -0.993883
v 80.086418 -10.416590 -0.993883
v 79.950935 -11.771402 -0.993883
v 79.950935 -11.771402 -0.993883
v 79.950935 -11.771402 -0.993883
v 79.950935 -10.416590 -0.993883
v 79.950935 -10.416590 -0.993883
v 80.086418 -11.771402 -1.506035
v 80.086418 -11.771402 -1.506035
v 80.086418 -11.771402 -1.506035
v 80.086418 -10.416590 -1.506035
v 80.086418 -10.416590 -1.506035
v 79.950935 -11.771402 -1.506035
v 79.950935 -11.771402 -1.506035
v 79.950935 -11.771402 -1.506035
v 79.950935 -10.416590 -1.506035
v 79.950935 -10.416590 -1.506035
v 79.950935 -11.771402 -1.249960
v 79.950935 -11.771402 -1.249960
v 79.950935 -10.317960 -1.249960
v 79.950935 -10.317960 -1.249960
v 79.950935 -10.317960 -1.249960
v 80.086418 -11.771402 -1.249960
v 80.086418 -11.771402 -1.249960
v 80.086418 -10.317960 -1.249960
v 80.086418 -10.317960 -1.249960
v 80.086418 -10.317960 -1.249960
v 80.086418 -11.771402 -0.237844
v 80.086418 -11.771402 -0.237844
v 80.086418 -11.771402 -0.237844
v 80.086418 -10.416590 -0.237844
v 80.086418 -10.416590 -0.237844
v 79.950935 -11.771402 -0.237844
v 79.950935 -11.771402 -0.237844
v 79.950935 -11.771402 -0.237844
v 79.950935 -10.416590 -0.237844
v 79.950935 -10.416590 -0.237844
v 80.086418 -11.771402 -0.749996
v 80.086418 -11.771402 -0.749996
v 80.086418 -11.771402 -0.749996
v 80.086418 -10.416590 -0.749996
v 80.086418 -10.416590 -0.749996
v 79.950935 -11.771402 -0.749996
v 79.950935 -11.771402 -0.749996
v 79.950935 -11.771402 -0.749996
v 79.950935 -10.416590 -0.749996
v 79.950935 -10.416590 -0.749996
v 79.950935 -11.771402 -0.493919
v 79.950935 -11.771402 -0.493919
v 79.950935 -10.317960 -0.493919
v 79.950935 -10.317960 -0.493919
v 79.950935 -10.317960 -0.493919
v 80.086418 -11.771402 -0.493919
v 80.086418 -11.771402 -0.493919
v 80.086418 -10.317960 -0.493919
v 80.086418 -10.317960 -0.493919
v 80.086418 -10.317960 -0.493919
v 80.086418 -11.771402 0.518209
v 80.086418 -11.771402 0.518209
v 80.086418 -11.771402 0.518209
v 80.086418 -10.416590 0.518209
v 80.086418 -10.416590 0.518209
v 79.950935 -11.771402 0.518209
v 79.950935 -11.771402 0.518209
v 79.950935 -11.771402 0.518209
v 79.950935 -10.416590 0.518209
v 79.950935 -10.416590 0.518209
v 80.086418 -11.771402 0.006058
v 80.086418 -11.771402 0.006058
v 80.086418 -11.771402 0.006058
v 80.086418 -10.416590 0.006058
v 80.086418 -10.416590 0.006058
v 79.950935 -11.771402 0.006058
v 79.950935 -11.771402 0.006058
v 79.950935 -11.771402 0.006058
v 79.950935 -10.416590 0.006058
v 79.950935 -10.416590 0.006058
v 79.950935 -11.771402 0.262133
v 79.950935 -11.771402 0.262133
v 79.950935 -10.317960 0.262133
v 79.950935 -10.317960 0.262133
v 79.950935 -10.317960 0.262133
v 80.086418 -11.771402 0.262133
v 80.086418 -11.771402 0.262133
v 80.086418 -10.317960 0.262133
v 80.086418 -10.317960 0.262133
v 80.086418 -10.317960 0.262133
v 80.086418 -11.771402 -21.407200
v 80.086418 -11.771402 -21.407200
v 80.086418 -11.771402 -21.407200
v 80.086418 -10.416590 -21.407200
v 80.086418 -10.416590 -21.407200
v 79.950935 -11.771402 -21.407200
v 79.950935 -11.771402 -21.407200
v 79.950935 -11.771402 -21.407200
v 79.950935 -10.416590 -21.407200
v 79.950935 -10.416590 -21.407200
v 80.086418 -11.771402 -21.919353
v 80.086418 -11.771402 -21.919353
v 80.086418 -11.771402 -21.919353
v 80.086418 -10.416590 -21.919353
v 80.086418 -10.416590 -21.919353
v 79.950935 -11.771402 -21.919353
v 79.950935 -11.771402 -21.919353
v 79.950935 -11.771402 -21.919353
v 79.950935 -10.416590 -21.919353
v 79.950935 -10.416590 -21.919353
v 79.950935 -11.771402 -21.663277
v 79.950935 -11.771402 -21.663277
v 79.950935 -10.317960 -21.663277
v 79.950935 -10.317960 -21.663277
v 79.950935 -10.317960 -21.663277
v 80.086418 -11.771402 -21.663277
v 80.086418 -11.771402 -21.663277
v 80.086418 -10.317960 -21.663277
v 80.086418 -10.317960 -21.663277
v 80.086418 -10.317960 -21.663277
v 80.086418 -11.771402 -20.651152
v 80.086418 -11.771402 -20.651152
v 80.086418 -11.771402 -20.651152
v 80.086418 -10.416590 -20.651152
v 80.086418 -10.416590 -20.651152
v 79.950935 -11.771402 -20.651152
v 79.950935 -11.771402 -20.651152
v 79.950935 -11.771402 -20.651152
v 79.950935 -10.416590 -20.651152
v 79.950935 -10.416590 -20.651152
v 80.086418 -11.771402 -21.163303
v 80.086418 -11.771402 -21.163303
v 80.086418 -11.771402 -21.163303
v 80.086418 -10.416590 -21.163303
v 80.086418 -10.416590 -21.163303
v 79.950935 -11.771402 -21.163303
v 79.950935 -11.771402 -21.163303
v 79.950935 -11.771402 -21.163303
v 79.950935 -10.416590 -21.163303
v 79.950935 -10.416590 -21.163303
v 79.950935 -11.771402 -20.907227
v 79.950935 -11.771402 -20.907227
v 79.950935 -10.317960 -20.907227
v 79.950935 -10.317960 -20.907227
v 79.950935 -10.317960 -20.907227
v 80.086418 -11.771402 -20.907227
v 80.086418 -11.771402 -20.907227
v 80.086418 -10.317960 -20.907227
v 80.086418 -10.317960 -20.907227
v 80.086418 -10.317960 -20.907227
v 80.086418 -11.771402 -19.895102
v 80.086418 -11.771402 -19.895102
v 80.086418 -11.771402 -19.895102
v 80.086418 -10.416590 -19.895102
v 80.086418 -10.416590 -19.895102
v 79.950935 -11.771402 -19.895102
v 79.950935 -11.771402 -19.895102
v 79.950935 -11.771402 -19.895102
v 79.950935 -10.416590 -19.895102
v 79.950935 -10.416590 -19.895102
v 80.086418 -11.771402 -20.407255
v 80.086418 -11.771402 -20.407255
v 80.086418 -11.771402 -20.407255
v 80.086418 -10.416590 -20.407255
v 80.086418 -10.416590 -20.407255
v 79.950935 -11.771402 -20.407255
v 79.950935 -11.771402 -20.407255
v 79.950935 -11.771402 -20.407255
v 79.950935 -10.416590 -20.407255
v 79.950935 -10.416590 -20.407255
v 79.950935 -11.771402 -20.151178
v 79.950935 -11.771402 -20.151178
v 79.950935 -10.317960 -20.151178
v 79.950935 -10.317960 -20.151178
v 79.950935 -10.317960 -20.151178
v 80.086418 -11.771402 -20.151178
v 80.086418 -11.771402 -20.151178
v 80.086418 -10.317960 -20.151178
v 80.086418 -10.317960 -20.151178
v 80.086418 -10.317960 -20.151178
v 80.086418 -11.771402 -19.139055
v 80.086418 -11.771402 -19.139055
v 80.086418 -11.771402 -19.139055
v 80.086418 -10.416590 -19.139055
v 80.086418 -10.416590 -19.139055
v 79.950935 -11.771402 -19.139055
v 79.950935 -11.771402 -19.139055
v 79.950935 -11.771402 -19.139055
v 79.950935 -10.416590 -19.139055
v 79.950935 -10.416590 -19.139055
v 80.086418 -11.771402 -19.651207
v 80.086418 -11.771402 -19.651207
v 80.086418 -11.771402 -19.651207
v 80.086418 -10.416590 -19.651207
v 80.086418 -10.416590 -19.651207
v 79.950935 -11.771402 -19.651207
v 79.950935 -11.771402 -19.651207
v 79.950935 -11.771402 -19.651207
v 79.950935 -10.416590 -19.651207
v 79.950935 -10.416590 -19.651207
v 79.950935 -11.771402 -19.395130
v 79.950935 -11.771402 -19.395130
v 79.950935 -10.317960 -19.395130
v 79.950935 -10.317960 -19.395130
v 79.950935 -10.317960 -19.395130
v 80.086418 -11.771402 -19.395130
v 80.086418 -11.771402 -19.395130
v 80.086418 -10.317960 -19.395130
v 80.086418 -10.317960 -19.395130
v 80.086418 -10.317960 -19.395130
v 80.086418 -11.771402 -17.626957
v 80.086418 -11.771402 -17.626957
v 80.086418 -11.771402 -17.626957
v 80.086418 -10.416590 -17.626957
v 80.086418 -10.416590 -17.626957
v 79.950935 -11.771402 -17.626957
v 79.950935 -11.771402 -17.626957
v 79.950935 -11.771402 -17.626957
v 79.950935 -10.416590 -17.626957
v 79.950935 -10.416590 -17.626957
v 80.086418 -11.771402 -18.139109
v 80.086418 -11.771402 -18.139109
v 80.086418 -11.771402 -18.139109
v 80.086418 -10.416590 -18.139109
v 80.086418 -10.416590 -18.139109
v 79.950935 -11.771402 -18.139109
v 79.950935 -11.771402 -18.139109
v 79.950935 -11.771402 -18.139109
v 79.950935 -10.416590 -18.139109
v 79.950935 -10.416590 -18.139109
v 79.950935 -11.771402 -17.883034
v 79.950935 -11.771402 -17.883034
v 79.950935 -10.317960 -17.883034
v 79.950935 -10.317960 -17.883034
v 79.950935 -10.317960 -17.883034
v 80.086418 -11.771402 -17.883034
v 80.086418 -11.771402 -17.883034
v 80.086418 -10.317960 -17.883034
v 80.086418 -10.317960 -17.883034
v 80.086418 -10.317960 -17.883034
v 80.086418 -11.771402 -16.870909
v 80.086418 -11.771402 -16.870909
v 80.086418 -11.771402 -16.870909
v 80.086418 -10.416590 -16.870909
v 80.086418 -10.416590 -16.870909
v 79.950935 -11.771402 -16.870909
v 79.950935 -11.771402 -16.870909
v 79.950935 -11.771402 -16.870909
v 79.950935 -10.416590 -16.870909
v 79.950935 -10.416590 -16.870909
v 80.086418 -11.771402 -17.383060
v 80.086418 -11.771402 -17.383060
v 80.086418 -11.771402 -17.383060
v 80.086418 -10.416590 -17.383060
v 80.086418 -10.416590 -17.383060
v 79.950935 -11.771402 -17.383060
v 79.950935 -11.771402 -17.383060
v 79.950935 -11.771402 -17.383060
v 79.950935 -10.416590 -17.383060
v 79.950935 -10.416590 -17.383060
v 79.950935 -11.771402 -17.126984
v 79.950935 -11.771402 -17.126984
v 79.950935 -10.317960 -17.126984
v 79.950935 -10.317960 -17.126984
v 79.950935 -10.317960 -17.126984
v 80.086418 -11.771402 -17.126984
v 80.086418 -11.771402 -17.126984
v 80.086418 -10.317960 -17.126984
v 80.086418 -10.317960 -17.126984
v 80.086418 -10.317960 -17.126984
v 80.086418 -11.771402 -16.114859
v 80.086418 -11.771402 -16.114859
v 80.086418 -11.771402 -16.114859
v 80.086418 -10.416590 -16.114859
v 80.086418 -10.416590 -16.114859
v 79.950935 -11.771402 -16.114859
v 79.950935 -11.771402 -16.114859
v 79.950935 -11.771402 -16.114859
v 79.950935 -10.416590 -16.114859
v 79.950935 -10.416590 -16.114859
v 80.086418 -11.771402 -16.627010
v 80.086418 -11.771402 -16.627010
v 80.086418 -11.771402 -16.627010
v 80.086418 -10.416590 -16.627010
v 80.086418 -10.416590 -16.627010
v 79.950935 -11.771402 -16.627010
v 79.950935 -11.771402 -16.627010
v 79.950935 -11.771402 -16.627010
v 79.950935 -10.416590 -16.627010
v 79.950935 -10.416590 -16.627010
v 79.950935 -11.771402 -16.370935
v 79.950935 -11.771402 -16.370935
v 79.950935 -10.317960 -16.370935
v 79.950935 -10.317960 -16.370935
v 79.950935 -10.317960 -16.370935
v 80.086418 -11.771402 -16.370935
v 80.086418 -11.771402 -16.370935
v 80.086418 -10.317960 -16.370935
v 80.086418 -10.317960 -16.370935
v 80.086418 -10.317960 -16.370935
v 80.086418 -11.771402 -15.358811
v 80.086418 -11.771402 -15.358811
v 80.086418 -11.771402 -15.358811
v 80.086418 -10.416590 -15.358811
v 80.086418 -10.416590 -15.358811
v 79.950935 -11.771402 -15.358811
v 79.950935 -11.771402 -15.358811
v 79.950935 -11.771402 -15.358811
v 79.950935 -10.416590 -15.358811
v 79.950935 -10.416590 -15.358811
v 80.086418 -11.771402 -15.870964
v 80.086418 -11.771402 -15.870964
v 80.086418 -11.771402 -15.870964
v 80.086418 -10.416590 -15.870964
v 80.086418 -10.416590 -15.870964
v 79.950935 -11.771402 -15.870964
v 79.950935 -11.771402 -15.870964
v 79.950935 -11.771402 -15.870964
v 79.950935 -10.416590 -15.870964
v 79.950935 -10.416590 -15.870964
v 79.950935 -11.771402 -15.614887
v 79.950935 -11.771402 -15.614887
v 79.950935 -10.317960 -15.614887
v 79.950935 -10.317960 -15.614887
v 79.950935 -10.317960 -15.614887
v 80.086418 -11.771402 -15.614887
v 80.086418 -11.771402 -15.614887
v 80.086418 -10.317960 -15.614887
v 80.086418 -10.317960 -15.614887
v 80.086418 -10.317960 -15.614887
v 80.086418 -11.771402 -23.675346
v 80.086418 -11.771402 -23.675346
v 80.086418 -11.771402 -23.675346
v 80.086418 -10.416590 -23.675346
v 80.086418 -10.416590 -23.675346
v 79.950935 -11.771402 -23.675346
v 79.950935 -11.771402 -23.675346
v 79.950935 -11.771402 -23.675346
v 79.950935 -10.416590 -23.675346
v 79.950935 -10.416590 -23.675346
v 80.086418 -11.771402 -24.187498
v 80.086418 -11.771402 -24.187498
v 80.086418 -11.771402 -24.187498
v 80.086418 -10.416590 -24.187498
v 80.086418 -10.416590 -24.187498
v 79.950935 -11.771402 -24.187498
v 79.950935 -11.771402 -24.187498
v 79.950935 -11.771402 -24.187498
v 79.950935 -10.416590 -24.187498
v 79.950935 -10.416590 -24.187498
v 79.950935 -11.771402 -23.931423
v 79.950935 -11.771402 -23.931423
v 79.950935 -10.317960 -23.931423
v 79.950935 -10.317960 -23.931423
v 79.950935 -10.317960 -23.931423
v 80.086418 -11.771402 -23.931423
v 80.086418 -11.771402 -23.931423
v 80.086418 -10.317960 -23.931423
v 80.086418 -10.317960 -23.931423
v 80.086418 -10.317960 -23.931423
v 80.086418 -11.771402 -22.919296
v 80.086418 -11.771402 -22.919296
v 80.086418 -11.771402 -22.919296
v 80.086418 -10.416590 -22.919296
v 80.086418 -10.416590 -22.919296
v 79.950935 -11.771402 -22.919296
v 79.950935 -11.771402 -22.919296
v 79.950935 -11.771402 -22.919296
v 79.950935 -10.416590 -22.919296
v 79.950935 -10.416590 -22.919296
v 80.086418 -11.771402 -23.431448
v 80.086418 -11.771402 -23.431448
v 80.086418 -11.771402 -23.431448
v 80.086418 -10.416590 -23.431448
v 80.086418 -10.416590 -23.431448
v 79.950935 -11.771402 -23.431448
v 79.950935 -11.771402 -23.431448
v 79.950935 -11.771402 -23.431448
v 79.950935 -10.416590 -23.431448
v 79.950935 -10.416590 -23.431448
v 79.950935 -11.771402 -23.175373
v 79.950935 -11.771402 -23.175373
v 79.950935 -10.317960 -23.175373
v 79.950935 -10.317960 -23.175373
v 79.950935 -10.317960 -23.175373
v 80.086418 -11.771402 -23.175373
v 80.086418 -11.771402 -23.175373
v 80.086418 -10.317960 -23.175373
v 80.086418 -10.317960 -23.175373
v 80.086418 -10.317960 -23.175373
v 80.086418 -11.771402 -22.163250
v 80.086418 -11.771402 -22.163250
v 80.086418 -11.771402 -22.163250
v 80.086418 -10.416590 -22.163250
v 80.086418 -10.416590 -22.163250
v 79.950935 -11.771402 -22.163250
v 79.950935 -11.771402 -22.163250
v 79.950935 -11.771402 -22.163250
v 79.950935 -10.416590 -22.163250
v 79.950935 -10.416590 -22.163250
v 80.086418 -11.771402 -22.675402
v 80.086418 -11.771402 -22.675402
v 80.086418 -11.771402 -22.675402
v 80.086418 -10.416590 -22.675402
v 80.086418 -10.416590 -22.675402
v 79.950935 -11.771402 -22.675402
v 79.950935 -11.771402 -22.675402
v 79.950935 -11.771402 -22.675402
v 79.950935 -10.416590 -22.675402
v 79.950935 -10.416590 -22.675402
v 79.950935 -11.771402 -22.419325
v 79.950935 -11.771402 -22.419325
v 79.950935 -10.317960 -22.419325
v 79.950935 -10.317960 -22.419325
v 79.950935 -10.317960 -22.419325
v 80.086418 -11.771402 -22.419325
v 80.086418 -11.771402 -22.419325
v 80.086418 -10.317960 -22.419325
v 80.086418 -10.317960 -22.419325
v 80.086418 -10.317960 -22.419325
v 79.978676 -11.390320 0.311697
v 79.978676 -11.390320 0.311697
v 79.978676 -11.390320 0.311697
v 79.978676 -11.269313 0.311697
v 79.978676 -11.269313 0.311697
v 79.978676 -11.269313 0.311697
v 79.903389 -11.390320 0.311697
v 79.903389 -11.390320 0.311697
v 79.903389 -11.390320 0.311697
v 79.903389 -11.269313 0.311697
v 79.903389 -11.269313 0.311697
v 79.903389 -11.269313 0.311697
v 79.978683 -11.390320 -24.006813
v 79.978683 -11.390320 -24.006813
v 79.978683 -11.390320 -24.006813
v 79.978683 -11.269313 -24.006813
v 79.978683 -11.269313 -24.006813
v 79.978683 -11.269313 -24.006813
v 79.903397 -11.390320 -24.006813
v 79.903397 -11.390320 -24.006813
v 79.903397 -11.390320 -24.006813
v 79.903397 -11.269313 -24.006813
v 79.903397 -11.269313 -24.006813
v 79.903397 -11.269313 -24.006813
v 79.978676 -10.855210 0.311697
v 79.978676 -10.855210 0.311697
v 79.978676 -10.855210 0.311697
v 79.978676 -10.734203 0.311697
v 79.978676 -10.734203 0.311697
v 79.978676 -10.734203 0.311697
v 79.903389 -10.855210 0.311697
v 79.903389 -10.855210 0.311697
v 79.903389 -10.855210 0.311697
v 79.903389 -10.734203 0.311697
v 79.903389 -10.734203 0.311697
v 79.903389 -10.734203 0.311697
v 79.978683 -10.855210 -24.006813
v 79.978683 -10.855210 -24.006813
v 79.978683 -10.855210 -24.006813
v 79.978683 -10.734203 -24.006813
v 79.978683 -10.734203 -24.006813
v 79.978683 -10.734203 -24.006813
v 79.903397 -10.855210 -24.006813
v 79.903397 -10.855210 -24.006813
v 79.903397 -10.855210 -24.006813
v 79.903397 -10.734203 -24.006813
v 79.903397 -10.734203 -24.006813
v 79.903397 -10.734203 -24.006813
vn 0.9623 -0.0962 0.2545
vn 0.9600 0.0870 0.2661
vn -0.9600 0.0870 0.2660
vn -0.9623 -0.0962 0.2546
vn -0.9950 -0.0995 -0.0000
vn -0.9941 0.1083 -0.0000
vn -0.9600 0.0870 -0.2661
vn -0.9623 -0.0962 -0.2545
vn 0.9600 0.0870 -0.2660
vn 0.9623 -0.0962 -0.2546
vn 0.9950 -0.0995 -0.0000
vn 0.9941 0.1083 -0.0000
vn -0.9623 -0.0962 -0.2546
vn 0.9623 -0.0962 -0.2545
vn -0.9623 -0.0962 0.2545
vn 0.9623 -0.0962 0.2546
vn 0.9600 0.0870 -0.2661
vn -0.9600 0.0870 0.2661
vn -0.0000 -0.0000 1.0000
vn -1.0000 -0.0000 -0.0000
vn -0.0000 -0.0000 -1.0000
vn 1.0000 -0.0000 -0.0000
vn -0.0000 -1.0000 -0.0000
vn -0.0000 1.0000 -0.0000
vt 0.689489 0.856190
vt 0.689489 0.266082
vt 0.748500 0.266082
vt 0.748500 0.856190
vt 0.614883 0.856190
vt 0.614883 0.223122
vt 0.673894 0.266082
vt 0.673894 0.856190
vt 0.764096 0.643425
vt 0.764096 0.296114
vt 0.823106 0.296114
vt 0.823106 0.643425
vt 0.481266 0.856190
vt 0.481266 0.223122
vt 0.540277 0.266082
vt 0.540277 0.856190
vt 0.823106 0.718031
vt 0.823106 0.777042
vt 0.764095 0.777042
vt 0.764095 0.718031
vt 0.748500 0.223122
vt 0.689489 0.223122
vt 0.764096 0.223122
vt 0.823106 0.223122
vt 0.823106 0.659020
vt 0.764096 0.659020
vt 0.422256 0.856190
vt 0.422256 0.266082
vt 0.555873 0.856190
vt 0.555873 0.266082
vt 0.061284 0.016431
vt 0.061284 0.001386
vt 0.070644 0.001386
vt 0.070644 0.016431
vt 0.016431 0.998614
vt 0.001386 0.998614
vt 0.001386 0.001386
vt 0.016431 0.001386
vt 0.061284 0.034247
vt 0.061284 0.019202
vt 0.070644 0.019202
vt 0.070644 0.034247
vt 0.034248 0.998614
vt 0.019203 0.998614
vt 0.019203 0.001386
vt 0.034248 0.001386
vt 0.046380 0.001386
vt 0.046380 0.998614
vt 0.037019 0.998614
vt 0.037019 0.001386
vt 0.058512 0.001386
vt 0.058512 0.998614
vt 0.049151 0.998614
vt 0.049151 0.001386
s 1
usemtl Fence.005
f 1718/109/39 1721/110/40 1726/111/41
f 1718/109/39 1726/111/41 1723/112/42
f 1737/113/43 1739/114/44 1735/115/45
f 1737/113/43 1735/115/45 1732/116/46
f 1733/117/46 1736/118/45 1731/119/47
f 1733/117/46 1731/119/47 1729/120/48
f 1742/121/49 1744/122/50 1720/123/40
f 1742/121/49 1720/123/40 1717/124/39
f 1738/125/43 1734/126/51 1728/127/52
f 1738/125/43 1728/127/52 1743/128/49
f 1740/129/44 1726/111/41 1721/110/40
f 1740/129/44 1721/110/40 1745/130/50
f 1736/118/45 1741/131/44 1746/132/50
f 1736/118/45 1746/132/50 1731/119/47
f 1724/133/53 1738/125/43 1743/128/49
f 1724/133/53 1743/128/49 1719/134/54
f 1727/135/48 1730/136/55 1744/122/50
f 1727/135/48 1744/122/50 1742/121/49
f 1722/137/42 1725/138/56 1739/114/44
f 1722/137/42 1739/114/44 1737/113/43
f 1748/109/39 1751/110/40 1756/111/41
f 1748/109/39 1756/111/41 1753/112/42
f 1767/113/43 1769/114/44 1765/115/45
f 1767/113/43 1765/115/45 1762/116/46
f 1763/117/46 1766/118/45 1761/119/47
f 1763/117/46 1761/119/47 1759/120/48
f 1772/121/49 1774/122/50 1750/123/40
f 1772/121/49 1750/123/40 1747/124/39
f 1768/125/43 1764/126/51 1758/127/52
f 1768/125/43 1758/127/52 1773/128/49
f 1770/129/44 1756/111/41 1751/110/40
f 1770/129/44 1751/110/40 1775/130/50
f 1766/118/45 1771/131/44 1776/132/50
f 1766/118/45 1776/132/50 1761/119/47
f 1754/133/53 1768/125/43 1773/128/49
f 1754/133/53 1773/128/49 1749/134/54
f 1757/135/48 1760/136/55 1774/122/50
f 1757/135/48 1774/122/50 1772/121/49
f 1752/137/42 1755/138/56 1769/114/44
f 1752/137/42 1769/114/44 1767/113/43
f 1778/109/39 1781/110/40 1786/111/41
f 1778/109/39 1786/111/41 1783/112/42
f 1797/113/43 1799/114/44 1795/115/45
f 1797/113/43 1795/115/45 1792/116/46
f 1793/117/46 1796/118/45 1791/119/47
f 1793/117/46 1791/119/47 1789/120/48
f 1802/121/49 1804/122/50 1780/123/40
f 1802/121/49 1780/123/40 1777/124/39
f 1798/125/43 1794/126/51 1788/127/52
f 1798/125/43 1788/127/52 1803/128/49
f 1800/129/44 1786/111/41 1781/110/40
f 1800/129/44 1781/110/40 1805/130/50
f 1796/118/45 1801/131/44 1806/132/50
f 1796/118/45 1806/132/50 1791/119/47
f 1784/133/53 1798/125/43 1803/128/49
f 1784/133/53 1803/128/49 1779/134/54
f 1787/135/48 1790/136/55 1804/122/50
f 1787/135/48 1804/122/50 1802/121/49
f 1782/137/42 1785/138/56 1799/114/44
f 1782/137/42 1799/114/44 1797/113/43
f 1808/109/39 1811/110/40 1816/111/41
f 1808/109/39 1816/111/41 1813/112/42
f 1827/113/43 1829/114/44 1825/115/45
f 1827/113/43 1825/115/45 1822/116/46
f 1823/117/46 1826/118/45 1821/119/47
f 1823/117/46 1821/119/47 1819/120/48
f 1832/121/49 1834/122/50 1810/123/40
f 1832/121/49 1810/123/40 1807/124/39
f 1828/125/43 1824/126/51 1818/127/52
f 1828/125/43 1818/127/52 1833/128/49
f 1830/129/44 1816/111/41 1811/110/40
f 1830/129/44 1811/110/40 1835/130/50
f 1826/118/45 1831/131/44 1836/132/50
f 1826/118/45 1836/132/50 1821/119/47
f 1814/133/53 1828/125/43 1833/128/49
f 1814/133/53 1833/128/49 1809/134/54
f 1817/135/48 1820/136/55 1834/122/50
f 1817/135/48 1834/122/50 1832/121/49
f 1812/137/42 1815/138/56 1829/114/44
f 1812/137/42 1829/114/44 1827/113/43
f 1838/109/39 1841/110/40 1846/111/41
f 1838/109/39 1846/111/41 1843/112/42
f 1857/113/43 1859/114/44 1855/115/45
f 1857/113/43 1855/115/45 1852/116/46
f 1853/117/46 1856/118/45 1851/119/47
f 1853/117/46 1851/119/47 1849/120/48
f 1862/121/49 1864/122/50 1840/123/40
f 1862/121/49 1840/123/40 1837/124/39
f 1858/125/43 1854/126/51 1848/127/52
f 1858/125/43 1848/127/52 1863/128/49
f 1860/129/44 1846/111/41 1841/110/40
f 1860/129/44 1841/110/40 1865/130/50
f 1856/118/45 1861/131/44 1866/132/50
f 1856/118/45 1866/132/50 1851/119/47
f 1844/133/53 1858/125/43 1863/128/49
f 1844/133/53 1863/128/49 1839/134/54
f 1847/135/48 1850/136/55 1864/122/50
f 1847/135/48 1864/122/50 1862/121/49
f 1842/137/42 1845/138/56 1859/114/44
f 1842/137/42 1859/114/44 1857/113/43
f 1868/109/39 1871/110/40 1876/111/41
f 1868/109/39 1876/111/41 1873/112/42
f 1887/113/43 1889/114/44 1885/115/45
f 1887/113/43 1885/115/45 1882/116/46
f 1883/117/46 1886/118/45 1881/119/47
f 1883/117/46 1881/119/47 1879/120/48
f 1892/121/49 1894/122/50 1870/123/40
f 1892/121/49 1870/123/40 1867/124/39
f 1888/125/43 1884/126/51 1878/127/52
f 1888/125/43 1878/127/52 1893/128/49
f 1890/129/44 1876/111/41 1871/110/40
f 1890/129/44 1871/110/40 1895/130/50
f 1886/118/45 1891/131/44 1896/132/50
f 1886/118/45 1896/132/50 1881/119/47
f 1874/133/53 1888/125/43 1893/128/49
f 1874/133/53 1893/128/49 1869/134/54
f 1877/135/48 1880/136/55 1894/122/50
f 1877/135/48 1894/122/50 1892/121/49
f 1872/137/42 1875/138/56 1889/114/44
f 1872/137/42 1889/114/44 1887/113/43
f 1898/109/39 1901/110/40 1906/111/41
f 1898/109/39 1906/111/41 1903/112/42
f 1917/113/43 1919/114/44 1915/115/45
f 1917/113/43 1915/115/45 1912/116/46
f 1913/117/46 1916/118/45 1911/119/47
f 1913/117/46 1911/119/47 1909/120/48
f 1922/121/49 1924/122/50 1900/123/40
f 1922/121/49 1900/123/40 1897/124/39
f 1918/125/43 1914/126/51 1908/127/52
f 1918/125/43 1908/127/52 1923/128/49
f 1920/129/44 1906/111/41 1901/110/40
f 1920/129/44 1901/110/40 1925/130/50
f 1916/118/45 1921/131/44 1926/132/50
f 1916/118/45 1926/132/50 1911/119/47
f 1904/133/53 1918/125/43 1923/128/49
f 1904/133/53 1923/128/49 1899/134/54
f 1907/135/48 1910/136/55 1924/122/50
f 1907/135/48 1924/122/50 1922/121/49
f 1902/137/42 1905/138/56 1919/114/44
f 1902/137/42 1919/114/44 1917/113/43
f 1928/109/39 1931/110/40 1936/111/41
f 1928/109/39 1936/111/41 1933/112/42
f 1947/113/43 1949/114/44 1945/115/45
f 1947/113/43 1945/115/45 1942/116/46
f 1943/117/46 1946/118/45 1941/119/47
f 1943/117/46 1941/119/47 1939/120/48
f 1952/121/49 1954/122/50 1930/123/40
f 1952/121/49 1930/123/40 1927/124/39
f 1948/125/43 1944/126/51 1938/127/52
f 1948/125/43 1938/127/52 1953/128/49
f 1950/129/44 1936/111/41 1931/110/40
f 1950/129/44 1931/110/40 1955/130/50
f 1946/118/45 1951/131/44 1956/132/50
f 1946/118/45 1956/132/50 1941/119/47
f 1934/133/53 1948/125/43 1953/128/49
f 1934/133/53 1953/128/49 1929/134/54
f 1937/135/48 1940/136/55 1954/122/50
f 1937/135/48 1954/122/50 1952/121/49
f 1932/137/42 1935/138/56 1949/114/44
f 1932/137/42 1949/114/44 1947/113/43
f 1958/109/39 1961/110/40 1966/111/41
f 1958/109/39 1966/111/41 1963/112/42
f 1977/113/43 1979/114/44 1975/115/45
f 1977/113/43 1975/115/45 1972/116/46
f 1973/117/46 1976/118/45 1971/119/47
f 1973/117/46 1971/119/47 1969/120/48
f 1982/121/49 1984/122/50 1960/123/40
f 1982/121/49 1960/123/40 1957/124/39
f 1978/125/43 1974/126/51 1968/127/52
f 1978/125/43 1968/127/52 1983/128/49
f 1980/129/44 1966/111/41 1961/110/40
f 1980/129/44 1961/110/40 1985/130/50
f 1976/118/45 1981/131/44 1986/132/50
f 1976/118/45 1986/132/50 1971/119/47
f 1964/133/53 1978/125/43 1983/128/49
f 1964/133/53 1983/128/49 1959/134/54
f 1967/135/48 1970/136/55 1984/122/50
f 1967/135/48 1984/122/50 1982/121/49
f 1962/137/42 1965/138/56 1979/114/44
f 1962/137/42 1979/114/44 1977/113/43
f 1988/109/39 1991/110/40 1996/111/41
f 1988/109/39 1996/111/41 1993/112/42
f 2007/113/43 2009/114/44 2005/115/45
f 2007/113/43 2005/115/45 2002/116/46
f 2003/117/46 2006/118/45 2001/119/47
f 2003/117/46 2001/119/47 1999/120/48
f 2012/121/49 2014/122/50 1990/123/40
f 2012/121/49 1990/123/40 1987/124/39
f 2008/125/43 2004/126/51 1998/127/52
f 2008/125/43 1998/127/52 2013/128/49
f 2010/129/44 1996/111/41 1991/110/40
f 2010/129/44 1991/110/40 2015/130/50
f 2006/118/45 2011/131/44 2016/132/50
f 2006/118/45 2016/132/50 2001/119/47
f 1994/133/53 2008/125/43 2013/128/49
f 1994/133/53 2013/128/49 1989/134/54
f 1997/135/48 2000/136/55 2014/122/50
f 1997/135/48 2014/122/50 2012/121/49
f 1992/137/42 1995/138/56 2009/114/44
f 1992/137/42 2009/114/44 2007/113/43
f 2018/109/39 2021/110/40 2026/111/41
f 2018/109/39 2026/111/41 2023/112/42
f 2037/113/43 2039/114/44 2035/115/45
f 2037/113/43 2035/115/45 2032/116/46
f 2033/117/46 2036/118/45 2031/119/47
f 2033/117/46 2031/119/47 2029/120/48
f 2042/121/49 2044/122/50 2020/123/40
f 2042/121/49 2020/123/40 2017/124/39
f 2038/125/43 2034/126/51 2028/127/52
f 2038/125/43 2028/127/52 2043/128/49
f 2040/129/44 2026/111/41 2021/110/40
f 2040/129/44 2021/110/40 2045/130/50
f 2036/118/45 2041/131/44 2046/132/50
f 2036/118/45 2046/132/50 2031/119/47
f 2024/133/53 2038/125/43 2043/128/49
f 2024/133/53 2043/128/49 2019/134/54
f 2027/135/48 2030/136/55 2044/122/50
f 2027/135/48 2044/122/50 2042/121/49
f 2022/137/42 2025/138/56 2039/114/44
f 2022/137/42 2039/114/44 2037/113/43
f 2048/109/39 2051/110/40 2056/111/41
f 2048/109/39 2056/111/41 2053/112/42
f 2067/113/43 2069/114/44 2065/115/45
f 2067/113/43 2065/115/45 2062/116/46
f 2063/117/46 2066/118/45 2061/119/47
f 2063/117/46 2061/119/47 2059/120/48
f 2072/121/49 2074/122/50 2050/123/40
f 2072/121/49 2050/123/40 2047/124/39
f 2068/125/43 2064/126/51 2058/127/52
f 2068/125/43 2058/127/52 2073/128/49
f 2070/129/44 2056/111/41 2051/110/40
f 2070/129/44 2051/110/40 2075/130/50
f 2066/118/45 2071/131/44 2076/132/50
f 2066/118/45 2076/132/50 2061/119/47
f 2054/133/53 2068/125/43 2073/128/49
f 2054/133/53 2073/128/49 2049/134/54
f 2057/135/48 2060/136/55 2074/122/50
f 2057/135/48 2074/122/50 2072/121/49
f 2052/137/42 2055/138/56 2069/114/44
f 2052/137/42 2069/114/44 2067/113/43
f 2078/109/39 2081/110/40 2086/111/41
f 2078/109/39 2086/111/41 2083/112/42
f 2097/113/43 2099/114/44 2095/115/45
f 2097/113/43 2095/115/45 2092/116/46
f 2093/117/46 2096/118/45 2091/119/47
f 2093/117/46 2091/119/47 2089/120/48
f 2102/121/49 2104/122/50 2080/123/40
f 2102/121/49 2080/123/40 2077/124/39
f 2098/125/43 2094/126/51 2088/127/52
f 2098/125/43 2088/127/52 2103/128/49
f 2100/129/44 2086/111/41 2081/110/40
f 2100/129/44 2081/110/40 2105/130/50
f 2096/118/45 2101/131/44 2106/132/50
f 2096/118/45 2106/132/50 2091/119/47
f 2084/133/53 2098/125/43 2103/128/49
f 2084/133/53 2103/128/49 2079/134/54
f 2087/135/48 2090/136/55 2104/122/50
f 2087/135/48 2104/122/50 2102/121/49
f 2082/137/42 2085/138/56 2099/114/44
f 2082/137/42 2099/114/44 2097/113/43
f 2108/109/39 2111/110/40 2116/111/41
f 2108/109/39 2116/111/41 2113/112/42
f 2127/113/43 2129/114/44 2125/115/45
f 2127/113/43 2125/115/45 2122/116/46
f 2123/117/46 2126/118/45 2121/119/47
f 2123/117/46 2121/119/47 2119/120/48
f 2132/121/49 2134/122/50 2110/123/40
f 2132/121/49 2110/123/40 2107/124/39
f 2128/125/43 2124/126/51 2118/127/52
f 2128/125/43 2118/127/52 2133/128/49
f 2130/129/44 2116/111/41 2111/110/40
f 2130/129/44 2111/110/40 2135/130/50
f 2126/118/45 2131/131/44 2136/132/50
f 2126/118/45 2136/132/50 2121/119/47
f 2114/133/53 2128/125/43 2133/128/49
f 2114/133/53 2133/128/49 2109/134/54
f 2117/135/48 2120/136/55 2134/122/50
f 2117/135/48 2134/122/50 2132/121/49
f 2112/137/42 2115/138/56 2129/114/44
f 2112/137/42 2129/114/44 2127/113/43
f 2138/109/39 2141/110/40 2146/111/41
f 2138/109/39 2146/111/41 2143/112/42
f 2157/113/43 2159/114/44 2155/115/45
f 2157/113/43 2155/115/45 2152/116/46
f 2153/117/46 2156/118/45 2151/119/47
f 2153/117/46 2151/119/47 2149/120/48
f 2162/121/49 2164/122/50 2140/123/40
f 2162/121/49 2140/123/40 2137/124/39
f 2158/125/43 2154/126/51 2148/127/52
f 2158/125/43 2148/127/52 2163/128/49
f 2160/129/44 2146/111/41 2141/110/40
f 2160/129/44 2141/110/40 2165/130/50
f 2156/118/45 2161/131/44 2166/132/50
f 2156/118/45 2166/132/50 2151/119/47
f 2144/133/53 2158/125/43 2163/128/49
f 2144/133/53 2163/128/49 2139/134/54
f 2147/135/48 2150/136/55 2164/122/50
f 2147/135/48 2164/122/50 2162/121/49
f 2142/137/42 2145/138/56 2159/114/44
f 2142/137/42 2159/114/44 2157/113/43
f 2168/109/39 2171/110/40 2176/111/41
f 2168/109/39 2176/111/41 2173/112/42
f 2187/113/43 2189/114/44 2185/115/45
f 2187/113/43 2185/115/45 2182/116/46
f 2183/117/46 2186/118/45 2181/119/47
f 2183/117/46 2181/119/47 2179/120/48
f 2192/121/49 2194/122/50 2170/123/40
f 2192/121/49 2170/123/40 2167/124/39
f 2188/125/43 2184/126/51 2178/127/52
f 2188/125/43 2178/127/52 2193/128/49
f 2190/129/44 2176/111/41 2171/110/40
f 2190/129/44 2171/110/40 2195/130/50
f 2186/118/45 2191/131/44 2196/132/50
f 2186/118/45 2196/132/50 2181/119/47
f 2174/133/53 2188/125/43 2193/128/49
f 2174/133/53 2193/128/49 2169/134/54
f 2177/135/48 2180/136/55 2194/122/50
f 2177/135/48 2194/122/50 2192/121/49
f 2172/137/42 2175/138/56 2189/114/44
f 2172/137/42 2189/114/44 2187/113/43
f 2198/109/39 2201/110/40 2206/111/41
f 2198/109/39 2206/111/41 2203/112/42
f 2217/113/43 2219/114/44 2215/115/45
f 2217/113/43 2215/115/45 2212/116/46
f 2213/117/46 2216/118/45 2211/119/47
f 2213/117/46 2211/119/47 2209/120/48
f 2222/121/49 2224/122/50 2200/123/40
f 2222/121/49 2200/123/40 2197/124/39
f 2218/125/43 2214/126/51 2208/127/52
f 2218/125/43 2208/127/52 2223/128/49
f 2220/129/44 2206/111/41 2201/110/40
f 2220/129/44 2201/110/40 2225/130/50
f 2216/118/45 2221/131/44 2226/132/50
f 2216/118/45 2226/132/50 2211/119/47
f 2204/133/53 2218/125/43 2223/128/49
f 2204/133/53 2223/128/49 2199/134/54
f 2207/135/48 2210/136/55 2224/122/50
f 2207/135/48 2224/122/50 2222/121/49
f 2202/137/42 2205/138/56 2219/114/44
f 2202/137/42 2219/114/44 2217/113/43
f 2228/109/39 2231/110/40 2236/111/41
f 2228/109/39 2236/111/41 2233/112/42
f 2247/113/43 2249/114/44 2245/115/45
f 2247/113/43 2245/115/45 2242/116/46
f 2243/117/46 2246/118/45 2241/119/47
f 2243/117/46 2241/119/47 2239/120/48
f 2252/121/49 2254/122/50 2230/123/40
f 2252/121/49 2230/123/40 2227/124/39
f 2248/125/43 2244/126/51 2238/127/52
f 2248/125/43 2238/127/52 2253/128/49
f 2250/129/44 2236/111/41 2231/110/40
f 2250/129/44 2231/110/40 2255/130/50
f 2246/118/45 2251/131/44 2256/132/50
f 2246/118/45 2256/132/50 2241/119/47
f 2234/133/53 2248/125/43 2253/128/49
f 2234/133/53 2253/128/49 2229/134/54
f 2237/135/48 2240/136/55 2254/122/50
f 2237/135/48 2254/122/50 2252/121/49
f 2232/137/42 2235/138/56 2249/114/44
f 2232/137/42 2249/114/44 2247/113/43
f 2258/109/39 2261/110/40 2266/111/41
f 2258/109/39 2266/111/41 2263/112/42
f 2277/113/43 2279/114/44 2275/115/45
f 2277/113/43 2275/115/45 2272/116/46
f 2273/117/46 2276/118/45 2271/119/47
f 2273/117/46 2271/119/47 2269/120/48
f 2282/121/49 2284/122/50 2260/123/40
f 2282/121/49 2260/123/40 2257/124/39
f 2278/125/43 2274/126/51 2268/127/52
f 2278/125/43 2268/127/52 2283/128/49
f 2280/129/44 2266/111/41 2261/110/40
f 2280/129/44 2261/110/40 2285/130/50
f 2276/118/45 2281/131/44 2286/132/50
f 2276/118/45 2286/132/50 2271/119/47
f 2264/133/53 2278/125/43 2283/128/49
f 2264/133/53 2283/128/49 2259/134/54
f 2267/135/48 2270/136/55 2284/122/50
f 2267/135/48 2284/122/50 2282/121/49
f 2262/137/42 2265/138/56 2279/114/44
f 2262/137/42 2279/114/44 2277/113/43
f 2288/109/39 2291/110/40 2296/111/41
f 2288/109/39 2296/111/41 2293/112/42
f 2307/113/43 2309/114/44 2305/115/45
f 2307/113/43 2305/115/45 2302/116/46
f 2303/117/46 2306/118/45 2301/119/47
f 2303/117/46 2301/119/47 2299/120/48
f 2312/121/49 2314/122/50 2290/123/40
f 2312/121/49 2290/123/40 2287/124/39
f 2308/125/43 2304/126/51 2298/127/52
f 2308/125/43 2298/127/52 2313/128/49
f 2310/129/44 2296/111/41 2291/110/40
f 2310/129/44 2291/110/40 2315/130/50
f 2306/118/45 2311/131/44 2316/132/50
f 2306/118/45 2316/132/50 2301/119/47
f 2294/133/53 2308/125/43 2313/128/49
f 2294/133/53 2313/128/49 2289/134/54
f 2297/135/48 2300/136/55 2314/122/50
f 2297/135/48 2314/122/50 2312/121/49
f 2292/137/42 2295/138/56 2309/114/44
f 2292/137/42 2309/114/44 2307/113/43
f 2318/109/39 2321/110/40 2326/111/41
f 2318/109/39 2326/111/41 2323/112/42
f 2337/113/43 2339/114/44 2335/115/45
f 2337/113/43 2335/115/45 2332/116/46
f 2333/117/46 2336/118/45 2331/119/47
f 2333/117/46 2331/119/47 2329/120/48
f 2342/121/49 2344/122/50 2320/123/40
f 2342/121/49 2320/123/40 2317/124/39
f 2338/125/43 2334/126/51 2328/127/52
f 2338/125/43 2328/127/52 2343/128/49
f 2340/129/44 2326/111/41 2321/110/40
f 2340/129/44 2321/110/40 2345/130/50
f 2336/118/45 2341/131/44 2346/132/50
f 2336/118/45 2346/132/50 2331/119/47
f 2324/133/53 2338/125/43 2343/128/49
f 2324/133/53 2343/128/49 2319/134/54
f 2327/135/48 2330/136/55 2344/122/50
f 2327/135/48 2344/122/50 2342/121/49
f 2322/137/42 2325/138/56 2339/114/44
f 2322/137/42 2339/114/44 2337/113/43
f 2348/109/39 2351/110/40 2356/111/41
f 2348/109/39 2356/111/41 2353/112/42
f 2367/113/43 2369/114/44 2365/115/45
f 2367/113/43 2365/115/45 2362/116/46
f 2363/117/46 2366/118/45 2361/119/47
f 2363/117/46 2361/119/47 2359/120/48
f 2372/121/49 2374/122/50 2350/123/40
f 2372/121/49 2350/123/40 2347/124/39
f 2368/125/43 2364/126/51 2358/127/52
f 2368/125/43 2358/127/52 2373/128/49
f 2370/129/44 2356/111/41 2351/110/40
f 2370/129/44 2351/110/40 2375/130/50
f 2366/118/45 2371/131/44 2376/132/50
f 2366/118/45 2376/132/50 2361/119/47
f 2354/133/53 2368/125/43 2373/128/49
f 2354/133/53 2373/128/49 2349/134/54
f 2357/135/48 2360/136/55 2374/122/50
f 2357/135/48 2374/122/50 2372/121/49
f 2352/137/42 2355/138/56 2369/114/44
f 2352/137/42 2369/114/44 2367/113/43
f 2378/109/39 2381/110/40 2386/111/41
f 2378/109/39 2386/111/41 2383/112/42
f 2397/113/43 2399/114/44 2395/115/45
f 2397/113/43 2395/115/45 2392/116/46
f 2393/117/46 2396/118/45 2391/119/47
f 2393/117/46 2391/119/47 2389/120/48
f 2402/121/49 2404/122/50 2380/123/40
f 2402/121/49 2380/123/40 2377/124/39
f 2398/125/43 2394/126/51 2388/127/52
f 2398/125/43 2388/127/52 2403/128/49
f 2400/129/44 2386/111/41 2381/110/40
f 2400/129/44 2381/110/40 2405/130/50
f 2396/118/45 2401/131/44 2406/132/50
f 2396/118/45 2406/132/50 2391/119/47
f 2384/133/53 2398/125/43 2403/128/49
f 2384/133/53 2403/128/49 2379/134/54
f 2387/135/48 2390/136/55 2404/122/50
f 2387/135/48 2404/122/50 2402/121/49
f 2382/137/42 2385/138/56 2399/114/44
f 2382/137/42 2399/114/44 2397/113/43
f 2408/109/39 2411/110/40 2416/111/41
f 2408/109/39 2416/111/41 2413/112/42
f 2427/113/43 2429/114/44 2425/115/45
f 2427/113/43 2425/115/45 2422/116/46
f 2423/117/46 2426/118/45 2421/119/47
f 2423/117/46 2421/119/47 2419/120/48
f 2432/121/49 2434/122/50 2410/123/40
f 2432/121/49 2410/123/40 2407/124/39
f 2428/125/43 2424/126/51 2418/127/52
f 2428/125/43 2418/127/52 2433/128/49
f 2430/129/44 2416/111/41 2411/110/40
f 2430/129/44 2411/110/40 2435/130/50
f 2426/118/45 2431/131/44 2436/132/50
f 2426/118/45 2436/132/50 2421/119/47
f 2414/133/53 2428/125/43 2433/128/49
f 2414/133/53 2433/128/49 2409/134/54
f 2417/135/48 2420/136/55 2434/122/50
f 2417/135/48 2434/122/50 2432/121/49
f 2412/137/42 2415/138/56 2429/114/44
f 2412/137/42 2429/114/44 2427/113/43
f 2438/109/39 2441/110/40 2446/111/41
f 2438/109/39 2446/111/41 2443/112/42
f 2457/113/43 2459/114/44 2455/115/45
f 2457/113/43 2455/115/45 2452/116/46
f 2453/117/46 2456/118/45 2451/119/47
f 2453/117/46 2451/119/47 2449/120/48
f 2462/121/49 2464/122/50 2440/123/40
f 2462/121/49 2440/123/40 2437/124/39
f 2458/125/43 2454/126/51 2448/127/52
f 2458/125/43 2448/127/52 2463/128/49
f 2460/129/44 2446/111/41 2441/110/40
f 2460/129/44 2441/110/40 2465/130/50
f 2456/118/45 2461/131/44 2466/132/50
f 2456/118/45 2466/132/50 2451/119/47
f 2444/133/53 2458/125/43 2463/128/49
f 2444/133/53 2463/128/49 2439/134/54
f 2447/135/48 2450/136/55 2464/122/50
f 2447/135/48 2464/122/50 2462/121/49
f 2442/137/42 2445/138/56 2459/114/44
f 2442/137/42 2459/114/44 2457/113/43
f 2468/109/39 2471/110/40 2476/111/41
f 2468/109/39 2476/111/41 2473/112/42
f 2487/113/43 2489/114/44 2485/115/45
f 2487/113/43 2485/115/45 2482/116/46
f 2483/117/46 2486/118/45 2481/119/47
f 2483/117/46 2481/119/47 2479/120/48
f 2492/121/49 2494/122/50 2470/123/40
f 2492/121/49 2470/123/40 2467/124/39
f 2488/125/43 2484/126/51 2478/127/52
f 2488/125/43 2478/127/52 2493/128/49
f 2490/129/44 2476/111/41 2471/110/40
f 2490/129/44 2471/110/40 2495/130/50
f 2486/118/45 2491/131/44 2496/132/50
f 2486/118/45 2496/132/50 2481/119/47
f 2474/133/53 2488/125/43 2493/128/49
f 2474/133/53 2493/128/49 2469/134/54
f 2477/135/48 2480/136/55 2494/122/50
f 2477/135/48 2494/122/50 2492/121/49
f 2472/137/42 2475/138/56 2489/114/44
f 2472/137/42 2489/114/44 2487/113/43
f 2498/109/39 2501/110/40 2506/111/41
f 2498/109/39 2506/111/41 2503/112/42
f 2517/113/43 2519/114/44 2515/115/45
f 2517/113/43 2515/115/45 2512/116/46
f 2513/117/46 2516/118/45 2511/119/47
f 2513/117/46 2511/119/47 2509/120/48
f 2522/121/49 2524/122/50 2500/123/40
f 2522/121/49 2500/123/40 2497/124/39
f 2518/125/43 2514/126/51 2508/127/52
f 2518/125/43 2508/127/52 2523/128/49
f 2520/129/44 2506/111/41 2501/110/40
f 2520/129/44 2501/110/40 2525/130/50
f 2516/118/45 2521/131/44 2526/132/50
f 2516/118/45 2526/132/50 2511/119/47
f 2504/133/53 2518/125/43 2523/128/49
f 2504/133/53 2523/128/49 2499/134/54
f 2507/135/48 2510/136/55 2524/122/50
f 2507/135/48 2524/122/50 2522/121/49
f 2502/137/42 2505/138/56 2519/114/44
f 2502/137/42 2519/114/44 2517/113/43
f 2528/109/39 2531/110/40 2536/111/41
f 2528/109/39 2536/111/41 2533/112/42
f 2547/113/43 2549/114/44 2545/115/45
f 2547/113/43 2545/115/45 2542/116/46
f 2543/117/46 2546/118/45 2541/119/47
f 2543/117/46 2541/119/47 2539/120/48
f 2552/121/49 2554/122/50 2530/123/40
f 2552/121/49 2530/123/40 2527/124/39
f 2548/125/43 2544/126/51 2538/127/52
f 2548/125/43 2538/127/52 2553/128/49
f 2550/129/44 2536/111/41 2531/110/40
f 2550/129/44 2531/110/40 2555/130/50
f 2546/118/45 2551/131/44 2556/132/50
f 2546/118/45 2556/132/50 2541/119/47
f 2534/133/53 2548/125/43 2553/128/49
f 2534/133/53 2553/128/49 2529/134/54
f 2537/135/48 2540/136/55 2554/122/50
f 2537/135/48 2554/122/50 2552/121/49
f 2532/137/42 2535/138/56 2549/114/44
f 2532/137/42 2549/114/44 2547/113/43
f 2558/109/39 2561/110/40 2566/111/41
f 2558/109/39 2566/111/41 2563/112/42
f 2577/113/43 2579/114/44 2575/115/45
f 2577/113/43 2575/115/45 2572/116/46
f 2573/117/46 2576/118/45 2571/119/47
f 2573/117/46 2571/119/47 2569/120/48
f 2582/121/49 2584/122/50 2560/123/40
f 2582/121/49 2560/123/40 2557/124/39
f 2578/125/43 2574/126/51 2568/127/52
f 2578/125/43 2568/127/52 2583/128/49
f 2580/129/44 2566/111/41 2561/110/40
f 2580/129/44 2561/110/40 2585/130/50
f 2576/118/45 2581/131/44 2586/132/50
f 2576/118/45 2586/132/50 2571/119/47
f 2564/133/53 2578/125/43 2583/128/49
f 2564/133/53 2583/128/49 2559/134/54
f 2567/135/48 2570/136/55 2584/122/50
f 2567/135/48 2584/122/50 2582/121/49
f 2562/137/42 2565/138/56 2579/114/44
f 2562/137/42 2579/114/44 2577/113/43
f 2588/109/39 2591/110/40 2596/111/41
f 2588/109/39 2596/111/41 2593/112/42
f 2607/113/43 2609/114/44 2605/115/45
f 2607/113/43 2605/115/45 2602/116/46
f 2603/117/46 2606/118/45 2601/119/47
f 2603/117/46 2601/119/47 2599/120/48
f 2612/121/49 2614/122/50 2590/123/40
f 2612/121/49 2590/123/40 2587/124/39
f 2608/125/43 2604/126/51 2598/127/52
f 2608/125/43 2598/127/52 2613/128/49
f 2610/129/44 2596/111/41 2591/110/40
f 2610/129/44 2591/110/40 2615/130/50
f 2606/118/45 2611/131/44 2616/132/50
f 2606/118/45 2616/132/50 2601/119/47
f 2594/133/53 2608/125/43 2613/128/49
f 2594/133/53 2613/128/49 2589/134/54
f 2597/135/48 2600/136/55 2614/122/50
f 2597/135/48 2614/122/50 2612/121/49
f 2592/137/42 2595/138/56 2609/114/44
f 2592/137/42 2609/114/44 2607/113/43
f 2618/109/39 2621/110/40 2626/111/41
f 2618/109/39 2626/111/41 2623/112/42
f 2637/113/43 2639/114/44 2635/115/45
f 2637/113/43 2635/115/45 2632/116/46
f 2633/117/46 2636/118/45 2631/119/47
f 2633/117/46 2631/119/47 2629/120/48
f 2642/121/49 2644/122/50 2620/123/40
f 2642/121/49 2620/123/40 2617/124/39
f 2638/125/43 2634/126/51 2628/127/52
f 2638/125/43 2628/127/52 2643/128/49
f 2640/129/44 2626/111/41 2621/110/40
f 2640/129/44 2621/110/40 2645/130/50
f 2636/118/45 2641/131/44 2646/132/50
f 2636/118/45 2646/132/50 2631/119/47
f 2624/133/53 2638/125/43 2643/128/49
f 2624/133/53 2643/128/49 2619/134/54
f 2627/135/48 2630/136/55 2644/122/50
f 2627/135/48 2644/122/50 2642/121/49
f 2622/137/42 2625/138/56 2639/114/44
f 2622/137/42 2639/114/44 2637/113/43
f 2648/109/39 2651/110/40 2656/111/41
f 2648/109/39 2656/111/41 2653/112/42
f 2667/113/43 2669/114/44 2665/115/45
f 2667/113/43 2665/115/45 2662/116/46
f 2663/117/46 2666/118/45 2661/119/47
f 2663/117/46 2661/119/47 2659/120/48
f 2672/121/49 2674/122/50 2650/123/40
f 2672/121/49 2650/123/40 2647/124/39
f 2668/125/43 2664/126/51 2658/127/52
f 2668/125/43 2658/127/52 2673/128/49
f 2670/129/44 2656/111/41 2651/110/40
f 2670/129/44 2651/110/40 2675/130/50
f 2666/118/45 2671/131/44 2676/132/50
f 2666/118/45 2676/132/50 2661/119/47
f 2654/133/53 2668/125/43 2673/128/49
f 2654/133/53 2673/128/49 2649/134/54
f 2657/135/48 2660/136/55 2674/122/50
f 2657/135/48 2674/122/50 2672/121/49
f 2652/137/42 2655/138/56 2669/114/44
f 2652/137/42 2669/114/44 2667/113/43
f 2678/109/39 2681/110/40 2686/111/41
f 2678/109/39 2686/111/41 2683/112/42
f 2697/113/43 2699/114/44 2695/115/45
f 2697/113/43 2695/115/45 2692/116/46
f 2693/117/46 2696/118/45 2691/119/47
f 2693/117/46 2691/119/47 2689/120/48
f 2702/121/49 2704/122/50 2680/123/40
f 2702/121/49 2680/123/40 2677/124/39
f 2698/125/43 2694/126/51 2688/127/52
f 2698/125/43 2688/127/52 2703/128/49
f 2700/129/44 2686/111/41 2681/110/40
f 2700/129/44 2681/110/40 2705/130/50
f 2696/118/45 2701/131/44 2706/132/50
f 2696/118/45 2706/132/50 2691/119/47
f 2684/133/53 2698/125/43 2703/128/49
f 2684/133/53 2703/128/49 2679/134/54
f 2687/135/48 2690/136/55 2704/122/50
f 2687/135/48 2704/122/50 2702/121/49
f 2682/137/42 2685/138/56 2699/114/44
f 2682/137/42 2699/114/44 2697/113/43
s 0
f 2709/139/57 2712/140/57 2718/141/57
f 2709/139/57 2718/141/57 2715/142/57
f 2713/143/58 2716/144/58 2728/145/58
f 2713/143/58 2728/145/58 2725/146/58
f 2727/147/59 2730/148/59 2724/149/59
f 2727/147/59 2724/149/59 2721/150/59
f 2719/151/60 2722/152/60 2710/153/60
f 2719/151/60 2710/153/60 2707/154/60
f 2714/155/61 2726/156/61 2720/157/61
f 2714/155/61 2720/157/61 2708/158/61
f 2729/159/62 2717/160/62 2711/161/62
f 2729/159/62 2711/161/62 2723/162/62
f 2733/139/57 2736/140/57 2742/141/57
f 2733/139/57 2742/141/57 2739/142/57
f 2737/143/58 2740/144/58 2752/145/58
f 2737/143/58 2752/145/58 2749/146/58
f 2751/147/59 2754/148/59 2748/149/59
f 2751/147/59 2748/149/59 2745/150/59
f 2743/151/60 2746/152/60 2734/153/60
f 2743/151/60 2734/153/60 2731/154/60
f 2738/155/61 2750/156/61 2744/157/61
f 2738/155/61 2744/157/61 2732/158/61
f 2753/159/62 2741/160/62 2735/161/62
f 2753/159/62 2735/161/62 2747/162/62
o Fence.001
v 76.027878 -11.744583 0.480022
v 76.027878 -11.744583 0.480022
v 76.027878 -11.744583 0.480022
v 76.027878 -10.389771 0.480022
v 76.027878 -10.389771 0.480022
v 76.027878 -11.744583 0.344540
v 76.027878 -11.744583 0.344540
v 76.027878 -11.744583 0.344540
v 76.027878 -10.389771 0.344540
v 76.027878 -10.389771 0.344540
v 76.298843 -11.744583 0.480022
v 76.298843 -11.744583 0.480022
v 76.298843 -11.744583 0.480022
v 76.298843 -10.389771 0.480022
v 76.298843 -10.389771 0.480022
v 76.298843 -11.744583 0.344540
v 76.298843 -11.744583 0.344540
v 76.298843 -11.744583 0.344540
v 76.298843 -10.389771 0.344540
v 76.298843 -10.389771 0.344540
v 76.163361 -11.744583 0.344540
v 76.163361 -11.744583 0.344540
v 76.163361 -10.291141 0.344540
v 76.163361 -10.291141 0.344540
v 76.163361 -10.291141 0.344540
v 76.163361 -11.744583 0.480022
v 76.163361 -11.744583 0.480022
v 76.163361 -10.291141 0.480022
v 76.163361 -10.291141 0.480022
v 76.163361 -10.291141 0.480022
v 71.627876 -11.744583 0.480022
v 71.627876 -11.744583 0.480022
v 71.627876 -11.744583 0.480022
v 71.627876 -10.389771 0.480022
v 71.627876 -10.389771 0.480022
v 71.627876 -11.744583 0.344540
v 71.627876 -11.744583 0.344540
v 71.627876 -11.744583 0.344540
v 71.627876 -10.389771 0.344540
v 71.627876 -10.389771 0.344540
v 71.898842 -11.744583 0.480022
v 71.898842 -11.744583 0.480022
v 71.898842 -11.744583 0.480022
v 71.898842 -10.389771 0.480022
v 71.898842 -10.389771 0.480022
v 71.898842 -11.744583 0.344540
v 71.898842 -11.744583 0.344540
v 71.898842 -11.744583 0.344540
v 71.898842 -10.389771 0.344540
v 71.898842 -10.389771 0.344540
v 71.763359 -11.744583 0.344540
v 71.763359 -11.744583 0.344540
v 71.763359 -10.291141 0.344540
v 71.763359 -10.291141 0.344540
v 71.763359 -10.291141 0.344540
v 71.763359 -11.744583 0.480022
v 71.763359 -11.744583 0.480022
v 71.763359 -10.291141 0.480022
v 71.763359 -10.291141 0.480022
v 71.763359 -10.291141 0.480022
v 72.027878 -11.744583 0.480022
v 72.027878 -11.744583 0.480022
v 72.027878 -11.744583 0.480022
v 72.027878 -10.389771 0.480022
v 72.027878 -10.389771 0.480022
v 72.027878 -11.744583 0.344540
v 72.027878 -11.744583 0.344540
v 72.027878 -11.744583 0.344540
v 72.027878 -10.389771 0.344540
v 72.027878 -10.389771 0.344540
v 72.298843 -11.744583 0.480022
v 72.298843 -11.744583 0.480022
v 72.298843 -11.744583 0.480022
v 72.298843 -10.389771 0.480022
v 72.298843 -10.389771 0.480022
v 72.298843 -11.744583 0.344540
v 72.298843 -11.744583 0.344540
v 72.298843 -11.744583 0.344540
v 72.298843 -10.389771 0.344540
v 72.298843 -10.389771 0.344540
v 72.163361 -11.744583 0.344540
v 72.163361 -11.744583 0.344540
v 72.163361 -10.291141 0.344540
v 72.163361 -10.291141 0.344540
v 72.163361 -10.291141 0.344540
v 72.163361 -11.744583 0.480022
v 72.163361 -11.744583 0.480022
v 72.163361 -10.291141 0.480022
v 72.163361 -10.291141 0.480022
v 72.163361 -10.291141 0.480022
v 72.427879 -11.744583 0.480022
v 72.427879 -11.744583 0.480022
v 72.427879 -11.744583 0.480022
v 72.427879 -10.389771 0.480022
v 72.427879 -10.389771 0.480022
v 72.427879 -11.744583 0.344540
v 72.427879 -11.744583 0.344540
v 72.427879 -11.744583 0.344540
v 72.427879 -10.389771 0.344540
v 72.427879 -10.389771 0.344540
v 72.698845 -11.744583 0.480022
v 72.698845 -11.744583 0.480022
v 72.698845 -11.744583 0.480022
v 72.698845 -10.389771 0.480022
v 72.698845 -10.389771 0.480022
v 72.698845 -11.744583 0.344540
v 72.698845 -11.744583 0.344540
v 72.698845 -11.744583 0.344540
v 72.698845 -10.389771 0.344540
v 72.698845 -10.389771 0.344540
v 72.563362 -11.744583 0.344540
v 72.563362 -11.744583 0.344540
v 72.563362 -10.291141 0.344540
v 72.563362 -10.291141 0.344540
v 72.563362 -10.291141 0.344540
v 72.563362 -11.744583 0.480022
v 72.563362 -11.744583 0.480022
v 72.563362 -10.291141 0.480022
v 72.563362 -10.291141 0.480022
v 72.563362 -10.291141 0.480022
v 72.827881 -11.744583 0.480022
v 72.827881 -11.744583 0.480022
v 72.827881 -11.744583 0.480022
v 72.827881 -10.389771 0.480022
v 72.827881 -10.389771 0.480022
v 72.827881 -11.744583 0.344540
v 72.827881 -11.744583 0.344540
v 72.827881 -11.744583 0.344540
v 72.827881 -10.389771 0.344540
v 72.827881 -10.389771 0.344540
v 73.098839 -11.744583 0.480022
v 73.098839 -11.744583 0.480022
v 73.098839 -11.744583 0.480022
v 73.098839 -10.389771 0.480022
v 73.098839 -10.389771 0.480022
v 73.098839 -11.744583 0.344540
v 73.098839 -11.744583 0.344540
v 73.098839 -11.744583 0.344540
v 73.098839 -10.389771 0.344540
v 73.098839 -10.389771 0.344540
v 72.963364 -11.744583 0.344540
v 72.963364 -11.744583 0.344540
v 72.963364 -10.291141 0.344540
v 72.963364 -10.291141 0.344540
v 72.963364 -10.291141 0.344540
v 72.963364 -11.744583 0.480022
v 72.963364 -11.744583 0.480022
v 72.963364 -10.291141 0.480022
v 72.963364 -10.291141 0.480022
v 72.963364 -10.291141 0.480022
v 73.227882 -11.744583 0.480022
v 73.227882 -11.744583 0.480022
v 73.227882 -11.744583 0.480022
v 73.227882 -10.389771 0.480022
v 73.227882 -10.389771 0.480022
v 73.227882 -11.744583 0.344540
v 73.227882 -11.744583 0.344540
v 73.227882 -11.744583 0.344540
v 73.227882 -10.389771 0.344540
v 73.227882 -10.389771 0.344540
v 73.498840 -11.744583 0.480022
v 73.498840 -11.744583 0.480022
v 73.498840 -11.744583 0.480022
v 73.498840 -10.389771 0.480022
v 73.498840 -10.389771 0.480022
v 73.498840 -11.744583 0.344540
v 73.498840 -11.744583 0.344540
v 73.498840 -11.744583 0.344540
v 73.498840 -10.389771 0.344540
v 73.498840 -10.389771 0.344540
v 73.363358 -11.744583 0.344540
v 73.363358 -11.744583 0.344540
v 73.363358 -10.291141 0.344540
v 73.363358 -10.291141 0.344540
v 73.363358 -10.291141 0.344540
v 73.363358 -11.744583 0.480022
v 73.363358 -11.744583 0.480022
v 73.363358 -10.291141 0.480022
v 73.363358 -10.291141 0.480022
v 73.363358 -10.291141 0.480022
v 73.627876 -11.744583 0.480022
v 73.627876 -11.744583 0.480022
v 73.627876 -11.744583 0.480022
v 73.627876 -10.389771 0.480022
v 73.627876 -10.389771 0.480022
v 73.627876 -11.744583 0.344540
v 73.627876 -11.744583 0.344540
v 73.627876 -11.744583 0.344540
v 73.627876 -10.389771 0.344540
v 73.627876 -10.389771 0.344540
v 73.898842 -11.744583 0.480022
v 73.898842 -11.744583 0.480022
v 73.898842 -11.744583 0.480022
v 73.898842 -10.389771 0.480022
v 73.898842 -10.389771 0.480022
v 73.898842 -11.744583 0.344540
v 73.898842 -11.744583 0.344540
v 73.898842 -11.744583 0.344540
v 73.898842 -10.389771 0.344540
v 73.898842 -10.389771 0.344540
v 73.763359 -11.744583 0.344540
v 73.763359 -11.744583 0.344540
v 73.763359 -10.291141 0.344540
v 73.763359 -10.291141 0.344540
v 73.763359 -10.291141 0.344540
v 73.763359 -11.744583 0.480022
v 73.763359 -11.744583 0.480022
v 73.763359 -10.291141 0.480022
v 73.763359 -10.291141 0.480022
v 73.763359 -10.291141 0.480022
v 74.027878 -11.744583 0.480022
v 74.027878 -11.744583 0.480022
v 74.027878 -11.744583 0.480022
v 74.027878 -10.389771 0.480022
v 74.027878 -10.389771 0.480022
v 74.027878 -11.744583 0.344540
v 74.027878 -11.744583 0.344540
v 74.027878 -11.744583 0.344540
v 74.027878 -10.389771 0.344540
v 74.027878 -10.389771 0.344540
v 74.298843 -11.744583 0.480022
v 74.298843 -11.744583 0.480022
v 74.298843 -11.744583 0.480022
v 74.298843 -10.389771 0.480022
v 74.298843 -10.389771 0.480022
v 74.298843 -11.744583 0.344540
v 74.298843 -11.744583 0.344540
v 74.298843 -11.744583 0.344540
v 74.298843 -10.389771 0.344540
v 74.298843 -10.389771 0.344540
v 74.163361 -11.744583 0.344540
v 74.163361 -11.744583 0.344540
v 74.163361 -10.291141 0.344540
v 74.163361 -10.291141 0.344540
v 74.163361 -10.291141 0.344540
v 74.163361 -11.744583 0.480022
v 74.163361 -11.744583 0.480022
v 74.163361 -10.291141 0.480022
v 74.163361 -10.291141 0.480022
v 74.163361 -10.291141 0.480022
v 74.427879 -11.744583 0.480022
v 74.427879 -11.744583 0.480022
v 74.427879 -11.744583 0.480022
v 74.427879 -10.389771 0.480022
v 74.427879 -10.389771 0.480022
v 74.427879 -11.744583 0.344540
v 74.427879 -11.744583 0.344540
v 74.427879 -11.744583 0.344540
v 74.427879 -10.389771 0.344540
v 74.427879 -10.389771 0.344540
v 74.698845 -11.744583 0.480022
v 74.698845 -11.744583 0.480022
v 74.698845 -11.744583 0.480022
v 74.698845 -10.389771 0.480022
v 74.698845 -10.389771 0.480022
v 74.698845 -11.744583 0.344540
v 74.698845 -11.744583 0.344540
v 74.698845 -11.744583 0.344540
v 74.698845 -10.389771 0.344540
v 74.698845 -10.389771 0.344540
v 74.563362 -11.744583 0.344540
v 74.563362 -11.744583 0.344540
v 74.563362 -10.291141 0.344540
v 74.563362 -10.291141 0.344540
v 74.563362 -10.291141 0.344540
v 74.563362 -11.744583 0.480022
v 74.563362 -11.744583 0.480022
v 74.563362 -10.291141 0.480022
v 74.563362 -10.291141 0.480022
v 74.563362 -10.291141 0.480022
v 74.827881 -11.744583 0.480022
v 74.827881 -11.744583 0.480022
v 74.827881 -11.744583 0.480022
v 74.827881 -10.389771 0.480022
v 74.827881 -10.389771 0.480022
v 74.827881 -11.744583 0.344540
v 74.827881 -11.744583 0.344540
v 74.827881 -11.744583 0.344540
v 74.827881 -10.389771 0.344540
v 74.827881 -10.389771 0.344540
v 75.098839 -11.744583 0.480022
v 75.098839 -11.744583 0.480022
v 75.098839 -11.744583 0.480022
v 75.098839 -10.389771 0.480022
v 75.098839 -10.389771 0.480022
v 75.098839 -11.744583 0.344540
v 75.098839 -11.744583 0.344540
v 75.098839 -11.744583 0.344540
v 75.098839 -10.389771 0.344540
v 75.098839 -10.389771 0.344540
v 74.963364 -11.744583 0.344540
v 74.963364 -11.744583 0.344540
v 74.963364 -10.291141 0.344540
v 74.963364 -10.291141 0.344540
v 74.963364 -10.291141 0.344540
v 74.963364 -11.744583 0.480022
v 74.963364 -11.744583 0.480022
v 74.963364 -10.291141 0.480022
v 74.963364 -10.291141 0.480022
v 74.963364 -10.291141 0.480022
v 75.227882 -11.744583 0.480022
v 75.227882 -11.744583 0.480022
v 75.227882 -11.744583 0.480022
v 75.227882 -10.389771 0.480022
v 75.227882 -10.389771 0.480022
v 75.227882 -11.744583 0.344540
v 75.227882 -11.744583 0.344540
v 75.227882 -11.744583 0.344540
v 75.227882 -10.389771 0.344540
v 75.227882 -10.389771 0.344540
v 75.498840 -11.744583 0.480022
v 75.498840 -11.744583 0.480022
v 75.498840 -11.744583 0.480022
v 75.498840 -10.389771 0.480022
v 75.498840 -10.389771 0.480022
v 75.498840 -11.744583 0.344540
v 75.498840 -11.744583 0.344540
v 75.498840 -11.744583 0.344540
v 75.498840 -10.389771 0.344540
v 75.498840 -10.389771 0.344540
v 75.363358 -11.744583 0.344540
v 75.363358 -11.744583 0.344540
v 75.363358 -10.291141 0.344540
v 75.363358 -10.291141 0.344540
v 75.363358 -10.291141 0.344540
v 75.363358 -11.744583 0.480022
v 75.363358 -11.744583 0.480022
v 75.363358 -10.291141 0.480022
v 75.363358 -10.291141 0.480022
v 75.363358 -10.291141 0.480022
v 75.627876 -11.744583 0.480022
v 75.627876 -11.744583 0.480022
v 75.627876 -11.744583 0.480022
v 75.627876 -10.389771 0.480022
v 75.627876 -10.389771 0.480022
v 75.627876 -11.744583 0.344540
v 75.627876 -11.744583 0.344540
v 75.627876 -11.744583 0.344540
v 75.627876 -10.389771 0.344540
v 75.627876 -10.389771 0.344540
v 75.898842 -11.744583 0.480022
v 75.898842 -11.744583 0.480022
v 75.898842 -11.744583 0.480022
v 75.898842 -10.389771 0.480022
v 75.898842 -10.389771 0.480022
v 75.898842 -11.744583 0.344540
v 75.898842 -11.744583 0.344540
v 75.898842 -11.744583 0.344540
v 75.898842 -10.389771 0.344540
v 75.898842 -10.389771 0.344540
v 75.763359 -11.744583 0.344540
v 75.763359 -11.744583 0.344540
v 75.763359 -10.291141 0.344540
v 75.763359 -10.291141 0.344540
v 75.763359 -10.291141 0.344540
v 75.763359 -11.744583 0.480022
v 75.763359 -11.744583 0.480022
v 75.763359 -10.291141 0.480022
v 75.763359 -10.291141 0.480022
v 75.763359 -10.291141 0.480022
v 76.427879 -11.744583 0.480022
v 76.427879 -11.744583 0.480022
v 76.427879 -11.744583 0.480022
v 76.427879 -10.389771 0.480022
v 76.427879 -10.389771 0.480022
v 76.427879 -11.744583 0.344540
v 76.427879 -11.744583 0.344540
v 76.427879 -11.744583 0.344540
v 76.427879 -10.389771 0.344540
v 76.427879 -10.389771 0.344540
v 76.698845 -11.744583 0.480022
v 76.698845 -11.744583 0.480022
v 76.698845 -11.744583 0.480022
v 76.698845 -10.389771 0.480022
v 76.698845 -10.389771 0.480022
v 76.698845 -11.744583 0.344540
v 76.698845 -11.744583 0.344540
v 76.698845 -11.744583 0.344540
v 76.698845 -10.389771 0.344540
v 76.698845 -10.389771 0.344540
v 76.563362 -11.744583 0.344540
v 76.563362 -11.744583 0.344540
v 76.563362 -10.291141 0.344540
v 76.563362 -10.291141 0.344540
v 76.563362 -10.291141 0.344540
v 76.563362 -11.744583 0.480022
v 76.563362 -11.744583 0.480022
v 76.563362 -10.291141 0.480022
v 76.563362 -10.291141 0.480022
v 76.563362 -10.291141 0.480022
v 76.827881 -11.744583 0.480022
v 76.827881 -11.744583 0.480022
v 76.827881 -11.744583 0.480022
v 76.827881 -10.389771 0.480022
v 76.827881 -10.389771 0.480022
v 76.827881 -11.744583 0.344540
v 76.827881 -11.744583 0.344540
v 76.827881 -11.744583 0.344540
v 76.827881 -10.389771 0.344540
v 76.827881 -10.389771 0.344540
v 77.098839 -11.744583 0.480022
v 77.098839 -11.744583 0.480022
v 77.098839 -11.744583 0.480022
v 77.098839 -10.389771 0.480022
v 77.098839 -10.389771 0.480022
v 77.098839 -11.744583 0.344540
v 77.098839 -11.744583 0.344540
v 77.098839 -11.744583 0.344540
v 77.098839 -10.389771 0.344540
v 77.098839 -10.389771 0.344540
v 76.963364 -11.744583 0.344540
v 76.963364 -11.744583 0.344540
v 76.963364 -10.291141 0.344540
v 76.963364 -10.291141 0.344540
v 76.963364 -10.291141 0.344540
v 76.963364 -11.744583 0.480022
v 76.963364 -11.744583 0.480022
v 76.963364 -10.291141 0.480022
v 76.963364 -10.291141 0.480022
v 76.963364 -10.291141 0.480022
v 77.227882 -11.744583 0.480022
v 77.227882 -11.744583 0.480022
v 77.227882 -11.744583 0.480022
v 77.227882 -10.389771 0.480022
v 77.227882 -10.389771 0.480022
v 77.227882 -11.744583 0.344540
v 77.227882 -11.744583 0.344540
v 77.227882 -11.744583 0.344540
v 77.227882 -10.389771 0.344540
v 77.227882 -10.389771 0.344540
v 77.498840 -11.744583 0.480022
v 77.498840 -11.744583 0.480022
v 77.498840 -11.744583 0.480022
v 77.498840 -10.389771 0.480022
v 77.498840 -10.389771 0.480022
v 77.498840 -11.744583 0.344540
v 77.498840 -11.744583 0.344540
v 77.498840 -11.744583 0.344540
v 77.498840 -10.389771 0.344540
v 77.498840 -10.389771 0.344540
v 77.363358 -11.744583 0.344540
v 77.363358 -11.744583 0.344540
v 77.363358 -10.291141 0.344540
v 77.363358 -10.291141 0.344540
v 77.363358 -10.291141 0.344540
v 77.363358 -11.744583 0.480022
v 77.363358 -11.744583 0.480022
v 77.363358 -10.291141 0.480022
v 77.363358 -10.291141 0.480022
v 77.363358 -10.291141 0.480022
v 77.627876 -11.744583 0.480022
v 77.627876 -11.744583 0.480022
v 77.627876 -11.744583 0.480022
v 77.627876 -10.389771 0.480022
v 77.627876 -10.389771 0.480022
v 77.627876 -11.744583 0.344540
v 77.627876 -11.744583 0.344540
v 77.627876 -11.744583 0.344540
v 77.627876 -10.389771 0.344540
v 77.627876 -10.389771 0.344540
v 77.898842 -11.744583 0.480022
v 77.898842 -11.744583 0.480022
v 77.898842 -11.744583 0.480022
v 77.898842 -10.389771 0.480022
v 77.898842 -10.389771 0.480022
v 77.898842 -11.744583 0.344540
v 77.898842 -11.744583 0.344540
v 77.898842 -11.744583 0.344540
v 77.898842 -10.389771 0.344540
v 77.898842 -10.389771 0.344540
v 77.763359 -11.744583 0.344540
v 77.763359 -11.744583 0.344540
v 77.763359 -10.291141 0.344540
v 77.763359 -10.291141 0.344540
v 77.763359 -10.291141 0.344540
v 77.763359 -11.744583 0.480022
v 77.763359 -11.744583 0.480022
v 77.763359 -10.291141 0.480022
v 77.763359 -10.291141 0.480022
v 77.763359 -10.291141 0.480022
v 78.027878 -11.744583 0.480022
v 78.027878 -11.744583 0.480022
v 78.027878 -11.744583 0.480022
v 78.027878 -10.389771 0.480022
v 78.027878 -10.389771 0.480022
v 78.027878 -11.744583 0.344540
v 78.027878 -11.744583 0.344540
v 78.027878 -11.744583 0.344540
v 78.027878 -10.389771 0.344540
v 78.027878 -10.389771 0.344540
v 78.298843 -11.744583 0.480022
v 78.298843 -11.744583 0.480022
v 78.298843 -11.744583 0.480022
v 78.298843 -10.389771 0.480022
v 78.298843 -10.389771 0.480022
v 78.298843 -11.744583 0.344540
v 78.298843 -11.744583 0.344540
v 78.298843 -11.744583 0.344540
v 78.298843 -10.389771 0.344540
v 78.298843 -10.389771 0.344540
v 78.163361 -11.744583 0.344540
v 78.163361 -11.744583 0.344540
v 78.163361 -10.291141 0.344540
v 78.163361 -10.291141 0.344540
v 78.163361 -10.291141 0.344540
v 78.163361 -11.744583 0.480022
v 78.163361 -11.744583 0.480022
v 78.163361 -10.291141 0.480022
v 78.163361 -10.291141 0.480022
v 78.163361 -10.291141 0.480022
v 78.427879 -11.744583 0.480022
v 78.427879 -11.744583 0.480022
v 78.427879 -11.744583 0.480022
v 78.427879 -10.389771 0.480022
v 78.427879 -10.389771 0.480022
v 78.427879 -11.744583 0.344540
v 78.427879 -11.744583 0.344540
v 78.427879 -11.744583 0.344540
v 78.427879 -10.389771 0.344540
v 78.427879 -10.389771 0.344540
v 78.698845 -11.744583 0.480022
v 78.698845 -11.744583 0.480022
v 78.698845 -11.744583 0.480022
v 78.698845 -10.389771 0.480022
v 78.698845 -10.389771 0.480022
v 78.698845 -11.744583 0.344540
v 78.698845 -11.744583 0.344540
v 78.698845 -11.744583 0.344540
v 78.698845 -10.389771 0.344540
v 78.698845 -10.389771 0.344540
v 78.563362 -11.744583 0.344540
v 78.563362 -11.744583 0.344540
v 78.563362 -10.291141 0.344540
v 78.563362 -10.291141 0.344540
v 78.563362 -10.291141 0.344540
v 78.563362 -11.744583 0.480022
v 78.563362 -11.744583 0.480022
v 78.563362 -10.291141 0.480022
v 78.563362 -10.291141 0.480022
v 78.563362 -10.291141 0.480022
v 78.827881 -11.744583 0.480022
v 78.827881 -11.744583 0.480022
v 78.827881 -11.744583 0.480022
v 78.827881 -10.389771 0.480022
v 78.827881 -10.389771 0.480022
v 78.827881 -11.744583 0.344540
v 78.827881 -11.744583 0.344540
v 78.827881 -11.744583 0.344540
v 78.827881 -10.389771 0.344540
v 78.827881 -10.389771 0.344540
v 79.098839 -11.744583 0.480022
v 79.098839 -11.744583 0.480022
v 79.098839 -11.744583 0.480022
v 79.098839 -10.389771 0.480022
v 79.098839 -10.389771 0.480022
v 79.098839 -11.744583 0.344540
v 79.098839 -11.744583 0.344540
v 79.098839 -11.744583 0.344540
v 79.098839 -10.389771 0.344540
v 79.098839 -10.389771 0.344540
v 78.963364 -11.744583 0.344540
v 78.963364 -11.744583 0.344540
v 78.963364 -10.291141 0.344540
v 78.963364 -10.291141 0.344540
v 78.963364 -10.291141 0.344540
v 78.963364 -11.744583 0.480022
v 78.963364 -11.744583 0.480022
v 78.963364 -10.291141 0.480022
v 78.963364 -10.291141 0.480022
v 78.963364 -10.291141 0.480022
v 79.227882 -11.744583 0.480022
v 79.227882 -11.744583 0.480022
v 79.227882 -11.744583 0.480022
v 79.227882 -10.389771 0.480022
v 79.227882 -10.389771 0.480022
v 79.227882 -11.744583 0.344540
v 79.227882 -11.744583 0.344540
v 79.227882 -11.744583 0.344540
v 79.227882 -10.389771 0.344540
v 79.227882 -10.389771 0.344540
v 79.498840 -11.744583 0.480022
v 79.498840 -11.744583 0.480022
v 79.498840 -11.744583 0.480022
v 79.498840 -10.389771 0.480022
v 79.498840 -10.389771 0.480022
v 79.498840 -11.744583 0.344540
v 79.498840 -11.744583 0.344540
v 79.498840 -11.744583 0.344540
v 79.498840 -10.389771 0.344540
v 79.498840 -10.389771 0.344540
v 79.363358 -11.744583 0.344540
v 79.363358 -11.744583 0.344540
v 79.363358 -10.291141 0.344540
v 79.363358 -10.291141 0.344540
v 79.363358 -10.291141 0.344540
v 79.363358 -11.744583 0.480022
v 79.363358 -11.744583 0.480022
v 79.363358 -10.291141 0.480022
v 79.363358 -10.291141 0.480022
v 79.363358 -10.291141 0.480022
v 79.627876 -11.744583 0.480022
v 79.627876 -11.744583 0.480022
v 79.627876 -11.744583 0.480022
v 79.627876 -10.389771 0.480022
v 79.627876 -10.389771 0.480022
v 79.627876 -11.744583 0.344540
v 79.627876 -11.744583 0.344540
v 79.627876 -11.744583 0.344540
v 79.627876 -10.389771 0.344540
v 79.627876 -10.389771 0.344540
v 79.898842 -11.744583 0.480022
v 79.898842 -11.744583 0.480022
v 79.898842 -11.744583 0.480022
v 79.898842 -10.389771 0.480022
v 79.898842 -10.389771 0.480022
v 79.898842 -11.744583 0.344540
v 79.898842 -11.744583 0.344540
v 79.898842 -11.744583 0.344540
v 79.898842 -10.389771 0.344540
v 79.898842 -10.389771 0.344540
v 79.763359 -11.744583 0.344540
v 79.763359 -11.744583 0.344540
v 79.763359 -10.291141 0.344540
v 79.763359 -10.291141 0.344540
v 79.763359 -10.291141 0.344540
v 79.763359 -11.744583 0.480022
v 79.763359 -11.744583 0.480022
v 79.763359 -10.291141 0.480022
v 79.763359 -10.291141 0.480022
v 79.763359 -10.291141 0.480022
v 71.748131 -10.811431 0.374293
v 71.748131 -10.811431 0.374293
v 71.748131 -10.811431 0.374293
v 71.748131 -10.690424 0.374293
v 71.748131 -10.690424 0.374293
v 71.748131 -10.690424 0.374293
v 71.748131 -10.811431 0.299007
v 71.748131 -10.811431 0.299007
v 71.748131 -10.811431 0.299007
v 71.748131 -10.690424 0.299007
v 71.748131 -10.690424 0.299007
v 71.748131 -10.690424 0.299007
v 79.768860 -10.811431 0.374293
v 79.768860 -10.811431 0.374293
v 79.768860 -10.811431 0.374293
v 79.768860 -10.690424 0.374293
v 79.768860 -10.690424 0.374293
v 79.768860 -10.690424 0.374293
v 79.768860 -10.811431 0.299007
v 79.768860 -10.811431 0.299007
v 79.768860 -10.811431 0.299007
v 79.768860 -10.690424 0.299007
v 79.768860 -10.690424 0.299007
v 79.768860 -10.690424 0.299007
v 71.748131 -11.366888 0.374293
v 71.748131 -11.366888 0.374293
v 71.748131 -11.366888 0.374293
v 71.748131 -11.245881 0.374293
v 71.748131 -11.245881 0.374293
v 71.748131 -11.245881 0.374293
v 71.748131 -11.366888 0.299007
v 71.748131 -11.366888 0.299007
v 71.748131 -11.366888 0.299007
v 71.748131 -11.245881 0.299007
v 71.748131 -11.245881 0.299007
v 71.748131 -11.245881 0.299007
v 79.768860 -11.366888 0.374293
v 79.768860 -11.366888 0.374293
v 79.768860 -11.366888 0.374293
v 79.768860 -11.245881 0.374293
v 79.768860 -11.245881 0.374293
v 79.768860 -11.245881 0.374293
v 79.768860 -11.366888 0.299007
v 79.768860 -11.366888 0.299007
v 79.768860 -11.366888 0.299007
v 79.768860 -11.245881 0.299007
v 79.768860 -11.245881 0.299007
v 79.768860 -11.245881 0.299007
vn -1.0000 -0.0000 -0.0000
vn -0.9854 0.1705 -0.0000
vn -0.9854 0.1704 -0.0000
vn -0.0000 -0.0000 -1.0000
vn 1.0000 -0.0000 -0.0000
vn 0.9854 0.1705 -0.0000
vn 0.9854 0.1704 -0.0000
vn -0.0000 -0.0000 1.0000
vn -0.0000 -1.0000 -0.0000
vn -0.0002 1.0000 0.0001
vn -0.0002 1.0000 -0.0001
vn 0.0002 1.0000 0.0001
vn 0.0002 1.0000 -0.0001
vn -0.0000 1.0000 -0.0000
vt 0.689489 0.856190
vt 0.689489 0.266082
vt 0.748500 0.266082
vt 0.748500 0.856190
vt 0.614883 0.856190
vt 0.614883 0.223122
vt 0.673894 0.266082
vt 0.673894 0.856190
vt 0.764096 0.643425
vt 0.764096 0.296114
vt 0.823106 0.296114
vt 0.823106 0.643425
vt 0.481266 0.856190
vt 0.481266 0.223122
vt 0.540277 0.266082
vt 0.540277 0.856190
vt 0.823106 0.718031
vt 0.823106 0.777042
vt 0.764095 0.777042
vt 0.764095 0.718031
vt 0.748500 0.223122
vt 0.689489 0.223122
vt 0.764096 0.223122
vt 0.823106 0.223122
vt 0.823106 0.659020
vt 0.764096 0.659020
vt 0.422256 0.856190
vt 0.422256 0.266082
vt 0.555873 0.856190
vt 0.555873 0.266082
vt 0.061284 0.016431
vt 0.061284 0.001386
vt 0.070644 0.001386
vt 0.070644 0.016431
vt 0.016431 0.998614
vt 0.001386 0.998614
vt 0.001386 0.001386
vt 0.016431 0.001386
vt 0.061284 0.034247
vt 0.061284 0.019202
vt 0.070644 0.019202
vt 0.070644 0.034247
vt 0.034248 0.998614
vt 0.019203 0.998614
vt 0.019203 0.001386
vt 0.034248 0.001386
vt 0.046380 0.001386
vt 0.046380 0.998614
vt 0.037019 0.998614
vt 0.037019 0.001386
vt 0.058512 0.001386
vt 0.058512 0.998614
vt 0.049151 0.998614
vt 0.049151 0.001386
s 1
usemtl Fence.006
f 2757/163/63 2759/164/64 2764/165/65
f 2757/163/63 2764/165/65 2762/166/63
s 0
f 2775/167/66 2777/168/66 2773/169/66
f 2775/167/66 2773/169/66 2770/170/66
s 1
f 2772/171/67 2774/172/68 2769/173/69
f 2772/171/67 2769/173/69 2767/174/67
s 0
f 2780/175/70 2782/176/70 2758/177/70
f 2780/175/70 2758/177/70 2755/178/70
f 2776/179/71 2771/180/71 2766/181/71
f 2776/179/71 2766/181/71 2781/182/71
s 1
f 2778/183/72 2764/165/65 2759/164/64
f 2778/183/72 2759/164/64 2783/184/73
f 2774/172/68 2779/185/74 2784/186/75
f 2774/172/68 2784/186/75 2769/173/69
s 0
f 2761/187/71 2776/179/71 2781/182/71
f 2761/187/71 2781/182/71 2756/188/71
f 2765/189/70 2768/190/70 2782/176/70
f 2765/189/70 2782/176/70 2780/175/70
f 2760/191/66 2763/192/66 2777/168/66
f 2760/191/66 2777/168/66 2775/167/66
s 1
f 2787/163/63 2789/164/64 2794/165/65
f 2787/163/63 2794/165/65 2792/166/63
s 0
f 2805/167/66 2807/168/66 2803/169/66
f 2805/167/66 2803/169/66 2800/170/66
s 1
f 2802/171/67 2804/172/68 2799/173/69
f 2802/171/67 2799/173/69 2797/174/67
s 0
f 2810/175/70 2812/176/70 2788/177/70
f 2810/175/70 2788/177/70 2785/178/70
f 2806/179/71 2801/180/71 2796/181/71
f 2806/179/71 2796/181/71 2811/182/71
s 1
f 2808/183/72 2794/165/65 2789/164/64
f 2808/183/72 2789/164/64 2813/184/73
f 2804/172/68 2809/185/74 2814/186/75
f 2804/172/68 2814/186/75 2799/173/69
s 0
f 2791/187/71 2806/179/71 2811/182/71
f 2791/187/71 2811/182/71 2786/188/71
f 2795/189/70 2798/190/70 2812/176/70
f 2795/189/70 2812/176/70 2810/175/70
f 2790/191/66 2793/192/66 2807/168/66
f 2790/191/66 2807/168/66 2805/167/66
s 1
f 2817/163/63 2819/164/64 2824/165/65
f 2817/163/63 2824/165/65 2822/166/63
s 0
f 2835/167/66 2837/168/66 2833/169/66
f 2835/167/66 2833/169/66 2830/170/66
s 1
f 2832/171/67 2834/172/68 2829/173/69
f 2832/171/67 2829/173/69 2827/174/67
s 0
f 2840/175/70 2842/176/70 2818/177/70
f 2840/175/70 2818/177/70 2815/178/70
f 2836/179/71 2831/180/71 2826/181/71
f 2836/179/71 2826/181/71 2841/182/71
s 1
f 2838/183/72 2824/165/65 2819/164/64
f 2838/183/72 2819/164/64 2843/184/73
f 2834/172/68 2839/185/74 2844/186/75
f 2834/172/68 2844/186/75 2829/173/69
s 0
f 2821/187/71 2836/179/71 2841/182/71
f 2821/187/71 2841/182/71 2816/188/71
f 2825/189/70 2828/190/70 2842/176/70
f 2825/189/70 2842/176/70 2840/175/70
f 2820/191/66 2823/192/66 2837/168/66
f 2820/191/66 2837/168/66 2835/167/66
s 1
f 2847/163/63 2849/164/64 2854/165/65
f 2847/163/63 2854/165/65 2852/166/63
s 0
f 2865/167/66 2867/168/66 2863/169/66
f 2865/167/66 2863/169/66 2860/170/66
s 1
f 2862/171/67 2864/172/68 2859/173/69
f 2862/171/67 2859/173/69 2857/174/67
s 0
f 2870/175/70 2872/176/70 2848/177/70
f 2870/175/70 2848/177/70 2845/178/70
f 2866/179/71 2861/180/71 2856/181/71
f 2866/179/71 2856/181/71 2871/182/71
s 1
f 2868/183/72 2854/165/65 2849/164/64
f 2868/183/72 2849/164/64 2873/184/73
f 2864/172/68 2869/185/74 2874/186/75
f 2864/172/68 2874/186/75 2859/173/69
s 0
f 2851/187/71 2866/179/71 2871/182/71
f 2851/187/71 2871/182/71 2846/188/71
f 2855/189/70 2858/190/70 2872/176/70
f 2855/189/70 2872/176/70 2870/175/70
f 2850/191/66 2853/192/66 2867/168/66
f 2850/191/66 2867/168/66 2865/167/66
s 1
f 2877/163/63 2879/164/64 2884/165/65
f 2877/163/63 2884/165/65 2882/166/63
s 0
f 2895/167/66 2897/168/66 2893/169/66
f 2895/167/66 2893/169/66 2890/170/66
s 1
f 2892/171/67 2894/172/68 2889/173/69
f 2892/171/67 2889/173/69 2887/174/67
s 0
f 2900/175/70 2902/176/70 2878/177/70
f 2900/175/70 2878/177/70 2875/178/70
f 2896/179/71 2891/180/71 2886/181/71
f 2896/179/71 2886/181/71 2901/182/71
s 1
f 2898/183/72 2884/165/65 2879/164/64
f 2898/183/72 2879/164/64 2903/184/73
f 2894/172/68 2899/185/74 2904/186/75
f 2894/172/68 2904/186/75 2889/173/69
s 0
f 2881/187/71 2896/179/71 2901/182/71
f 2881/187/71 2901/182/71 2876/188/71
f 2885/189/70 2888/190/70 2902/176/70
f 2885/189/70 2902/176/70 2900/175/70
f 2880/191/66 2883/192/66 2897/168/66
f 2880/191/66 2897/168/66 2895/167/66
s 1
f 2907/163/63 2909/164/64 2914/165/65
f 2907/163/63 2914/165/65 2912/166/63
s 0
f 2925/167/66 2927/168/66 2923/169/66
f 2925/167/66 2923/169/66 2920/170/66
s 1
f 2922/171/67 2924/172/68 2919/173/69
f 2922/171/67 2919/173/69 2917/174/67
s 0
f 2930/175/70 2932/176/70 2908/177/70
f 2930/175/70 2908/177/70 2905/178/70
f 2926/179/71 2921/180/71 2916/181/71
f 2926/179/71 2916/181/71 2931/182/71
s 1
f 2928/183/72 2914/165/65 2909/164/64
f 2928/183/72 2909/164/64 2933/184/73
f 2924/172/68 2929/185/74 2934/186/75
f 2924/172/68 2934/186/75 2919/173/69
s 0
f 2911/187/71 2926/179/71 2931/182/71
f 2911/187/71 2931/182/71 2906/188/71
f 2915/189/70 2918/190/70 2932/176/70
f 2915/189/70 2932/176/70 2930/175/70
f 2910/191/66 2913/192/66 2927/168/66
f 2910/191/66 2927/168/66 2925/167/66
s 1
f 2937/163/63 2939/164/64 2944/165/65
f 2937/163/63 2944/165/65 2942/166/63
s 0
f 2955/167/66 2957/168/66 2953/169/66
f 2955/167/66 2953/169/66 2950/170/66
s 1
f 2952/171/67 2954/172/68 2949/173/69
f 2952/171/67 2949/173/69 2947/174/67
s 0
f 2960/175/70 2962/176/70 2938/177/70
f 2960/175/70 2938/177/70 2935/178/70
f 2956/179/71 2951/180/71 2946/181/71
f 2956/179/71 2946/181/71 2961/182/71
s 1
f 2958/183/72 2944/165/65 2939/164/64
f 2958/183/72 2939/164/64 2963/184/73
f 2954/172/68 2959/185/74 2964/186/75
f 2954/172/68 2964/186/75 2949/173/69
s 0
f 2941/187/71 2956/179/71 2961/182/71
f 2941/187/71 2961/182/71 2936/188/71
f 2945/189/70 2948/190/70 2962/176/70
f 2945/189/70 2962/176/70 2960/175/70
f 2940/191/66 2943/192/66 2957/168/66
f 2940/191/66 2957/168/66 2955/167/66
s 1
f 2967/163/63 2969/164/64 2974/165/65
f 2967/163/63 2974/165/65 2972/166/63
s 0
f 2985/167/66 2987/168/66 2983/169/66
f 2985/167/66 2983/169/66 2980/170/66
s 1
f 2982/171/67 2984/172/68 2979/173/69
f 2982/171/67 2979/173/69 2977/174/67
s 0
f 2990/175/70 2992/176/70 2968/177/70
f 2990/175/70 2968/177/70 2965/178/70
f 2986/179/71 2981/180/71 2976/181/71
f 2986/179/71 2976/181/71 2991/182/71
s 1
f 2988/183/72 2974/165/65 2969/164/64
f 2988/183/72 2969/164/64 2993/184/73
f 2984/172/68 2989/185/74 2994/186/75
f 2984/172/68 2994/186/75 2979/173/69
s 0
f 2971/187/71 2986/179/71 2991/182/71
f 2971/187/71 2991/182/71 2966/188/71
f 2975/189/70 2978/190/70 2992/176/70
f 2975/189/70 2992/176/70 2990/175/70
f 2970/191/66 2973/192/66 2987/168/66
f 2970/191/66 2987/168/66 2985/167/66
s 1
f 2997/163/63 2999/164/64 3004/165/65
f 2997/163/63 3004/165/65 3002/166/63
s 0
f 3015/167/66 3017/168/66 3013/169/66
f 3015/167/66 3013/169/66 3010/170/66
s 1
f 3012/171/67 3014/172/68 3009/173/69
f 3012/171/67 3009/173/69 3007/174/67
s 0
f 3020/175/70 3022/176/70 2998/177/70
f 3020/175/70 2998/177/70 2995/178/70
f 3016/179/71 3011/180/71 3006/181/71
f 3016/179/71 3006/181/71 3021/182/71
s 1
f 3018/183/72 3004/165/65 2999/164/64
f 3018/183/72 2999/164/64 3023/184/73
f 3014/172/68 3019/185/74 3024/186/75
f 3014/172/68 3024/186/75 3009/173/69
s 0
f 3001/187/71 3016/179/71 3021/182/71
f 3001/187/71 3021/182/71 2996/188/71
f 3005/189/70 3008/190/70 3022/176/70
f 3005/189/70 3022/176/70 3020/175/70
f 3000/191/66 3003/192/66 3017/168/66
f 3000/191/66 3017/168/66 3015/167/66
s 1
f 3027/163/63 3029/164/64 3034/165/65
f 3027/163/63 3034/165/65 3032/166/63
s 0
f 3045/167/66 3047/168/66 3043/169/66
f 3045/167/66 3043/169/66 3040/170/66
s 1
f 3042/171/67 3044/172/68 3039/173/69
f 3042/171/67 3039/173/69 3037/174/67
s 0
f 3050/175/70 3052/176/70 3028/177/70
f 3050/175/70 3028/177/70 3025/178/70
f 3046/179/71 3041/180/71 3036/181/71
f 3046/179/71 3036/181/71 3051/182/71
s 1
f 3048/183/72 3034/165/65 3029/164/64
f 3048/183/72 3029/164/64 3053/184/73
f 3044/172/68 3049/185/74 3054/186/75
f 3044/172/68 3054/186/75 3039/173/69
s 0
f 3031/187/71 3046/179/71 3051/182/71
f 3031/187/71 3051/182/71 3026/188/71
f 3035/189/70 3038/190/70 3052/176/70
f 3035/189/70 3052/176/70 3050/175/70
f 3030/191/66 3033/192/66 3047/168/66
f 3030/191/66 3047/168/66 3045/167/66
s 1
f 3057/163/63 3059/164/64 3064/165/65
f 3057/163/63 3064/165/65 3062/166/63
s 0
f 3075/167/66 3077/168/66 3073/169/66
f 3075/167/66 3073/169/66 3070/170/66
s 1
f 3072/171/67 3074/172/68 3069/173/69
f 3072/171/67 3069/173/69 3067/174/67
s 0
f 3080/175/70 3082/176/70 3058/177/70
f 3080/175/70 3058/177/70 3055/178/70
f 3076/179/71 3071/180/71 3066/181/71
f 3076/179/71 3066/181/71 3081/182/71
s 1
f 3078/183/72 3064/165/65 3059/164/64
f 3078/183/72 3059/164/64 3083/184/73
f 3074/172/68 3079/185/74 3084/186/75
f 3074/172/68 3084/186/75 3069/173/69
s 0
f 3061/187/71 3076/179/71 3081/182/71
f 3061/187/71 3081/182/71 3056/188/71
f 3065/189/70 3068/190/70 3082/176/70
f 3065/189/70 3082/176/70 3080/175/70
f 3060/191/66 3063/192/66 3077/168/66
f 3060/191/66 3077/168/66 3075/167/66
s 1
f 3087/163/63 3089/164/64 3094/165/65
f 3087/163/63 3094/165/65 3092/166/63
s 0
f 3105/167/66 3107/168/66 3103/169/66
f 3105/167/66 3103/169/66 3100/170/66
s 1
f 3102/171/67 3104/172/68 3099/173/69
f 3102/171/67 3099/173/69 3097/174/67
s 0
f 3110/175/70 3112/176/70 3088/177/70
f 3110/175/70 3088/177/70 3085/178/70
f 3106/179/71 3101/180/71 3096/181/71
f 3106/179/71 3096/181/71 3111/182/71
s 1
f 3108/183/72 3094/165/65 3089/164/64
f 3108/183/72 3089/164/64 3113/184/73
f 3104/172/68 3109/185/74 3114/186/75
f 3104/172/68 3114/186/75 3099/173/69
s 0
f 3091/187/71 3106/179/71 3111/182/71
f 3091/187/71 3111/182/71 3086/188/71
f 3095/189/70 3098/190/70 3112/176/70
f 3095/189/70 3112/176/70 3110/175/70
f 3090/191/66 3093/192/66 3107/168/66
f 3090/191/66 3107/168/66 3105/167/66
s 1
f 3117/163/63 3119/164/64 3124/165/65
f 3117/163/63 3124/165/65 3122/166/63
s 0
f 3135/167/66 3137/168/66 3133/169/66
f 3135/167/66 3133/169/66 3130/170/66
s 1
f 3132/171/67 3134/172/68 3129/173/69
f 3132/171/67 3129/173/69 3127/174/67
s 0
f 3140/175/70 3142/176/70 3118/177/70
f 3140/175/70 3118/177/70 3115/178/70
f 3136/179/71 3131/180/71 3126/181/71
f 3136/179/71 3126/181/71 3141/182/71
s 1
f 3138/183/72 3124/165/65 3119/164/64
f 3138/183/72 3119/164/64 3143/184/73
f 3134/172/68 3139/185/74 3144/186/75
f 3134/172/68 3144/186/75 3129/173/69
s 0
f 3121/187/71 3136/179/71 3141/182/71
f 3121/187/71 3141/182/71 3116/188/71
f 3125/189/70 3128/190/70 3142/176/70
f 3125/189/70 3142/176/70 3140/175/70
f 3120/191/66 3123/192/66 3137/168/66
f 3120/191/66 3137/168/66 3135/167/66
s 1
f 3147/163/63 3149/164/64 3154/165/65
f 3147/163/63 3154/165/65 3152/166/63
s 0
f 3165/167/66 3167/168/66 3163/169/66
f 3165/167/66 3163/169/66 3160/170/66
s 1
f 3162/171/67 3164/172/68 3159/173/69
f 3162/171/67 3159/173/69 3157/174/67
s 0
f 3170/175/70 3172/176/70 3148/177/70
f 3170/175/70 3148/177/70 3145/178/70
f 3166/179/71 3161/180/71 3156/181/71
f 3166/179/71 3156/181/71 3171/182/71
s 1
f 3168/183/72 3154/165/65 3149/164/64
f 3168/183/72 3149/164/64 3173/184/73
f 3164/172/68 3169/185/74 3174/186/75
f 3164/172/68 3174/186/75 3159/173/69
s 0
f 3151/187/71 3166/179/71 3171/182/71
f 3151/187/71 3171/182/71 3146/188/71
f 3155/189/70 3158/190/70 3172/176/70
f 3155/189/70 3172/176/70 3170/175/70
f 3150/191/66 3153/192/66 3167/168/66
f 3150/191/66 3167/168/66 3165/167/66
s 1
f 3177/163/63 3179/164/64 3184/165/65
f 3177/163/63 3184/165/65 3182/166/63
s 0
f 3195/167/66 3197/168/66 3193/169/66
f 3195/167/66 3193/169/66 3190/170/66
s 1
f 3192/171/67 3194/172/68 3189/173/69
f 3192/171/67 3189/173/69 3187/174/67
s 0
f 3200/175/70 3202/176/70 3178/177/70
f 3200/175/70 3178/177/70 3175/178/70
f 3196/179/71 3191/180/71 3186/181/71
f 3196/179/71 3186/181/71 3201/182/71
s 1
f 3198/183/72 3184/165/65 3179/164/64
f 3198/183/72 3179/164/64 3203/184/73
f 3194/172/68 3199/185/74 3204/186/75
f 3194/172/68 3204/186/75 3189/173/69
s 0
f 3181/187/71 3196/179/71 3201/182/71
f 3181/187/71 3201/182/71 3176/188/71
f 3185/189/70 3188/190/70 3202/176/70
f 3185/189/70 3202/176/70 3200/175/70
f 3180/191/66 3183/192/66 3197/168/66
f 3180/191/66 3197/168/66 3195/167/66
s 1
f 3207/163/63 3209/164/64 3214/165/65
f 3207/163/63 3214/165/65 3212/166/63
s 0
f 3225/167/66 3227/168/66 3223/169/66
f 3225/167/66 3223/169/66 3220/170/66
s 1
f 3222/171/67 3224/172/68 3219/173/69
f 3222/171/67 3219/173/69 3217/174/67
s 0
f 3230/175/70 3232/176/70 3208/177/70
f 3230/175/70 3208/177/70 3205/178/70
f 3226/179/71 3221/180/71 3216/181/71
f 3226/179/71 3216/181/71 3231/182/71
s 1
f 3228/183/72 3214/165/65 3209/164/64
f 3228/183/72 3209/164/64 3233/184/73
f 3224/172/68 3229/185/74 3234/186/75
f 3224/172/68 3234/186/75 3219/173/69
s 0
f 3211/187/71 3226/179/71 3231/182/71
f 3211/187/71 3231/182/71 3206/188/71
f 3215/189/70 3218/190/70 3232/176/70
f 3215/189/70 3232/176/70 3230/175/70
f 3210/191/66 3213/192/66 3227/168/66
f 3210/191/66 3227/168/66 3225/167/66
s 1
f 3237/163/63 3239/164/64 3244/165/65
f 3237/163/63 3244/165/65 3242/166/63
s 0
f 3255/167/66 3257/168/66 3253/169/66
f 3255/167/66 3253/169/66 3250/170/66
s 1
f 3252/171/67 3254/172/68 3249/173/69
f 3252/171/67 3249/173/69 3247/174/67
s 0
f 3260/175/70 3262/176/70 3238/177/70
f 3260/175/70 3238/177/70 3235/178/70
f 3256/179/71 3251/180/71 3246/181/71
f 3256/179/71 3246/181/71 3261/182/71
s 1
f 3258/183/72 3244/165/65 3239/164/64
f 3258/183/72 3239/164/64 3263/184/73
f 3254/172/68 3259/185/74 3264/186/75
f 3254/172/68 3264/186/75 3249/173/69
s 0
f 3241/187/71 3256/179/71 3261/182/71
f 3241/187/71 3261/182/71 3236/188/71
f 3245/189/70 3248/190/70 3262/176/70
f 3245/189/70 3262/176/70 3260/175/70
f 3240/191/66 3243/192/66 3257/168/66
f 3240/191/66 3257/168/66 3255/167/66
s 1
f 3267/163/63 3269/164/64 3274/165/65
f 3267/163/63 3274/165/65 3272/166/63
s 0
f 3285/167/66 3287/168/66 3283/169/66
f 3285/167/66 3283/169/66 3280/170/66
s 1
f 3282/171/67 3284/172/68 3279/173/69
f 3282/171/67 3279/173/69 3277/174/67
s 0
f 3290/175/70 3292/176/70 3268/177/70
f 3290/175/70 3268/177/70 3265/178/70
f 3286/179/71 3281/180/71 3276/181/71
f 3286/179/71 3276/181/71 3291/182/71
s 1
f 3288/183/72 3274/165/65 3269/164/64
f 3288/183/72 3269/164/64 3293/184/73
f 3284/172/68 3289/185/74 3294/186/75
f 3284/172/68 3294/186/75 3279/173/69
s 0
f 3271/187/71 3286/179/71 3291/182/71
f 3271/187/71 3291/182/71 3266/188/71
f 3275/189/70 3278/190/70 3292/176/70
f 3275/189/70 3292/176/70 3290/175/70
f 3270/191/66 3273/192/66 3287/168/66
f 3270/191/66 3287/168/66 3285/167/66
s 1
f 3297/163/63 3299/164/64 3304/165/65
f 3297/163/63 3304/165/65 3302/166/63
s 0
f 3315/167/66 3317/168/66 3313/169/66
f 3315/167/66 3313/169/66 3310/170/66
s 1
f 3312/171/67 3314/172/68 3309/173/69
f 3312/171/67 3309/173/69 3307/174/67
s 0
f 3320/175/70 3322/176/70 3298/177/70
f 3320/175/70 3298/177/70 3295/178/70
f 3316/179/71 3311/180/71 3306/181/71
f 3316/179/71 3306/181/71 3321/182/71
s 1
f 3318/183/72 3304/165/65 3299/164/64
f 3318/183/72 3299/164/64 3323/184/73
f 3314/172/68 3319/185/74 3324/186/75
f 3314/172/68 3324/186/75 3309/173/69
s 0
f 3301/187/71 3316/179/71 3321/182/71
f 3301/187/71 3321/182/71 3296/188/71
f 3305/189/70 3308/190/70 3322/176/70
f 3305/189/70 3322/176/70 3320/175/70
f 3300/191/66 3303/192/66 3317/168/66
f 3300/191/66 3317/168/66 3315/167/66
s 1
f 3327/163/63 3329/164/64 3334/165/65
f 3327/163/63 3334/165/65 3332/166/63
s 0
f 3345/167/66 3347/168/66 3343/169/66
f 3345/167/66 3343/169/66 3340/170/66
s 1
f 3342/171/67 3344/172/68 3339/173/69
f 3342/171/67 3339/173/69 3337/174/67
s 0
f 3350/175/70 3352/176/70 3328/177/70
f 3350/175/70 3328/177/70 3325/178/70
f 3346/179/71 3341/180/71 3336/181/71
f 3346/179/71 3336/181/71 3351/182/71
s 1
f 3348/183/72 3334/165/65 3329/164/64
f 3348/183/72 3329/164/64 3353/184/73
f 3344/172/68 3349/185/74 3354/186/75
f 3344/172/68 3354/186/75 3339/173/69
s 0
f 3331/187/71 3346/179/71 3351/182/71
f 3331/187/71 3351/182/71 3326/188/71
f 3335/189/70 3338/190/70 3352/176/70
f 3335/189/70 3352/176/70 3350/175/70
f 3330/191/66 3333/192/66 3347/168/66
f 3330/191/66 3347/168/66 3345/167/66
s 1
f 3357/163/63 3359/164/64 3364/165/65
f 3357/163/63 3364/165/65 3362/166/63
s 0
f 3375/167/66 3377/168/66 3373/169/66
f 3375/167/66 3373/169/66 3370/170/66
s 1
f 3372/171/67 3374/172/68 3369/173/69
f 3372/171/67 3369/173/69 3367/174/67
s 0
f 3380/175/70 3382/176/70 3358/177/70
f 3380/175/70 3358/177/70 3355/178/70
f 3376/179/71 3371/180/71 3366/181/71
f 3376/179/71 3366/181/71 3381/182/71
s 1
f 3378/183/72 3364/165/65 3359/164/64
f 3378/183/72 3359/164/64 3383/184/73
f 3374/172/68 3379/185/74 3384/186/75
f 3374/172/68 3384/186/75 3369/173/69
s 0
f 3361/187/71 3376/179/71 3381/182/71
f 3361/187/71 3381/182/71 3356/188/71
f 3365/189/70 3368/190/70 3382/176/70
f 3365/189/70 3382/176/70 3380/175/70
f 3360/191/66 3363/192/66 3377/168/66
f 3360/191/66 3377/168/66 3375/167/66
f 3387/193/63 3390/194/63 3396/195/63
f 3387/193/63 3396/195/63 3393/196/63
f 3391/197/66 3394/198/66 3406/199/66
f 3391/197/66 3406/199/66 3403/200/66
f 3405/201/67 3408/202/67 3402/203/67
f 3405/201/67 3402/203/67 3399/204/67
f 3397/205/70 3400/206/70 3388/207/70
f 3397/205/70 3388/207/70 3385/208/70
f 3392/209/71 3404/210/71 3398/211/71
f 3392/209/71 3398/211/71 3386/212/71
f 3407/213/76 3395/214/76 3389/215/76
f 3407/213/76 3389/215/76 3401/216/76
f 3411/193/63 3414/194/63 3420/195/63
f 3411/193/63 3420/195/63 3417/196/63
f 3415/197/66 3418/198/66 3430/199/66
f 3415/197/66 3430/199/66 3427/200/66
f 3429/201/67 3432/202/67 3426/203/67
f 3429/201/67 3426/203/67 3423/204/67
f 3421/205/70 3424/206/70 3412/207/70
f 3421/205/70 3412/207/70 3409/208/70
f 3416/209/71 3428/210/71 3422/211/71
f 3416/209/71 3422/211/71 3410/212/71
f 3431/213/76 3419/214/76 3413/215/76
f 3431/213/76 3413/215/76 3425/216/76
o Fence3.001
v 79.998024 -10.853644 -24.088911
v 79.998024 -10.853644 -24.088911
v 79.998024 -10.853644 -24.088911
v 79.998024 -10.732637 -24.088911
v 79.998024 -10.732637 -24.088911
v 79.998024 -10.732637 -24.088911
v 79.998024 -10.853644 -24.013626
v 79.998024 -10.853644 -24.013626
v 79.998024 -10.853644 -24.013626
v 79.998024 -10.732637 -24.013626
v 79.998024 -10.732637 -24.013626
v 79.998024 -10.732637 -24.013626
v 55.426632 -10.853644 -24.088915
v 55.426632 -10.853644 -24.088915
v 55.426632 -10.853644 -24.088915
v 55.426632 -10.732637 -24.088915
v 55.426632 -10.732637 -24.088915
v 55.426632 -10.732637 -24.088915
v 55.426632 -10.853644 -24.013630
v 55.426632 -10.853644 -24.013630
v 55.426632 -10.853644 -24.013630
v 55.426632 -10.732637 -24.013630
v 55.426632 -10.732637 -24.013630
v 55.426632 -10.732637 -24.013630
v 79.998024 -11.397115 -24.088911
v 79.998024 -11.397115 -24.088911
v 79.998024 -11.397115 -24.088911
v 79.998024 -11.276108 -24.088911
v 79.998024 -11.276108 -24.088911
v 79.998024 -11.276108 -24.088911
v 79.998024 -11.397115 -24.013626
v 79.998024 -11.397115 -24.013626
v 79.998024 -11.397115 -24.013626
v 79.998024 -11.276108 -24.013626
v 79.998024 -11.276108 -24.013626
v 79.998024 -11.276108 -24.013626
v 55.426632 -11.397115 -24.088915
v 55.426632 -11.397115 -24.088915
v 55.426632 -11.397115 -24.088915
v 55.426632 -11.276108 -24.088915
v 55.426632 -11.276108 -24.088915
v 55.426632 -11.276108 -24.088915
v 55.426632 -11.397115 -24.013630
v 55.426632 -11.397115 -24.013630
v 55.426632 -11.397115 -24.013630
v 55.426632 -11.276108 -24.013630
v 55.426632 -11.276108 -24.013630
v 55.426632 -11.276108 -24.013630
v 80.187294 -11.778197 -24.187386
v 80.187294 -11.778197 -24.187386
v 80.187294 -11.778197 -24.187386
v 80.187294 -10.423385 -24.187386
v 80.187294 -10.423385 -24.187386
v 80.187294 -11.778197 -24.051903
v 80.187294 -11.778197 -24.051903
v 80.187294 -11.778197 -24.051903
v 80.187294 -10.423385 -24.051903
v 80.187294 -10.423385 -24.051903
v 79.669823 -11.778197 -24.187386
v 79.669823 -11.778197 -24.187386
v 79.669823 -11.778197 -24.187386
v 79.669823 -10.423385 -24.187386
v 79.669823 -10.423385 -24.187386
v 79.669823 -11.778197 -24.051903
v 79.669823 -11.778197 -24.051903
v 79.669823 -11.778197 -24.051903
v 79.669823 -10.423385 -24.051903
v 79.669823 -10.423385 -24.051903
v 79.928558 -11.778197 -24.051903
v 79.928558 -11.778197 -24.051903
v 79.928558 -10.324755 -24.051903
v 79.928558 -10.324755 -24.051903
v 79.928558 -10.324755 -24.051903
v 79.928558 -11.778197 -24.187386
v 79.928558 -11.778197 -24.187386
v 79.928558 -10.324755 -24.187386
v 79.928558 -10.324755 -24.187386
v 79.928558 -10.324755 -24.187386
v 55.742157 -11.778198 -24.187386
v 55.742157 -11.778198 -24.187386
v 55.742157 -11.778198 -24.187386
v 55.742157 -10.423385 -24.187386
v 55.742157 -10.423385 -24.187386
v 55.742157 -11.778198 -24.051903
v 55.742157 -11.778198 -24.051903
v 55.742157 -11.778198 -24.051903
v 55.742157 -10.423385 -24.051903
v 55.742157 -10.423385 -24.051903
v 55.224678 -11.778198 -24.187386
v 55.224678 -11.778198 -24.187386
v 55.224678 -11.778198 -24.187386
v 55.224678 -10.423385 -24.187386
v 55.224678 -10.423385 -24.187386
v 55.224678 -11.778198 -24.051903
v 55.224678 -11.778198 -24.051903
v 55.224678 -11.778198 -24.051903
v 55.224678 -10.423385 -24.051903
v 55.224678 -10.423385 -24.051903
v 55.483421 -11.778198 -24.051903
v 55.483421 -11.778198 -24.051903
v 55.483421 -10.324755 -24.051903
v 55.483421 -10.324755 -24.051903
v 55.483421 -10.324755 -24.051903
v 55.483421 -11.778198 -24.187386
v 55.483421 -11.778198 -24.187386
v 55.483421 -10.324755 -24.187386
v 55.483421 -10.324755 -24.187386
v 55.483421 -10.324755 -24.187386
v 56.506073 -11.778198 -24.187386
v 56.506073 -11.778198 -24.187386
v 56.506073 -11.778198 -24.187386
v 56.506073 -10.423385 -24.187386
v 56.506073 -10.423385 -24.187386
v 56.506073 -11.778198 -24.051903
v 56.506073 -11.778198 -24.051903
v 56.506073 -11.778198 -24.051903
v 56.506073 -10.423385 -24.051903
v 56.506073 -10.423385 -24.051903
v 55.988594 -11.778198 -24.187386
v 55.988594 -11.778198 -24.187386
v 55.988594 -11.778198 -24.187386
v 55.988594 -10.423385 -24.187386
v 55.988594 -10.423385 -24.187386
v 55.988594 -11.778198 -24.051903
v 55.988594 -11.778198 -24.051903
v 55.988594 -11.778198 -24.051903
v 55.988594 -10.423385 -24.051903
v 55.988594 -10.423385 -24.051903
v 56.247334 -11.778198 -24.051903
v 56.247334 -11.778198 -24.051903
v 56.247334 -10.324755 -24.051903
v 56.247334 -10.324755 -24.051903
v 56.247334 -10.324755 -24.051903
v 56.247334 -11.778198 -24.187386
v 56.247334 -11.778198 -24.187386
v 56.247334 -10.324755 -24.187386
v 56.247334 -10.324755 -24.187386
v 56.247334 -10.324755 -24.187386
v 57.269970 -11.778198 -24.187386
v 57.269970 -11.778198 -24.187386
v 57.269970 -11.778198 -24.187386
v 57.269970 -10.423385 -24.187386
v 57.269970 -10.423385 -24.187386
v 57.269970 -11.778198 -24.051903
v 57.269970 -11.778198 -24.051903
v 57.269970 -11.778198 -24.051903
v 57.269970 -10.423385 -24.051903
v 57.269970 -10.423385 -24.051903
v 56.752495 -11.778198 -24.187386
v 56.752495 -11.778198 -24.187386
v 56.752495 -11.778198 -24.187386
v 56.752495 -10.423385 -24.187386
v 56.752495 -10.423385 -24.187386
v 56.752495 -11.778198 -24.051903
v 56.752495 -11.778198 -24.051903
v 56.752495 -11.778198 -24.051903
v 56.752495 -10.423385 -24.051903
v 56.752495 -10.423385 -24.051903
v 57.011230 -11.778198 -24.051903
v 57.011230 -11.778198 -24.051903
v 57.011230 -10.324755 -24.051903
v 57.011230 -10.324755 -24.051903
v 57.011230 -10.324755 -24.051903
v 57.011230 -11.778198 -24.187386
v 57.011230 -11.778198 -24.187386
v 57.011230 -10.324755 -24.187386
v 57.011230 -10.324755 -24.187386
v 57.011230 -10.324755 -24.187386
v 58.033890 -11.778198 -24.187386
v 58.033890 -11.778198 -24.187386
v 58.033890 -11.778198 -24.187386
v 58.033890 -10.423385 -24.187386
v 58.033890 -10.423385 -24.187386
v 58.033890 -11.778198 -24.051903
v 58.033890 -11.778198 -24.051903
v 58.033890 -11.778198 -24.051903
v 58.033890 -10.423385 -24.051903
v 58.033890 -10.423385 -24.051903
v 57.516411 -11.778198 -24.187386
v 57.516411 -11.778198 -24.187386
v 57.516411 -11.778198 -24.187386
v 57.516411 -10.423385 -24.187386
v 57.516411 -10.423385 -24.187386
v 57.516411 -11.778198 -24.051903
v 57.516411 -11.778198 -24.051903
v 57.516411 -11.778198 -24.051903
v 57.516411 -10.423385 -24.051903
v 57.516411 -10.423385 -24.051903
v 57.775150 -11.778198 -24.051903
v 57.775150 -11.778198 -24.051903
v 57.775150 -10.324755 -24.051903
v 57.775150 -10.324755 -24.051903
v 57.775150 -10.324755 -24.051903
v 57.775150 -11.778198 -24.187386
v 57.775150 -11.778198 -24.187386
v 57.775150 -10.324755 -24.187386
v 57.775150 -10.324755 -24.187386
v 57.775150 -10.324755 -24.187386
v 58.797798 -11.778198 -24.187386
v 58.797798 -11.778198 -24.187386
v 58.797798 -11.778198 -24.187386
v 58.797798 -10.423385 -24.187386
v 58.797798 -10.423385 -24.187386
v 58.797798 -11.778198 -24.051903
v 58.797798 -11.778198 -24.051903
v 58.797798 -11.778198 -24.051903
v 58.797798 -10.423385 -24.051903
v 58.797798 -10.423385 -24.051903
v 58.280323 -11.778198 -24.187386
v 58.280323 -11.778198 -24.187386
v 58.280323 -11.778198 -24.187386
v 58.280323 -10.423385 -24.187386
v 58.280323 -10.423385 -24.187386
v 58.280323 -11.778198 -24.051903
v 58.280323 -11.778198 -24.051903
v 58.280323 -11.778198 -24.051903
v 58.280323 -10.423385 -24.051903
v 58.280323 -10.423385 -24.051903
v 58.539062 -11.778198 -24.051903
v 58.539062 -11.778198 -24.051903
v 58.539062 -10.324755 -24.051903
v 58.539062 -10.324755 -24.051903
v 58.539062 -10.324755 -24.051903
v 58.539062 -11.778198 -24.187386
v 58.539062 -11.778198 -24.187386
v 58.539062 -10.324755 -24.187386
v 58.539062 -10.324755 -24.187386
v 58.539062 -10.324755 -24.187386
v 59.561714 -11.778198 -24.187386
v 59.561714 -11.778198 -24.187386
v 59.561714 -11.778198 -24.187386
v 59.561714 -10.423385 -24.187386
v 59.561714 -10.423385 -24.187386
v 59.561714 -11.778198 -24.051903
v 59.561714 -11.778198 -24.051903
v 59.561714 -11.778198 -24.051903
v 59.561714 -10.423385 -24.051903
v 59.561714 -10.423385 -24.051903
v 59.044235 -11.778198 -24.187386
v 59.044235 -11.778198 -24.187386
v 59.044235 -11.778198 -24.187386
v 59.044235 -10.423385 -24.187386
v 59.044235 -10.423385 -24.187386
v 59.044235 -11.778198 -24.051903
v 59.044235 -11.778198 -24.051903
v 59.044235 -11.778198 -24.051903
v 59.044235 -10.423385 -24.051903
v 59.044235 -10.423385 -24.051903
v 59.302971 -11.778198 -24.051903
v 59.302971 -11.778198 -24.051903
v 59.302971 -10.324755 -24.051903
v 59.302971 -10.324755 -24.051903
v 59.302971 -10.324755 -24.051903
v 59.302971 -11.778198 -24.187386
v 59.302971 -11.778198 -24.187386
v 59.302971 -10.324755 -24.187386
v 59.302971 -10.324755 -24.187386
v 59.302971 -10.324755 -24.187386
v 60.325615 -11.778198 -24.187386
v 60.325615 -11.778198 -24.187386
v 60.325615 -11.778198 -24.187386
v 60.325615 -10.423385 -24.187386
v 60.325615 -10.423385 -24.187386
v 60.325615 -11.778198 -24.051903
v 60.325615 -11.778198 -24.051903
v 60.325615 -11.778198 -24.051903
v 60.325615 -10.423385 -24.051903
v 60.325615 -10.423385 -24.051903
v 59.808136 -11.778198 -24.187386
v 59.808136 -11.778198 -24.187386
v 59.808136 -11.778198 -24.187386
v 59.808136 -10.423385 -24.187386
v 59.808136 -10.423385 -24.187386
v 59.808136 -11.778198 -24.051903
v 59.808136 -11.778198 -24.051903
v 59.808136 -11.778198 -24.051903
v 59.808136 -10.423385 -24.051903
v 59.808136 -10.423385 -24.051903
v 60.066879 -11.778198 -24.051903
v 60.066879 -11.778198 -24.051903
v 60.066879 -10.324755 -24.051903
v 60.066879 -10.324755 -24.051903
v 60.066879 -10.324755 -24.051903
v 60.066879 -11.778198 -24.187386
v 60.066879 -11.778198 -24.187386
v 60.066879 -10.324755 -24.187386
v 60.066879 -10.324755 -24.187386
v 60.066879 -10.324755 -24.187386
v 61.089531 -11.778198 -24.187386
v 61.089531 -11.778198 -24.187386
v 61.089531 -11.778198 -24.187386
v 61.089531 -10.423385 -24.187386
v 61.089531 -10.423385 -24.187386
v 61.089531 -11.778198 -24.051903
v 61.089531 -11.778198 -24.051903
v 61.089531 -11.778198 -24.051903
v 61.089531 -10.423385 -24.051903
v 61.089531 -10.423385 -24.051903
v 60.572052 -11.778198 -24.187386
v 60.572052 -11.778198 -24.187386
v 60.572052 -11.778198 -24.187386
v 60.572052 -10.423385 -24.187386
v 60.572052 -10.423385 -24.187386
v 60.572052 -11.778198 -24.051903
v 60.572052 -11.778198 -24.051903
v 60.572052 -11.778198 -24.051903
v 60.572052 -10.423385 -24.051903
v 60.572052 -10.423385 -24.051903
v 60.830795 -11.778198 -24.051903
v 60.830795 -11.778198 -24.051903
v 60.830795 -10.324755 -24.051903
v 60.830795 -10.324755 -24.051903
v 60.830795 -10.324755 -24.051903
v 60.830795 -11.778198 -24.187386
v 60.830795 -11.778198 -24.187386
v 60.830795 -10.324755 -24.187386
v 60.830795 -10.324755 -24.187386
v 60.830795 -10.324755 -24.187386
v 61.853447 -11.778198 -24.187386
v 61.853447 -11.778198 -24.187386
v 61.853447 -11.778198 -24.187386
v 61.853447 -10.423385 -24.187386
v 61.853447 -10.423385 -24.187386
v 61.853447 -11.778198 -24.051903
v 61.853447 -11.778198 -24.051903
v 61.853447 -11.778198 -24.051903
v 61.853447 -10.423385 -24.051903
v 61.853447 -10.423385 -24.051903
v 61.335968 -11.778198 -24.187386
v 61.335968 -11.778198 -24.187386
v 61.335968 -11.778198 -24.187386
v 61.335968 -10.423385 -24.187386
v 61.335968 -10.423385 -24.187386
v 61.335968 -11.778198 -24.051903
v 61.335968 -11.778198 -24.051903
v 61.335968 -11.778198 -24.051903
v 61.335968 -10.423385 -24.051903
v 61.335968 -10.423385 -24.051903
v 61.594707 -11.778198 -24.051903
v 61.594707 -11.778198 -24.051903
v 61.594707 -10.324755 -24.051903
v 61.594707 -10.324755 -24.051903
v 61.594707 -10.324755 -24.051903
v 61.594707 -11.778198 -24.187386
v 61.594707 -11.778198 -24.187386
v 61.594707 -10.324755 -24.187386
v 61.594707 -10.324755 -24.187386
v 61.594707 -10.324755 -24.187386
v 62.617348 -11.778198 -24.187386
v 62.617348 -11.778198 -24.187386
v 62.617348 -11.778198 -24.187386
v 62.617348 -10.423385 -24.187386
v 62.617348 -10.423385 -24.187386
v 62.617348 -11.778198 -24.051903
v 62.617348 -11.778198 -24.051903
v 62.617348 -11.778198 -24.051903
v 62.617348 -10.423385 -24.051903
v 62.617348 -10.423385 -24.051903
v 62.099869 -11.778198 -24.187386
v 62.099869 -11.778198 -24.187386
v 62.099869 -11.778198 -24.187386
v 62.099869 -10.423385 -24.187386
v 62.099869 -10.423385 -24.187386
v 62.099869 -11.778198 -24.051903
v 62.099869 -11.778198 -24.051903
v 62.099869 -11.778198 -24.051903
v 62.099869 -10.423385 -24.051903
v 62.099869 -10.423385 -24.051903
v 62.358608 -11.778198 -24.051903
v 62.358608 -11.778198 -24.051903
v 62.358608 -10.324755 -24.051903
v 62.358608 -10.324755 -24.051903
v 62.358608 -10.324755 -24.051903
v 62.358608 -11.778198 -24.187386
v 62.358608 -11.778198 -24.187386
v 62.358608 -10.324755 -24.187386
v 62.358608 -10.324755 -24.187386
v 62.358608 -10.324755 -24.187386
v 63.381264 -11.778198 -24.187386
v 63.381264 -11.778198 -24.187386
v 63.381264 -11.778198 -24.187386
v 63.381264 -10.423385 -24.187386
v 63.381264 -10.423385 -24.187386
v 63.381264 -11.778198 -24.051903
v 63.381264 -11.778198 -24.051903
v 63.381264 -11.778198 -24.051903
v 63.381264 -10.423385 -24.051903
v 63.381264 -10.423385 -24.051903
v 62.863785 -11.778198 -24.187386
v 62.863785 -11.778198 -24.187386
v 62.863785 -11.778198 -24.187386
v 62.863785 -10.423385 -24.187386
v 62.863785 -10.423385 -24.187386
v 62.863785 -11.778198 -24.051903
v 62.863785 -11.778198 -24.051903
v 62.863785 -11.778198 -24.051903
v 62.863785 -10.423385 -24.051903
v 62.863785 -10.423385 -24.051903
v 63.122524 -11.778198 -24.051903
v 63.122524 -11.778198 -24.051903
v 63.122524 -10.324755 -24.051903
v 63.122524 -10.324755 -24.051903
v 63.122524 -10.324755 -24.051903
v 63.122524 -11.778198 -24.187386
v 63.122524 -11.778198 -24.187386
v 63.122524 -10.324755 -24.187386
v 63.122524 -10.324755 -24.187386
v 63.122524 -10.324755 -24.187386
v 64.145172 -11.778198 -24.187386
v 64.145172 -11.778198 -24.187386
v 64.145172 -11.778198 -24.187386
v 64.145172 -10.423385 -24.187386
v 64.145172 -10.423385 -24.187386
v 64.145172 -11.778198 -24.051903
v 64.145172 -11.778198 -24.051903
v 64.145172 -11.778198 -24.051903
v 64.145172 -10.423385 -24.051903
v 64.145172 -10.423385 -24.051903
v 63.627693 -11.778198 -24.187386
v 63.627693 -11.778198 -24.187386
v 63.627693 -11.778198 -24.187386
v 63.627693 -10.423385 -24.187386
v 63.627693 -10.423385 -24.187386
v 63.627693 -11.778198 -24.051903
v 63.627693 -11.778198 -24.051903
v 63.627693 -11.778198 -24.051903
v 63.627693 -10.423385 -24.051903
v 63.627693 -10.423385 -24.051903
v 63.886436 -11.778198 -24.051903
v 63.886436 -11.778198 -24.051903
v 63.886436 -10.324755 -24.051903
v 63.886436 -10.324755 -24.051903
v 63.886436 -10.324755 -24.051903
v 63.886436 -11.778198 -24.187386
v 63.886436 -11.778198 -24.187386
v 63.886436 -10.324755 -24.187386
v 63.886436 -10.324755 -24.187386
v 63.886436 -10.324755 -24.187386
v 64.909081 -11.778198 -24.187386
v 64.909081 -11.778198 -24.187386
v 64.909081 -11.778198 -24.187386
v 64.909081 -10.423385 -24.187386
v 64.909081 -10.423385 -24.187386
v 64.909081 -11.778198 -24.051903
v 64.909081 -11.778198 -24.051903
v 64.909081 -11.778198 -24.051903
v 64.909081 -10.423385 -24.051903
v 64.909081 -10.423385 -24.051903
v 64.391602 -11.778198 -24.187386
v 64.391602 -11.778198 -24.187386
v 64.391602 -11.778198 -24.187386
v 64.391602 -10.423385 -24.187386
v 64.391602 -10.423385 -24.187386
v 64.391602 -11.778198 -24.051903
v 64.391602 -11.778198 -24.051903
v 64.391602 -11.778198 -24.051903
v 64.391602 -10.423385 -24.051903
v 64.391602 -10.423385 -24.051903
v 64.650345 -11.778198 -24.051903
v 64.650345 -11.778198 -24.051903
v 64.650345 -10.324755 -24.051903
v 64.650345 -10.324755 -24.051903
v 64.650345 -10.324755 -24.051903
v 64.650345 -11.778198 -24.187386
v 64.650345 -11.778198 -24.187386
v 64.650345 -10.324755 -24.187386
v 64.650345 -10.324755 -24.187386
v 64.650345 -10.324755 -24.187386
v 65.672997 -11.778198 -24.187386
v 65.672997 -11.778198 -24.187386
v 65.672997 -11.778198 -24.187386
v 65.672997 -10.423385 -24.187386
v 65.672997 -10.423385 -24.187386
v 65.672997 -11.778198 -24.051903
v 65.672997 -11.778198 -24.051903
v 65.672997 -11.778198 -24.051903
v 65.672997 -10.423385 -24.051903
v 65.672997 -10.423385 -24.051903
v 65.155518 -11.778198 -24.187386
v 65.155518 -11.778198 -24.187386
v 65.155518 -11.778198 -24.187386
v 65.155518 -10.423385 -24.187386
v 65.155518 -10.423385 -24.187386
v 65.155518 -11.778198 -24.051903
v 65.155518 -11.778198 -24.051903
v 65.155518 -11.778198 -24.051903
v 65.155518 -10.423385 -24.051903
v 65.155518 -10.423385 -24.051903
v 65.414261 -11.778198 -24.051903
v 65.414261 -11.778198 -24.051903
v 65.414261 -10.324755 -24.051903
v 65.414261 -10.324755 -24.051903
v 65.414261 -10.324755 -24.051903
v 65.414261 -11.778198 -24.187386
v 65.414261 -11.778198 -24.187386
v 65.414261 -10.324755 -24.187386
v 65.414261 -10.324755 -24.187386
v 65.414261 -10.324755 -24.187386
v 66.436905 -11.778198 -24.187386
v 66.436905 -11.778198 -24.187386
v 66.436905 -11.778198 -24.187386
v 66.436905 -10.423385 -24.187386
v 66.436905 -10.423385 -24.187386
v 66.436905 -11.778198 -24.051903
v 66.436905 -11.778198 -24.051903
v 66.436905 -11.778198 -24.051903
v 66.436905 -10.423385 -24.051903
v 66.436905 -10.423385 -24.051903
v 65.919426 -11.778198 -24.187386
v 65.919426 -11.778198 -24.187386
v 65.919426 -11.778198 -24.187386
v 65.919426 -10.423385 -24.187386
v 65.919426 -10.423385 -24.187386
v 65.919426 -11.778198 -24.051903
v 65.919426 -11.778198 -24.051903
v 65.919426 -11.778198 -24.051903
v 65.919426 -10.423385 -24.051903
v 65.919426 -10.423385 -24.051903
v 66.178169 -11.778198 -24.051903
v 66.178169 -11.778198 -24.051903
v 66.178169 -10.324755 -24.051903
v 66.178169 -10.324755 -24.051903
v 66.178169 -10.324755 -24.051903
v 66.178169 -11.778198 -24.187386
v 66.178169 -11.778198 -24.187386
v 66.178169 -10.324755 -24.187386
v 66.178169 -10.324755 -24.187386
v 66.178169 -10.324755 -24.187386
v 67.200821 -11.778198 -24.187386
v 67.200821 -11.778198 -24.187386
v 67.200821 -11.778198 -24.187386
v 67.200821 -10.423385 -24.187386
v 67.200821 -10.423385 -24.187386
v 67.200821 -11.778198 -24.051903
v 67.200821 -11.778198 -24.051903
v 67.200821 -11.778198 -24.051903
v 67.200821 -10.423385 -24.051903
v 67.200821 -10.423385 -24.051903
v 66.683342 -11.778198 -24.187386
v 66.683342 -11.778198 -24.187386
v 66.683342 -11.778198 -24.187386
v 66.683342 -10.423385 -24.187386
v 66.683342 -10.423385 -24.187386
v 66.683342 -11.778198 -24.051903
v 66.683342 -11.778198 -24.051903
v 66.683342 -11.778198 -24.051903
v 66.683342 -10.423385 -24.051903
v 66.683342 -10.423385 -24.051903
v 66.942078 -11.778198 -24.051903
v 66.942078 -11.778198 -24.051903
v 66.942078 -10.324755 -24.051903
v 66.942078 -10.324755 -24.051903
v 66.942078 -10.324755 -24.051903
v 66.942078 -11.778198 -24.187386
v 66.942078 -11.778198 -24.187386
v 66.942078 -10.324755 -24.187386
v 66.942078 -10.324755 -24.187386
v 66.942078 -10.324755 -24.187386
v 67.964729 -11.778198 -24.187386
v 67.964729 -11.778198 -24.187386
v 67.964729 -11.778198 -24.187386
v 67.964729 -10.423385 -24.187386
v 67.964729 -10.423385 -24.187386
v 67.964729 -11.778198 -24.051903
v 67.964729 -11.778198 -24.051903
v 67.964729 -11.778198 -24.051903
v 67.964729 -10.423385 -24.051903
v 67.964729 -10.423385 -24.051903
v 67.447250 -11.778198 -24.187386
v 67.447250 -11.778198 -24.187386
v 67.447250 -11.778198 -24.187386
v 67.447250 -10.423385 -24.187386
v 67.447250 -10.423385 -24.187386
v 67.447250 -11.778198 -24.051903
v 67.447250 -11.778198 -24.051903
v 67.447250 -11.778198 -24.051903
v 67.447250 -10.423385 -24.051903
v 67.447250 -10.423385 -24.051903
v 67.705986 -11.778198 -24.051903
v 67.705986 -11.778198 -24.051903
v 67.705986 -10.324755 -24.051903
v 67.705986 -10.324755 -24.051903
v 67.705986 -10.324755 -24.051903
v 67.705986 -11.778198 -24.187386
v 67.705986 -11.778198 -24.187386
v 67.705986 -10.324755 -24.187386
v 67.705986 -10.324755 -24.187386
v 67.705986 -10.324755 -24.187386
v 68.728638 -11.778198 -24.187386
v 68.728638 -11.778198 -24.187386
v 68.728638 -11.778198 -24.187386
v 68.728638 -10.423385 -24.187386
v 68.728638 -10.423385 -24.187386
v 68.728638 -11.778198 -24.051903
v 68.728638 -11.778198 -24.051903
v 68.728638 -11.778198 -24.051903
v 68.728638 -10.423385 -24.051903
v 68.728638 -10.423385 -24.051903
v 68.211159 -11.778198 -24.187386
v 68.211159 -11.778198 -24.187386
v 68.211159 -11.778198 -24.187386
v 68.211159 -10.423385 -24.187386
v 68.211159 -10.423385 -24.187386
v 68.211159 -11.778198 -24.051903
v 68.211159 -11.778198 -24.051903
v 68.211159 -11.778198 -24.051903
v 68.211159 -10.423385 -24.051903
v 68.211159 -10.423385 -24.051903
v 68.469894 -11.778198 -24.051903
v 68.469894 -11.778198 -24.051903
v 68.469894 -10.324755 -24.051903
v 68.469894 -10.324755 -24.051903
v 68.469894 -10.324755 -24.051903
v 68.469894 -11.778198 -24.187386
v 68.469894 -11.778198 -24.187386
v 68.469894 -10.324755 -24.187386
v 68.469894 -10.324755 -24.187386
v 68.469894 -10.324755 -24.187386
v 69.492546 -11.778198 -24.187386
v 69.492546 -11.778198 -24.187386
v 69.492546 -11.778198 -24.187386
v 69.492546 -10.423385 -24.187386
v 69.492546 -10.423385 -24.187386
v 69.492546 -11.778198 -24.051903
v 69.492546 -11.778198 -24.051903
v 69.492546 -11.778198 -24.051903
v 69.492546 -10.423385 -24.051903
v 69.492546 -10.423385 -24.051903
v 68.975067 -11.778198 -24.187386
v 68.975067 -11.778198 -24.187386
v 68.975067 -11.778198 -24.187386
v 68.975067 -10.423385 -24.187386
v 68.975067 -10.423385 -24.187386
v 68.975067 -11.778198 -24.051903
v 68.975067 -11.778198 -24.051903
v 68.975067 -11.778198 -24.051903
v 68.975067 -10.423385 -24.051903
v 68.975067 -10.423385 -24.051903
v 69.233810 -11.778198 -24.051903
v 69.233810 -11.778198 -24.051903
v 69.233810 -10.324755 -24.051903
v 69.233810 -10.324755 -24.051903
v 69.233810 -10.324755 -24.051903
v 69.233810 -11.778198 -24.187386
v 69.233810 -11.778198 -24.187386
v 69.233810 -10.324755 -24.187386
v 69.233810 -10.324755 -24.187386
v 69.233810 -10.324755 -24.187386
v 70.256454 -11.778198 -24.187386
v 70.256454 -11.778198 -24.187386
v 70.256454 -11.778198 -24.187386
v 70.256454 -10.423385 -24.187386
v 70.256454 -10.423385 -24.187386
v 70.256454 -11.778198 -24.051903
v 70.256454 -11.778198 -24.051903
v 70.256454 -11.778198 -24.051903
v 70.256454 -10.423385 -24.051903
v 70.256454 -10.423385 -24.051903
v 69.738983 -11.778198 -24.187386
v 69.738983 -11.778198 -24.187386
v 69.738983 -11.778198 -24.187386
v 69.738983 -10.423385 -24.187386
v 69.738983 -10.423385 -24.187386
v 69.738983 -11.778198 -24.051903
v 69.738983 -11.778198 -24.051903
v 69.738983 -11.778198 -24.051903
v 69.738983 -10.423385 -24.051903
v 69.738983 -10.423385 -24.051903
v 69.997719 -11.778198 -24.051903
v 69.997719 -11.778198 -24.051903
v 69.997719 -10.324755 -24.051903
v 69.997719 -10.324755 -24.051903
v 69.997719 -10.324755 -24.051903
v 69.997719 -11.778198 -24.187386
v 69.997719 -11.778198 -24.187386
v 69.997719 -10.324755 -24.187386
v 69.997719 -10.324755 -24.187386
v 69.997719 -10.324755 -24.187386
v 71.020370 -11.778198 -24.187386
v 71.020370 -11.778198 -24.187386
v 71.020370 -11.778198 -24.187386
v 71.020370 -10.423385 -24.187386
v 71.020370 -10.423385 -24.187386
v 71.020370 -11.778198 -24.051903
v 71.020370 -11.778198 -24.051903
v 71.020370 -11.778198 -24.051903
v 71.020370 -10.423385 -24.051903
v 71.020370 -10.423385 -24.051903
v 70.502892 -11.778198 -24.187386
v 70.502892 -11.778198 -24.187386
v 70.502892 -11.778198 -24.187386
v 70.502892 -10.423385 -24.187386
v 70.502892 -10.423385 -24.187386
v 70.502892 -11.778198 -24.051903
v 70.502892 -11.778198 -24.051903
v 70.502892 -11.778198 -24.051903
v 70.502892 -10.423385 -24.051903
v 70.502892 -10.423385 -24.051903
v 70.761635 -11.778198 -24.051903
v 70.761635 -11.778198 -24.051903
v 70.761635 -10.324755 -24.051903
v 70.761635 -10.324755 -24.051903
v 70.761635 -10.324755 -24.051903
v 70.761635 -11.778198 -24.187386
v 70.761635 -11.778198 -24.187386
v 70.761635 -10.324755 -24.187386
v 70.761635 -10.324755 -24.187386
v 70.761635 -10.324755 -24.187386
v 71.784279 -11.778198 -24.187386
v 71.784279 -11.778198 -24.187386
v 71.784279 -11.778198 -24.187386
v 71.784279 -10.423385 -24.187386
v 71.784279 -10.423385 -24.187386
v 71.784279 -11.778198 -24.051903
v 71.784279 -11.778198 -24.051903
v 71.784279 -11.778198 -24.051903
v 71.784279 -10.423385 -24.051903
v 71.784279 -10.423385 -24.051903
v 71.266800 -11.778198 -24.187386
v 71.266800 -11.778198 -24.187386
v 71.266800 -11.778198 -24.187386
v 71.266800 -10.423385 -24.187386
v 71.266800 -10.423385 -24.187386
v 71.266800 -11.778198 -24.051903
v 71.266800 -11.778198 -24.051903
v 71.266800 -11.778198 -24.051903
v 71.266800 -10.423385 -24.051903
v 71.266800 -10.423385 -24.051903
v 71.525543 -11.778198 -24.051903
v 71.525543 -11.778198 -24.051903
v 71.525543 -10.324755 -24.051903
v 71.525543 -10.324755 -24.051903
v 71.525543 -10.324755 -24.051903
v 71.525543 -11.778198 -24.187386
v 71.525543 -11.778198 -24.187386
v 71.525543 -10.324755 -24.187386
v 71.525543 -10.324755 -24.187386
v 71.525543 -10.324755 -24.187386
v 72.548187 -11.778198 -24.187386
v 72.548187 -11.778198 -24.187386
v 72.548187 -11.778198 -24.187386
v 72.548187 -10.423385 -24.187386
v 72.548187 -10.423385 -24.187386
v 72.548187 -11.778198 -24.051903
v 72.548187 -11.778198 -24.051903
v 72.548187 -11.778198 -24.051903
v 72.548187 -10.423385 -24.051903
v 72.548187 -10.423385 -24.051903
v 72.030716 -11.778198 -24.187386
v 72.030716 -11.778198 -24.187386
v 72.030716 -11.778198 -24.187386
v 72.030716 -10.423385 -24.187386
v 72.030716 -10.423385 -24.187386
v 72.030716 -11.778198 -24.051903
v 72.030716 -11.778198 -24.051903
v 72.030716 -11.778198 -24.051903
v 72.030716 -10.423385 -24.051903
v 72.030716 -10.423385 -24.051903
v 72.289452 -11.778198 -24.051903
v 72.289452 -11.778198 -24.051903
v 72.289452 -10.324755 -24.051903
v 72.289452 -10.324755 -24.051903
v 72.289452 -10.324755 -24.051903
v 72.289452 -11.778198 -24.187386
v 72.289452 -11.778198 -24.187386
v 72.289452 -10.324755 -24.187386
v 72.289452 -10.324755 -24.187386
v 72.289452 -10.324755 -24.187386
v 73.312103 -11.778198 -24.187386
v 73.312103 -11.778198 -24.187386
v 73.312103 -11.778198 -24.187386
v 73.312103 -10.423385 -24.187386
v 73.312103 -10.423385 -24.187386
v 73.312103 -11.778198 -24.051903
v 73.312103 -11.778198 -24.051903
v 73.312103 -11.778198 -24.051903
v 73.312103 -10.423385 -24.051903
v 73.312103 -10.423385 -24.051903
v 72.794624 -11.778198 -24.187386
v 72.794624 -11.778198 -24.187386
v 72.794624 -11.778198 -24.187386
v 72.794624 -10.423385 -24.187386
v 72.794624 -10.423385 -24.187386
v 72.794624 -11.778198 -24.051903
v 72.794624 -11.778198 -24.051903
v 72.794624 -11.778198 -24.051903
v 72.794624 -10.423385 -24.051903
v 72.794624 -10.423385 -24.051903
v 73.053360 -11.778198 -24.051903
v 73.053360 -11.778198 -24.051903
v 73.053360 -10.324755 -24.051903
v 73.053360 -10.324755 -24.051903
v 73.053360 -10.324755 -24.051903
v 73.053360 -11.778198 -24.187386
v 73.053360 -11.778198 -24.187386
v 73.053360 -10.324755 -24.187386
v 73.053360 -10.324755 -24.187386
v 73.053360 -10.324755 -24.187386
v 74.076012 -11.778198 -24.187386
v 74.076012 -11.778198 -24.187386
v 74.076012 -11.778198 -24.187386
v 74.076012 -10.423385 -24.187386
v 74.076012 -10.423385 -24.187386
v 74.076012 -11.778198 -24.051903
v 74.076012 -11.778198 -24.051903
v 74.076012 -11.778198 -24.051903
v 74.076012 -10.423385 -24.051903
v 74.076012 -10.423385 -24.051903
v 73.558533 -11.778198 -24.187386
v 73.558533 -11.778198 -24.187386
v 73.558533 -11.778198 -24.187386
v 73.558533 -10.423385 -24.187386
v 73.558533 -10.423385 -24.187386
v 73.558533 -11.778198 -24.051903
v 73.558533 -11.778198 -24.051903
v 73.558533 -11.778198 -24.051903
v 73.558533 -10.423385 -24.051903
v 73.558533 -10.423385 -24.051903
v 73.817276 -11.778198 -24.051903
v 73.817276 -11.778198 -24.051903
v 73.817276 -10.324755 -24.051903
v 73.817276 -10.324755 -24.051903
v 73.817276 -10.324755 -24.051903
v 73.817276 -11.778198 -24.187386
v 73.817276 -11.778198 -24.187386
v 73.817276 -10.324755 -24.187386
v 73.817276 -10.324755 -24.187386
v 73.817276 -10.324755 -24.187386
v 74.839920 -11.778198 -24.187386
v 74.839920 -11.778198 -24.187386
v 74.839920 -11.778198 -24.187386
v 74.839920 -10.423385 -24.187386
v 74.839920 -10.423385 -24.187386
v 74.839920 -11.778198 -24.051903
v 74.839920 -11.778198 -24.051903
v 74.839920 -11.778198 -24.051903
v 74.839920 -10.423385 -24.051903
v 74.839920 -10.423385 -24.051903
v 74.322449 -11.778198 -24.187386
v 74.322449 -11.778198 -24.187386
v 74.322449 -11.778198 -24.187386
v 74.322449 -10.423385 -24.187386
v 74.322449 -10.423385 -24.187386
v 74.322449 -11.778198 -24.051903
v 74.322449 -11.778198 -24.051903
v 74.322449 -11.778198 -24.051903
v 74.322449 -10.423385 -24.051903
v 74.322449 -10.423385 -24.051903
v 74.581184 -11.778198 -24.051903
v 74.581184 -11.778198 -24.051903
v 74.581184 -10.324755 -24.051903
v 74.581184 -10.324755 -24.051903
v 74.581184 -10.324755 -24.051903
v 74.581184 -11.778198 -24.187386
v 74.581184 -11.778198 -24.187386
v 74.581184 -10.324755 -24.187386
v 74.581184 -10.324755 -24.187386
v 74.581184 -10.324755 -24.187386
v 75.603836 -11.778198 -24.187386
v 75.603836 -11.778198 -24.187386
v 75.603836 -11.778198 -24.187386
v 75.603836 -10.423385 -24.187386
v 75.603836 -10.423385 -24.187386
v 75.603836 -11.778198 -24.051903
v 75.603836 -11.778198 -24.051903
v 75.603836 -11.778198 -24.051903
v 75.603836 -10.423385 -24.051903
v 75.603836 -10.423385 -24.051903
v 75.086357 -11.778198 -24.187386
v 75.086357 -11.778198 -24.187386
v 75.086357 -11.778198 -24.187386
v 75.086357 -10.423385 -24.187386
v 75.086357 -10.423385 -24.187386
v 75.086357 -11.778198 -24.051903
v 75.086357 -11.778198 -24.051903
v 75.086357 -11.778198 -24.051903
v 75.086357 -10.423385 -24.051903
v 75.086357 -10.423385 -24.051903
v 75.345093 -11.778198 -24.051903
v 75.345093 -11.778198 -24.051903
v 75.345093 -10.324755 -24.051903
v 75.345093 -10.324755 -24.051903
v 75.345093 -10.324755 -24.051903
v 75.345093 -11.778198 -24.187386
v 75.345093 -11.778198 -24.187386
v 75.345093 -10.324755 -24.187386
v 75.345093 -10.324755 -24.187386
v 75.345093 -10.324755 -24.187386
v 76.367744 -11.778198 -24.187386
v 76.367744 -11.778198 -24.187386
v 76.367744 -11.778198 -24.187386
v 76.367744 -10.423385 -24.187386
v 76.367744 -10.423385 -24.187386
v 76.367744 -11.778198 -24.051903
v 76.367744 -11.778198 -24.051903
v 76.367744 -11.778198 -24.051903
v 76.367744 -10.423385 -24.051903
v 76.367744 -10.423385 -24.051903
v 75.850266 -11.778198 -24.187386
v 75.850266 -11.778198 -24.187386
v 75.850266 -11.778198 -24.187386
v 75.850266 -10.423385 -24.187386
v 75.850266 -10.423385 -24.187386
v 75.850266 -11.778198 -24.051903
v 75.850266 -11.778198 -24.051903
v 75.850266 -11.778198 -24.051903
v 75.850266 -10.423385 -24.051903
v 75.850266 -10.423385 -24.051903
v 76.109009 -11.778198 -24.051903
v 76.109009 -11.778198 -24.051903
v 76.109009 -10.324755 -24.051903
v 76.109009 -10.324755 -24.051903
v 76.109009 -10.324755 -24.051903
v 76.109009 -11.778198 -24.187386
v 76.109009 -11.778198 -24.187386
v 76.109009 -10.324755 -24.187386
v 76.109009 -10.324755 -24.187386
v 76.109009 -10.324755 -24.187386
v 77.131653 -11.778198 -24.187386
v 77.131653 -11.778198 -24.187386
v 77.131653 -11.778198 -24.187386
v 77.131653 -10.423385 -24.187386
v 77.131653 -10.423385 -24.187386
v 77.131653 -11.778198 -24.051903
v 77.131653 -11.778198 -24.051903
v 77.131653 -11.778198 -24.051903
v 77.131653 -10.423385 -24.051903
v 77.131653 -10.423385 -24.051903
v 76.614182 -11.778198 -24.187386
v 76.614182 -11.778198 -24.187386
v 76.614182 -11.778198 -24.187386
v 76.614182 -10.423385 -24.187386
v 76.614182 -10.423385 -24.187386
v 76.614182 -11.778198 -24.051903
v 76.614182 -11.778198 -24.051903
v 76.614182 -11.778198 -24.051903
v 76.614182 -10.423385 -24.051903
v 76.614182 -10.423385 -24.051903
v 76.872917 -11.778198 -24.051903
v 76.872917 -11.778198 -24.051903
v 76.872917 -10.324755 -24.051903
v 76.872917 -10.324755 -24.051903
v 76.872917 -10.324755 -24.051903
v 76.872917 -11.778198 -24.187386
v 76.872917 -11.778198 -24.187386
v 76.872917 -10.324755 -24.187386
v 76.872917 -10.324755 -24.187386
v 76.872917 -10.324755 -24.187386
v 77.895561 -11.778198 -24.187386
v 77.895561 -11.778198 -24.187386
v 77.895561 -11.778198 -24.187386
v 77.895561 -10.423385 -24.187386
v 77.895561 -10.423385 -24.187386
v 77.895561 -11.778198 -24.051903
v 77.895561 -11.778198 -24.051903
v 77.895561 -11.778198 -24.051903
v 77.895561 -10.423385 -24.051903
v 77.895561 -10.423385 -24.051903
v 77.378090 -11.778198 -24.187386
v 77.378090 -11.778198 -24.187386
v 77.378090 -11.778198 -24.187386
v 77.378090 -10.423385 -24.187386
v 77.378090 -10.423385 -24.187386
v 77.378090 -11.778198 -24.051903
v 77.378090 -11.778198 -24.051903
v 77.378090 -11.778198 -24.051903
v 77.378090 -10.423385 -24.051903
v 77.378090 -10.423385 -24.051903
v 77.636826 -11.778198 -24.051903
v 77.636826 -11.778198 -24.051903
v 77.636826 -10.324755 -24.051903
v 77.636826 -10.324755 -24.051903
v 77.636826 -10.324755 -24.051903
v 77.636826 -11.778198 -24.187386
v 77.636826 -11.778198 -24.187386
v 77.636826 -10.324755 -24.187386
v 77.636826 -10.324755 -24.187386
v 77.636826 -10.324755 -24.187386
v 78.659477 -11.778198 -24.187386
v 78.659477 -11.778198 -24.187386
v 78.659477 -11.778198 -24.187386
v 78.659477 -10.423385 -24.187386
v 78.659477 -10.423385 -24.187386
v 78.659477 -11.778198 -24.051903
v 78.659477 -11.778198 -24.051903
v 78.659477 -11.778198 -24.051903
v 78.659477 -10.423385 -24.051903
v 78.659477 -10.423385 -24.051903
v 78.141998 -11.778198 -24.187386
v 78.141998 -11.778198 -24.187386
v 78.141998 -11.778198 -24.187386
v 78.141998 -10.423385 -24.187386
v 78.141998 -10.423385 -24.187386
v 78.141998 -11.778198 -24.051903
v 78.141998 -11.778198 -24.051903
v 78.141998 -11.778198 -24.051903
v 78.141998 -10.423385 -24.051903
v 78.141998 -10.423385 -24.051903
v 78.400742 -11.778198 -24.051903
v 78.400742 -11.778198 -24.051903
v 78.400742 -10.324755 -24.051903
v 78.400742 -10.324755 -24.051903
v 78.400742 -10.324755 -24.051903
v 78.400742 -11.778198 -24.187386
v 78.400742 -11.778198 -24.187386
v 78.400742 -10.324755 -24.187386
v 78.400742 -10.324755 -24.187386
v 78.400742 -10.324755 -24.187386
v 79.423386 -11.778198 -24.187386
v 79.423386 -11.778198 -24.187386
v 79.423386 -11.778198 -24.187386
v 79.423386 -10.423385 -24.187386
v 79.423386 -10.423385 -24.187386
v 79.423386 -11.778198 -24.051903
v 79.423386 -11.778198 -24.051903
v 79.423386 -11.778198 -24.051903
v 79.423386 -10.423385 -24.051903
v 79.423386 -10.423385 -24.051903
v 78.905907 -11.778198 -24.187386
v 78.905907 -11.778198 -24.187386
v 78.905907 -11.778198 -24.187386
v 78.905907 -10.423385 -24.187386
v 78.905907 -10.423385 -24.187386
v 78.905907 -11.778198 -24.051903
v 78.905907 -11.778198 -24.051903
v 78.905907 -11.778198 -24.051903
v 78.905907 -10.423385 -24.051903
v 78.905907 -10.423385 -24.051903
v 79.164650 -11.778198 -24.051903
v 79.164650 -11.778198 -24.051903
v 79.164650 -10.324755 -24.051903
v 79.164650 -10.324755 -24.051903
v 79.164650 -10.324755 -24.051903
v 79.164650 -11.778198 -24.187386
v 79.164650 -11.778198 -24.187386
v 79.164650 -10.324755 -24.187386
v 79.164650 -10.324755 -24.187386
v 79.164650 -10.324755 -24.187386
vn 1.0000 -0.0000 -0.0000
vn -0.0000 -0.0000 1.0000
vn -1.0000 -0.0000 -0.0000
vn -0.0000 -0.0000 -1.0000
vn -0.0000 -1.0000 -0.0000
vn -0.0000 1.0000 -0.0000
vn 0.2521 -0.0963 -0.9629
vn 0.2635 0.0871 -0.9607
vn 0.2635 0.0871 0.9607
vn 0.2521 -0.0963 0.9629
vn -0.0000 -0.0995 0.9950
vn -0.0000 0.1083 0.9941
vn -0.2635 0.0871 0.9607
vn -0.2521 -0.0963 0.9629
vn -0.2635 0.0871 -0.9607
vn -0.2521 -0.0963 -0.9629
vn -0.0000 -0.0995 -0.9950
vn -0.0000 0.1083 -0.9941
vt 0.061284 0.016431
vt 0.061284 0.001386
vt 0.070644 0.001386
vt 0.070644 0.016431
vt 0.016431 0.998614
vt 0.001386 0.998614
vt 0.001386 0.001386
vt 0.016431 0.001386
vt 0.061284 0.034247
vt 0.061284 0.019202
vt 0.070644 0.019202
vt 0.070644 0.034247
vt 0.034248 0.998614
vt 0.019203 0.998614
vt 0.019203 0.001386
vt 0.034248 0.001386
vt 0.046380 0.001386
vt 0.046380 0.998614
vt 0.037019 0.998614
vt 0.037019 0.001386
vt 0.058512 0.001386
vt 0.058512 0.998614
vt 0.049151 0.998614
vt 0.049151 0.001386
vt 0.689489 0.856190
vt 0.689489 0.266082
vt 0.748500 0.266082
vt 0.748500 0.856190
vt 0.614883 0.856190
vt 0.614883 0.223122
vt 0.673894 0.266082
vt 0.673894 0.856190
vt 0.764096 0.643425
vt 0.764096 0.296114
vt 0.823106 0.296114
vt 0.823106 0.643425
vt 0.481266 0.856190
vt 0.481266 0.223122
vt 0.540277 0.266082
vt 0.540277 0.856190
vt 0.823106 0.718031
vt 0.823106 0.777042
vt 0.764095 0.777042
vt 0.764095 0.718031
vt 0.748500 0.223122
vt 0.689489 0.223122
vt 0.764096 0.223122
vt 0.823106 0.223122
vt 0.823106 0.659020
vt 0.764096 0.659020
vt 0.422256 0.856190
vt 0.422256 0.266082
vt 0.555873 0.856190
vt 0.555873 0.266082
s 0
usemtl Fence.008
f 3435/217/77 3438/218/77 3444/219/77
f 3435/217/77 3444/219/77 3441/220/77
f 3439/221/78 3442/222/78 3454/223/78
f 3439/221/78 3454/223/78 3451/224/78
f 3453/225/79 3456/226/79 3450/227/79
f 3453/225/79 3450/227/79 3447/228/79
f 3445/229/80 3448/230/80 3436/231/80
f 3445/229/80 3436/231/80 3433/232/80
f 3440/233/81 3452/234/81 3446/235/81
f 3440/233/81 3446/235/81 3434/236/81
f 3455/237/82 3443/238/82 3437/239/82
f 3455/237/82 3437/239/82 3449/240/82
f 3459/217/77 3462/218/77 3468/219/77
f 3459/217/77 3468/219/77 3465/220/77
f 3463/221/78 3466/222/78 3478/223/78
f 3463/221/78 3478/223/78 3475/224/78
f 3477/225/79 3480/226/79 3474/227/79
f 3477/225/79 3474/227/79 3471/228/79
f 3469/229/80 3472/230/80 3460/231/80
f 3469/229/80 3460/231/80 3457/232/80
f 3464/233/81 3476/234/81 3470/235/81
f 3464/233/81 3470/235/81 3458/236/81
f 3479/237/82 3467/238/82 3461/239/82
f 3479/237/82 3461/239/82 3473/240/82
s 1
f 3482/241/83 3485/242/84 3490/243/85
f 3482/241/83 3490/243/85 3487/244/86
f 3501/245/87 3503/246/88 3499/247/89
f 3501/245/87 3499/247/89 3496/248/90
f 3497/249/90 3500/250/89 3495/251/91
f 3497/249/90 3495/251/91 3493/252/92
f 3506/253/93 3508/254/94 3484/255/84
f 3506/253/93 3484/255/84 3481/256/83
f 3502/257/87 3498/258/90 3492/259/92
f 3502/257/87 3492/259/92 3507/260/93
f 3504/261/88 3490/243/85 3485/242/84
f 3504/261/88 3485/242/84 3509/262/94
f 3500/250/89 3505/263/88 3510/264/94
f 3500/250/89 3510/264/94 3495/251/91
f 3488/265/86 3502/257/87 3507/260/93
f 3488/265/86 3507/260/93 3483/266/83
f 3491/267/92 3494/268/91 3508/254/94
f 3491/267/92 3508/254/94 3506/253/93
f 3486/269/86 3489/270/85 3503/246/88
f 3486/269/86 3503/246/88 3501/245/87
f 3512/241/83 3515/242/84 3520/243/85
f 3512/241/83 3520/243/85 3517/244/86
f 3531/245/87 3533/246/88 3529/247/89
f 3531/245/87 3529/247/89 3526/248/90
f 3527/249/90 3530/250/89 3525/251/91
f 3527/249/90 3525/251/91 3523/252/92
f 3536/253/93 3538/254/94 3514/255/84
f 3536/253/93 3514/255/84 3511/256/83
f 3532/257/87 3528/258/90 3522/259/92
f 3532/257/87 3522/259/92 3537/260/93
f 3534/261/88 3520/243/85 3515/242/84
f 3534/261/88 3515/242/84 3539/262/94
f 3530/250/89 3535/263/88 3540/264/94
f 3530/250/89 3540/264/94 3525/251/91
f 3518/265/86 3532/257/87 3537/260/93
f 3518/265/86 3537/260/93 3513/266/83
f 3521/267/92 3524/268/91 3538/254/94
f 3521/267/92 3538/254/94 3536/253/93
f 3516/269/86 3519/270/85 3533/246/88
f 3516/269/86 3533/246/88 3531/245/87
f 3542/241/83 3545/242/84 3550/243/85
f 3542/241/83 3550/243/85 3547/244/86
f 3561/245/87 3563/246/88 3559/247/89
f 3561/245/87 3559/247/89 3556/248/90
f 3557/249/90 3560/250/89 3555/251/91
f 3557/249/90 3555/251/91 3553/252/92
f 3566/253/93 3568/254/94 3544/255/84
f 3566/253/93 3544/255/84 3541/256/83
f 3562/257/87 3558/258/90 3552/259/92
f 3562/257/87 3552/259/92 3567/260/93
f 3564/261/88 3550/243/85 3545/242/84
f 3564/261/88 3545/242/84 3569/262/94
f 3560/250/89 3565/263/88 3570/264/94
f 3560/250/89 3570/264/94 3555/251/91
f 3548/265/86 3562/257/87 3567/260/93
f 3548/265/86 3567/260/93 3543/266/83
f 3551/267/92 3554/268/91 3568/254/94
f 3551/267/92 3568/254/94 3566/253/93
f 3546/269/86 3549/270/85 3563/246/88
f 3546/269/86 3563/246/88 3561/245/87
f 3572/241/83 3575/242/84 3580/243/85
f 3572/241/83 3580/243/85 3577/244/86
f 3591/245/87 3593/246/88 3589/247/89
f 3591/245/87 3589/247/89 3586/248/90
f 3587/249/90 3590/250/89 3585/251/91
f 3587/249/90 3585/251/91 3583/252/92
f 3596/253/93 3598/254/94 3574/255/84
f 3596/253/93 3574/255/84 3571/256/83
f 3592/257/87 3588/258/90 3582/259/92
f 3592/257/87 3582/259/92 3597/260/93
f 3594/261/88 3580/243/85 3575/242/84
f 3594/261/88 3575/242/84 3599/262/94
f 3590/250/89 3595/263/88 3600/264/94
f 3590/250/89 3600/264/94 3585/251/91
f 3578/265/86 3592/257/87 3597/260/93
f 3578/265/86 3597/260/93 3573/266/83
f 3581/267/92 3584/268/91 3598/254/94
f 3581/267/92 3598/254/94 3596/253/93
f 3576/269/86 3579/270/85 3593/246/88
f 3576/269/86 3593/246/88 3591/245/87
f 3602/241/83 3605/242/84 3610/243/85
f 3602/241/83 3610/243/85 3607/244/86
f 3621/245/87 3623/246/88 3619/247/89
f 3621/245/87 3619/247/89 3616/248/90
f 3617/249/90 3620/250/89 3615/251/91
f 3617/249/90 3615/251/91 3613/252/92
f 3626/253/93 3628/254/94 3604/255/84
f 3626/253/93 3604/255/84 3601/256/83
f 3622/257/87 3618/258/90 3612/259/92
f 3622/257/87 3612/259/92 3627/260/93
f 3624/261/88 3610/243/85 3605/242/84
f 3624/261/88 3605/242/84 3629/262/94
f 3620/250/89 3625/263/88 3630/264/94
f 3620/250/89 3630/264/94 3615/251/91
f 3608/265/86 3622/257/87 3627/260/93
f 3608/265/86 3627/260/93 3603/266/83
f 3611/267/92 3614/268/91 3628/254/94
f 3611/267/92 3628/254/94 3626/253/93
f 3606/269/86 3609/270/85 3623/246/88
f 3606/269/86 3623/246/88 3621/245/87
f 3632/241/83 3635/242/84 3640/243/85
f 3632/241/83 3640/243/85 3637/244/86
f 3651/245/87 3653/246/88 3649/247/89
f 3651/245/87 3649/247/89 3646/248/90
f 3647/249/90 3650/250/89 3645/251/91
f 3647/249/90 3645/251/91 3643/252/92
f 3656/253/93 3658/254/94 3634/255/84
f 3656/253/93 3634/255/84 3631/256/83
f 3652/257/87 3648/258/90 3642/259/92
f 3652/257/87 3642/259/92 3657/260/93
f 3654/261/88 3640/243/85 3635/242/84
f 3654/261/88 3635/242/84 3659/262/94
f 3650/250/89 3655/263/88 3660/264/94
f 3650/250/89 3660/264/94 3645/251/91
f 3638/265/86 3652/257/87 3657/260/93
f 3638/265/86 3657/260/93 3633/266/83
f 3641/267/92 3644/268/91 3658/254/94
f 3641/267/92 3658/254/94 3656/253/93
f 3636/269/86 3639/270/85 3653/246/88
f 3636/269/86 3653/246/88 3651/245/87
f 3662/241/83 3665/242/84 3670/243/85
f 3662/241/83 3670/243/85 3667/244/86
f 3681/245/87 3683/246/88 3679/247/89
f 3681/245/87 3679/247/89 3676/248/90
f 3677/249/90 3680/250/89 3675/251/91
f 3677/249/90 3675/251/91 3673/252/92
f 3686/253/93 3688/254/94 3664/255/84
f 3686/253/93 3664/255/84 3661/256/83
f 3682/257/87 3678/258/90 3672/259/92
f 3682/257/87 3672/259/92 3687/260/93
f 3684/261/88 3670/243/85 3665/242/84
f 3684/261/88 3665/242/84 3689/262/94
f 3680/250/89 3685/263/88 3690/264/94
f 3680/250/89 3690/264/94 3675/251/91
f 3668/265/86 3682/257/87 3687/260/93
f 3668/265/86 3687/260/93 3663/266/83
f 3671/267/92 3674/268/91 3688/254/94
f 3671/267/92 3688/254/94 3686/253/93
f 3666/269/86 3669/270/85 3683/246/88
f 3666/269/86 3683/246/88 3681/245/87
f 3692/241/83 3695/242/84 3700/243/85
f 3692/241/83 3700/243/85 3697/244/86
f 3711/245/87 3713/246/88 3709/247/89
f 3711/245/87 3709/247/89 3706/248/90
f 3707/249/90 3710/250/89 3705/251/91
f 3707/249/90 3705/251/91 3703/252/92
f 3716/253/93 3718/254/94 3694/255/84
f 3716/253/93 3694/255/84 3691/256/83
f 3712/257/87 3708/258/90 3702/259/92
f 3712/257/87 3702/259/92 3717/260/93
f 3714/261/88 3700/243/85 3695/242/84
f 3714/261/88 3695/242/84 3719/262/94
f 3710/250/89 3715/263/88 3720/264/94
f 3710/250/89 3720/264/94 3705/251/91
f 3698/265/86 3712/257/87 3717/260/93
f 3698/265/86 3717/260/93 3693/266/83
f 3701/267/92 3704/268/91 3718/254/94
f 3701/267/92 3718/254/94 3716/253/93
f 3696/269/86 3699/270/85 3713/246/88
f 3696/269/86 3713/246/88 3711/245/87
f 3722/241/83 3725/242/84 3730/243/85
f 3722/241/83 3730/243/85 3727/244/86
f 3741/245/87 3743/246/88 3739/247/89
f 3741/245/87 3739/247/89 3736/248/90
f 3737/249/90 3740/250/89 3735/251/91
f 3737/249/90 3735/251/91 3733/252/92
f 3746/253/93 3748/254/94 3724/255/84
f 3746/253/93 3724/255/84 3721/256/83
f 3742/257/87 3738/258/90 3732/259/92
f 3742/257/87 3732/259/92 3747/260/93
f 3744/261/88 3730/243/85 3725/242/84
f 3744/261/88 3725/242/84 3749/262/94
f 3740/250/89 3745/263/88 3750/264/94
f 3740/250/89 3750/264/94 3735/251/91
f 3728/265/86 3742/257/87 3747/260/93
f 3728/265/86 3747/260/93 3723/266/83
f 3731/267/92 3734/268/91 3748/254/94
f 3731/267/92 3748/254/94 3746/253/93
f 3726/269/86 3729/270/85 3743/246/88
f 3726/269/86 3743/246/88 3741/245/87
f 3752/241/83 3755/242/84 3760/243/85
f 3752/241/83 3760/243/85 3757/244/86
f 3771/245/87 3773/246/88 3769/247/89
f 3771/245/87 3769/247/89 3766/248/90
f 3767/249/90 3770/250/89 3765/251/91
f 3767/249/90 3765/251/91 3763/252/92
f 3776/253/93 3778/254/94 3754/255/84
f 3776/253/93 3754/255/84 3751/256/83
f 3772/257/87 3768/258/90 3762/259/92
f 3772/257/87 3762/259/92 3777/260/93
f 3774/261/88 3760/243/85 3755/242/84
f 3774/261/88 3755/242/84 3779/262/94
f 3770/250/89 3775/263/88 3780/264/94
f 3770/250/89 3780/264/94 3765/251/91
f 3758/265/86 3772/257/87 3777/260/93
f 3758/265/86 3777/260/93 3753/266/83
f 3761/267/92 3764/268/91 3778/254/94
f 3761/267/92 3778/254/94 3776/253/93
f 3756/269/86 3759/270/85 3773/246/88
f 3756/269/86 3773/246/88 3771/245/87
f 3782/241/83 3785/242/84 3790/243/85
f 3782/241/83 3790/243/85 3787/244/86
f 3801/245/87 3803/246/88 3799/247/89
f 3801/245/87 3799/247/89 3796/248/90
f 3797/249/90 3800/250/89 3795/251/91
f 3797/249/90 3795/251/91 3793/252/92
f 3806/253/93 3808/254/94 3784/255/84
f 3806/253/93 3784/255/84 3781/256/83
f 3802/257/87 3798/258/90 3792/259/92
f 3802/257/87 3792/259/92 3807/260/93
f 3804/261/88 3790/243/85 3785/242/84
f 3804/261/88 3785/242/84 3809/262/94
f 3800/250/89 3805/263/88 3810/264/94
f 3800/250/89 3810/264/94 3795/251/91
f 3788/265/86 3802/257/87 3807/260/93
f 3788/265/86 3807/260/93 3783/266/83
f 3791/267/92 3794/268/91 3808/254/94
f 3791/267/92 3808/254/94 3806/253/93
f 3786/269/86 3789/270/85 3803/246/88
f 3786/269/86 3803/246/88 3801/245/87
f 3812/241/83 3815/242/84 3820/243/85
f 3812/241/83 3820/243/85 3817/244/86
f 3831/245/87 3833/246/88 3829/247/89
f 3831/245/87 3829/247/89 3826/248/90
f 3827/249/90 3830/250/89 3825/251/91
f 3827/249/90 3825/251/91 3823/252/92
f 3836/253/93 3838/254/94 3814/255/84
f 3836/253/93 3814/255/84 3811/256/83
f 3832/257/87 3828/258/90 3822/259/92
f 3832/257/87 3822/259/92 3837/260/93
f 3834/261/88 3820/243/85 3815/242/84
f 3834/261/88 3815/242/84 3839/262/94
f 3830/250/89 3835/263/88 3840/264/94
f 3830/250/89 3840/264/94 3825/251/91
f 3818/265/86 3832/257/87 3837/260/93
f 3818/265/86 3837/260/93 3813/266/83
f 3821/267/92 3824/268/91 3838/254/94
f 3821/267/92 3838/254/94 3836/253/93
f 3816/269/86 3819/270/85 3833/246/88
f 3816/269/86 3833/246/88 3831/245/87
f 3842/241/83 3845/242/84 3850/243/85
f 3842/241/83 3850/243/85 3847/244/86
f 3861/245/87 3863/246/88 3859/247/89
f 3861/245/87 3859/247/89 3856/248/90
f 3857/249/90 3860/250/89 3855/251/91
f 3857/249/90 3855/251/91 3853/252/92
f 3866/253/93 3868/254/94 3844/255/84
f 3866/253/93 3844/255/84 3841/256/83
f 3862/257/87 3858/258/90 3852/259/92
f 3862/257/87 3852/259/92 3867/260/93
f 3864/261/88 3850/243/85 3845/242/84
f 3864/261/88 3845/242/84 3869/262/94
f 3860/250/89 3865/263/88 3870/264/94
f 3860/250/89 3870/264/94 3855/251/91
f 3848/265/86 3862/257/87 3867/260/93
f 3848/265/86 3867/260/93 3843/266/83
f 3851/267/92 3854/268/91 3868/254/94
f 3851/267/92 3868/254/94 3866/253/93
f 3846/269/86 3849/270/85 3863/246/88
f 3846/269/86 3863/246/88 3861/245/87
f 3872/241/83 3875/242/84 3880/243/85
f 3872/241/83 3880/243/85 3877/244/86
f 3891/245/87 3893/246/88 3889/247/89
f 3891/245/87 3889/247/89 3886/248/90
f 3887/249/90 3890/250/89 3885/251/91
f 3887/249/90 3885/251/91 3883/252/92
f 3896/253/93 3898/254/94 3874/255/84
f 3896/253/93 3874/255/84 3871/256/83
f 3892/257/87 3888/258/90 3882/259/92
f 3892/257/87 3882/259/92 3897/260/93
f 3894/261/88 3880/243/85 3875/242/84
f 3894/261/88 3875/242/84 3899/262/94
f 3890/250/89 3895/263/88 3900/264/94
f 3890/250/89 3900/264/94 3885/251/91
f 3878/265/86 3892/257/87 3897/260/93
f 3878/265/86 3897/260/93 3873/266/83
f 3881/267/92 3884/268/91 3898/254/94
f 3881/267/92 3898/254/94 3896/253/93
f 3876/269/86 3879/270/85 3893/246/88
f 3876/269/86 3893/246/88 3891/245/87
f 3902/241/83 3905/242/84 3910/243/85
f 3902/241/83 3910/243/85 3907/244/86
f 3921/245/87 3923/246/88 3919/247/89
f 3921/245/87 3919/247/89 3916/248/90
f 3917/249/90 3920/250/89 3915/251/91
f 3917/249/90 3915/251/91 3913/252/92
f 3926/253/93 3928/254/94 3904/255/84
f 3926/253/93 3904/255/84 3901/256/83
f 3922/257/87 3918/258/90 3912/259/92
f 3922/257/87 3912/259/92 3927/260/93
f 3924/261/88 3910/243/85 3905/242/84
f 3924/261/88 3905/242/84 3929/262/94
f 3920/250/89 3925/263/88 3930/264/94
f 3920/250/89 3930/264/94 3915/251/91
f 3908/265/86 3922/257/87 3927/260/93
f 3908/265/86 3927/260/93 3903/266/83
f 3911/267/92 3914/268/91 3928/254/94
f 3911/267/92 3928/254/94 3926/253/93
f 3906/269/86 3909/270/85 3923/246/88
f 3906/269/86 3923/246/88 3921/245/87
f 3932/241/83 3935/242/84 3940/243/85
f 3932/241/83 3940/243/85 3937/244/86
f 3951/245/87 3953/246/88 3949/247/89
f 3951/245/87 3949/247/89 3946/248/90
f 3947/249/90 3950/250/89 3945/251/91
f 3947/249/90 3945/251/91 3943/252/92
f 3956/253/93 3958/254/94 3934/255/84
f 3956/253/93 3934/255/84 3931/256/83
f 3952/257/87 3948/258/90 3942/259/92
f 3952/257/87 3942/259/92 3957/260/93
f 3954/261/88 3940/243/85 3935/242/84
f 3954/261/88 3935/242/84 3959/262/94
f 3950/250/89 3955/263/88 3960/264/94
f 3950/250/89 3960/264/94 3945/251/91
f 3938/265/86 3952/257/87 3957/260/93
f 3938/265/86 3957/260/93 3933/266/83
f 3941/267/92 3944/268/91 3958/254/94
f 3941/267/92 3958/254/94 3956/253/93
f 3936/269/86 3939/270/85 3953/246/88
f 3936/269/86 3953/246/88 3951/245/87
f 3962/241/83 3965/242/84 3970/243/85
f 3962/241/83 3970/243/85 3967/244/86
f 3981/245/87 3983/246/88 3979/247/89
f 3981/245/87 3979/247/89 3976/248/90
f 3977/249/90 3980/250/89 3975/251/91
f 3977/249/90 3975/251/91 3973/252/92
f 3986/253/93 3988/254/94 3964/255/84
f 3986/253/93 3964/255/84 3961/256/83
f 3982/257/87 3978/258/90 3972/259/92
f 3982/257/87 3972/259/92 3987/260/93
f 3984/261/88 3970/243/85 3965/242/84
f 3984/261/88 3965/242/84 3989/262/94
f 3980/250/89 3985/263/88 3990/264/94
f 3980/250/89 3990/264/94 3975/251/91
f 3968/265/86 3982/257/87 3987/260/93
f 3968/265/86 3987/260/93 3963/266/83
f 3971/267/92 3974/268/91 3988/254/94
f 3971/267/92 3988/254/94 3986/253/93
f 3966/269/86 3969/270/85 3983/246/88
f 3966/269/86 3983/246/88 3981/245/87
f 3992/241/83 3995/242/84 4000/243/85
f 3992/241/83 4000/243/85 3997/244/86
f 4011/245/87 4013/246/88 4009/247/89
f 4011/245/87 4009/247/89 4006/248/90
f 4007/249/90 4010/250/89 4005/251/91
f 4007/249/90 4005/251/91 4003/252/92
f 4016/253/93 4018/254/94 3994/255/84
f 4016/253/93 3994/255/84 3991/256/83
f 4012/257/87 4008/258/90 4002/259/92
f 4012/257/87 4002/259/92 4017/260/93
f 4014/261/88 4000/243/85 3995/242/84
f 4014/261/88 3995/242/84 4019/262/94
f 4010/250/89 4015/263/88 4020/264/94
f 4010/250/89 4020/264/94 4005/251/91
f 3998/265/86 4012/257/87 4017/260/93
f 3998/265/86 4017/260/93 3993/266/83
f 4001/267/92 4004/268/91 4018/254/94
f 4001/267/92 4018/254/94 4016/253/93
f 3996/269/86 3999/270/85 4013/246/88
f 3996/269/86 4013/246/88 4011/245/87
f 4022/241/83 4025/242/84 4030/243/85
f 4022/241/83 4030/243/85 4027/244/86
f 4041/245/87 4043/246/88 4039/247/89
f 4041/245/87 4039/247/89 4036/248/90
f 4037/249/90 4040/250/89 4035/251/91
f 4037/249/90 4035/251/91 4033/252/92
f 4046/253/93 4048/254/94 4024/255/84
f 4046/253/93 4024/255/84 4021/256/83
f 4042/257/87 4038/258/90 4032/259/92
f 4042/257/87 4032/259/92 4047/260/93
f 4044/261/88 4030/243/85 4025/242/84
f 4044/261/88 4025/242/84 4049/262/94
f 4040/250/89 4045/263/88 4050/264/94
f 4040/250/89 4050/264/94 4035/251/91
f 4028/265/86 4042/257/87 4047/260/93
f 4028/265/86 4047/260/93 4023/266/83
f 4031/267/92 4034/268/91 4048/254/94
f 4031/267/92 4048/254/94 4046/253/93
f 4026/269/86 4029/270/85 4043/246/88
f 4026/269/86 4043/246/88 4041/245/87
f 4052/241/83 4055/242/84 4060/243/85
f 4052/241/83 4060/243/85 4057/244/86
f 4071/245/87 4073/246/88 4069/247/89
f 4071/245/87 4069/247/89 4066/248/90
f 4067/249/90 4070/250/89 4065/251/91
f 4067/249/90 4065/251/91 4063/252/92
f 4076/253/93 4078/254/94 4054/255/84
f 4076/253/93 4054/255/84 4051/256/83
f 4072/257/87 4068/258/90 4062/259/92
f 4072/257/87 4062/259/92 4077/260/93
f 4074/261/88 4060/243/85 4055/242/84
f 4074/261/88 4055/242/84 4079/262/94
f 4070/250/89 4075/263/88 4080/264/94
f 4070/250/89 4080/264/94 4065/251/91
f 4058/265/86 4072/257/87 4077/260/93
f 4058/265/86 4077/260/93 4053/266/83
f 4061/267/92 4064/268/91 4078/254/94
f 4061/267/92 4078/254/94 4076/253/93
f 4056/269/86 4059/270/85 4073/246/88
f 4056/269/86 4073/246/88 4071/245/87
f 4082/241/83 4085/242/84 4090/243/85
f 4082/241/83 4090/243/85 4087/244/86
f 4101/245/87 4103/246/88 4099/247/89
f 4101/245/87 4099/247/89 4096/248/90
f 4097/249/90 4100/250/89 4095/251/91
f 4097/249/90 4095/251/91 4093/252/92
f 4106/253/93 4108/254/94 4084/255/84
f 4106/253/93 4084/255/84 4081/256/83
f 4102/257/87 4098/258/90 4092/259/92
f 4102/257/87 4092/259/92 4107/260/93
f 4104/261/88 4090/243/85 4085/242/84
f 4104/261/88 4085/242/84 4109/262/94
f 4100/250/89 4105/263/88 4110/264/94
f 4100/250/89 4110/264/94 4095/251/91
f 4088/265/86 4102/257/87 4107/260/93
f 4088/265/86 4107/260/93 4083/266/83
f 4091/267/92 4094/268/91 4108/254/94
f 4091/267/92 4108/254/94 4106/253/93
f 4086/269/86 4089/270/85 4103/246/88
f 4086/269/86 4103/246/88 4101/245/87
f 4112/241/83 4115/242/84 4120/243/85
f 4112/241/83 4120/243/85 4117/244/86
f 4131/245/87 4133/246/88 4129/247/89
f 4131/245/87 4129/247/89 4126/248/90
f 4127/249/90 4130/250/89 4125/251/91
f 4127/249/90 4125/251/91 4123/252/92
f 4136/253/93 4138/254/94 4114/255/84
f 4136/253/93 4114/255/84 4111/256/83
f 4132/257/87 4128/258/90 4122/259/92
f 4132/257/87 4122/259/92 4137/260/93
f 4134/261/88 4120/243/85 4115/242/84
f 4134/261/88 4115/242/84 4139/262/94
f 4130/250/89 4135/263/88 4140/264/94
f 4130/250/89 4140/264/94 4125/251/91
f 4118/265/86 4132/257/87 4137/260/93
f 4118/265/86 4137/260/93 4113/266/83
f 4121/267/92 4124/268/91 4138/254/94
f 4121/267/92 4138/254/94 4136/253/93
f 4116/269/86 4119/270/85 4133/246/88
f 4116/269/86 4133/246/88 4131/245/87
f 4142/241/83 4145/242/84 4150/243/85
f 4142/241/83 4150/243/85 4147/244/86
f 4161/245/87 4163/246/88 4159/247/89
f 4161/245/87 4159/247/89 4156/248/90
f 4157/249/90 4160/250/89 4155/251/91
f 4157/249/90 4155/251/91 4153/252/92
f 4166/253/93 4168/254/94 4144/255/84
f 4166/253/93 4144/255/84 4141/256/83
f 4162/257/87 4158/258/90 4152/259/92
f 4162/257/87 4152/259/92 4167/260/93
f 4164/261/88 4150/243/85 4145/242/84
f 4164/261/88 4145/242/84 4169/262/94
f 4160/250/89 4165/263/88 4170/264/94
f 4160/250/89 4170/264/94 4155/251/91
f 4148/265/86 4162/257/87 4167/260/93
f 4148/265/86 4167/260/93 4143/266/83
f 4151/267/92 4154/268/91 4168/254/94
f 4151/267/92 4168/254/94 4166/253/93
f 4146/269/86 4149/270/85 4163/246/88
f 4146/269/86 4163/246/88 4161/245/87
f 4172/241/83 4175/242/84 4180/243/85
f 4172/241/83 4180/243/85 4177/244/86
f 4191/245/87 4193/246/88 4189/247/89
f 4191/245/87 4189/247/89 4186/248/90
f 4187/249/90 4190/250/89 4185/251/91
f 4187/249/90 4185/251/91 4183/252/92
f 4196/253/93 4198/254/94 4174/255/84
f 4196/253/93 4174/255/84 4171/256/83
f 4192/257/87 4188/258/90 4182/259/92
f 4192/257/87 4182/259/92 4197/260/93
f 4194/261/88 4180/243/85 4175/242/84
f 4194/261/88 4175/242/84 4199/262/94
f 4190/250/89 4195/263/88 4200/264/94
f 4190/250/89 4200/264/94 4185/251/91
f 4178/265/86 4192/257/87 4197/260/93
f 4178/265/86 4197/260/93 4173/266/83
f 4181/267/92 4184/268/91 4198/254/94
f 4181/267/92 4198/254/94 4196/253/93
f 4176/269/86 4179/270/85 4193/246/88
f 4176/269/86 4193/246/88 4191/245/87
f 4202/241/83 4205/242/84 4210/243/85
f 4202/241/83 4210/243/85 4207/244/86
f 4221/245/87 4223/246/88 4219/247/89
f 4221/245/87 4219/247/89 4216/248/90
f 4217/249/90 4220/250/89 4215/251/91
f 4217/249/90 4215/251/91 4213/252/92
f 4226/253/93 4228/254/94 4204/255/84
f 4226/253/93 4204/255/84 4201/256/83
f 4222/257/87 4218/258/90 4212/259/92
f 4222/257/87 4212/259/92 4227/260/93
f 4224/261/88 4210/243/85 4205/242/84
f 4224/261/88 4205/242/84 4229/262/94
f 4220/250/89 4225/263/88 4230/264/94
f 4220/250/89 4230/264/94 4215/251/91
f 4208/265/86 4222/257/87 4227/260/93
f 4208/265/86 4227/260/93 4203/266/83
f 4211/267/92 4214/268/91 4228/254/94
f 4211/267/92 4228/254/94 4226/253/93
f 4206/269/86 4209/270/85 4223/246/88
f 4206/269/86 4223/246/88 4221/245/87
f 4232/241/83 4235/242/84 4240/243/85
f 4232/241/83 4240/243/85 4237/244/86
f 4251/245/87 4253/246/88 4249/247/89
f 4251/245/87 4249/247/89 4246/248/90
f 4247/249/90 4250/250/89 4245/251/91
f 4247/249/90 4245/251/91 4243/252/92
f 4256/253/93 4258/254/94 4234/255/84
f 4256/253/93 4234/255/84 4231/256/83
f 4252/257/87 4248/258/90 4242/259/92
f 4252/257/87 4242/259/92 4257/260/93
f 4254/261/88 4240/243/85 4235/242/84
f 4254/261/88 4235/242/84 4259/262/94
f 4250/250/89 4255/263/88 4260/264/94
f 4250/250/89 4260/264/94 4245/251/91
f 4238/265/86 4252/257/87 4257/260/93
f 4238/265/86 4257/260/93 4233/266/83
f 4241/267/92 4244/268/91 4258/254/94
f 4241/267/92 4258/254/94 4256/253/93
f 4236/269/86 4239/270/85 4253/246/88
f 4236/269/86 4253/246/88 4251/245/87
f 4262/241/83 4265/242/84 4270/243/85
f 4262/241/83 4270/243/85 4267/244/86
f 4281/245/87 4283/246/88 4279/247/89
f 4281/245/87 4279/247/89 4276/248/90
f 4277/249/90 4280/250/89 4275/251/91
f 4277/249/90 4275/251/91 4273/252/92
f 4286/253/93 4288/254/94 4264/255/84
f 4286/253/93 4264/255/84 4261/256/83
f 4282/257/87 4278/258/90 4272/259/92
f 4282/257/87 4272/259/92 4287/260/93
f 4284/261/88 4270/243/85 4265/242/84
f 4284/261/88 4265/242/84 4289/262/94
f 4280/250/89 4285/263/88 4290/264/94
f 4280/250/89 4290/264/94 4275/251/91
f 4268/265/86 4282/257/87 4287/260/93
f 4268/265/86 4287/260/93 4263/266/83
f 4271/267/92 4274/268/91 4288/254/94
f 4271/267/92 4288/254/94 4286/253/93
f 4266/269/86 4269/270/85 4283/246/88
f 4266/269/86 4283/246/88 4281/245/87
f 4292/241/83 4295/242/84 4300/243/85
f 4292/241/83 4300/243/85 4297/244/86
f 4311/245/87 4313/246/88 4309/247/89
f 4311/245/87 4309/247/89 4306/248/90
f 4307/249/90 4310/250/89 4305/251/91
f 4307/249/90 4305/251/91 4303/252/92
f 4316/253/93 4318/254/94 4294/255/84
f 4316/253/93 4294/255/84 4291/256/83
f 4312/257/87 4308/258/90 4302/259/92
f 4312/257/87 4302/259/92 4317/260/93
f 4314/261/88 4300/243/85 4295/242/84
f 4314/261/88 4295/242/84 4319/262/94
f 4310/250/89 4315/263/88 4320/264/94
f 4310/250/89 4320/264/94 4305/251/91
f 4298/265/86 4312/257/87 4317/260/93
f 4298/265/86 4317/260/93 4293/266/83
f 4301/267/92 4304/268/91 4318/254/94
f 4301/267/92 4318/254/94 4316/253/93
f 4296/269/86 4299/270/85 4313/246/88
f 4296/269/86 4313/246/88 4311/245/87
f 4322/241/83 4325/242/84 4330/243/85
f 4322/241/83 4330/243/85 4327/244/86
f 4341/245/87 4343/246/88 4339/247/89
f 4341/245/87 4339/247/89 4336/248/90
f 4337/249/90 4340/250/89 4335/251/91
f 4337/249/90 4335/251/91 4333/252/92
f 4346/253/93 4348/254/94 4324/255/84
f 4346/253/93 4324/255/84 4321/256/83
f 4342/257/87 4338/258/90 4332/259/92
f 4342/257/87 4332/259/92 4347/260/93
f 4344/261/88 4330/243/85 4325/242/84
f 4344/261/88 4325/242/84 4349/262/94
f 4340/250/89 4345/263/88 4350/264/94
f 4340/250/89 4350/264/94 4335/251/91
f 4328/265/86 4342/257/87 4347/260/93
f 4328/265/86 4347/260/93 4323/266/83
f 4331/267/92 4334/268/91 4348/254/94
f 4331/267/92 4348/254/94 4346/253/93
f 4326/269/86 4329/270/85 4343/246/88
f 4326/269/86 4343/246/88 4341/245/87
f 4352/241/83 4355/242/84 4360/243/85
f 4352/241/83 4360/243/85 4357/244/86
f 4371/245/87 4373/246/88 4369/247/89
f 4371/245/87 4369/247/89 4366/248/90
f 4367/249/90 4370/250/89 4365/251/91
f 4367/249/90 4365/251/91 4363/252/92
f 4376/253/93 4378/254/94 4354/255/84
f 4376/253/93 4354/255/84 4351/256/83
f 4372/257/87 4368/258/90 4362/259/92
f 4372/257/87 4362/259/92 4377/260/93
f 4374/261/88 4360/243/85 4355/242/84
f 4374/261/88 4355/242/84 4379/262/94
f 4370/250/89 4375/263/88 4380/264/94
f 4370/250/89 4380/264/94 4365/251/91
f 4358/265/86 4372/257/87 4377/260/93
f 4358/265/86 4377/260/93 4353/266/83
f 4361/267/92 4364/268/91 4378/254/94
f 4361/267/92 4378/254/94 4376/253/93
f 4356/269/86 4359/270/85 4373/246/88
f 4356/269/86 4373/246/88 4371/245/87
f 4382/241/83 4385/242/84 4390/243/85
f 4382/241/83 4390/243/85 4387/244/86
f 4401/245/87 4403/246/88 4399/247/89
f 4401/245/87 4399/247/89 4396/248/90
f 4397/249/90 4400/250/89 4395/251/91
f 4397/249/90 4395/251/91 4393/252/92
f 4406/253/93 4408/254/94 4384/255/84
f 4406/253/93 4384/255/84 4381/256/83
f 4402/257/87 4398/258/90 4392/259/92
f 4402/257/87 4392/259/92 4407/260/93
f 4404/261/88 4390/243/85 4385/242/84
f 4404/261/88 4385/242/84 4409/262/94
f 4400/250/89 4405/263/88 4410/264/94
f 4400/250/89 4410/264/94 4395/251/91
f 4388/265/86 4402/257/87 4407/260/93
f 4388/265/86 4407/260/93 4383/266/83
f 4391/267/92 4394/268/91 4408/254/94
f 4391/267/92 4408/254/94 4406/253/93
f 4386/269/86 4389/270/85 4403/246/88
f 4386/269/86 4403/246/88 4401/245/87
f 4412/241/83 4415/242/84 4420/243/85
f 4412/241/83 4420/243/85 4417/244/86
f 4431/245/87 4433/246/88 4429/247/89
f 4431/245/87 4429/247/89 4426/248/90
f 4427/249/90 4430/250/89 4425/251/91
f 4427/249/90 4425/251/91 4423/252/92
f 4436/253/93 4438/254/94 4414/255/84
f 4436/253/93 4414/255/84 4411/256/83
f 4432/257/87 4428/258/90 4422/259/92
f 4432/257/87 4422/259/92 4437/260/93
f 4434/261/88 4420/243/85 4415/242/84
f 4434/261/88 4415/242/84 4439/262/94
f 4430/250/89 4435/263/88 4440/264/94
f 4430/250/89 4440/264/94 4425/251/91
f 4418/265/86 4432/257/87 4437/260/93
f 4418/265/86 4437/260/93 4413/266/83
f 4421/267/92 4424/268/91 4438/254/94
f 4421/267/92 4438/254/94 4436/253/93
f 4416/269/86 4419/270/85 4433/246/88
f 4416/269/86 4433/246/88 4431/245/87
f 4442/241/83 4445/242/84 4450/243/85
f 4442/241/83 4450/243/85 4447/244/86
f 4461/245/87 4463/246/88 4459/247/89
f 4461/245/87 4459/247/89 4456/248/90
f 4457/249/90 4460/250/89 4455/251/91
f 4457/249/90 4455/251/91 4453/252/92
f 4466/253/93 4468/254/94 4444/255/84
f 4466/253/93 4444/255/84 4441/256/83
f 4462/257/87 4458/258/90 4452/259/92
f 4462/257/87 4452/259/92 4467/260/93
f 4464/261/88 4450/243/85 4445/242/84
f 4464/261/88 4445/242/84 4469/262/94
f 4460/250/89 4465/263/88 4470/264/94
f 4460/250/89 4470/264/94 4455/251/91
f 4448/265/86 4462/257/87 4467/260/93
f 4448/265/86 4467/260/93 4443/266/83
f 4451/267/92 4454/268/91 4468/254/94
f 4451/267/92 4468/254/94 4466/253/93
f 4446/269/86 4449/270/85 4463/246/88
f 4446/269/86 4463/246/88 4461/245/87
