# Blender 5.1.0
# www.blender.org
mtllib folhas.mtl
o Plant_Cluster
v -0.005575 -0.000126 -0.005736
v -0.007884 -0.001341 -0.000197
v -0.005575 -0.001770 0.005458
v -0.000000 -0.001162 0.007915
v 0.005575 0.000126 0.005736
v 0.007884 0.001341 0.000197
v 0.005575 0.001770 -0.005458
v 0.000000 0.001162 -0.007915
v -0.017315 0.071332 0.003322
v -0.019670 0.070399 0.008896
v -0.017392 0.070163 0.014575
v -0.011816 0.070764 0.017032
v -0.006207 0.071849 0.014827
v -0.003852 0.072783 0.009253
v -0.006130 0.073018 0.003574
v -0.011706 0.072417 0.001118
v -0.026320 0.134794 0.008345
v -0.028725 0.134217 0.013946
v -0.026482 0.134227 0.019643
v -0.020904 0.134819 0.022099
v -0.015260 0.135646 0.019875
v -0.012855 0.136224 0.014274
v -0.015098 0.136214 0.008577
v -0.020675 0.135622 0.006121
v -0.032071 0.196276 0.008985
v -0.034494 0.196013 0.014493
v -0.032326 0.196399 0.020077
v -0.026840 0.197210 0.022459
v -0.021258 0.198011 0.020245
v -0.018845 0.198308 0.014743
v -0.021006 0.197918 0.009173
v -0.026480 0.197071 0.006785
v -0.033543 0.259886 0.005038
v -0.035824 0.260408 0.010109
v -0.033802 0.261453 0.015246
v -0.028677 0.262413 0.017433
v -0.023458 0.262726 0.015407
v -0.021185 0.262239 0.010359
v -0.023183 0.261188 0.005232
v -0.028301 0.260196 0.003022
v -0.031839 0.313155 -0.001976
v -0.033864 0.314715 0.002498
v -0.031969 0.316490 0.007059
v -0.027298 0.317443 0.009042
v -0.022578 0.317017 0.007319
v -0.020541 0.315465 0.002890
v -0.022389 0.313684 -0.001683
v -0.027073 0.312724 -0.003711
v -0.028237 0.354579 -0.010258
v -0.030021 0.356406 -0.006233
v -0.028271 0.358178 -0.002091
v -0.024051 0.358863 -0.000237
v -0.019814 0.358062 -0.001719
v -0.017997 0.356270 -0.005690
v -0.019692 0.354488 -0.009860
v -0.023944 0.353770 -0.011769
v -0.024011 0.391852 -0.015277
v -0.025637 0.393104 -0.011594
v -0.024118 0.394164 -0.007780
v -0.020377 0.394419 -0.006048
v -0.016587 0.393718 -0.007381
v -0.014929 0.392526 -0.011016
v -0.016400 0.391457 -0.014856
v -0.020174 0.391144 -0.016638
v -0.019715 0.424432 -0.016953
v -0.021201 0.425101 -0.013657
v -0.019923 0.425496 -0.010230
v -0.016653 0.425388 -0.008664
v -0.013291 0.424856 -0.009852
v -0.011778 0.424241 -0.013108
v -0.013020 0.423841 -0.016553
v -0.016317 0.423894 -0.018161
v -0.015683 0.451522 -0.016243
v -0.017044 0.451750 -0.013338
v -0.015985 0.451627 -0.010312
v -0.013132 0.451266 -0.008925
v -0.010151 0.450866 -0.009975
v -0.008773 0.450669 -0.012854
v -0.009813 0.450778 -0.015892
v -0.012682 0.451105 -0.017308
v -0.012108 0.473378 -0.014045
v -0.013384 0.473283 -0.011462
v -0.012486 0.472835 -0.008762
v -0.009945 0.472296 -0.007524
v -0.007247 0.471982 -0.008469
v -0.005968 0.472076 -0.011046
v -0.006859 0.472524 -0.013749
v -0.009403 0.473063 -0.014993
v -0.008914 0.491808 -0.010863
v -0.010167 0.491524 -0.008430
v -0.009353 0.490855 -0.005888
v -0.006948 0.490192 -0.004726
v -0.004361 0.489923 -0.005625
v -0.003108 0.490207 -0.008059
v -0.003922 0.490877 -0.010601
v -0.006327 0.491540 -0.011762
v -0.008793 0.073206 0.003799
v -0.001462 0.072680 0.012038
v 0.086357 0.312793 -0.188941
v 0.202394 0.319243 -0.168936
v 0.193277 0.319371 -0.179630
v 0.012193 0.287411 -0.165636
v -0.033547 0.235541 -0.128276
v -0.043340 0.162622 -0.074119
v 0.053954 0.152707 0.032195
v 0.100123 0.230437 0.026808
v 0.145026 0.285331 -0.009705
v 0.177674 0.310302 -0.082711
v -0.003852 0.072783 0.009253
v 0.196073 0.319165 -0.176423
v 0.017630 0.145562 -0.020321
v 0.044201 0.211553 -0.058344
v 0.085721 0.262701 -0.096951
v 0.135225 0.297033 -0.139908
v -0.022027 0.133306 0.023573
v -0.028639 0.134777 0.017641
v -0.060995 0.300217 0.222363
v -0.155520 0.317479 0.218544
v -0.147310 0.315160 0.226197
v -0.005432 0.278079 0.192868
v 0.023617 0.239309 0.150897
v 0.020382 0.189255 0.095813
v -0.067402 0.205956 0.019058
v -0.096903 0.270484 0.039562
v -0.125061 0.311732 0.081238
v -0.143258 0.322353 0.146230
v -0.026482 0.134227 0.019643
v -0.149838 0.315727 0.223883
v -0.034630 0.189025 0.056270
v -0.046849 0.237453 0.099075
v -0.072465 0.275122 0.141525
v -0.105752 0.299324 0.185648
v -0.035647 0.261145 0.008704
v -0.032448 0.259333 0.003216
v -0.174641 0.382605 -0.046126
v -0.186786 0.364182 -0.113134
v -0.190990 0.366144 -0.106122
v -0.145550 0.381700 -0.006802
v -0.112915 0.360190 0.019338
v -0.076954 0.319706 0.026746
v -0.036057 0.294052 -0.044929
v -0.052074 0.329630 -0.082523
v -0.084215 0.353000 -0.108941
v -0.132966 0.362289 -0.115952
v -0.033543 0.259886 0.005038
v -0.189734 0.365449 -0.108227
v -0.058003 0.297686 -0.013582
v -0.087891 0.330820 -0.031952
v -0.120354 0.352732 -0.055461
v -0.156025 0.363671 -0.079277
v -0.020442 0.358030 -0.004667
v -0.019534 0.358127 -0.000245
v 0.062342 0.442832 -0.061982
v 0.099590 0.444372 -0.031383
v 0.098528 0.444013 -0.037020
v 0.030348 0.435195 -0.068042
v 0.004423 0.417066 -0.062327
v -0.013094 0.390656 -0.042536
v -0.000559 0.390597 0.015199
v 0.020195 0.420923 0.019845
v 0.045785 0.440339 0.014143
v 0.073103 0.445886 -0.005784
v -0.019814 0.358062 -0.001719
v 0.098861 0.444052 -0.035311
v -0.003124 0.385531 -0.010459
v 0.016772 0.409699 -0.020871
v 0.041426 0.427546 -0.027863
v 0.069052 0.438200 -0.034114
v -0.017624 0.452228 -0.012212
v -0.016737 0.451532 -0.013897
v -0.052562 0.496947 -0.028716
v -0.056983 0.492432 -0.049426
v -0.058171 0.493221 -0.047275
v -0.043994 0.494833 -0.016567
v -0.035454 0.486376 -0.008578
v -0.026893 0.472109 -0.006443
v -0.015691 0.462472 -0.028470
v -0.018384 0.474307 -0.039837
v -0.026671 0.483300 -0.047898
v -0.040836 0.488867 -0.050140
v -0.017044 0.451750 -0.013338
v -0.057822 0.492952 -0.047922
v -0.022239 0.464625 -0.018895
v -0.029333 0.476394 -0.024420
v -0.037810 0.484949 -0.031599
v -0.047867 0.490373 -0.038947
v -0.020393 0.229782 0.013221
v -0.023379 0.230746 0.020089
v 0.162721 0.351782 0.006498
v 0.184257 0.357202 0.084031
v 0.188150 0.355576 0.075395
v 0.123666 0.340689 -0.031970
v 0.079615 0.314019 -0.047398
v 0.031948 0.275693 -0.034635
v -0.006369 0.286014 0.055839
v 0.023004 0.335421 0.078920
v 0.066828 0.364256 0.093895
v 0.124046 0.367112 0.092817
v -0.022358 0.230369 0.017826
v 0.186972 0.355952 0.078033
v 0.013792 0.272724 0.019125
v 0.055284 0.308994 0.021644
v 0.098781 0.335053 0.034135
v 0.144262 0.349074 0.051328
v -0.021135 0.409982 -0.007992
v -0.022450 0.409775 -0.009522
v -0.042507 0.452505 0.027049
v -0.063791 0.451979 0.023106
v -0.062150 0.452140 0.025091
v -0.028508 0.448939 0.022954
v -0.019290 0.440102 0.016227
v -0.016304 0.426881 0.006345
v -0.033717 0.423604 -0.013392
v -0.043317 0.437156 -0.012550
v -0.052424 0.446558 -0.005979
v -0.058935 0.450675 0.007337
v -0.022020 0.409830 -0.009005
v -0.062651 0.452060 0.024495
v -0.027087 0.422846 -0.003663
v -0.033005 0.434548 0.003222
v -0.041443 0.443315 0.010188
v -0.051106 0.448888 0.017943
v 0.038107 0.494698 0.039410
v -0.052362 0.502669 0.037013
v 0.041678 0.508813 -0.048424
v -0.048791 0.516784 -0.050822
v -0.006638 0.490272 -0.008244
v -0.081776 -0.000104 -0.232940
v -0.076844 -0.001102 -0.233045
v -0.073362 -0.001454 -0.236660
v -0.073367 -0.000955 -0.241667
v -0.076858 0.000104 -0.245134
v -0.081789 0.001102 -0.245029
v -0.085272 0.001454 -0.241414
v -0.085266 0.000955 -0.236406
v -0.071065 0.058626 -0.227126
v -0.066093 0.057858 -0.227208
v -0.062581 0.057665 -0.230808
v -0.062588 0.058158 -0.235816
v -0.066109 0.059050 -0.239299
v -0.071081 0.059818 -0.239216
v -0.074593 0.060011 -0.235617
v -0.074586 0.059517 -0.230609
v -0.064297 0.110783 -0.222026
v -0.059287 0.110308 -0.222080
v -0.055750 0.110316 -0.225660
v -0.055758 0.110803 -0.230668
v -0.059306 0.111483 -0.234172
v -0.064315 0.111957 -0.234118
v -0.067852 0.111949 -0.230539
v -0.067844 0.111463 -0.225530
v -0.061904 0.161312 -0.217917
v -0.056959 0.161096 -0.217925
v -0.053482 0.161413 -0.221411
v -0.053515 0.162080 -0.226326
v -0.057034 0.162739 -0.229786
v -0.061972 0.162983 -0.229771
v -0.065441 0.162662 -0.226296
v -0.065416 0.161966 -0.221388
v -0.064382 0.213592 -0.215498
v -0.059812 0.214020 -0.215468
v -0.056623 0.214879 -0.218696
v -0.056682 0.215668 -0.223275
v -0.059939 0.215925 -0.226524
v -0.064490 0.215525 -0.226556
v -0.067679 0.214661 -0.223350
v -0.067640 0.213846 -0.218769
v -0.070220 0.257371 -0.214448
v -0.066184 0.258654 -0.214413
v -0.063386 0.260112 -0.217352
v -0.063448 0.260895 -0.221523
v -0.066311 0.260545 -0.224498
v -0.070318 0.259270 -0.224557
v -0.073141 0.257806 -0.221648
v -0.073109 0.257017 -0.217453
v -0.077643 0.291417 -0.214403
v -0.074025 0.292918 -0.214399
v -0.071493 0.294374 -0.217092
v -0.071502 0.294937 -0.220880
v -0.074024 0.294279 -0.223572
v -0.077612 0.292806 -0.223618
v -0.080184 0.291342 -0.220958
v -0.080205 0.290751 -0.217128
v -0.082820 0.322050 -0.215911
v -0.079512 0.323078 -0.215913
v -0.077149 0.323950 -0.218323
v -0.077091 0.324159 -0.221710
v -0.079353 0.323583 -0.224116
v -0.082635 0.322604 -0.224155
v -0.085033 0.321725 -0.221773
v -0.085118 0.321468 -0.218344
v -0.085508 0.348826 -0.218583
v -0.082536 0.349376 -0.218562
v -0.080385 0.349700 -0.220662
v -0.080295 0.349612 -0.223640
v -0.082305 0.349174 -0.225773
v -0.085255 0.348669 -0.225827
v -0.087432 0.348341 -0.223749
v -0.087545 0.348384 -0.220737
v -0.086314 0.371090 -0.221850
v -0.083678 0.371278 -0.221793
v -0.081756 0.371177 -0.223594
v -0.081661 0.370880 -0.226200
v -0.083441 0.370551 -0.228092
v -0.086063 0.370390 -0.228171
v -0.088001 0.370479 -0.226379
v -0.088112 0.370748 -0.223752
v -0.085850 0.389053 -0.225268
v -0.083484 0.388975 -0.225167
v -0.081753 0.388607 -0.226739
v -0.081667 0.388164 -0.229061
v -0.083274 0.387906 -0.230775
v -0.085636 0.387983 -0.230880
v -0.087372 0.388351 -0.229312
v -0.087462 0.388795 -0.226986
v -0.084520 0.404200 -0.228726
v -0.082274 0.403967 -0.228593
v -0.080634 0.403416 -0.230050
v -0.080560 0.402872 -0.232244
v -0.082096 0.402651 -0.233889
v -0.084342 0.402884 -0.234023
v -0.085982 0.403435 -0.232566
v -0.086055 0.403980 -0.230372
v -0.073539 0.060166 -0.233690
v -0.069782 0.059733 -0.241939
v -0.250039 0.257074 -0.241156
v -0.273566 0.262375 -0.335026
v -0.278574 0.262480 -0.324619
v -0.207873 0.236214 -0.193154
v -0.164589 0.193583 -0.171189
v -0.120627 0.133653 -0.181827
v -0.073048 0.125505 -0.290293
v -0.092441 0.189388 -0.323206
v -0.134810 0.234504 -0.344823
v -0.200538 0.255027 -0.345101
v -0.071081 0.059818 -0.239216
v -0.277093 0.262311 -0.327786
v -0.100451 0.119632 -0.245535
v -0.137862 0.173868 -0.252872
v -0.180681 0.215905 -0.271250
v -0.229423 0.244121 -0.294184
v -0.054277 0.109560 -0.230314
v -0.056538 0.110769 -0.223373
v 0.108099 0.246738 -0.267090
v 0.136643 0.260925 -0.194769
v 0.139667 0.259019 -0.203483
v 0.067462 0.228543 -0.299052
v 0.026259 0.196680 -0.306939
v -0.014070 0.155542 -0.286201
v -0.042590 0.169268 -0.194707
v -0.017374 0.222302 -0.179346
v 0.023311 0.256202 -0.172031
v 0.078211 0.264930 -0.179953
v -0.055750 0.110316 -0.225660
v 0.138767 0.259485 -0.200814
v -0.025511 0.155353 -0.231707
v 0.010726 0.195154 -0.236749
v 0.051147 0.226114 -0.231602
v 0.095376 0.246004 -0.221245
v -0.060927 0.214626 -0.215135
v -0.066115 0.213137 -0.215716
v -0.055948 0.314450 -0.092435
v -0.102279 0.299309 -0.061036
v -0.095611 0.300921 -0.060206
v -0.036057 0.313706 -0.127370
v -0.027254 0.296028 -0.160589
v -0.033637 0.262755 -0.190081
v -0.101106 0.241672 -0.197002
v -0.124041 0.270911 -0.172469
v -0.133216 0.290119 -0.139529
v -0.122284 0.297753 -0.100554
v -0.064382 0.213592 -0.215498
v -0.097611 0.300350 -0.060451
v -0.070249 0.244658 -0.190924
v -0.074124 0.271889 -0.162352
v -0.081007 0.289898 -0.130138
v -0.087053 0.298889 -0.095410
v -0.076031 0.294252 -0.222120
v -0.073009 0.294332 -0.224272
v -0.146626 0.363948 -0.265298
v -0.136004 0.365214 -0.303466
v -0.139889 0.364919 -0.300794
v -0.140548 0.357672 -0.239235
v -0.127636 0.342772 -0.221647
v -0.106938 0.321066 -0.215058
v -0.067707 0.321018 -0.243668
v -0.071111 0.345942 -0.260812
v -0.083902 0.361899 -0.278152
v -0.107959 0.366458 -0.292064
v -0.074024 0.294279 -0.223572
v -0.138715 0.364951 -0.301613
v -0.086140 0.316855 -0.233213
v -0.100579 0.336717 -0.244707
v -0.114029 0.351386 -0.260916
v -0.127908 0.360141 -0.279604
v -0.082639 0.371670 -0.221731
v -0.084200 0.371099 -0.221838
v -0.083433 0.408424 -0.189984
v -0.097531 0.404713 -0.179778
v -0.095520 0.405361 -0.179600
v -0.077148 0.406687 -0.200462
v -0.073982 0.399736 -0.209537
v -0.075222 0.388010 -0.216681
v -0.095502 0.380090 -0.217781
v -0.103151 0.389817 -0.211978
v -0.106456 0.397207 -0.203071
v -0.103434 0.401783 -0.191678
v -0.083678 0.371278 -0.221793
v -0.096121 0.405140 -0.179648
v -0.086129 0.381859 -0.216041
v -0.087924 0.391532 -0.208872
v -0.090503 0.398563 -0.200115
v -0.092684 0.403021 -0.190113
v -0.062602 0.188850 -0.228102
v -0.056447 0.189642 -0.228140
v -0.128512 0.289118 -0.363509
v -0.077390 0.293572 -0.405465
v -0.085175 0.292236 -0.405521
v -0.144448 0.280001 -0.321368
v -0.141404 0.258081 -0.283129
v -0.115969 0.226582 -0.251541
v -0.035227 0.235065 -0.252808
v -0.027640 0.275671 -0.282558
v -0.030949 0.299369 -0.320475
v -0.050775 0.301716 -0.363126
v -0.058487 0.189332 -0.228155
v -0.082801 0.292544 -0.405512
v -0.069525 0.224142 -0.255760
v -0.081421 0.253951 -0.287785
v -0.086488 0.275368 -0.324633
v -0.088680 0.286892 -0.364533
v -0.078300 0.336950 -0.220494
v -0.079013 0.336780 -0.218998
v -0.044858 0.371899 -0.216075
v -0.040748 0.371466 -0.198766
v -0.039802 0.371598 -0.200660
v -0.052588 0.368967 -0.225237
v -0.060708 0.361705 -0.229930
v -0.069129 0.350838 -0.228891
v -0.078178 0.348145 -0.209242
v -0.074354 0.359283 -0.202306
v -0.066388 0.367010 -0.197644
v -0.054215 0.370394 -0.197175
v -0.078767 0.336825 -0.219492
v -0.040082 0.371532 -0.200085
v -0.073068 0.347523 -0.217459
v -0.065926 0.357140 -0.215299
v -0.057886 0.364345 -0.211272
v -0.048845 0.368926 -0.206586
v -0.062358 0.406576 -0.280779
v -0.034093 0.413126 -0.211979
v -0.129567 0.418176 -0.254272
v -0.101303 0.424727 -0.185472
v -0.083308 0.402938 -0.231308
v -0.260890 -0.000095 -0.040099
v -0.257679 -0.001006 -0.036940
v -0.253096 -0.001328 -0.036965
v -0.249824 -0.000872 -0.040159
v -0.249780 0.000095 -0.044651
v -0.252990 0.001006 -0.047809
v -0.257574 0.001328 -0.047784
v -0.260846 0.000872 -0.044591
v -0.257869 0.053531 -0.029389
v -0.254647 0.052830 -0.026189
v -0.250056 0.052654 -0.026185
v -0.246784 0.053104 -0.029380
v -0.246749 0.053919 -0.033902
v -0.249971 0.054619 -0.037102
v -0.254562 0.054796 -0.037106
v -0.257834 0.054345 -0.033911
v -0.256893 0.101156 -0.021713
v -0.253667 0.100722 -0.018470
v -0.249072 0.100730 -0.018437
v -0.245800 0.101174 -0.021633
v -0.245769 0.101795 -0.026186
v -0.248995 0.102228 -0.029428
v -0.253590 0.102221 -0.029461
v -0.256861 0.101776 -0.026265
v -0.258057 0.147294 -0.017530
v -0.254901 0.147096 -0.014300
v -0.250406 0.147386 -0.014247
v -0.247212 0.147995 -0.017399
v -0.247191 0.148596 -0.021906
v -0.250346 0.148819 -0.025126
v -0.254829 0.148527 -0.025181
v -0.258024 0.147891 -0.022038
v -0.261218 0.195030 -0.017610
v -0.258326 0.195422 -0.014601
v -0.254183 0.196206 -0.014571
v -0.251225 0.196926 -0.017527
v -0.251175 0.197161 -0.021728
v -0.254053 0.196795 -0.024725
v -0.258182 0.196007 -0.024768
v -0.261154 0.195263 -0.021824
v -0.265624 0.235005 -0.020760
v -0.263076 0.236176 -0.018097
v -0.259370 0.237508 -0.018139
v -0.256682 0.238223 -0.020837
v -0.256560 0.237904 -0.024605
v -0.259073 0.236739 -0.027264
v -0.262775 0.235402 -0.027257
v -0.265498 0.234682 -0.024564
v -0.270382 0.266092 -0.025586
v -0.268080 0.267463 -0.023217
v -0.264705 0.268792 -0.023276
v -0.262234 0.269307 -0.025695
v -0.262079 0.268706 -0.029061
v -0.264335 0.267361 -0.031437
v -0.267713 0.266024 -0.031425
v -0.270232 0.265485 -0.028998
v -0.272694 0.294063 -0.029934
v -0.270585 0.295002 -0.027771
v -0.267504 0.295798 -0.027760
v -0.265251 0.295989 -0.029880
v -0.265118 0.295463 -0.032892
v -0.267184 0.294569 -0.035065
v -0.270270 0.293767 -0.035115
v -0.272567 0.293532 -0.032987
v -0.272658 0.318513 -0.033394
v -0.270779 0.319015 -0.031437
v -0.268035 0.319311 -0.031367
v -0.266030 0.319230 -0.033206
v -0.265915 0.318830 -0.035879
v -0.267759 0.318369 -0.037844
v -0.270506 0.318069 -0.037943
v -0.272548 0.318108 -0.036098
v -0.271035 0.338842 -0.036003
v -0.269393 0.339013 -0.034242
v -0.266990 0.338921 -0.034132
v -0.265226 0.338650 -0.035730
v -0.265122 0.338349 -0.038100
v -0.266741 0.338202 -0.039865
v -0.269147 0.338284 -0.039991
v -0.270936 0.338529 -0.038390
v -0.268503 0.355244 -0.037876
v -0.267062 0.355172 -0.036265
v -0.264931 0.354836 -0.036134
v -0.263358 0.354432 -0.037557
v -0.263261 0.354196 -0.039700
v -0.264696 0.354267 -0.041312
v -0.266828 0.354603 -0.041448
v -0.268406 0.355008 -0.040025
v -0.265394 0.369074 -0.039210
v -0.264051 0.368861 -0.037656
v -0.262053 0.368359 -0.037511
v -0.260571 0.367861 -0.038860
v -0.260473 0.367660 -0.040913
v -0.261816 0.367873 -0.042467
v -0.263814 0.368375 -0.042612
v -0.265296 0.368873 -0.041263
v -0.255152 0.054937 -0.035189
v -0.247363 0.054542 -0.037987
v -0.362711 0.234734 -0.155399
v -0.316296 0.239574 -0.230591
v -0.326294 0.239670 -0.227237
v -0.367248 0.215686 -0.097237
v -0.354041 0.176761 -0.054930
v -0.319075 0.122038 -0.032950
v -0.217813 0.114598 -0.070927
v -0.208639 0.172930 -0.104582
v -0.221490 0.214125 -0.146068
v -0.263181 0.232865 -0.189240
v -0.249971 0.054619 -0.037102
v -0.323279 0.239516 -0.228286
v -0.264548 0.109236 -0.060339
v -0.283583 0.158759 -0.089485
v -0.298840 0.197143 -0.129202
v -0.314890 0.222906 -0.175697
v -0.245089 0.100039 -0.020439
v -0.251070 0.101143 -0.017495
v -0.117587 0.225296 0.062348
v -0.146710 0.238251 0.127093
v -0.139084 0.236510 0.123520
v -0.122568 0.208682 0.015404
v -0.143659 0.179588 -0.016572
v -0.182917 0.142025 -0.029742
v -0.260935 0.154559 0.009891
v -0.254919 0.202983 0.036172
v -0.233785 0.233938 0.067445
v -0.193627 0.241908 0.098310
v -0.249072 0.100730 -0.018437
v -0.141403 0.236935 0.124632
v -0.225851 0.141853 -0.002509
v -0.199468 0.178195 0.017983
v -0.177083 0.206464 0.047703
v -0.155681 0.224626 0.083232
v -0.259254 0.195975 -0.015118
v -0.262180 0.194615 -0.018882
v -0.336344 0.287124 0.066308
v -0.386399 0.273299 0.056004
v -0.382695 0.274771 0.060894
v -0.300820 0.286445 0.057062
v -0.273482 0.270302 0.041658
v -0.258257 0.239922 0.018694
v -0.296712 0.220670 -0.029848
v -0.327372 0.247369 -0.029221
v -0.354764 0.264907 -0.014239
v -0.373294 0.271878 0.017742
v -0.261218 0.195030 -0.017610
v -0.383809 0.274249 0.059430
v -0.281030 0.223397 -0.005792
v -0.302189 0.248262 0.009875
v -0.327646 0.264706 0.025896
v -0.354214 0.272915 0.044065
v -0.264308 0.268681 -0.029448
v -0.260974 0.268754 -0.028842
v -0.281037 0.332320 -0.103134
v -0.249304 0.333476 -0.120502
v -0.253526 0.333207 -0.121341
v -0.294214 0.326590 -0.082554
v -0.297493 0.312985 -0.062904
v -0.288617 0.293165 -0.045167
v -0.244909 0.293121 -0.037730
v -0.235863 0.315879 -0.050880
v -0.232669 0.330450 -0.070293
v -0.238895 0.334612 -0.094893
v -0.262079 0.268706 -0.029061
v -0.252243 0.333236 -0.121094
v -0.263492 0.289320 -0.043128
v -0.265171 0.307456 -0.059896
v -0.263137 0.320850 -0.079019
v -0.259755 0.328844 -0.100004
v -0.268771 0.339372 -0.033523
v -0.269697 0.338850 -0.034612
v -0.290044 0.372931 -0.013817
v -0.305702 0.369543 -0.016537
v -0.304537 0.370134 -0.015108
v -0.279187 0.371345 -0.016381
v -0.271233 0.364998 -0.020091
v -0.267350 0.354292 -0.025454
v -0.279550 0.347059 -0.039420
v -0.288219 0.355941 -0.040727
v -0.296152 0.362690 -0.037215
v -0.301678 0.366867 -0.027980
v -0.269393 0.339013 -0.034242
v -0.304889 0.369933 -0.015532
v -0.274717 0.348675 -0.032181
v -0.280550 0.357507 -0.028788
v -0.287921 0.363927 -0.024896
v -0.295853 0.367998 -0.019951
v -0.251839 0.172439 -0.024475
v -0.247893 0.173162 -0.020472
v -0.205254 0.263993 -0.153852
v -0.145241 0.268060 -0.147141
v -0.150164 0.266840 -0.152269
v -0.242972 0.255668 -0.137430
v -0.266047 0.235653 -0.111078
v -0.270506 0.206892 -0.074316
v -0.218239 0.214637 -0.022307
v -0.193945 0.251715 -0.036297
v -0.171250 0.273354 -0.062617
v -0.155981 0.275497 -0.102758
v -0.249183 0.172879 -0.021817
v -0.148657 0.267122 -0.150710
v -0.238158 0.204664 -0.046624
v -0.224788 0.231882 -0.074807
v -0.203912 0.251438 -0.101596
v -0.179209 0.261961 -0.128450
v -0.266817 0.307669 -0.029897
v -0.268249 0.307514 -0.029409
v -0.248402 0.339580 -0.005206
v -0.257106 0.339185 0.008510
v -0.255265 0.339306 0.007922
v -0.247334 0.336903 -0.016099
v -0.249437 0.330272 -0.024401
v -0.255481 0.320350 -0.029247
v -0.274099 0.317891 -0.022648
v -0.276200 0.328061 -0.015728
v -0.274175 0.335117 -0.007547
v -0.266726 0.338206 0.000714
v -0.267769 0.307555 -0.029564
v -0.255820 0.339246 0.008105
v -0.265469 0.317323 -0.024541
v -0.262332 0.326104 -0.018493
v -0.259844 0.332683 -0.010667
v -0.257150 0.336865 -0.001768
v -0.217226 0.371244 -0.057874
v -0.244223 0.377225 0.004445
v -0.277383 0.381836 -0.084951
v -0.304380 0.387817 -0.022632
v -0.262933 0.367922 -0.040061
v 0.161584 -0.000111 0.181588
v 0.159307 -0.001182 0.186363
v 0.161091 -0.001560 0.191443
v 0.165891 -0.001024 0.193852
v 0.170895 0.000111 0.192179
v 0.173172 0.001182 0.187404
v 0.171388 0.001560 0.182324
v 0.166588 0.001024 0.179915
v 0.150849 0.062879 0.189045
v 0.148530 0.062056 0.193849
v 0.150286 0.061848 0.198949
v 0.155087 0.062378 0.201357
v 0.160121 0.063334 0.199664
v 0.162440 0.064157 0.194860
v 0.160685 0.064365 0.189760
v 0.155884 0.063835 0.187352
v 0.142700 0.118820 0.193071
v 0.140336 0.118311 0.197896
v 0.142060 0.118320 0.203011
v 0.146862 0.118841 0.205418
v 0.151929 0.119571 0.203709
v 0.154293 0.120080 0.198884
v 0.152569 0.120071 0.193769
v 0.147767 0.119549 0.191362
v 0.137609 0.173015 0.193381
v 0.135233 0.172783 0.198123
v 0.136896 0.173124 0.203135
v 0.141620 0.173839 0.205474
v 0.146632 0.174545 0.203770
v 0.148999 0.174807 0.199033
v 0.147342 0.174463 0.194034
v 0.142628 0.173717 0.191691
v 0.136487 0.229087 0.189842
v 0.134255 0.229547 0.194205
v 0.135809 0.230469 0.198817
v 0.140225 0.231315 0.200968
v 0.144908 0.231590 0.199414
v 0.147132 0.231161 0.195070
v 0.145599 0.230235 0.190469
v 0.141191 0.229360 0.188297
v 0.138296 0.276043 0.183741
v 0.136316 0.277419 0.187591
v 0.137783 0.278983 0.191690
v 0.141808 0.279823 0.193642
v 0.146039 0.279447 0.192333
v 0.148028 0.278079 0.188523
v 0.146602 0.276509 0.184416
v 0.142568 0.275663 0.182423
v 0.141831 0.312558 0.176609
v 0.140084 0.314168 0.180073
v 0.141442 0.315730 0.183797
v 0.145075 0.316334 0.185615
v 0.148871 0.315628 0.184497
v 0.150645 0.314049 0.181081
v 0.149337 0.312478 0.177335
v 0.145678 0.311845 0.175468
v 0.145773 0.345414 0.172376
v 0.144179 0.346517 0.175546
v 0.145349 0.347452 0.178972
v 0.148566 0.347676 0.180661
v 0.151961 0.347058 0.179654
v 0.153582 0.346008 0.176528
v 0.152456 0.345066 0.173082
v 0.149211 0.344790 0.171347
v 0.149629 0.374133 0.171089
v 0.148175 0.374723 0.173926
v 0.149150 0.375071 0.176999
v 0.151960 0.374976 0.178522
v 0.154972 0.374506 0.177625
v 0.156447 0.373965 0.174825
v 0.155505 0.373612 0.171737
v 0.152674 0.373658 0.170176
v 0.153147 0.398012 0.171892
v 0.151821 0.398214 0.174390
v 0.152620 0.398105 0.177100
v 0.155071 0.397787 0.178447
v 0.157742 0.397434 0.177654
v 0.159082 0.397261 0.175180
v 0.158300 0.397356 0.172460
v 0.155837 0.397645 0.171087
v 0.156198 0.417278 0.173985
v 0.154961 0.417194 0.176203
v 0.155632 0.416799 0.178620
v 0.157815 0.416325 0.179821
v 0.160232 0.416048 0.179108
v 0.161472 0.416131 0.176896
v 0.160807 0.416525 0.174477
v 0.158621 0.417001 0.173269
v 0.158870 0.433524 0.176927
v 0.157659 0.433274 0.179014
v 0.158264 0.432684 0.181288
v 0.160331 0.432099 0.182417
v 0.162648 0.431863 0.181739
v 0.163858 0.432113 0.179651
v 0.163253 0.432703 0.177378
v 0.161187 0.433288 0.176249
v 0.158330 0.064531 0.189841
v 0.164422 0.064067 0.197417
v 0.250590 0.275724 0.024346
v 0.351867 0.281409 0.047069
v 0.344311 0.281523 0.037253
v 0.184270 0.253350 0.041597
v 0.142356 0.207627 0.072473
v 0.131348 0.143349 0.119720
v 0.212322 0.134610 0.217605
v 0.253206 0.203128 0.214895
v 0.294346 0.251517 0.184728
v 0.326305 0.273529 0.121892
v 0.162440 0.064157 0.194860
v 0.346631 0.281341 0.040199
v 0.182656 0.128312 0.169769
v 0.207724 0.186482 0.137465
v 0.245978 0.231569 0.105304
v 0.291453 0.261831 0.069666
v 0.145809 0.117508 0.206666
v 0.140249 0.118805 0.201153
v 0.102745 0.264638 0.379963
v 0.019695 0.279855 0.372437
v 0.026585 0.277810 0.379536
v 0.152961 0.245124 0.356443
v 0.180385 0.210949 0.320772
v 0.179963 0.166827 0.272134
v 0.106060 0.181549 0.200693
v 0.079184 0.238429 0.217445
v 0.052558 0.274789 0.252895
v 0.033676 0.284151 0.309312
v 0.142060 0.118320 0.203011
v 0.024462 0.278310 0.377387
v 0.133272 0.166624 0.234898
v 0.120629 0.209312 0.272045
v 0.096207 0.242518 0.308289
v 0.064959 0.263851 0.345668
v 0.134473 0.230197 0.192976
v 0.137531 0.228600 0.188286
v 0.014519 0.337263 0.138582
v 0.006779 0.321023 0.079054
v 0.002768 0.322753 0.085042
v 0.038398 0.336465 0.174483
v 0.065979 0.317504 0.198935
v 0.097311 0.281818 0.207040
v 0.136474 0.259204 0.145740
v 0.124029 0.290565 0.111937
v 0.096896 0.311166 0.087263
v 0.054285 0.319354 0.078943
v 0.136487 0.229087 0.189842
v 0.003967 0.322140 0.083244
v 0.115772 0.262408 0.172371
v 0.090268 0.291614 0.154882
v 0.062724 0.310930 0.132754
v 0.032369 0.320573 0.110216
v 0.148448 0.315600 0.181874
v 0.149052 0.315686 0.185807
v 0.223855 0.390352 0.135061
v 0.255299 0.391709 0.163641
v 0.254613 0.391394 0.158631
v 0.195955 0.383620 0.128317
v 0.172879 0.367640 0.132206
v 0.156585 0.344359 0.148858
v 0.165078 0.344307 0.200239
v 0.183145 0.371040 0.205245
v 0.205925 0.388154 0.201352
v 0.230853 0.393044 0.185012
v 0.148871 0.315628 0.184497
v 0.254831 0.391427 0.160151
v 0.163950 0.339842 0.177538
v 0.181924 0.361146 0.169247
v 0.203938 0.376878 0.164178
v 0.228534 0.386269 0.159892
v 0.151262 0.398634 0.175356
v 0.152116 0.398021 0.173911
v 0.121229 0.438054 0.159287
v 0.118249 0.434074 0.140859
v 0.117109 0.434769 0.142700
v 0.128237 0.436191 0.170360
v 0.135404 0.428736 0.177769
v 0.142847 0.416160 0.180026
v 0.153679 0.407665 0.161128
v 0.151809 0.418097 0.151001
v 0.144868 0.426024 0.143540
v 0.132497 0.430931 0.140942
v 0.151821 0.398214 0.174390
v 0.117445 0.434532 0.142147
v 0.147493 0.409562 0.169269
v 0.141490 0.419937 0.164092
v 0.134344 0.427478 0.157399
v 0.125814 0.432260 0.150486
v 0.147703 0.202551 0.197624
v 0.144771 0.203400 0.203540
v 0.309211 0.310093 0.199772
v 0.324756 0.314870 0.268980
v 0.328564 0.313437 0.261548
v 0.276522 0.300314 0.164185
v 0.238419 0.276804 0.148662
v 0.195892 0.243021 0.157798
v 0.158173 0.252118 0.235763
v 0.183016 0.295671 0.257377
v 0.220938 0.321088 0.272491
v 0.271360 0.323605 0.274062
v 0.145770 0.203068 0.201592
v 0.327410 0.313768 0.263819
v 0.177539 0.240403 0.204328
v 0.213957 0.272375 0.208373
v 0.251702 0.295346 0.221287
v 0.290985 0.307705 0.238426
v 0.147984 0.361395 0.178916
v 0.146894 0.361213 0.177512
v 0.127625 0.398879 0.208825
v 0.109060 0.398415 0.204416
v 0.110418 0.398557 0.206235
v 0.140130 0.395735 0.205836
v 0.148542 0.387946 0.200320
v 0.151606 0.376291 0.191752
v 0.137145 0.373403 0.173608
v 0.128656 0.385349 0.173926
v 0.120349 0.393636 0.179311
v 0.114030 0.397266 0.190747
v 0.147249 0.361261 0.177986
v 0.110003 0.398486 0.205689
v 0.142554 0.372735 0.182465
v 0.137040 0.383050 0.188266
v 0.129305 0.390778 0.194027
v 0.120456 0.395690 0.200429
v 0.198052 0.436072 0.223258
v 0.118510 0.443098 0.217163
v 0.205065 0.448514 0.146087
v 0.125523 0.455540 0.139991
v 0.160759 0.432170 0.179333
v 0.248542 -0.000089 -0.096761
v 0.252114 -0.000942 -0.094520
v 0.256299 -0.001243 -0.095466
v 0.258647 -0.000816 -0.099045
v 0.257782 0.000089 -0.103161
v 0.254210 0.000942 -0.105402
v 0.250025 0.001243 -0.104456
v 0.247677 0.000816 -0.100876
v 0.253461 0.050116 -0.087578
v 0.257052 0.049460 -0.085301
v 0.261251 0.049295 -0.086223
v 0.263598 0.049717 -0.089803
v 0.262719 0.050479 -0.093944
v 0.259128 0.051135 -0.096221
v 0.254930 0.051301 -0.095299
v 0.252582 0.050879 -0.091719
v 0.255901 0.094703 -0.080756
v 0.259504 0.094297 -0.078442
v 0.263712 0.094304 -0.079338
v 0.266059 0.094720 -0.082919
v 0.265170 0.095301 -0.087087
v 0.261567 0.095707 -0.089402
v 0.257359 0.095700 -0.088506
v 0.255012 0.095284 -0.084925
v 0.255679 0.137898 -0.076697
v 0.259215 0.137713 -0.074381
v 0.263336 0.137985 -0.075238
v 0.265622 0.138554 -0.078763
v 0.264733 0.139117 -0.082888
v 0.261199 0.139326 -0.085196
v 0.257089 0.139052 -0.084343
v 0.254801 0.138457 -0.080826
v 0.252774 0.182589 -0.076133
v 0.256024 0.182956 -0.073966
v 0.259818 0.183690 -0.074773
v 0.261926 0.184364 -0.078072
v 0.261126 0.184584 -0.081923
v 0.257890 0.184242 -0.084082
v 0.254106 0.183504 -0.083290
v 0.251983 0.182807 -0.080000
v 0.248110 0.220014 -0.078125
v 0.250977 0.221111 -0.076205
v 0.254356 0.222357 -0.076990
v 0.256271 0.223027 -0.079998
v 0.255623 0.222728 -0.083468
v 0.252789 0.221637 -0.085392
v 0.249406 0.220386 -0.084640
v 0.247459 0.219711 -0.081629
v 0.242787 0.249118 -0.081579
v 0.245370 0.250401 -0.079878
v 0.248443 0.251646 -0.080612
v 0.250216 0.252127 -0.083321
v 0.249679 0.251565 -0.086429
v 0.247137 0.250306 -0.088147
v 0.244051 0.249054 -0.087455
v 0.242237 0.248549 -0.084729
v 0.239798 0.275305 -0.085088
v 0.242162 0.276184 -0.083536
v 0.244981 0.276929 -0.084147
v 0.246614 0.277108 -0.086539
v 0.246128 0.276615 -0.089320
v 0.243802 0.275778 -0.090890
v 0.240970 0.275027 -0.090314
v 0.239299 0.274807 -0.087905
v 0.239133 0.298194 -0.088260
v 0.241246 0.298665 -0.086848
v 0.243768 0.298942 -0.087338
v 0.245232 0.298866 -0.089423
v 0.244798 0.298492 -0.091890
v 0.242716 0.298060 -0.093315
v 0.240185 0.297779 -0.092852
v 0.238689 0.297816 -0.090754
v 0.240091 0.317227 -0.090971
v 0.241948 0.317387 -0.089692
v 0.244167 0.317301 -0.090076
v 0.245458 0.317048 -0.091893
v 0.245075 0.316766 -0.094080
v 0.243239 0.316628 -0.095368
v 0.241014 0.316704 -0.094999
v 0.239701 0.316934 -0.093174
v 0.242029 0.332583 -0.093195
v 0.243671 0.332516 -0.092012
v 0.245646 0.332201 -0.092321
v 0.246797 0.331823 -0.093939
v 0.246455 0.331602 -0.095918
v 0.244817 0.331668 -0.097103
v 0.242841 0.331982 -0.096798
v 0.241684 0.332362 -0.095179
v 0.244603 0.345531 -0.095040
v 0.246144 0.345331 -0.093890
v 0.248000 0.344861 -0.094160
v 0.249083 0.344395 -0.095693
v 0.248759 0.344207 -0.097590
v 0.247218 0.344406 -0.098740
v 0.245362 0.344877 -0.098469
v 0.244279 0.345342 -0.096937
v 0.254777 0.051433 -0.093428
v 0.261335 0.051063 -0.097556
v 0.132216 0.219760 -0.181658
v 0.159500 0.224291 -0.259757
v 0.151035 0.224381 -0.254675
v 0.139789 0.201927 -0.127568
v 0.160388 0.165485 -0.091550
v 0.196785 0.114253 -0.078500
v 0.281713 0.107288 -0.133627
v 0.283319 0.161899 -0.166244
v 0.263210 0.200466 -0.201584
v 0.216393 0.218010 -0.232653
v 0.259128 0.051135 -0.096221
v 0.153580 0.224237 -0.256242
v 0.241119 0.102268 -0.114529
v 0.217843 0.148632 -0.137340
v 0.195890 0.184567 -0.170578
v 0.171847 0.208687 -0.209852
v 0.266950 0.093657 -0.081970
v 0.262075 0.094691 -0.078074
v 0.400202 0.210924 -0.031974
v 0.386623 0.223052 0.033089
v 0.392876 0.221423 0.028285
v 0.386189 0.195370 -0.073890
v 0.360463 0.168132 -0.098875
v 0.321917 0.132965 -0.103004
v 0.258574 0.144699 -0.051048
v 0.269370 0.190035 -0.028233
v 0.294994 0.219015 -0.003899
v 0.337928 0.226476 0.016227
v 0.263712 0.094304 -0.079338
v 0.390980 0.221821 0.029769
v 0.288151 0.132804 -0.069454
v 0.316401 0.166828 -0.056036
v 0.342856 0.193294 -0.033375
v 0.369583 0.210297 -0.005204
v 0.255071 0.183473 -0.074252
v 0.251638 0.182201 -0.077103
v 0.200998 0.268808 0.015728
v 0.153158 0.255865 0.016394
v 0.157531 0.257243 0.020119
v 0.231614 0.268172 0.000117
v 0.253504 0.253060 -0.019476
v 0.262796 0.224617 -0.043539
v 0.217856 0.206593 -0.080170
v 0.189952 0.231589 -0.073419
v 0.167927 0.248008 -0.054201
v 0.157430 0.254534 -0.021228
v 0.252774 0.182589 -0.076133
v 0.156217 0.256755 0.019005
v 0.237041 0.209146 -0.061336
v 0.220854 0.232425 -0.042749
v 0.200808 0.247820 -0.022972
v 0.180178 0.255506 -0.001007
v 0.247563 0.251542 -0.086334
v 0.250733 0.251610 -0.086452
v 0.217419 0.311122 -0.150332
v 0.242932 0.312203 -0.172605
v 0.238903 0.311952 -0.172521
v 0.209520 0.305756 -0.128861
v 0.210481 0.293019 -0.110235
v 0.222171 0.274464 -0.095807
v 0.263630 0.274423 -0.097816
v 0.269250 0.295729 -0.111661
v 0.268258 0.309370 -0.130053
v 0.257609 0.313267 -0.151289
v 0.249679 0.251565 -0.086429
v 0.240126 0.311979 -0.172554
v 0.245553 0.270864 -0.099006
v 0.240638 0.287843 -0.113998
v 0.238644 0.300383 -0.131891
v 0.237508 0.307867 -0.151758
v 0.242661 0.317723 -0.089160
v 0.241596 0.317234 -0.089970
v 0.227183 0.349142 -0.066857
v 0.212320 0.345969 -0.066189
v 0.213673 0.346523 -0.065117
v 0.236593 0.347657 -0.071390
v 0.243117 0.341715 -0.076384
v 0.245586 0.331691 -0.082070
v 0.231618 0.324920 -0.092380
v 0.223429 0.333235 -0.091828
v 0.216884 0.339553 -0.087018
v 0.213692 0.343464 -0.077461
v 0.241948 0.317387 -0.089692
v 0.213265 0.346335 -0.065434
v 0.237496 0.326433 -0.086735
v 0.232846 0.334701 -0.082458
v 0.226891 0.340712 -0.077414
v 0.220636 0.344523 -0.071295
v 0.259965 0.161439 -0.084300
v 0.264379 0.162116 -0.081436
v 0.276485 0.247153 -0.211973
v 0.332705 0.250960 -0.217930
v 0.327171 0.249818 -0.221627
v 0.245310 0.239359 -0.189358
v 0.229524 0.220621 -0.160615
v 0.232855 0.193694 -0.126107
v 0.291121 0.200945 -0.089089
v 0.310513 0.235658 -0.106775
v 0.325959 0.255916 -0.135412
v 0.331830 0.257923 -0.175188
v 0.262929 0.161851 -0.082405
v 0.328863 0.250082 -0.220505
v 0.268010 0.191608 -0.107307
v 0.274555 0.217091 -0.135769
v 0.288242 0.235399 -0.164467
v 0.305416 0.245250 -0.193996
v 0.245179 0.288042 -0.086239
v 0.243967 0.287897 -0.085505
v 0.266990 0.317918 -0.067376
v 0.261796 0.317548 -0.053082
v 0.263361 0.317661 -0.053990
v 0.265771 0.315412 -0.077550
v 0.262176 0.309204 -0.084716
v 0.255673 0.299915 -0.087929
v 0.239982 0.297612 -0.078145
v 0.239455 0.307134 -0.071394
v 0.242955 0.313739 -0.064323
v 0.251430 0.316632 -0.058271
v 0.244375 0.287936 -0.085743
v 0.262891 0.317605 -0.053712
v 0.247491 0.297080 -0.081614
v 0.251577 0.305302 -0.076716
v 0.255429 0.311461 -0.070063
v 0.259685 0.315376 -0.062470
v 0.284880 0.347562 -0.121810
v 0.272755 0.353162 -0.059394
v 0.224425 0.357478 -0.134444
v 0.212300 0.363078 -0.072028
v 0.246681 0.344452 -0.096315
vn -0.6989 -0.0242 -0.7148
vn -0.6983 -0.0333 -0.7151
vn 0.0043 0.1030 -0.9947
vn 0.0012 0.1260 -0.9920
vn -0.9870 -0.1598 -0.0187
vn -0.9886 -0.1496 -0.0166
vn -0.6988 -0.2018 0.6862
vn -0.7023 -0.1784 0.6891
vn -0.0054 -0.1266 0.9919
vn -0.0093 -0.1037 0.9946
vn 0.6922 0.0223 0.7214
vn 0.6901 0.0313 0.7230
vn 0.9869 0.1586 0.0281
vn 0.9885 0.1484 0.0280
vn 0.7014 0.2019 -0.6836
vn 0.7054 0.1785 -0.6859
vn -0.6984 -0.0503 -0.7140
vn 0.0086 0.0457 -0.9989
vn -0.9932 -0.1161 -0.0120
vn -0.7106 -0.1136 0.6944
vn -0.0192 -0.0446 0.9988
vn 0.6842 0.0506 0.7276
vn 0.9927 0.1170 0.0293
vn 0.7136 0.1153 -0.6910
vn -0.6974 -0.0584 -0.7143
vn 0.0141 -0.0232 -0.9996
vn -0.9983 -0.0577 -0.0116
vn -0.7192 -0.0195 0.6945
vn -0.0291 0.0341 0.9990
vn 0.6796 0.0703 0.7302
vn 0.9973 0.0670 0.0305
vn 0.7208 0.0278 -0.6926
vn -0.6939 -0.0656 -0.7171
vn 0.0243 -0.0922 -0.9954
vn -0.9998 0.0046 -0.0170
vn -0.7235 0.0792 0.6857
vn -0.0352 0.1148 0.9928
vn 0.6783 0.0885 0.7294
vn 0.9993 0.0149 0.0342
vn 0.7277 -0.0599 -0.6833
vn -0.6931 -0.0777 -0.7167
vn 0.0315 -0.1591 -0.9868
vn -0.9980 0.0566 -0.0275
vn -0.7279 0.1665 0.6652
vn -0.0412 0.1888 0.9812
vn 0.6782 0.1057 0.7273
vn 0.9985 -0.0312 0.0448
vn 0.7342 -0.1396 -0.6645
vn -0.6810 -0.0551 -0.7302
vn 0.0393 -0.1658 -0.9854
vn -0.9938 0.0968 -0.0545
vn -0.7360 0.1985 0.6473
vn -0.0419 0.1924 0.9804
vn 0.6851 0.0819 0.7238
vn 0.9971 -0.0649 0.0399
vn 0.7323 -0.1664 -0.6604
vn -0.6706 0.0123 -0.7417
vn 0.0464 -0.0948 -0.9944
vn -0.9905 0.1229 -0.0614
vn -0.7381 0.1700 0.6530
vn -0.0460 0.1263 0.9909
vn 0.6789 0.0200 0.7339
vn 0.9954 -0.0854 0.0442
vn 0.7345 -0.1325 -0.6655
vn -0.6603 0.0825 -0.7465
vn 0.0551 -0.0158 -0.9984
vn -0.9875 0.1448 -0.0621
vn -0.7403 0.1327 0.6590
vn -0.0533 0.0531 0.9972
vn 0.6695 -0.0450 0.7415
vn 0.9934 -0.1036 0.0486
vn 0.7385 -0.0912 -0.6681
vn -0.6497 0.1483 -0.7456
vn 0.0644 0.0581 -0.9962
vn -0.9845 0.1640 -0.0616
vn -0.7445 0.0948 0.6609
vn -0.0622 -0.0195 0.9979
vn 0.6601 -0.1100 0.7431
vn 0.9911 -0.1232 0.0503
vn 0.7426 -0.0533 -0.6676
vn -0.6391 0.2085 -0.7403
vn 0.0740 0.1265 -0.9892
vn -0.9821 0.1779 -0.0612
vn -0.7514 0.0511 0.6579
vn -0.0739 -0.0985 0.9924
vn 0.6498 -0.1814 0.7381
vn 0.9878 -0.1484 0.0483
vn 0.7463 -0.0206 -0.6653
vn -0.6337 0.2369 -0.7364
vn 0.0788 0.1589 -0.9841
vn -0.9812 0.1831 -0.0609
vn -0.7553 0.0269 0.6548
vn -0.0806 -0.1408 0.9868
vn 0.6436 -0.2197 0.7332
vn 0.9855 -0.1631 0.0462
vn 0.7480 -0.0059 -0.6637
vn -0.2609 0.9283 0.2648
vn -0.2136 0.9581 0.1908
vn -0.0965 0.9212 0.3770
vn -0.1470 0.8833 0.4453
vn -0.6713 0.4318 0.6024
vn -0.6439 0.4894 0.5881
vn -0.4687 0.5398 0.6993
vn -0.5347 0.4365 0.7236
vn -0.5591 0.6486 0.5165
vn -0.3743 0.6674 0.6438
vn -0.4190 0.8241 0.3813
vn -0.2573 0.7928 0.5526
vn -0.5777 0.7914 0.2000
vn -0.4176 0.9044 0.0874
vn -0.7011 0.6333 0.3278
vn -0.7622 0.4778 0.4368
vn -0.7688 0.4168 0.4851
vn -0.3017 0.9529 0.0309
vn 0.3390 0.9336 -0.1162
vn 0.3028 0.9525 -0.0329
vn 0.1648 0.9642 -0.2077
vn 0.2037 0.9360 -0.2872
vn 0.6549 0.4771 -0.5861
vn 0.6358 0.5330 -0.5583
vn 0.4575 0.6207 -0.6367
vn 0.5086 0.5184 -0.6874
vn 0.5772 0.6822 -0.4488
vn 0.3843 0.7431 -0.5478
vn 0.4720 0.8399 -0.2678
vn 0.2919 0.8585 -0.4217
vn 0.6427 0.7573 -0.1157
vn 0.5084 0.8604 0.0339
vn 0.7341 0.6167 -0.2842
vn 0.7661 0.4807 -0.4267
vn 0.7608 0.4301 -0.4860
vn 0.4049 0.9075 0.1117
vn 0.2595 0.9555 -0.1402
vn 0.1718 0.9710 -0.1661
vn 0.3109 0.8941 -0.3225
vn 0.3949 0.8720 -0.2894
vn 0.7538 0.6033 0.2605
vn 0.7265 0.6497 0.2236
vn 0.7686 0.6396 0.0144
vn 0.8219 0.5615 0.0962
vn 0.6180 0.7763 0.1241
vn 0.6747 0.7327 -0.0894
vn 0.4300 0.9028 -0.0076
vn 0.5398 0.8176 -0.2005
vn 0.3151 0.9266 0.2053
vn 0.1469 0.9869 0.0670
vn 0.4891 0.8116 0.3195
vn 0.6246 0.6801 0.3839
vn 0.6772 0.6228 0.3918
vn 0.0513 0.9982 -0.0315
vn -0.2578 0.9661 0.0114
vn -0.1773 0.9837 -0.0313
vn -0.1718 0.9664 0.1910
vn -0.2530 0.9403 0.2279
vn -0.8310 0.5379 0.1416
vn -0.7943 0.5918 0.1378
vn -0.6923 0.6485 0.3166
vn -0.7722 0.5524 0.3140
vn -0.6689 0.7361 0.1041
vn -0.5700 0.7632 0.3045
vn -0.4627 0.8855 0.0419
vn -0.4107 0.8699 0.2732
vn -0.5140 0.8363 -0.1907
vn -0.3084 0.9260 -0.2176
vn -0.7002 0.7024 -0.1281
vn -0.8231 0.5656 -0.0507
vn -0.8590 0.5119 -0.0067
vn -0.1753 0.9613 -0.2126
vn 0.4308 0.8946 -0.1187
vn 0.3478 0.9263 -0.1451
vn 0.4726 0.8280 -0.3017
vn 0.5507 0.7904 -0.2682
vn 0.8474 0.4512 0.2799
vn 0.8296 0.5024 0.2436
vn 0.8719 0.4885 0.0347
vn 0.9090 0.4006 0.1154
vn 0.7472 0.6484 0.1456
vn 0.7978 0.5990 -0.0682
vn 0.5872 0.8093 0.0145
vn 0.6822 0.7090 -0.1789
vn 0.4757 0.8499 0.2267
vn 0.3231 0.9423 0.0880
vn 0.6243 0.7031 0.3403
vn 0.7327 0.5480 0.4035
vn 0.7739 0.4820 0.4107
vn 0.2325 0.9725 -0.0112
vn -0.1082 0.9727 -0.2054
vn -0.0165 0.9808 -0.1944
vn -0.1413 0.9899 -0.0098
vn -0.2313 0.9726 -0.0253
vn -0.6960 0.5933 -0.4044
vn -0.6579 0.6444 -0.3898
vn -0.6713 0.7166 -0.1893
vn -0.7454 0.6252 -0.2314
vn -0.5207 0.7769 -0.3539
vn -0.5523 0.8226 -0.1357
vn -0.3011 0.9070 -0.2945
vn -0.3931 0.9164 -0.0756
vn -0.2149 0.8332 -0.5095
vn -0.0225 0.9083 -0.4178
vn -0.4169 0.7175 -0.5581
vn -0.5763 0.5975 -0.5576
vn -0.6366 0.5513 -0.5393
vn 0.0866 0.9369 -0.3387
vn 0.1893 0.9457 -0.2642
vn 0.1389 0.9717 -0.1909
vn 0.0275 0.9252 -0.3784
vn 0.0817 0.8913 -0.4459
vn 0.6423 0.4829 -0.5952
vn 0.6103 0.5381 -0.5814
vn 0.4330 0.5742 -0.6949
vn 0.5073 0.4764 -0.7181
vn 0.5121 0.6902 -0.5113
vn 0.3280 0.6939 -0.6410
vn 0.3567 0.8541 -0.3784
vn 0.2002 0.8097 -0.5516
vn 0.5152 0.8346 -0.1950
vn 0.3452 0.9347 -0.0848
vn 0.6524 0.6866 -0.3208
vn 0.7271 0.5363 -0.4286
vn 0.7392 0.4759 -0.4767
vn 0.2251 0.9739 -0.0299
vn 0.2563 0.9666 -0.0059
vn -0.0828 0.9965 -0.0149
vn 0.0824 0.9834 0.1614
vn -0.0963 0.9428 0.3192
vn 0.2427 0.9129 0.3282
vn -0.3711 -0.0242 0.9283
vn -0.3716 -0.0333 0.9278
vn -0.9115 0.1030 0.3983
vn -0.9078 0.1260 0.4000
vn 0.3820 -0.1598 0.9102
vn 0.3846 -0.1496 0.9109
vn 0.9102 -0.2018 0.3616
vn 0.9143 -0.1784 0.3637
vn 0.9094 -0.1266 -0.3962
vn 0.9134 -0.1037 -0.3937
vn 0.3799 0.0223 -0.9248
vn 0.3822 0.0313 -0.9235
vn -0.3734 0.1586 -0.9140
vn -0.3742 0.1484 -0.9154
vn -0.9088 0.2019 -0.3651
vn -0.9126 0.1785 -0.3678
vn -0.3706 -0.0503 0.9274
vn -0.9171 0.0457 0.3961
vn 0.3906 -0.1161 0.9132
vn 0.9224 -0.1136 0.3691
vn 0.9213 -0.0446 -0.3863
vn 0.3888 0.0506 -0.9200
vn -0.3746 0.1170 -0.9198
vn -0.9206 0.1153 -0.3732
vn -0.3713 -0.0584 0.9267
vn -0.9200 -0.0232 0.3913
vn 0.3930 -0.0577 0.9177
vn 0.9260 -0.0195 0.3769
vn 0.9254 0.0341 -0.3774
vn 0.3931 0.0703 -0.9168
vn -0.3754 0.0670 -0.9244
vn -0.9249 0.0278 -0.3792
vn -0.3753 -0.0656 0.9246
vn -0.9203 -0.0922 0.3803
vn 0.3888 0.0046 0.9213
vn 0.9198 0.0792 0.3844
vn 0.9222 0.1148 -0.3693
vn 0.3928 0.0885 -0.9153
vn -0.3728 0.0149 -0.9278
vn -0.9192 -0.0599 -0.3892
vn -0.3752 -0.0777 0.9237
vn -0.9152 -0.1591 0.3702
vn 0.3784 0.0566 0.9239
vn 0.9027 0.1665 0.3968
vn 0.9140 0.1888 -0.3591
vn 0.3909 0.1057 -0.9144
vn -0.3628 -0.0312 -0.9314
vn -0.9046 -0.1396 -0.4028
vn -0.3924 -0.0551 0.9181
vn -0.9171 -0.1658 0.3625
vn 0.3520 0.0968 0.9310
vn 0.8896 0.1985 0.4114
vn 0.9136 0.1924 -0.3582
vn 0.3849 0.0819 -0.9193
vn -0.3668 -0.0649 -0.9281
vn -0.9001 -0.1664 -0.4027
vn -0.4072 0.0124 0.9133
vn -0.9282 -0.0948 0.3597
vn 0.3444 0.1229 0.9308
vn 0.8957 0.1700 0.4110
vn 0.9249 0.1263 -0.3586
vn 0.3967 0.0200 -0.9177
vn -0.3621 -0.0854 -0.9282
vn -0.9057 -0.1325 -0.4027
vn -0.4157 0.0826 0.9057
vn -0.9354 -0.0158 0.3533
vn 0.3426 0.1448 0.9283
vn 0.9021 0.1327 0.4106
vn 0.9335 0.0531 -0.3545
vn 0.4074 -0.0450 -0.9121
vn -0.3572 -0.1036 -0.9283
vn -0.9096 -0.0912 -0.4053
vn -0.4192 0.1483 0.8957
vn -0.9372 0.0581 0.3440
vn 0.3418 0.1640 0.9254
vn 0.9055 0.0948 0.4136
vn 0.9378 -0.0195 -0.3466
vn 0.4127 -0.1100 -0.9042
vn -0.3548 -0.1232 -0.9268
vn -0.9109 -0.0533 -0.4092
vn -0.4186 0.2085 0.8839
vn -0.9346 0.1265 0.3324
vn 0.3412 0.1779 0.9230
vn 0.9056 0.0511 0.4211
vn 0.9375 -0.0985 -0.3337
vn 0.4123 -0.1814 -0.8928
vn -0.3553 -0.1484 -0.9229
vn -0.9103 -0.0206 -0.4135
vn -0.4172 0.2369 0.8774
vn -0.9320 0.1589 0.3259
vn 0.3411 0.1831 0.9220
vn 0.9043 0.0269 0.4260
vn 0.9351 -0.1408 -0.3253
vn 0.4103 -0.2197 -0.8851
vn -0.3562 -0.1631 -0.9201
vn -0.9095 -0.0059 -0.4157
vn 0.3477 0.9283 0.1315
vn 0.2609 0.9581 0.1182
vn 0.3838 0.9212 -0.0642
vn 0.4667 0.8833 -0.0456
vn 0.8224 0.4318 0.3704
vn 0.7983 0.4894 0.3511
vn 0.8291 0.5398 0.1459
vn 0.8780 0.4365 0.1964
vn 0.6984 0.6486 0.3025
vn 0.7402 0.6674 0.0820
vn 0.5181 0.8241 0.2290
vn 0.6094 0.7928 0.0118
vn 0.4165 0.7914 0.4475
vn 0.2488 0.9044 0.3466
vn 0.5833 0.6333 0.5086
vn 0.7077 0.4778 0.5205
vn 0.7545 0.4168 0.5069
vn 0.1503 0.9529 0.2635
vn -0.2434 0.9336 -0.2630
vn -0.1526 0.9525 -0.2637
vn -0.2566 0.9642 -0.0667
vn -0.3451 0.9360 -0.0701
vn -0.8009 0.4771 -0.3619
vn -0.7677 0.5330 -0.3557
vn -0.7674 0.6207 -0.1610
vn -0.8344 0.5184 -0.1871
vn -0.6439 0.6822 -0.3464
vn -0.6564 0.7431 -0.1300
vn -0.4358 0.8399 -0.3234
vn -0.5038 0.8585 -0.0964
vn -0.3657 0.7573 -0.5410
vn -0.1746 0.8604 -0.4787
vn -0.5568 0.6167 -0.5565
vn -0.7000 0.4807 -0.5281
vn -0.7521 0.4301 -0.4993
vn -0.0615 0.9075 -0.4155
vn -0.2332 0.9555 -0.1806
vn -0.2214 0.9710 -0.0900
vn -0.4207 0.8940 -0.1539
vn -0.4244 0.8720 -0.2441
vn -0.0665 0.6033 -0.7947
vn -0.0893 0.6497 -0.7549
vn -0.2976 0.6396 -0.7088
vn -0.2443 0.5615 -0.7906
vn -0.1364 0.7763 -0.6154
vn -0.3545 0.7327 -0.5809
vn -0.1809 0.9028 -0.3902
vn -0.4016 0.8176 -0.4126
vn 0.0603 0.9266 -0.3712
vn 0.0019 0.9869 -0.1615
vn 0.0944 0.8116 -0.5765
vn 0.0986 0.6801 -0.7265
vn 0.0845 0.6228 -0.7778
vn -0.0496 0.9982 -0.0342
vn 0.1146 0.9661 0.2311
vn 0.0431 0.9837 0.1748
vn 0.2441 0.9664 0.0799
vn 0.3107 0.9403 0.1392
vn 0.4656 0.5379 0.7028
vn 0.4472 0.5918 0.6707
vn 0.5695 0.6485 0.5051
vn 0.5994 0.5524 0.5793
vn 0.3656 0.7361 0.5697
vn 0.5090 0.7632 0.3981
vn 0.2254 0.8855 0.4063
vn 0.4160 0.8699 0.2651
vn 0.0335 0.8363 0.5472
vn -0.0743 0.9260 0.3700
vn 0.1660 0.7024 0.6922
vn 0.2865 0.5656 0.7733
vn 0.3412 0.5119 0.7884
vn -0.1236 0.9613 0.2463
vn -0.2828 0.8946 -0.3461
vn -0.2733 0.9263 -0.2594
vn -0.4670 0.8280 -0.3103
vn -0.4680 0.7904 -0.3953
vn -0.0867 0.4512 -0.8882
vn -0.1127 0.5024 -0.8572
vn -0.3208 0.4885 -0.8114
vn -0.2620 0.4006 -0.8780
vn -0.1690 0.6484 -0.7423
vn -0.3850 0.5990 -0.7021
vn -0.2242 0.8093 -0.5429
vn -0.4394 0.7090 -0.5516
vn 0.0150 0.8499 -0.5268
vn -0.0501 0.9423 -0.3311
vn 0.0588 0.7031 -0.7086
vn 0.0727 0.5480 -0.8333
vn 0.0627 0.4820 -0.8739
vn -0.1042 0.9725 -0.2081
vn -0.1441 0.9727 0.1820
vn -0.1711 0.9808 0.0937
vn 0.0482 0.9899 0.1332
vn 0.0703 0.9726 0.2218
vn -0.0885 0.5933 0.8001
vn -0.0904 0.6444 0.7594
vn 0.0984 0.7166 0.6905
vn 0.0897 0.6252 0.7753
vn -0.1131 0.7769 0.6193
vn 0.0993 0.8226 0.5600
vn -0.1476 0.9070 0.3944
vn 0.0899 0.9164 0.3901
vn -0.3791 0.8332 0.4026
vn -0.3730 0.9082 0.1896
vn -0.3418 0.7175 0.6069
vn -0.2769 0.5975 0.7525
vn -0.2358 0.5513 0.8003
vn -0.3448 0.9369 0.0578
vn -0.3182 0.9457 -0.0663
vn -0.2307 0.9717 -0.0498
vn -0.3572 0.9252 0.1279
vn -0.4409 0.8913 0.1056
vn -0.8041 0.4829 -0.3468
vn -0.7785 0.5381 -0.3230
vn -0.8106 0.5742 -0.1150
vn -0.8619 0.4764 -0.1736
vn -0.6747 0.6902 -0.2616
vn -0.7189 0.6939 -0.0408
vn -0.4903 0.8541 -0.1733
vn -0.5855 0.8097 0.0400
vn -0.3867 0.8346 -0.3923
vn -0.2172 0.9347 -0.2815
vn -0.5572 0.6866 -0.4670
vn -0.6860 0.5363 -0.4917
vn -0.7348 0.4759 -0.4833
vn -0.1183 0.9739 -0.1938
vn -0.1090 0.9666 -0.2320
vn 0.0199 0.9965 0.0817
vn 0.1143 0.9834 -0.1406
vn 0.3309 0.9428 -0.0410
vn 0.2020 0.9129 -0.3547
vn -0.9239 -0.0242 0.3818
vn -0.9239 -0.0333 0.3811
vn -0.9212 0.1030 -0.3751
vn -0.9200 0.1260 -0.3712
vn -0.3855 -0.1598 0.9088
vn -0.3843 -0.1496 0.9110
vn 0.3760 -0.2018 0.9044
vn 0.3774 -0.1784 0.9087
vn 0.9183 -0.1266 0.3750
vn 0.9193 -0.1037 0.3797
vn 0.9275 0.0223 -0.3731
vn 0.9283 0.0313 -0.3705
vn 0.3942 0.1586 -0.9052
vn 0.3947 0.1484 -0.9067
vn -0.3726 0.2019 -0.9058
vn -0.3732 0.1785 -0.9104
vn -0.9230 -0.0503 0.3816
vn -0.9236 0.0457 -0.3806
vn -0.3817 -0.1161 0.9170
vn 0.3792 -0.1136 0.9183
vn 0.9195 -0.0446 0.3905
vn 0.9303 0.0506 -0.3634
vn 0.3975 0.1170 -0.9101
vn -0.3749 0.1153 -0.9199
vn -0.9229 -0.0584 0.3806
vn -0.9222 -0.0232 -0.3860
vn -0.3832 -0.0577 0.9219
vn 0.3761 -0.0195 0.9264
vn 0.9160 0.0341 0.3997
vn 0.9310 0.0703 -0.3581
vn 0.4003 0.0670 -0.9139
vn -0.3736 0.0278 -0.9272
vn -0.9242 -0.0656 0.3762
vn -0.9145 -0.0922 -0.3939
vn -0.3888 0.0046 0.9213
vn 0.3663 0.0792 0.9271
vn 0.9080 0.1148 0.4030
vn 0.9298 0.0885 -0.3572
vn 0.4046 0.0149 -0.9144
vn -0.3625 -0.0599 -0.9301
vn -0.9235 -0.0777 0.3757
vn -0.9038 -0.1591 -0.3973
vn -0.3979 0.0566 0.9157
vn 0.3456 0.1665 0.9235
vn 0.8950 0.1888 0.4042
vn 0.9278 0.1057 -0.3579
vn 0.4141 -0.0312 -0.9097
vn -0.3426 -0.1396 -0.9290
vn -0.9315 -0.0551 0.3594
vn -0.8996 -0.1658 -0.4041
vn -0.4213 0.0968 0.9017
vn 0.3260 0.1985 0.9243
vn 0.8940 0.1924 0.4046
vn 0.9271 0.0819 -0.3656
vn 0.4090 -0.0649 -0.9102
vn -0.3395 -0.1664 -0.9258
vn -0.9383 0.0123 0.3455
vn -0.9053 -0.0948 -0.4140
vn -0.4265 0.1229 0.8961
vn 0.3305 0.1700 0.9284
vn 0.9022 0.1263 0.4124
vn 0.9342 0.0200 -0.3561
vn 0.4123 -0.0854 -0.9070
vn -0.3434 -0.1325 -0.9298
vn -0.9389 0.0825 0.3341
vn -0.9057 -0.0158 -0.4236
vn -0.4260 0.1448 0.8931
vn 0.3352 0.1327 0.9327
vn 0.9053 0.0531 0.4214
vn 0.9377 -0.0450 -0.3446
vn 0.4157 -0.1036 -0.9036
vn -0.3443 -0.0912 -0.9344
vn -0.9341 0.1483 0.3247
vn -0.9003 0.0581 -0.4314
vn -0.4245 0.1640 0.8905
vn 0.3354 0.0948 0.9373
vn 0.9026 -0.0195 0.4300
vn 0.9357 -0.1100 -0.3352
vn 0.4164 -0.1232 -0.9008
vn -0.3424 -0.0533 -0.9380
vn -0.9253 0.2085 0.3168
vn -0.8902 0.1265 -0.4377
vn -0.4232 0.1779 0.8884
vn 0.3301 0.0511 0.9426
vn 0.8932 -0.0985 0.4388
vn 0.9273 -0.1814 -0.3275
vn 0.4133 -0.1484 -0.8984
vn -0.3389 -0.0206 -0.9406
vn -0.9196 0.2369 0.3133
vn -0.8837 0.1589 -0.4403
vn -0.4226 0.1831 0.8876
vn 0.3258 0.0269 0.9451
vn 0.8855 -0.1408 0.4429
vn 0.9203 -0.2197 -0.3236
vn 0.4106 -0.1631 -0.8971
vn -0.3367 -0.0059 -0.9416
vn 0.1484 0.9283 0.3408
vn 0.0973 0.9581 0.2693
vn 0.3138 0.9212 0.2302
vn 0.3583 0.8833 0.3025
vn 0.3084 0.4318 0.8476
vn 0.3054 0.4894 0.8169
vn 0.4739 0.5398 0.6957
vn 0.4719 0.4365 0.7660
vn 0.2706 0.6486 0.7114
vn 0.4577 0.6674 0.5875
vn 0.1974 0.8241 0.5310
vn 0.4167 0.7928 0.4448
vn -0.0300 0.7914 0.6106
vn -0.0747 0.9044 0.4201
vn 0.0425 0.6333 0.7727
vn 0.1209 0.4778 0.8701
vn 0.1633 0.4168 0.8942
vn -0.0839 0.9529 0.2915
vn 0.0187 0.9336 -0.3579
vn 0.0824 0.9525 -0.2933
vn -0.1312 0.9642 -0.2304
vn -0.1905 0.9360 -0.2961
vn -0.2995 0.4771 -0.8262
vn -0.2808 0.5330 -0.7982
vn -0.4201 0.6207 -0.6621
vn -0.4481 0.5184 -0.7283
vn -0.2011 0.6822 -0.7029
vn -0.3649 0.7431 -0.5609
vn -0.0724 0.8399 -0.5378
vn -0.2824 0.8585 -0.4281
vn 0.1324 0.7573 -0.6395
vn 0.2212 0.8604 -0.4591
vn 0.0102 0.6167 -0.7871
vn -0.1101 0.4807 -0.8699
vn -0.1670 0.4301 -0.8872
vn 0.2547 0.9075 -0.3340
vn -0.0333 0.9555 -0.2931
vn -0.0900 0.9710 -0.2214
vn -0.1833 0.8940 -0.4088
vn -0.1212 0.8720 -0.4743
vn 0.5229 0.6033 -0.6021
vn 0.4785 0.6497 -0.5907
vn 0.3001 0.6396 -0.7077
vn 0.3959 0.5615 -0.7266
vn 0.3457 0.7763 -0.5271
vn 0.1688 0.7327 -0.6593
vn 0.1533 0.9028 -0.4018
vn 0.0154 0.8176 -0.5756
vn 0.3080 0.9266 -0.2158
vn 0.1170 0.9869 -0.1113
vn 0.4789 0.8116 -0.3346
vn 0.5892 0.6801 -0.4363
vn 0.6161 0.6228 -0.4821
vn -0.0101 0.9982 -0.0593
vn -0.0856 0.9661 0.2434
vn -0.0952 0.9837 0.1528
vn 0.1131 0.9664 0.2306
vn 0.1171 0.9403 0.3197
vn -0.1786 0.5379 0.8239
vn -0.1685 0.5918 0.7883
vn 0.0355 0.6485 0.7604
vn 0.0032 0.5524 0.8336
vn -0.1530 0.7361 0.6594
vn 0.0699 0.7632 0.6424
vn -0.1338 0.8855 0.4449
vn 0.1003 0.8699 0.4830
vn -0.3687 0.8363 0.4057
vn -0.3170 0.9260 0.2049
vn -0.3801 0.7024 0.6019
vn -0.3541 0.5656 0.7448
vn -0.3267 0.5119 0.7945
vn -0.2626 0.9613 0.0833
vn 0.0506 0.8946 -0.4440
vn -0.0049 0.9263 -0.3768
vn -0.1036 0.8280 -0.5510
vn -0.0433 0.7904 -0.6110
vn 0.5758 0.4512 -0.6818
vn 0.5355 0.5024 -0.6788
vn 0.3574 0.4885 -0.7960
vn 0.4462 0.4006 -0.8003
vn 0.4139 0.6484 -0.6390
vn 0.2344 0.5990 -0.7657
vn 0.2325 0.8093 -0.5394
vn 0.0885 0.7090 -0.6996
vn 0.3878 0.8499 -0.3568
vn 0.2022 0.9423 -0.2669
vn 0.5487 0.7031 -0.4523
vn 0.6477 0.5480 -0.5293
vn 0.6698 0.4820 -0.5648
vn 0.0763 0.9725 -0.2198
vn -0.2309 0.9727 0.0238
vn -0.1865 0.9808 -0.0572
vn -0.0618 0.9899 0.1274
vn -0.1098 0.9726 0.2051
vn -0.6349 0.5933 0.4948
vn -0.6071 0.6444 0.4650
vn -0.4260 0.7166 0.5522
vn -0.4928 0.6252 0.6052
vn -0.5226 0.7769 0.3511
vn -0.3319 0.8226 0.4618
vn -0.3855 0.9070 0.1695
vn -0.2168 0.9164 0.3366
vn -0.5529 0.8332 0.0093
vn -0.3961 0.9083 -0.1350
vn -0.6733 0.7175 0.1786
vn -0.7323 0.5975 0.3267
vn -0.7378 0.5513 0.3894
vn -0.2820 0.9369 -0.2067
vn -0.1745 0.9457 -0.2742
vn -0.1253 0.9717 -0.2001
vn -0.3408 0.9252 -0.1667
vn -0.3833 0.8913 -0.2421
vn -0.3126 0.4829 -0.8180
vn -0.3118 0.5381 -0.7831
vn -0.4832 0.5742 -0.6610
vn -0.4770 0.4764 -0.7386
vn -0.2834 0.6902 -0.6659
vn -0.4723 0.6939 -0.5435
vn -0.2180 0.8541 -0.4721
vn -0.4371 0.8097 -0.3915
vn 0.0113 0.8346 -0.5508
vn 0.0501 0.9347 -0.3520
vn -0.0542 0.6866 -0.7250
vn -0.1264 0.5363 -0.8345
vn -0.1665 0.4759 -0.8636
vn 0.0563 0.9739 -0.2200
vn 0.0902 0.9666 -0.2400
vn -0.0447 0.9965 0.0712
vn 0.1805 0.9834 -0.0162
vn 0.2602 0.9428 0.2085
vn 0.3950 0.9129 -0.1027
vn -0.6624 -0.0242 -0.7488
vn -0.6617 -0.0333 -0.7491
vn 0.0540 0.1030 -0.9932
vn 0.0508 0.1260 -0.9907
vn -0.9848 -0.1598 -0.0680
vn -0.9865 -0.1496 -0.0660
vn -0.7322 -0.2018 0.6505
vn -0.7359 -0.1784 0.6532
vn -0.0549 -0.1266 0.9904
vn -0.0590 -0.1037 0.9929
vn 0.6553 0.0223 0.7551
vn 0.6531 0.0313 0.7566
vn 0.9843 0.1586 0.0773
vn 0.9859 0.1484 0.0773
vn 0.7347 0.2019 -0.6477
vn 0.7388 0.1785 -0.6498
vn -0.6618 -0.0503 -0.7480
vn 0.0585 0.0457 -0.9972
vn -0.9913 -0.1161 -0.0617
vn -0.7444 -0.1136 0.6580
vn -0.0691 -0.0446 0.9966
vn 0.6470 0.0506 0.7608
vn 0.9900 0.1170 0.0789
vn 0.7472 0.1153 -0.6545
vn -0.6608 -0.0584 -0.7483
vn 0.0640 -0.0232 -0.9977
vn -0.9964 -0.0577 -0.0615
vn -0.7530 -0.0195 0.6577
vn -0.0789 0.0341 0.9963
vn 0.6422 0.0703 0.7633
vn 0.9945 0.0670 0.0803
vn 0.7545 0.0278 -0.6557
vn -0.6572 -0.0656 -0.7509
vn 0.0740 -0.0922 -0.9930
vn -0.9977 0.0046 -0.0669
vn -0.7569 0.0792 0.6487
vn -0.0848 0.1148 0.9898
vn 0.6410 0.0885 0.7624
vn 0.9963 0.0149 0.0841
vn 0.7609 -0.0599 -0.6461
vn -0.6564 -0.0777 -0.7504
vn 0.0808 -0.1591 -0.9839
vn -0.9954 0.0566 -0.0774
vn -0.7602 0.1665 0.6279
vn -0.0902 0.1888 0.9779
vn 0.6410 0.1057 0.7602
vn 0.9950 -0.0312 0.0947
vn 0.7665 -0.1396 -0.6269
vn -0.6437 -0.0551 -0.7633
vn 0.0885 -0.1658 -0.9822
vn -0.9898 0.0968 -0.1041
vn -0.7674 0.1985 0.6097
vn -0.0908 0.1924 0.9771
vn 0.6481 0.0819 0.7571
vn 0.9939 -0.0649 0.0896
vn 0.7644 -0.1664 -0.6229
vn -0.6327 0.0123 -0.7743
vn 0.0960 -0.0948 -0.9909
vn -0.9862 0.1229 -0.1108
vn -0.7698 0.1700 0.6153
vn -0.0955 0.1263 0.9874
vn 0.6414 0.0200 0.7669
vn 0.9919 -0.0854 0.0939
vn 0.7669 -0.1325 -0.6280
vn -0.6222 0.0825 -0.7785
vn 0.1049 -0.0158 -0.9944
vn -0.9832 0.1448 -0.1113
vn -0.7723 0.1327 0.6212
vn -0.1030 0.0531 0.9933
vn 0.6316 -0.0450 0.7740
vn 0.9898 -0.1036 0.0982
vn 0.7710 -0.0912 -0.6303
vn -0.6117 0.1483 -0.7771
vn 0.1141 0.0581 -0.9918
vn -0.9802 0.1640 -0.1107
vn -0.7766 0.0948 0.6229
vn -0.1120 -0.0195 0.9935
vn 0.6221 -0.1100 0.7751
vn 0.9874 -0.1232 0.0998
vn 0.7750 -0.0533 -0.6297
vn -0.6013 0.2085 -0.7713
vn 0.1233 0.1265 -0.9843
vn -0.9779 0.1779 -0.1102
vn -0.7833 0.0511 0.6195
vn -0.1234 -0.0985 0.9875
vn 0.6121 -0.1814 0.7697
vn 0.9841 -0.1484 0.0976
vn 0.7786 -0.0206 -0.6272
vn -0.5961 0.2369 -0.7671
vn 0.1279 0.1589 -0.9790
vn -0.9769 0.1831 -0.1099
vn -0.7871 0.0269 0.6163
vn -0.1298 -0.1408 0.9815
vn 0.6061 -0.2197 0.7644
vn 0.9820 -0.1631 0.0954
vn 0.7802 -0.0059 -0.6255
vn -0.2738 0.9283 0.2514
vn -0.2228 0.9581 0.1799
vn -0.1152 0.9212 0.3717
vn -0.1690 0.8833 0.4374
vn -0.7006 0.4318 0.5681
vn -0.6725 0.4894 0.5552
vn -0.5030 0.5398 0.6750
vn -0.5702 0.4365 0.6960
vn -0.5842 0.6486 0.4879
vn -0.4060 0.6674 0.6243
vn -0.4375 0.8241 0.3599
vn -0.2845 0.7928 0.5390
vn -0.5869 0.7914 0.1709
vn -0.4215 0.9044 0.0665
vn -0.7166 0.6333 0.2923
vn -0.7831 0.4778 0.3981
vn -0.7920 0.4168 0.4461
vn -0.3029 0.9529 0.0158
vn 0.3444 0.9336 -0.0991
vn 0.3041 0.9525 -0.0177
vn 0.1749 0.9642 -0.1992
vn 0.2178 0.9360 -0.2767
vn 0.6833 0.4771 -0.5527
vn 0.6629 0.5330 -0.5258
vn 0.4888 0.6207 -0.6131
vn 0.5423 0.5184 -0.6612
vn 0.5989 0.6822 -0.4194
vn 0.4112 0.7431 -0.5279
vn 0.4848 0.8399 -0.2439
vn 0.3126 0.8585 -0.4066
vn 0.6477 0.7573 -0.0834
vn 0.5061 0.8604 0.0593
vn 0.7474 0.6167 -0.2472
vn 0.7864 0.4807 -0.3879
vn 0.7842 0.4301 -0.4473
vn 0.3988 0.9075 0.1318
vn 0.2662 0.9555 -0.1271
vn 0.1799 0.9710 -0.1573
vn 0.3266 0.8940 -0.3066
vn 0.4088 0.8720 -0.2693
vn 0.7398 0.6033 0.2979
vn 0.7145 0.6497 0.2596
vn 0.7669 0.6396 0.0528
vn 0.8160 0.5615 0.1372
vn 0.6110 0.7763 0.1549
vn 0.6783 0.7327 -0.0555
vn 0.4299 0.9028 0.0139
vn 0.5491 0.8176 -0.1732
vn 0.3045 0.9266 0.2208
vn 0.1434 0.9869 0.0743
vn 0.4725 0.8116 0.3435
vn 0.6046 0.6801 0.4146
vn 0.6568 0.6228 0.4251
vn 0.0528 0.9982 -0.0289
vn -0.2580 0.9661 -0.0015
vn -0.1755 0.9837 -0.0401
vn -0.1811 0.9664 0.1822
vn -0.2640 0.9403 0.2150
vn -0.8371 0.5379 0.0999
vn -0.8002 0.5918 0.0979
vn -0.7072 0.6485 0.2816
vn -0.7869 0.5524 0.2750
vn -0.6732 0.7361 0.0705
vn -0.5845 0.7632 0.2756
vn -0.4642 0.8855 0.0187
vn -0.4238 0.8699 0.2524
vn -0.5038 0.8363 -0.2161
vn -0.2971 0.9260 -0.2328
vn -0.6929 0.7024 -0.1629
vn -0.8195 0.5656 -0.0917
vn -0.8576 0.5119 -0.0497
vn -0.1644 0.9613 -0.2211
vn 0.4362 0.8946 -0.0970
vn 0.3546 0.9263 -0.1275
vn 0.4871 0.8280 -0.2777
vn 0.5635 0.7904 -0.2403
vn 0.8324 0.4512 0.3219
vn 0.8164 0.5024 0.2847
vn 0.8690 0.4885 0.0782
vn 0.9020 0.4006 0.1607
vn 0.7390 0.6484 0.1828
vn 0.8002 0.5990 -0.0282
vn 0.5857 0.8093 0.0438
vn 0.6902 0.7090 -0.1446
vn 0.4638 0.8499 0.2502
vn 0.3183 0.9423 0.1041
vn 0.6065 0.7031 0.3711
vn 0.7117 0.5480 0.4396
vn 0.7524 0.4820 0.4489
vn 0.2327 0.9725 0.0004
vn -0.0978 0.9727 -0.2106
vn -0.0067 0.9808 -0.1950
vn -0.1406 0.9899 -0.0168
vn -0.2297 0.9726 -0.0369
vn -0.6749 0.5933 -0.4387
vn -0.6376 0.6444 -0.4222
vn -0.6610 0.7166 -0.2226
vn -0.7329 0.6252 -0.2684
vn -0.5024 0.7769 -0.3795
vn -0.5448 0.8226 -0.1631
vn -0.2860 0.9070 -0.3091
vn -0.3889 0.9164 -0.0951
vn -0.1892 0.8332 -0.5196
vn -0.0016 0.9083 -0.4184
vn -0.3885 0.7175 -0.5782
vn -0.5477 0.5975 -0.5857
vn -0.6088 0.5513 -0.5704
vn 0.1034 0.9369 -0.3340
vn 0.2023 0.9457 -0.2544
vn 0.1482 0.9717 -0.1837
vn 0.0464 0.9252 -0.3766
vn 0.1039 0.8913 -0.4413
vn 0.6713 0.4829 -0.5623
vn 0.6386 0.5381 -0.5502
vn 0.4672 0.5742 -0.6724
vn 0.5426 0.4764 -0.6919
vn 0.5370 0.6902 -0.4851
vn 0.3597 0.6939 -0.6238
vn 0.3752 0.8541 -0.3601
vn 0.2275 0.8097 -0.5409
vn 0.5243 0.8346 -0.1690
vn 0.3490 0.9347 -0.0675
vn 0.6676 0.6866 -0.2878
vn 0.7477 0.5363 -0.3917
vn 0.7621 0.4759 -0.4391
vn 0.2263 0.9739 -0.0186
vn 0.2562 0.9666 0.0069
vn -0.0819 0.9965 -0.0190
vn 0.0742 0.9834 0.1653
vn -0.1122 0.9428 0.3140
vn 0.2260 0.9129 0.3399
vn -0.8201 -0.0242 0.5717
vn -0.8202 -0.0333 0.5710
vn -0.9804 0.1030 -0.1680
vn -0.9783 0.1260 -0.1645
vn -0.1809 -0.1598 0.9704
vn -0.1792 -0.1496 0.9724
vn 0.5618 -0.2018 0.8023
vn 0.5641 -0.1784 0.8062
vn 0.9775 -0.1266 0.1686
vn 0.9795 -0.1037 0.1729
vn 0.8255 0.0223 -0.5640
vn 0.8268 0.0313 -0.5617
vn 0.1901 0.1586 -0.9689
vn 0.1903 0.1484 -0.9704
vn -0.5588 0.2019 -0.8044
vn -0.5604 0.1785 -0.8087
vn -0.8192 -0.0503 0.5713
vn -0.9839 0.0457 -0.1729
vn -0.1754 -0.1161 0.9776
vn 0.5680 -0.1136 0.8152
vn 0.9820 -0.0446 0.1834
vn 0.8303 0.0506 -0.5551
vn 0.1923 0.1170 -0.9743
vn -0.5641 0.1153 -0.8176
vn -0.8194 -0.0584 0.5703
vn -0.9837 -0.0232 -0.1785
vn -0.1758 -0.0577 0.9827
vn 0.5666 -0.0195 0.8237
vn 0.9806 0.0341 0.1931
vn 0.8321 0.0703 -0.5501
vn 0.1942 0.0670 -0.9787
vn -0.5644 0.0278 -0.8250
vn -0.8216 -0.0656 0.5663
vn -0.9779 -0.0922 -0.1879
vn -0.1813 0.0046 0.9834
vn 0.5573 0.0792 0.8265
vn 0.9734 0.1148 0.1981
vn 0.8311 0.0885 -0.5490
vn 0.1983 0.0149 -0.9800
vn -0.5542 -0.0599 -0.8302
vn -0.8210 -0.0777 0.5656
vn -0.9681 -0.1591 -0.1935
vn -0.1915 0.0566 0.9799
vn 0.5363 0.1665 0.8275
vn 0.9610 0.1888 0.2021
vn 0.8290 0.1057 -0.5492
vn 0.2086 -0.0312 -0.9775
vn -0.5345 -0.1396 -0.8335
vn -0.8323 -0.0551 0.5515
vn -0.9655 -0.1658 -0.2010
vn -0.2173 0.0968 0.9713
vn 0.5173 0.1985 0.8325
vn 0.9602 0.1924 0.2027
vn 0.8267 0.0819 -0.5566
vn 0.2035 -0.0649 -0.9769
vn -0.5308 -0.1664 -0.8310
vn -0.8420 0.0123 0.5394
vn -0.9732 -0.0948 -0.2095
vn -0.2236 0.1229 0.9669
vn 0.5226 0.1700 0.8355
vn 0.9698 0.1263 0.2085
vn 0.8357 0.0200 -0.5489
vn 0.2074 -0.0854 -0.9745
vn -0.5355 -0.1325 -0.8341
vn -0.8450 0.0825 0.5284
vn -0.9757 -0.0158 -0.2187
vn -0.2238 0.1448 0.9638
vn 0.5281 0.1327 0.8387
vn 0.9748 0.0531 0.2167
vn 0.8415 -0.0450 -0.5383
vn 0.2115 -0.1036 -0.9719
vn -0.5374 -0.0912 -0.8384
vn -0.8424 0.1483 0.5181
vn -0.9720 0.0581 -0.2275
vn -0.2228 0.1640 0.9610
vn 0.5293 0.0948 0.8431
vn 0.9740 -0.0195 0.2256
vn 0.8416 -0.1100 -0.5288
vn 0.2128 -0.1232 -0.9693
vn -0.5363 -0.0533 -0.8424
vn -0.8354 0.2085 0.5085
vn -0.9635 0.1265 -0.2358
vn -0.2220 0.1779 0.9587
vn 0.5253 0.0511 0.8494
vn 0.9667 -0.0985 0.2363
vn 0.8350 -0.1814 -0.5194
vn 0.2102 -0.1484 -0.9663
vn -0.5334 -0.0206 -0.8456
vn -0.8307 0.2369 0.5039
vn -0.9577 0.1589 -0.2398
vn -0.2216 0.1831 0.9578
vn 0.5216 0.0269 0.8528
vn 0.9600 -0.1408 0.2419
vn 0.8291 -0.2197 -0.5141
vn 0.2079 -0.1631 -0.9645
vn -0.5315 -0.0059 -0.8471
vn 0.2182 0.9283 0.3009
vn 0.1530 0.9581 0.2421
vn 0.3560 0.9212 0.1573
vn 0.4150 0.8833 0.2183
vn 0.4836 0.4318 0.7613
vn 0.4741 0.4894 0.7320
vn 0.6126 0.5398 0.5774
vn 0.6257 0.4365 0.6465
vn 0.4174 0.6486 0.6365
vn 0.5734 0.6674 0.4752
vn 0.3071 0.8241 0.4760
vn 0.5027 0.7928 0.3447
vn 0.1022 0.7914 0.6027
vn 0.0175 0.9044 0.4263
vn 0.2079 0.6333 0.7454
vn 0.3053 0.4778 0.8237
vn 0.3519 0.4168 0.8381
vn -0.0192 0.9529 0.3027
vn -0.0588 0.9336 -0.3535
vn 0.0174 0.9525 -0.3041
vn -0.1777 0.9642 -0.1967
vn -0.2498 0.9360 -0.2482
vn -0.4703 0.4771 -0.7424
vn -0.4460 0.5330 -0.7190
vn -0.5527 0.6207 -0.5561
vn -0.5943 0.5184 -0.6148
vn -0.3477 0.6822 -0.6432
vn -0.4770 0.7431 -0.4693
vn -0.1865 0.8399 -0.5096
vn -0.3679 0.8585 -0.3573
vn -0.0083 0.7573 -0.6530
vn 0.1172 0.8604 -0.4959
vn -0.1595 0.6167 -0.7709
vn -0.2947 0.4807 -0.8259
vn -0.3541 0.4301 -0.8305
vn 0.1769 0.9075 -0.3810
vn -0.0956 0.9555 -0.2790
vn -0.1355 0.9710 -0.1968
vn -0.2670 0.8940 -0.3597
vn -0.2205 0.8720 -0.4371
vn 0.3811 0.6033 -0.7006
vn 0.3401 0.6497 -0.6798
vn 0.1408 0.6396 -0.7557
vn 0.2302 0.5615 -0.7948
vn 0.2242 0.7763 -0.5891
vn 0.0229 0.7327 -0.6802
vn 0.0633 0.9028 -0.4254
vn -0.1089 0.8176 -0.5654
vn 0.2544 0.9266 -0.2770
vn 0.0903 0.9869 -0.1339
vn 0.3956 0.8116 -0.4299
vn 0.4815 0.6801 -0.5529
vn 0.4979 0.6228 -0.6035
vn -0.0227 0.9982 -0.0558
vn -0.0312 0.9661 0.2561
vn -0.0601 0.9837 0.1697
vn 0.1601 0.9664 0.2009
vn 0.1831 0.9402 0.2870
vn 0.0029 0.5379 0.8430
vn 0.0051 0.5918 0.8061
vn 0.1984 0.6485 0.7350
vn 0.1826 0.5524 0.8133
vn -0.0075 0.7361 0.6769
vn 0.2065 0.7632 0.6123
vn -0.0349 0.8855 0.4633
vn 0.2019 0.8699 0.4501
vn -0.2727 0.8363 0.4756
vn -0.2654 0.9260 0.2683
vn -0.2416 0.7024 0.6695
vn -0.1855 0.5656 0.8035
vn -0.1481 0.5119 0.8462
vn -0.2386 0.9613 0.1379
vn -0.0461 0.8946 -0.4445
vn -0.0859 0.9263 -0.3669
vn -0.2197 0.8280 -0.5158
vn -0.1739 0.7904 -0.5874
vn 0.4156 0.4512 -0.7898
vn 0.3768 0.5024 -0.7782
vn 0.1777 0.4885 -0.8543
vn 0.2635 0.4006 -0.8775
vn 0.2666 0.6484 -0.7131
vn 0.0641 0.5990 -0.7982
vn 0.1110 0.8093 -0.5768
vn -0.0641 0.7090 -0.7023
vn 0.3020 0.8499 -0.4319
vn 0.1400 0.9423 -0.3042
vn 0.4385 0.7031 -0.5598
vn 0.5186 0.5480 -0.6563
vn 0.5325 0.4820 -0.6958
vn 0.0272 0.9725 -0.2311
vn -0.2204 0.9727 0.0729
vn -0.1945 0.9808 -0.0158
vn -0.0329 0.9899 0.1377
vn -0.0631 0.9726 0.2239
vn -0.5135 0.5933 0.6199
vn -0.4928 0.6444 0.5848
vn -0.2972 0.7166 0.6310
vn -0.3510 0.6252 0.6971
vn -0.4348 0.7769 0.4554
vn -0.2247 0.8226 0.5224
vn -0.3400 0.9070 0.2485
vn -0.1392 0.9164 0.3753
vn -0.5379 0.8332 0.1281
vn -0.4158 0.9082 -0.0466
vn -0.6191 0.7175 0.3193
vn -0.6449 0.5975 0.4766
vn -0.6367 0.5513 0.5391
vn -0.3198 0.9369 -0.1412
vn -0.2294 0.9457 -0.2302
vn -0.1654 0.9717 -0.1684
vn -0.3687 0.9252 -0.0894
vn -0.4264 0.8913 -0.1540
vn -0.4813 0.4829 -0.7316
vn -0.4730 0.5381 -0.6977
vn -0.6141 0.5742 -0.5415
vn -0.6248 0.4764 -0.6186
vn -0.4200 0.6902 -0.5893
vn -0.5782 0.6939 -0.4291
vn -0.3145 0.8541 -0.4142
vn -0.5111 0.8097 -0.2883
vn -0.1076 0.8346 -0.5403
vn -0.0268 0.9347 -0.3545
vn -0.2090 0.6866 -0.6963
vn -0.3030 0.5363 -0.7878
vn -0.3485 0.4759 -0.8075
vn 0.0076 0.9739 -0.2270
vn 0.0364 0.9666 -0.2537
vn -0.0283 0.9965 0.0792
vn 0.1727 0.9834 -0.0547
vn 0.2990 0.9428 0.1476
vn 0.3637 0.9129 -0.1853
vt 0.847540 0.054629
vt 0.727202 0.054754
vt 0.727140 0.044664
vt 0.847362 0.044605
vt 0.847782 0.064682
vt 0.727200 0.064820
vt 0.847956 0.074784
vt 0.727134 0.074881
vt 0.847957 0.084917
vt 0.727223 0.084946
vt 0.847802 0.094991
vt 0.727261 0.094991
vt 0.847496 0.024546
vt 0.727118 0.024456
vt 0.727139 0.014384
vt 0.847719 0.014493
vt 0.847345 0.034574
vt 0.727052 0.034551
vt 0.621098 0.054727
vt 0.621014 0.044661
vt 0.621096 0.064776
vt 0.621008 0.074820
vt 0.621120 0.084868
vt 0.621165 0.094894
vt 0.620972 0.024507
vt 0.620991 0.014463
vt 0.620892 0.034578
vt 0.529120 0.054750
vt 0.529006 0.044695
vt 0.529120 0.064764
vt 0.529005 0.074761
vt 0.529159 0.084759
vt 0.529218 0.094729
vt 0.528954 0.024545
vt 0.528985 0.014534
vt 0.528843 0.034608
vt 0.450640 0.054848
vt 0.450475 0.044762
vt 0.450643 0.064842
vt 0.450486 0.074776
vt 0.450696 0.084692
vt 0.450774 0.094599
vt 0.450369 0.024511
vt 0.450394 0.014513
vt 0.450237 0.034615
vt 0.384831 0.055120
vt 0.384774 0.045006
vt 0.384793 0.065070
vt 0.384692 0.074844
vt 0.384871 0.084554
vt 0.384787 0.094387
vt 0.384334 0.024776
vt 0.384175 0.014788
vt 0.384479 0.034872
vt 0.329202 0.054756
vt 0.329077 0.045166
vt 0.329254 0.064373
vt 0.329195 0.074099
vt 0.329041 0.083965
vt 0.329043 0.093828
vt 0.329001 0.025894
vt 0.328839 0.016115
vt 0.329112 0.035545
vt 0.275142 0.054617
vt 0.275160 0.045153
vt 0.275093 0.064202
vt 0.275066 0.073923
vt 0.275049 0.083719
vt 0.274998 0.093597
vt 0.275178 0.026032
vt 0.275151 0.016317
vt 0.275183 0.035655
vt 0.220122 0.054607
vt 0.220314 0.045116
vt 0.219992 0.064135
vt 0.219981 0.073749
vt 0.220077 0.083457
vt 0.219933 0.093232
vt 0.220191 0.026035
vt 0.220220 0.016326
vt 0.220196 0.035609
vt 0.163377 0.054472
vt 0.163561 0.044991
vt 0.163255 0.063981
vt 0.163250 0.073561
vt 0.163348 0.083221
vt 0.163226 0.092937
vt 0.163464 0.025940
vt 0.163504 0.016266
vt 0.163459 0.035494
vt 0.104190 0.054333
vt 0.104357 0.044841
vt 0.104097 0.063838
vt 0.104119 0.073412
vt 0.104239 0.083073
vt 0.104165 0.092759
vt 0.104330 0.025786
vt 0.104414 0.016112
vt 0.104288 0.035338
vt 0.041083 0.054360
vt 0.041060 0.044567
vt 0.041430 0.064078
vt 0.041879 0.073723
vt 0.042178 0.083344
vt 0.042158 0.092968
vt 0.041848 0.025118
vt 0.042269 0.015405
vt 0.041361 0.034803
vt 0.200268 0.853772
vt 0.221595 0.990780
vt 0.213652 0.990780
vt 0.070624 0.853772
vt 0.254316 0.305739
vt 0.234531 0.442748
vt 0.083343 0.442748
vt 0.240575 0.305739
vt 0.209421 0.579756
vt 0.014622 0.579756
vt 0.202560 0.716764
vt 0.014622 0.716764
vt 0.396610 0.716764
vt 0.331924 0.853772
vt 0.396610 0.579756
vt 0.352476 0.442748
vt 0.261164 0.305739
vt 0.239858 0.990780
vt 0.433333 0.421575
vt 1.000000 0.421575
vt 0.716667 0.699241
vt 1.000000 0.976907
vt 0.433333 0.976907
s 1
usemtl Plant_2
f 1/1/1 9/2/2 16/3/3 8/4/4
f 2/5/5 10/6/6 9/2/2 1/1/1
f 3/7/7 11/8/8 10/6/6 2/5/5
f 4/9/9 12/10/10 11/8/8 3/7/7
f 5/11/11 13/12/12 12/10/10 4/9/9
f 6/13/13 14/14/14 13/15/12 5/16/11
f 7/17/15 15/18/16 14/14/14 6/13/13
f 8/4/4 16/3/3 15/18/16 7/17/15
f 9/2/2 17/19/17 24/20/18 16/3/3
f 10/6/6 18/21/19 17/19/17 9/2/2
f 11/8/8 19/22/20 18/21/19 10/6/6
f 12/10/10 20/23/21 19/22/20 11/8/8
f 13/12/12 21/24/22 20/23/21 12/10/10
f 14/14/14 22/25/23 21/26/22 13/15/12
f 15/18/16 23/27/24 22/25/23 14/14/14
f 16/3/3 24/20/18 23/27/24 15/18/16
f 17/19/17 25/28/25 32/29/26 24/20/18
f 18/21/19 26/30/27 25/28/25 17/19/17
f 19/22/20 27/31/28 26/30/27 18/21/19
f 20/23/21 28/32/29 27/31/28 19/22/20
f 21/24/22 29/33/30 28/32/29 20/23/21
f 22/25/23 30/34/31 29/35/30 21/26/22
f 23/27/24 31/36/32 30/34/31 22/25/23
f 24/20/18 32/29/26 31/36/32 23/27/24
f 25/28/25 33/37/33 40/38/34 32/29/26
f 26/30/27 34/39/35 33/37/33 25/28/25
f 27/31/28 35/40/36 34/39/35 26/30/27
f 28/32/29 36/41/37 35/40/36 27/31/28
f 29/33/30 37/42/38 36/41/37 28/32/29
f 30/34/31 38/43/39 37/44/38 29/35/30
f 31/36/32 39/45/40 38/43/39 30/34/31
f 32/29/26 40/38/34 39/45/40 31/36/32
f 33/37/33 41/46/41 48/47/42 40/38/34
f 34/39/35 42/48/43 41/46/41 33/37/33
f 35/40/36 43/49/44 42/48/43 34/39/35
f 36/41/37 44/50/45 43/49/44 35/40/36
f 37/42/38 45/51/46 44/50/45 36/41/37
f 38/43/39 46/52/47 45/53/46 37/44/38
f 39/45/40 47/54/48 46/52/47 38/43/39
f 40/38/34 48/47/42 47/54/48 39/45/40
f 41/46/41 49/55/49 56/56/50 48/47/42
f 42/48/43 50/57/51 49/55/49 41/46/41
f 43/49/44 51/58/52 50/57/51 42/48/43
f 44/50/45 52/59/53 51/58/52 43/49/44
f 45/51/46 53/60/54 52/59/53 44/50/45
f 46/52/47 54/61/55 53/62/54 45/53/46
f 47/54/48 55/63/56 54/61/55 46/52/47
f 48/47/42 56/56/50 55/63/56 47/54/48
f 49/55/49 57/64/57 64/65/58 56/56/50
f 50/57/51 58/66/59 57/64/57 49/55/49
f 51/58/52 59/67/60 58/66/59 50/57/51
f 52/59/53 60/68/61 59/67/60 51/58/52
f 53/60/54 61/69/62 60/68/61 52/59/53
f 54/61/55 62/70/63 61/71/62 53/62/54
f 55/63/56 63/72/64 62/70/63 54/61/55
f 56/56/50 64/65/58 63/72/64 55/63/56
f 57/64/57 65/73/65 72/74/66 64/65/58
f 58/66/59 66/75/67 65/73/65 57/64/57
f 59/67/60 67/76/68 66/75/67 58/66/59
f 60/68/61 68/77/69 67/76/68 59/67/60
f 61/69/62 69/78/70 68/77/69 60/68/61
f 62/70/63 70/79/71 69/80/70 61/71/62
f 63/72/64 71/81/72 70/79/71 62/70/63
f 64/65/58 72/74/66 71/81/72 63/72/64
f 65/73/65 73/82/73 80/83/74 72/74/66
f 66/75/67 74/84/75 73/82/73 65/73/65
f 67/76/68 75/85/76 74/84/75 66/75/67
f 68/77/69 76/86/77 75/85/76 67/76/68
f 69/78/70 77/87/78 76/86/77 68/77/69
f 70/79/71 78/88/79 77/89/78 69/80/70
f 71/81/72 79/90/80 78/88/79 70/79/71
f 72/74/66 80/83/74 79/90/80 71/81/72
f 73/82/73 81/91/81 88/92/82 80/83/74
f 74/84/75 82/93/83 81/91/81 73/82/73
f 75/85/76 83/94/84 82/93/83 74/84/75
f 76/86/77 84/95/85 83/94/84 75/85/76
f 77/87/78 85/96/86 84/95/85 76/86/77
f 78/88/79 86/97/87 85/98/86 77/89/78
f 79/90/80 87/99/88 86/97/87 78/88/79
f 80/83/74 88/92/82 87/99/88 79/90/80
f 81/91/81 89/100/89 96/101/90 88/92/82
f 82/93/83 90/102/91 89/100/89 81/91/81
f 83/94/84 91/103/92 90/102/91 82/93/83
f 84/95/85 92/104/93 91/103/92 83/94/84
f 85/96/86 93/105/94 92/104/93 84/95/85
f 86/97/87 94/106/95 93/107/94 85/98/86
f 87/99/88 95/108/96 94/106/95 86/97/87
f 88/92/82 96/101/90 95/108/96 87/99/88
f 114/109/97 110/110/98 101/111/99 99/112/100
f 109/113/101 111/114/102 104/115/103 97/116/104
f 111/114/102 112/117/105 103/118/106 104/115/103
f 112/117/105 113/119/107 102/120/108 103/118/106
f 113/119/107 114/109/97 99/112/100 102/120/108
f 107/121/109 108/122/110 114/109/97 113/119/107
f 106/123/111 107/121/109 113/119/107 112/117/105
f 105/124/112 106/123/111 112/117/105 111/114/102
f 98/125/113 105/124/112 111/114/102 109/113/101
f 108/122/110 100/126/114 110/110/98 114/109/97
f 132/109/115 128/110/116 119/111/117 117/112/118
f 127/113/119 129/114/120 122/115/121 115/116/122
f 129/114/120 130/117/123 121/118/124 122/115/121
f 130/117/123 131/119/125 120/120/126 121/118/124
f 131/119/125 132/109/115 117/112/118 120/120/126
f 125/121/127 126/122/128 132/109/115 131/119/125
f 124/123/129 125/121/127 131/119/125 130/117/123
f 123/124/130 124/123/129 130/117/123 129/114/120
f 116/125/131 123/124/130 129/114/120 127/113/119
f 126/122/128 118/126/132 128/110/116 132/109/115
f 150/109/133 146/110/134 137/111/135 135/112/136
f 145/113/137 147/114/138 140/115/139 133/116/140
f 147/114/138 148/117/141 139/118/142 140/115/139
f 148/117/141 149/119/143 138/120/144 139/118/142
f 149/119/143 150/109/133 135/112/136 138/120/144
f 143/121/145 144/122/146 150/109/133 149/119/143
f 142/123/147 143/121/145 149/119/143 148/117/141
f 141/124/148 142/123/147 148/117/141 147/114/138
f 134/125/149 141/124/148 147/114/138 145/113/137
f 144/122/146 136/126/150 146/110/134 150/109/133
f 168/109/151 164/110/152 155/111/153 153/112/154
f 163/113/155 165/114/156 158/115/157 151/116/158
f 165/114/156 166/117/159 157/118/160 158/115/157
f 166/117/159 167/119/161 156/120/162 157/118/160
f 167/119/161 168/109/151 153/112/154 156/120/162
f 161/121/163 162/122/164 168/109/151 167/119/161
f 160/123/165 161/121/163 167/119/161 166/117/159
f 159/124/166 160/123/165 166/117/159 165/114/156
f 152/125/167 159/124/166 165/114/156 163/113/155
f 162/122/164 154/126/168 164/110/152 168/109/151
f 186/109/169 182/110/170 173/111/171 171/112/172
f 181/113/173 183/114/174 176/115/175 169/116/176
f 183/114/174 184/117/177 175/118/178 176/115/175
f 184/117/177 185/119/179 174/120/180 175/118/178
f 185/119/179 186/109/169 171/112/172 174/120/180
f 179/121/181 180/122/182 186/109/169 185/119/179
f 178/123/183 179/121/181 185/119/179 184/117/177
f 177/124/184 178/123/183 184/117/177 183/114/174
f 170/125/185 177/124/184 183/114/174 181/113/173
f 180/122/182 172/126/186 182/110/170 186/109/169
f 204/109/187 200/110/188 191/111/189 189/112/190
f 199/113/191 201/114/192 194/115/193 187/116/194
f 201/114/192 202/117/195 193/118/196 194/115/193
f 202/117/195 203/119/197 192/120/198 193/118/196
f 203/119/197 204/109/187 189/112/190 192/120/198
f 197/121/199 198/122/200 204/109/187 203/119/197
f 196/123/201 197/121/199 203/119/197 202/117/195
f 195/124/202 196/123/201 202/117/195 201/114/192
f 188/125/203 195/124/202 201/114/192 199/113/191
f 198/122/200 190/126/204 200/110/188 204/109/187
f 222/109/205 218/110/206 209/111/207 207/112/208
f 217/113/209 219/114/210 212/115/211 205/116/212
f 219/114/210 220/117/213 211/118/214 212/115/211
f 220/117/213 221/119/215 210/120/216 211/118/214
f 221/119/215 222/109/205 207/112/208 210/120/216
f 215/121/217 216/122/218 222/109/205 221/119/215
f 214/123/219 215/121/217 221/119/215 220/117/213
f 213/124/220 214/123/219 220/117/213 219/114/210
f 206/125/221 213/124/220 219/114/210 217/113/209
f 216/122/218 208/126/222 218/110/206 222/109/205
f 224/127/223 223/128/224 227/129/225
f 223/128/224 225/130/226 227/129/225
f 225/130/226 226/131/227 227/129/225
f 226/131/227 224/127/223 227/129/225
f 228/1/228 236/2/229 243/3/230 235/4/231
f 229/5/232 237/6/233 236/2/229 228/1/228
f 230/7/234 238/8/235 237/6/233 229/5/232
f 231/9/236 239/10/237 238/8/235 230/7/234
f 232/11/238 240/12/239 239/10/237 231/9/236
f 233/13/240 241/14/241 240/15/239 232/16/238
f 234/17/242 242/18/243 241/14/241 233/13/240
f 235/4/231 243/3/230 242/18/243 234/17/242
f 236/2/229 244/19/244 251/20/245 243/3/230
f 237/6/233 245/21/246 244/19/244 236/2/229
f 238/8/235 246/22/247 245/21/246 237/6/233
f 239/10/237 247/23/248 246/22/247 238/8/235
f 240/12/239 248/24/249 247/23/248 239/10/237
f 241/14/241 249/25/250 248/26/249 240/15/239
f 242/18/243 250/27/251 249/25/250 241/14/241
f 243/3/230 251/20/245 250/27/251 242/18/243
f 244/19/244 252/28/252 259/29/253 251/20/245
f 245/21/246 253/30/254 252/28/252 244/19/244
f 246/22/247 254/31/255 253/30/254 245/21/246
f 247/23/248 255/32/256 254/31/255 246/22/247
f 248/24/249 256/33/257 255/32/256 247/23/248
f 249/25/250 257/34/258 256/35/257 248/26/249
f 250/27/251 258/36/259 257/34/258 249/25/250
f 251/20/245 259/29/253 258/36/259 250/27/251
f 252/28/252 260/37/260 267/38/261 259/29/253
f 253/30/254 261/39/262 260/37/260 252/28/252
f 254/31/255 262/40/263 261/39/262 253/30/254
f 255/32/256 263/41/264 262/40/263 254/31/255
f 256/33/257 264/42/265 263/41/264 255/32/256
f 257/34/258 265/43/266 264/44/265 256/35/257
f 258/36/259 266/45/267 265/43/266 257/34/258
f 259/29/253 267/38/261 266/45/267 258/36/259
f 260/37/260 268/46/268 275/47/269 267/38/261
f 261/39/262 269/48/270 268/46/268 260/37/260
f 262/40/263 270/49/271 269/48/270 261/39/262
f 263/41/264 271/50/272 270/49/271 262/40/263
f 264/42/265 272/51/273 271/50/272 263/41/264
f 265/43/266 273/52/274 272/53/273 264/44/265
f 266/45/267 274/54/275 273/52/274 265/43/266
f 267/38/261 275/47/269 274/54/275 266/45/267
f 268/46/268 276/55/276 283/56/277 275/47/269
f 269/48/270 277/57/278 276/55/276 268/46/268
f 270/49/271 278/58/279 277/57/278 269/48/270
f 271/50/272 279/59/280 278/58/279 270/49/271
f 272/51/273 280/60/281 279/59/280 271/50/272
f 273/52/274 281/61/282 280/62/281 272/53/273
f 274/54/275 282/63/283 281/61/282 273/52/274
f 275/47/269 283/56/277 282/63/283 274/54/275
f 276/55/276 284/64/284 291/65/285 283/56/277
f 277/57/278 285/66/286 284/64/284 276/55/276
f 278/58/279 286/67/287 285/66/286 277/57/278
f 279/59/280 287/68/288 286/67/287 278/58/279
f 280/60/281 288/69/289 287/68/288 279/59/280
f 281/61/282 289/70/290 288/71/289 280/62/281
f 282/63/283 290/72/291 289/70/290 281/61/282
f 283/56/277 291/65/285 290/72/291 282/63/283
f 284/64/284 292/73/292 299/74/293 291/65/285
f 285/66/286 293/75/294 292/73/292 284/64/284
f 286/67/287 294/76/295 293/75/294 285/66/286
f 287/68/288 295/77/296 294/76/295 286/67/287
f 288/69/289 296/78/297 295/77/296 287/68/288
f 289/70/290 297/79/298 296/80/297 288/71/289
f 290/72/291 298/81/299 297/79/298 289/70/290
f 291/65/285 299/74/293 298/81/299 290/72/291
f 292/73/292 300/82/300 307/83/301 299/74/293
f 293/75/294 301/84/302 300/82/300 292/73/292
f 294/76/295 302/85/303 301/84/302 293/75/294
f 295/77/296 303/86/304 302/85/303 294/76/295
f 296/78/297 304/87/305 303/86/304 295/77/296
f 297/79/298 305/88/306 304/89/305 296/80/297
f 298/81/299 306/90/307 305/88/306 297/79/298
f 299/74/293 307/83/301 306/90/307 298/81/299
f 300/82/300 308/91/308 315/92/309 307/83/301
f 301/84/302 309/93/310 308/91/308 300/82/300
f 302/85/303 310/94/311 309/93/310 301/84/302
f 303/86/304 311/95/312 310/94/311 302/85/303
f 304/87/305 312/96/313 311/95/312 303/86/304
f 305/88/306 313/97/314 312/98/313 304/89/305
f 306/90/307 314/99/315 313/97/314 305/88/306
f 307/83/301 315/92/309 314/99/315 306/90/307
f 308/91/308 316/100/316 323/101/317 315/92/309
f 309/93/310 317/102/318 316/100/316 308/91/308
f 310/94/311 318/103/319 317/102/318 309/93/310
f 311/95/312 319/104/320 318/103/319 310/94/311
f 312/96/313 320/105/321 319/104/320 311/95/312
f 313/97/314 321/106/322 320/107/321 312/98/313
f 314/99/315 322/108/323 321/106/322 313/97/314
f 315/92/309 323/101/317 322/108/323 314/99/315
f 341/109/324 337/110/325 328/111/326 326/112/327
f 336/113/328 338/114/329 331/115/330 324/116/331
f 338/114/329 339/117/332 330/118/333 331/115/330
f 339/117/332 340/119/334 329/120/335 330/118/333
f 340/119/334 341/109/324 326/112/327 329/120/335
f 334/121/336 335/122/337 341/109/324 340/119/334
f 333/123/338 334/121/336 340/119/334 339/117/332
f 332/124/339 333/123/338 339/117/332 338/114/329
f 325/125/340 332/124/339 338/114/329 336/113/328
f 335/122/337 327/126/341 337/110/325 341/109/324
f 359/109/342 355/110/343 346/111/344 344/112/345
f 354/113/346 356/114/347 349/115/348 342/116/349
f 356/114/347 357/117/350 348/118/351 349/115/348
f 357/117/350 358/119/352 347/120/353 348/118/351
f 358/119/352 359/109/342 344/112/345 347/120/353
f 352/121/354 353/122/355 359/109/342 358/119/352
f 351/123/356 352/121/354 358/119/352 357/117/350
f 350/124/357 351/123/356 357/117/350 356/114/347
f 343/125/358 350/124/357 356/114/347 354/113/346
f 353/122/355 345/126/359 355/110/343 359/109/342
f 377/109/360 373/110/361 364/111/362 362/112/363
f 372/113/364 374/114/365 367/115/366 360/116/367
f 374/114/365 375/117/368 366/118/369 367/115/366
f 375/117/368 376/119/370 365/120/371 366/118/369
f 376/119/370 377/109/360 362/112/363 365/120/371
f 370/121/372 371/122/373 377/109/360 376/119/370
f 369/123/374 370/121/372 376/119/370 375/117/368
f 368/124/375 369/123/374 375/117/368 374/114/365
f 361/125/376 368/124/375 374/114/365 372/113/364
f 371/122/373 363/126/377 373/110/361 377/109/360
f 395/109/378 391/110/379 382/111/380 380/112/381
f 390/113/382 392/114/383 385/115/384 378/116/385
f 392/114/383 393/117/386 384/118/387 385/115/384
f 393/117/386 394/119/388 383/120/389 384/118/387
f 394/119/388 395/109/378 380/112/381 383/120/389
f 388/121/390 389/122/391 395/109/378 394/119/388
f 387/123/392 388/121/390 394/119/388 393/117/386
f 386/124/393 387/123/392 393/117/386 392/114/383
f 379/125/394 386/124/393 392/114/383 390/113/382
f 389/122/391 381/126/395 391/110/379 395/109/378
f 413/109/396 409/110/397 400/111/398 398/112/399
f 408/113/400 410/114/401 403/115/402 396/116/403
f 410/114/401 411/117/404 402/118/405 403/115/402
f 411/117/404 412/119/406 401/120/407 402/118/405
f 412/119/406 413/109/396 398/112/399 401/120/407
f 406/121/408 407/122/409 413/109/396 412/119/406
f 405/123/410 406/121/408 412/119/406 411/117/404
f 404/124/411 405/123/410 411/117/404 410/114/401
f 397/125/412 404/124/411 410/114/401 408/113/400
f 407/122/409 399/126/413 409/110/397 413/109/396
f 431/109/414 427/110/415 418/111/416 416/112/417
f 426/113/418 428/114/419 421/115/420 414/116/421
f 428/114/419 429/117/422 420/118/423 421/115/420
f 429/117/422 430/119/424 419/120/425 420/118/423
f 430/119/424 431/109/414 416/112/417 419/120/425
f 424/121/426 425/122/427 431/109/414 430/119/424
f 423/123/428 424/121/426 430/119/424 429/117/422
f 422/124/429 423/123/428 429/117/422 428/114/419
f 415/125/430 422/124/429 428/114/419 426/113/418
f 425/122/427 417/126/431 427/110/415 431/109/414
f 449/109/432 445/110/433 436/111/434 434/112/435
f 444/113/436 446/114/437 439/115/438 432/116/439
f 446/114/437 447/117/440 438/118/441 439/115/438
f 447/117/440 448/119/442 437/120/443 438/118/441
f 448/119/442 449/109/432 434/112/435 437/120/443
f 442/121/444 443/122/445 449/109/432 448/119/442
f 441/123/446 442/121/444 448/119/442 447/117/440
f 440/124/447 441/123/446 447/117/440 446/114/437
f 433/125/448 440/124/447 446/114/437 444/113/436
f 443/122/445 435/126/449 445/110/433 449/109/432
f 451/127/450 450/128/451 454/129/452
f 450/128/451 452/130/453 454/129/452
f 452/130/453 453/131/454 454/129/452
f 453/131/454 451/127/450 454/129/452
f 455/1/455 463/2/456 470/3/457 462/4/458
f 456/5/459 464/6/460 463/2/456 455/1/455
f 457/7/461 465/8/462 464/6/460 456/5/459
f 458/9/463 466/10/464 465/8/462 457/7/461
f 459/11/465 467/12/466 466/10/464 458/9/463
f 460/13/467 468/14/468 467/15/466 459/16/465
f 461/17/469 469/18/470 468/14/468 460/13/467
f 462/4/458 470/3/457 469/18/470 461/17/469
f 463/2/456 471/19/471 478/20/472 470/3/457
f 464/6/460 472/21/473 471/19/471 463/2/456
f 465/8/462 473/22/474 472/21/473 464/6/460
f 466/10/464 474/23/475 473/22/474 465/8/462
f 467/12/466 475/24/476 474/23/475 466/10/464
f 468/14/468 476/25/477 475/26/476 467/15/466
f 469/18/470 477/27/478 476/25/477 468/14/468
f 470/3/457 478/20/472 477/27/478 469/18/470
f 471/19/471 479/28/479 486/29/480 478/20/472
f 472/21/473 480/30/481 479/28/479 471/19/471
f 473/22/474 481/31/482 480/30/481 472/21/473
f 474/23/475 482/32/483 481/31/482 473/22/474
f 475/24/476 483/33/484 482/32/483 474/23/475
f 476/25/477 484/34/485 483/35/484 475/26/476
f 477/27/478 485/36/486 484/34/485 476/25/477
f 478/20/472 486/29/480 485/36/486 477/27/478
f 479/28/479 487/37/487 494/38/488 486/29/480
f 480/30/481 488/39/489 487/37/487 479/28/479
f 481/31/482 489/40/490 488/39/489 480/30/481
f 482/32/483 490/41/491 489/40/490 481/31/482
f 483/33/484 491/42/492 490/41/491 482/32/483
f 484/34/485 492/43/493 491/44/492 483/35/484
f 485/36/486 493/45/494 492/43/493 484/34/485
f 486/29/480 494/38/488 493/45/494 485/36/486
f 487/37/487 495/46/495 502/47/496 494/38/488
f 488/39/489 496/48/497 495/46/495 487/37/487
f 489/40/490 497/49/498 496/48/497 488/39/489
f 490/41/491 498/50/499 497/49/498 489/40/490
f 491/42/492 499/51/500 498/50/499 490/41/491
f 492/43/493 500/52/501 499/53/500 491/44/492
f 493/45/494 501/54/502 500/52/501 492/43/493
f 494/38/488 502/47/496 501/54/502 493/45/494
f 495/46/495 503/55/503 510/56/504 502/47/496
f 496/48/497 504/57/505 503/55/503 495/46/495
f 497/49/498 505/58/506 504/57/505 496/48/497
f 498/50/499 506/59/507 505/58/506 497/49/498
f 499/51/500 507/60/508 506/59/507 498/50/499
f 500/52/501 508/61/509 507/62/508 499/53/500
f 501/54/502 509/63/510 508/61/509 500/52/501
f 502/47/496 510/56/504 509/63/510 501/54/502
f 503/55/503 511/64/511 518/65/512 510/56/504
f 504/57/505 512/66/513 511/64/511 503/55/503
f 505/58/506 513/67/514 512/66/513 504/57/505
f 506/59/507 514/68/515 513/67/514 505/58/506
f 507/60/508 515/69/516 514/68/515 506/59/507
f 508/61/509 516/70/517 515/71/516 507/62/508
f 509/63/510 517/72/518 516/70/517 508/61/509
f 510/56/504 518/65/512 517/72/518 509/63/510
f 511/64/511 519/73/519 526/74/520 518/65/512
f 512/66/513 520/75/521 519/73/519 511/64/511
f 513/67/514 521/76/522 520/75/521 512/66/513
f 514/68/515 522/77/523 521/76/522 513/67/514
f 515/69/516 523/78/524 522/77/523 514/68/515
f 516/70/517 524/79/525 523/80/524 515/71/516
f 517/72/518 525/81/526 524/79/525 516/70/517
f 518/65/512 526/74/520 525/81/526 517/72/518
f 519/73/519 527/82/527 534/83/528 526/74/520
f 520/75/521 528/84/529 527/82/527 519/73/519
f 521/76/522 529/85/530 528/84/529 520/75/521
f 522/77/523 530/86/531 529/85/530 521/76/522
f 523/78/524 531/87/532 530/86/531 522/77/523
f 524/79/525 532/88/533 531/89/532 523/80/524
f 525/81/526 533/90/534 532/88/533 524/79/525
f 526/74/520 534/83/528 533/90/534 525/81/526
f 527/82/527 535/91/535 542/92/536 534/83/528
f 528/84/529 536/93/537 535/91/535 527/82/527
f 529/85/530 537/94/538 536/93/537 528/84/529
f 530/86/531 538/95/539 537/94/538 529/85/530
f 531/87/532 539/96/540 538/95/539 530/86/531
f 532/88/533 540/97/541 539/98/540 531/89/532
f 533/90/534 541/99/542 540/97/541 532/88/533
f 534/83/528 542/92/536 541/99/542 533/90/534
f 535/91/535 543/100/543 550/101/544 542/92/536
f 536/93/537 544/102/545 543/100/543 535/91/535
f 537/94/538 545/103/546 544/102/545 536/93/537
f 538/95/539 546/104/547 545/103/546 537/94/538
f 539/96/540 547/105/548 546/104/547 538/95/539
f 540/97/541 548/106/549 547/107/548 539/98/540
f 541/99/542 549/108/550 548/106/549 540/97/541
f 542/92/536 550/101/544 549/108/550 541/99/542
f 568/109/551 564/110/552 555/111/553 553/112/554
f 563/113/555 565/114/556 558/115/557 551/116/558
f 565/114/556 566/117/559 557/118/560 558/115/557
f 566/117/559 567/119/561 556/120/562 557/118/560
f 567/119/561 568/109/551 553/112/554 556/120/562
f 561/121/563 562/122/564 568/109/551 567/119/561
f 560/123/565 561/121/563 567/119/561 566/117/559
f 559/124/566 560/123/565 566/117/559 565/114/556
f 552/125/567 559/124/566 565/114/556 563/113/555
f 562/122/564 554/126/568 564/110/552 568/109/551
f 586/109/569 582/110/570 573/111/571 571/112/572
f 581/113/573 583/114/574 576/115/575 569/116/576
f 583/114/574 584/117/577 575/118/578 576/115/575
f 584/117/577 585/119/579 574/120/580 575/118/578
f 585/119/579 586/109/569 571/112/572 574/120/580
f 579/121/581 580/122/582 586/109/569 585/119/579
f 578/123/583 579/121/581 585/119/579 584/117/577
f 577/124/584 578/123/583 584/117/577 583/114/574
f 570/125/585 577/124/584 583/114/574 581/113/573
f 580/122/582 572/126/586 582/110/570 586/109/569
f 604/109/587 600/110/588 591/111/589 589/112/590
f 599/113/591 601/114/592 594/115/593 587/116/594
f 601/114/592 602/117/595 593/118/596 594/115/593
f 602/117/595 603/119/597 592/120/598 593/118/596
f 603/119/597 604/109/587 589/112/590 592/120/598
f 597/121/599 598/122/600 604/109/587 603/119/597
f 596/123/601 597/121/599 603/119/597 602/117/595
f 595/124/602 596/123/601 602/117/595 601/114/592
f 588/125/603 595/124/602 601/114/592 599/113/591
f 598/122/600 590/126/604 600/110/588 604/109/587
f 622/109/605 618/110/606 609/111/607 607/112/608
f 617/113/609 619/114/610 612/115/611 605/116/612
f 619/114/610 620/117/613 611/118/614 612/115/611
f 620/117/613 621/119/615 610/120/616 611/118/614
f 621/119/615 622/109/605 607/112/608 610/120/616
f 615/121/617 616/122/618 622/109/605 621/119/615
f 614/123/619 615/121/617 621/119/615 620/117/613
f 613/124/620 614/123/619 620/117/613 619/114/610
f 606/125/621 613/124/620 619/114/610 617/113/609
f 616/122/618 608/126/622 618/110/606 622/109/605
f 640/109/623 636/110/624 627/111/625 625/112/626
f 635/113/627 637/114/628 630/115/629 623/116/630
f 637/114/628 638/117/631 629/118/632 630/115/629
f 638/117/631 639/119/633 628/120/634 629/118/632
f 639/119/633 640/109/623 625/112/626 628/120/634
f 633/121/635 634/122/636 640/109/623 639/119/633
f 632/123/637 633/121/635 639/119/633 638/117/631
f 631/124/638 632/123/637 638/117/631 637/114/628
f 624/125/639 631/124/638 637/114/628 635/113/627
f 634/122/636 626/126/640 636/110/624 640/109/623
f 658/109/641 654/110/642 645/111/643 643/112/644
f 653/113/645 655/114/646 648/115/647 641/116/648
f 655/114/646 656/117/649 647/118/650 648/115/647
f 656/117/649 657/119/651 646/120/652 647/118/650
f 657/119/651 658/109/641 643/112/644 646/120/652
f 651/121/653 652/122/654 658/109/641 657/119/651
f 650/123/655 651/121/653 657/119/651 656/117/649
f 649/124/656 650/123/655 656/117/649 655/114/646
f 642/125/657 649/124/656 655/114/646 653/113/645
f 652/122/654 644/126/658 654/110/642 658/109/641
f 676/109/659 672/110/660 663/111/661 661/112/662
f 671/113/663 673/114/664 666/115/665 659/116/666
f 673/114/664 674/117/667 665/118/668 666/115/665
f 674/117/667 675/119/669 664/120/670 665/118/668
f 675/119/669 676/109/659 661/112/662 664/120/670
f 669/121/671 670/122/672 676/109/659 675/119/669
f 668/123/673 669/121/671 675/119/669 674/117/667
f 667/124/674 668/123/673 674/117/667 673/114/664
f 660/125/675 667/124/674 673/114/664 671/113/663
f 670/122/672 662/126/676 672/110/660 676/109/659
f 678/127/677 677/128/678 681/129/679
f 677/128/678 679/130/680 681/129/679
f 679/130/680 680/131/681 681/129/679
f 680/131/681 678/127/677 681/129/679
f 682/1/682 690/2/683 697/3/684 689/4/685
f 683/5/686 691/6/687 690/2/683 682/1/682
f 684/7/688 692/8/689 691/6/687 683/5/686
f 685/9/690 693/10/691 692/8/689 684/7/688
f 686/11/692 694/12/693 693/10/691 685/9/690
f 687/13/694 695/14/695 694/15/693 686/16/692
f 688/17/696 696/18/697 695/14/695 687/13/694
f 689/4/685 697/3/684 696/18/697 688/17/696
f 690/2/683 698/19/698 705/20/699 697/3/684
f 691/6/687 699/21/700 698/19/698 690/2/683
f 692/8/689 700/22/701 699/21/700 691/6/687
f 693/10/691 701/23/702 700/22/701 692/8/689
f 694/12/693 702/24/703 701/23/702 693/10/691
f 695/14/695 703/25/704 702/26/703 694/15/693
f 696/18/697 704/27/705 703/25/704 695/14/695
f 697/3/684 705/20/699 704/27/705 696/18/697
f 698/19/698 706/28/706 713/29/707 705/20/699
f 699/21/700 707/30/708 706/28/706 698/19/698
f 700/22/701 708/31/709 707/30/708 699/21/700
f 701/23/702 709/32/710 708/31/709 700/22/701
f 702/24/703 710/33/711 709/32/710 701/23/702
f 703/25/704 711/34/712 710/35/711 702/26/703
f 704/27/705 712/36/713 711/34/712 703/25/704
f 705/20/699 713/29/707 712/36/713 704/27/705
f 706/28/706 714/37/714 721/38/715 713/29/707
f 707/30/708 715/39/716 714/37/714 706/28/706
f 708/31/709 716/40/717 715/39/716 707/30/708
f 709/32/710 717/41/718 716/40/717 708/31/709
f 710/33/711 718/42/719 717/41/718 709/32/710
f 711/34/712 719/43/720 718/44/719 710/35/711
f 712/36/713 720/45/721 719/43/720 711/34/712
f 713/29/707 721/38/715 720/45/721 712/36/713
f 714/37/714 722/46/722 729/47/723 721/38/715
f 715/39/716 723/48/724 722/46/722 714/37/714
f 716/40/717 724/49/725 723/48/724 715/39/716
f 717/41/718 725/50/726 724/49/725 716/40/717
f 718/42/719 726/51/727 725/50/726 717/41/718
f 719/43/720 727/52/728 726/53/727 718/44/719
f 720/45/721 728/54/729 727/52/728 719/43/720
f 721/38/715 729/47/723 728/54/729 720/45/721
f 722/46/722 730/55/730 737/56/731 729/47/723
f 723/48/724 731/57/732 730/55/730 722/46/722
f 724/49/725 732/58/733 731/57/732 723/48/724
f 725/50/726 733/59/734 732/58/733 724/49/725
f 726/51/727 734/60/735 733/59/734 725/50/726
f 727/52/728 735/61/736 734/62/735 726/53/727
f 728/54/729 736/63/737 735/61/736 727/52/728
f 729/47/723 737/56/731 736/63/737 728/54/729
f 730/55/730 738/64/738 745/65/739 737/56/731
f 731/57/732 739/66/740 738/64/738 730/55/730
f 732/58/733 740/67/741 739/66/740 731/57/732
f 733/59/734 741/68/742 740/67/741 732/58/733
f 734/60/735 742/69/743 741/68/742 733/59/734
f 735/61/736 743/70/744 742/71/743 734/62/735
f 736/63/737 744/72/745 743/70/744 735/61/736
f 737/56/731 745/65/739 744/72/745 736/63/737
f 738/64/738 746/73/746 753/74/747 745/65/739
f 739/66/740 747/75/748 746/73/746 738/64/738
f 740/67/741 748/76/749 747/75/748 739/66/740
f 741/68/742 749/77/750 748/76/749 740/67/741
f 742/69/743 750/78/751 749/77/750 741/68/742
f 743/70/744 751/79/752 750/80/751 742/71/743
f 744/72/745 752/81/753 751/79/752 743/70/744
f 745/65/739 753/74/747 752/81/753 744/72/745
f 746/73/746 754/82/754 761/83/755 753/74/747
f 747/75/748 755/84/756 754/82/754 746/73/746
f 748/76/749 756/85/757 755/84/756 747/75/748
f 749/77/750 757/86/758 756/85/757 748/76/749
f 750/78/751 758/87/759 757/86/758 749/77/750
f 751/79/752 759/88/760 758/89/759 750/80/751
f 752/81/753 760/90/761 759/88/760 751/79/752
f 753/74/747 761/83/755 760/90/761 752/81/753
f 754/82/754 762/91/762 769/92/763 761/83/755
f 755/84/756 763/93/764 762/91/762 754/82/754
f 756/85/757 764/94/765 763/93/764 755/84/756
f 757/86/758 765/95/766 764/94/765 756/85/757
f 758/87/759 766/96/767 765/95/766 757/86/758
f 759/88/760 767/97/768 766/98/767 758/89/759
f 760/90/761 768/99/769 767/97/768 759/88/760
f 761/83/755 769/92/763 768/99/769 760/90/761
f 762/91/762 770/100/770 777/101/771 769/92/763
f 763/93/764 771/102/772 770/100/770 762/91/762
f 764/94/765 772/103/773 771/102/772 763/93/764
f 765/95/766 773/104/774 772/103/773 764/94/765
f 766/96/767 774/105/775 773/104/774 765/95/766
f 767/97/768 775/106/776 774/107/775 766/98/767
f 768/99/769 776/108/777 775/106/776 767/97/768
f 769/92/763 777/101/771 776/108/777 768/99/769
f 795/109/778 791/110/779 782/111/780 780/112/781
f 790/113/782 792/114/783 785/115/784 778/116/785
f 792/114/783 793/117/786 784/118/787 785/115/784
f 793/117/786 794/119/788 783/120/789 784/118/787
f 794/119/788 795/109/778 780/112/781 783/120/789
f 788/121/790 789/122/791 795/109/778 794/119/788
f 787/123/792 788/121/790 794/119/788 793/117/786
f 786/124/793 787/123/792 793/117/786 792/114/783
f 779/125/794 786/124/793 792/114/783 790/113/782
f 789/122/791 781/126/795 791/110/779 795/109/778
f 813/109/796 809/110/797 800/111/798 798/112/799
f 808/113/800 810/114/801 803/115/802 796/116/803
f 810/114/801 811/117/804 802/118/805 803/115/802
f 811/117/804 812/119/806 801/120/807 802/118/805
f 812/119/806 813/109/796 798/112/799 801/120/807
f 806/121/808 807/122/809 813/109/796 812/119/806
f 805/123/810 806/121/808 812/119/806 811/117/804
f 804/124/811 805/123/810 811/117/804 810/114/801
f 797/125/812 804/124/811 810/114/801 808/113/800
f 807/122/809 799/126/813 809/110/797 813/109/796
f 831/109/814 827/110/815 818/111/816 816/112/817
f 826/113/818 828/114/819 821/115/820 814/116/821
f 828/114/819 829/117/822 820/118/823 821/115/820
f 829/117/822 830/119/824 819/120/825 820/118/823
f 830/119/824 831/109/814 816/112/817 819/120/825
f 824/121/826 825/122/827 831/109/814 830/119/824
f 823/123/828 824/121/826 830/119/824 829/117/822
f 822/124/829 823/123/828 829/117/822 828/114/819
f 815/125/830 822/124/829 828/114/819 826/113/818
f 825/122/827 817/126/831 827/110/815 831/109/814
f 849/109/832 845/110/833 836/111/834 834/112/835
f 844/113/836 846/114/837 839/115/838 832/116/839
f 846/114/837 847/117/840 838/118/841 839/115/838
f 847/117/840 848/119/842 837/120/843 838/118/841
f 848/119/842 849/109/832 834/112/835 837/120/843
f 842/121/844 843/122/845 849/109/832 848/119/842
f 841/123/846 842/121/844 848/119/842 847/117/840
f 840/124/847 841/123/846 847/117/840 846/114/837
f 833/125/848 840/124/847 846/114/837 844/113/836
f 843/122/845 835/126/849 845/110/833 849/109/832
f 867/109/850 863/110/851 854/111/852 852/112/853
f 862/113/854 864/114/855 857/115/856 850/116/857
f 864/114/855 865/117/858 856/118/859 857/115/856
f 865/117/858 866/119/860 855/120/861 856/118/859
f 866/119/860 867/109/850 852/112/853 855/120/861
f 860/121/862 861/122/863 867/109/850 866/119/860
f 859/123/864 860/121/862 866/119/860 865/117/858
f 858/124/865 859/123/864 865/117/858 864/114/855
f 851/125/866 858/124/865 864/114/855 862/113/854
f 861/122/863 853/126/867 863/110/851 867/109/850
f 885/109/868 881/110/869 872/111/870 870/112/871
f 880/113/872 882/114/873 875/115/874 868/116/875
f 882/114/873 883/117/876 874/118/877 875/115/874
f 883/117/876 884/119/878 873/120/879 874/118/877
f 884/119/878 885/109/868 870/112/871 873/120/879
f 878/121/880 879/122/881 885/109/868 884/119/878
f 877/123/882 878/121/880 884/119/878 883/117/876
f 876/124/883 877/123/882 883/117/876 882/114/873
f 869/125/884 876/124/883 882/114/873 880/113/872
f 879/122/881 871/126/885 881/110/869 885/109/868
f 903/109/886 899/110/887 890/111/888 888/112/889
f 898/113/890 900/114/891 893/115/892 886/116/893
f 900/114/891 901/117/894 892/118/895 893/115/892
f 901/117/894 902/119/896 891/120/897 892/118/895
f 902/119/896 903/109/886 888/112/889 891/120/897
f 896/121/898 897/122/899 903/109/886 902/119/896
f 895/123/900 896/121/898 902/119/896 901/117/894
f 894/124/901 895/123/900 901/117/894 900/114/891
f 887/125/902 894/124/901 900/114/891 898/113/890
f 897/122/899 889/126/903 899/110/887 903/109/886
f 905/127/904 904/128/905 908/129/906
f 904/128/905 906/130/907 908/129/906
f 906/130/907 907/131/908 908/129/906
f 907/131/908 905/127/904 908/129/906
f 909/1/909 917/2/910 924/3/911 916/4/912
f 910/5/913 918/6/914 917/2/910 909/1/909
f 911/7/915 919/8/916 918/6/914 910/5/913
f 912/9/917 920/10/918 919/8/916 911/7/915
f 913/11/919 921/12/920 920/10/918 912/9/917
f 914/13/921 922/14/922 921/15/920 913/16/919
f 915/17/923 923/18/924 922/14/922 914/13/921
f 916/4/912 924/3/911 923/18/924 915/17/923
f 917/2/910 925/19/925 932/20/926 924/3/911
f 918/6/914 926/21/927 925/19/925 917/2/910
f 919/8/916 927/22/928 926/21/927 918/6/914
f 920/10/918 928/23/929 927/22/928 919/8/916
f 921/12/920 929/24/930 928/23/929 920/10/918
f 922/14/922 930/25/931 929/26/930 921/15/920
f 923/18/924 931/27/932 930/25/931 922/14/922
f 924/3/911 932/20/926 931/27/932 923/18/924
f 925/19/925 933/28/933 940/29/934 932/20/926
f 926/21/927 934/30/935 933/28/933 925/19/925
f 927/22/928 935/31/936 934/30/935 926/21/927
f 928/23/929 936/32/937 935/31/936 927/22/928
f 929/24/930 937/33/938 936/32/937 928/23/929
f 930/25/931 938/34/939 937/35/938 929/26/930
f 931/27/932 939/36/940 938/34/939 930/25/931
f 932/20/926 940/29/934 939/36/940 931/27/932
f 933/28/933 941/37/941 948/38/942 940/29/934
f 934/30/935 942/39/943 941/37/941 933/28/933
f 935/31/936 943/40/944 942/39/943 934/30/935
f 936/32/937 944/41/945 943/40/944 935/31/936
f 937/33/938 945/42/946 944/41/945 936/32/937
f 938/34/939 946/43/947 945/44/946 937/35/938
f 939/36/940 947/45/948 946/43/947 938/34/939
f 940/29/934 948/38/942 947/45/948 939/36/940
f 941/37/941 949/46/949 956/47/950 948/38/942
f 942/39/943 950/48/951 949/46/949 941/37/941
f 943/40/944 951/49/952 950/48/951 942/39/943
f 944/41/945 952/50/953 951/49/952 943/40/944
f 945/42/946 953/51/954 952/50/953 944/41/945
f 946/43/947 954/52/955 953/53/954 945/44/946
f 947/45/948 955/54/956 954/52/955 946/43/947
f 948/38/942 956/47/950 955/54/956 947/45/948
f 949/46/949 957/55/957 964/56/958 956/47/950
f 950/48/951 958/57/959 957/55/957 949/46/949
f 951/49/952 959/58/960 958/57/959 950/48/951
f 952/50/953 960/59/961 959/58/960 951/49/952
f 953/51/954 961/60/962 960/59/961 952/50/953
f 954/52/955 962/61/963 961/62/962 953/53/954
f 955/54/956 963/63/964 962/61/963 954/52/955
f 956/47/950 964/56/958 963/63/964 955/54/956
f 957/55/957 965/64/965 972/65/966 964/56/958
f 958/57/959 966/66/967 965/64/965 957/55/957
f 959/58/960 967/67/968 966/66/967 958/57/959
f 960/59/961 968/68/969 967/67/968 959/58/960
f 961/60/962 969/69/970 968/68/969 960/59/961
f 962/61/963 970/70/971 969/71/970 961/62/962
f 963/63/964 971/72/972 970/70/971 962/61/963
f 964/56/958 972/65/966 971/72/972 963/63/964
f 965/64/965 973/73/973 980/74/974 972/65/966
f 966/66/967 974/75/975 973/73/973 965/64/965
f 967/67/968 975/76/976 974/75/975 966/66/967
f 968/68/969 976/77/977 975/76/976 967/67/968
f 969/69/970 977/78/978 976/77/977 968/68/969
f 970/70/971 978/79/979 977/80/978 969/71/970
f 971/72/972 979/81/980 978/79/979 970/70/971
f 972/65/966 980/74/974 979/81/980 971/72/972
f 973/73/973 981/82/981 988/83/982 980/74/974
f 974/75/975 982/84/983 981/82/981 973/73/973
f 975/76/976 983/85/984 982/84/983 974/75/975
f 976/77/977 984/86/985 983/85/984 975/76/976
f 977/78/978 985/87/986 984/86/985 976/77/977
f 978/79/979 986/88/987 985/89/986 977/80/978
f 979/81/980 987/90/988 986/88/987 978/79/979
f 980/74/974 988/83/982 987/90/988 979/81/980
f 981/82/981 989/91/989 996/92/990 988/83/982
f 982/84/983 990/93/991 989/91/989 981/82/981
f 983/85/984 991/94/992 990/93/991 982/84/983
f 984/86/985 992/95/993 991/94/992 983/85/984
f 985/87/986 993/96/994 992/95/993 984/86/985
f 986/88/987 994/97/995 993/98/994 985/89/986
f 987/90/988 995/99/996 994/97/995 986/88/987
f 988/83/982 996/92/990 995/99/996 987/90/988
f 989/91/989 997/100/997 1004/101/998 996/92/990
f 990/93/991 998/102/999 997/100/997 989/91/989
f 991/94/992 999/103/1000 998/102/999 990/93/991
f 992/95/993 1000/104/1001 999/103/1000 991/94/992
f 993/96/994 1001/105/1002 1000/104/1001 992/95/993
f 994/97/995 1002/106/1003 1001/107/1002 993/98/994
f 995/99/996 1003/108/1004 1002/106/1003 994/97/995
f 996/92/990 1004/101/998 1003/108/1004 995/99/996
f 1022/109/1005 1018/110/1006 1009/111/1007 1007/112/1008
f 1017/113/1009 1019/114/1010 1012/115/1011 1005/116/1012
f 1019/114/1010 1020/117/1013 1011/118/1014 1012/115/1011
f 1020/117/1013 1021/119/1015 1010/120/1016 1011/118/1014
f 1021/119/1015 1022/109/1005 1007/112/1008 1010/120/1016
f 1015/121/1017 1016/122/1018 1022/109/1005 1021/119/1015
f 1014/123/1019 1015/121/1017 1021/119/1015 1020/117/1013
f 1013/124/1020 1014/123/1019 1020/117/1013 1019/114/1010
f 1006/125/1021 1013/124/1020 1019/114/1010 1017/113/1009
f 1016/122/1018 1008/126/1022 1018/110/1006 1022/109/1005
f 1040/109/1023 1036/110/1024 1027/111/1025 1025/112/1026
f 1035/113/1027 1037/114/1028 1030/115/1029 1023/116/1030
f 1037/114/1028 1038/117/1031 1029/118/1032 1030/115/1029
f 1038/117/1031 1039/119/1033 1028/120/1034 1029/118/1032
f 1039/119/1033 1040/109/1023 1025/112/1026 1028/120/1034
f 1033/121/1035 1034/122/1036 1040/109/1023 1039/119/1033
f 1032/123/1037 1033/121/1035 1039/119/1033 1038/117/1031
f 1031/124/1038 1032/123/1037 1038/117/1031 1037/114/1028
f 1024/125/1039 1031/124/1038 1037/114/1028 1035/113/1027
f 1034/122/1036 1026/126/1040 1036/110/1024 1040/109/1023
f 1058/109/1041 1054/110/1042 1045/111/1043 1043/112/1044
f 1053/113/1045 1055/114/1046 1048/115/1047 1041/116/1048
f 1055/114/1046 1056/117/1049 1047/118/1050 1048/115/1047
f 1056/117/1049 1057/119/1051 1046/120/1052 1047/118/1050
f 1057/119/1051 1058/109/1041 1043/112/1044 1046/120/1052
f 1051/121/1053 1052/122/1054 1058/109/1041 1057/119/1051
f 1050/123/1055 1051/121/1053 1057/119/1051 1056/117/1049
f 1049/124/1056 1050/123/1055 1056/117/1049 1055/114/1046
f 1042/125/1057 1049/124/1056 1055/114/1046 1053/113/1045
f 1052/122/1054 1044/126/1058 1054/110/1042 1058/109/1041
f 1076/109/1059 1072/110/1060 1063/111/1061 1061/112/1062
f 1071/113/1063 1073/114/1064 1066/115/1065 1059/116/1066
f 1073/114/1064 1074/117/1067 1065/118/1068 1066/115/1065
f 1074/117/1067 1075/119/1069 1064/120/1070 1065/118/1068
f 1075/119/1069 1076/109/1059 1061/112/1062 1064/120/1070
f 1069/121/1071 1070/122/1072 1076/109/1059 1075/119/1069
f 1068/123/1073 1069/121/1071 1075/119/1069 1074/117/1067
f 1067/124/1074 1068/123/1073 1074/117/1067 1073/114/1064
f 1060/125/1075 1067/124/1074 1073/114/1064 1071/113/1063
f 1070/122/1072 1062/126/1076 1072/110/1060 1076/109/1059
f 1094/109/1077 1090/110/1078 1081/111/1079 1079/112/1080
f 1089/113/1081 1091/114/1082 1084/115/1083 1077/116/1084
f 1091/114/1082 1092/117/1085 1083/118/1086 1084/115/1083
f 1092/117/1085 1093/119/1087 1082/120/1088 1083/118/1086
f 1093/119/1087 1094/109/1077 1079/112/1080 1082/120/1088
f 1087/121/1089 1088/122/1090 1094/109/1077 1093/119/1087
f 1086/123/1091 1087/121/1089 1093/119/1087 1092/117/1085
f 1085/124/1092 1086/123/1091 1092/117/1085 1091/114/1082
f 1078/125/1093 1085/124/1092 1091/114/1082 1089/113/1081
f 1088/122/1090 1080/126/1094 1090/110/1078 1094/109/1077
f 1112/109/1095 1108/110/1096 1099/111/1097 1097/112/1098
f 1107/113/1099 1109/114/1100 1102/115/1101 1095/116/1102
f 1109/114/1100 1110/117/1103 1101/118/1104 1102/115/1101
f 1110/117/1103 1111/119/1105 1100/120/1106 1101/118/1104
f 1111/119/1105 1112/109/1095 1097/112/1098 1100/120/1106
f 1105/121/1107 1106/122/1108 1112/109/1095 1111/119/1105
f 1104/123/1109 1105/121/1107 1111/119/1105 1110/117/1103
f 1103/124/1110 1104/123/1109 1110/117/1103 1109/114/1100
f 1096/125/1111 1103/124/1110 1109/114/1100 1107/113/1099
f 1106/122/1108 1098/126/1112 1108/110/1096 1112/109/1095
f 1130/109/1113 1126/110/1114 1117/111/1115 1115/112/1116
f 1125/113/1117 1127/114/1118 1120/115/1119 1113/116/1120
f 1127/114/1118 1128/117/1121 1119/118/1122 1120/115/1119
f 1128/117/1121 1129/119/1123 1118/120/1124 1119/118/1122
f 1129/119/1123 1130/109/1113 1115/112/1116 1118/120/1124
f 1123/121/1125 1124/122/1126 1130/109/1113 1129/119/1123
f 1122/123/1127 1123/121/1125 1129/119/1123 1128/117/1121
f 1121/124/1128 1122/123/1127 1128/117/1121 1127/114/1118
f 1114/125/1129 1121/124/1128 1127/114/1118 1125/113/1117
f 1124/122/1126 1116/126/1130 1126/110/1114 1130/109/1113
f 1132/127/1131 1131/128/1132 1135/129/1133
f 1131/128/1132 1133/130/1134 1135/129/1133
f 1133/130/1134 1134/131/1135 1135/129/1133
f 1134/131/1135 1132/127/1131 1135/129/1133
o Plant_Cluster.001
v -0.005575 -0.000126 -0.005736
v -0.007884 -0.001341 -0.000197
v -0.005575 -0.001770 0.005458
v -0.000000 -0.001162 0.007915
v 0.005575 0.000126 0.005736
v 0.007884 0.001341 0.000197
v 0.005575 0.001770 -0.005458
v 0.000000 0.001162 -0.007915
v -0.017315 0.071332 0.003322
v -0.019670 0.070399 0.008896
v -0.017392 0.070163 0.014575
v -0.011816 0.070764 0.017032
v -0.006207 0.071849 0.014827
v -0.003852 0.072783 0.009253
v -0.006130 0.073018 0.003574
v -0.011706 0.072417 0.001118
v -0.026320 0.134794 0.008345
v -0.028725 0.134217 0.013946
v -0.026482 0.134227 0.019643
v -0.020904 0.134819 0.022099
v -0.015260 0.135646 0.019875
v -0.012855 0.136224 0.014274
v -0.015098 0.136214 0.008577
v -0.020675 0.135622 0.006121
v -0.032071 0.196276 0.008985
v -0.034494 0.196013 0.014493
v -0.032326 0.196399 0.020077
v -0.026840 0.197210 0.022459
v -0.021258 0.198011 0.020245
v -0.018845 0.198308 0.014743
v -0.021006 0.197918 0.009173
v -0.026480 0.197071 0.006785
v -0.033543 0.259886 0.005038
v -0.035824 0.260408 0.010109
v -0.033802 0.261453 0.015246
v -0.028677 0.262413 0.017433
v -0.023458 0.262726 0.015407
v -0.021185 0.262239 0.010359
v -0.023183 0.261188 0.005232
v -0.028301 0.260196 0.003022
v -0.031839 0.313155 -0.001976
v -0.033864 0.314715 0.002498
v -0.031969 0.316490 0.007059
v -0.027298 0.317443 0.009042
v -0.022578 0.317017 0.007319
v -0.020541 0.315465 0.002890
v -0.022389 0.313684 -0.001683
v -0.027073 0.312724 -0.003711
v -0.028237 0.354579 -0.010258
v -0.030021 0.356406 -0.006233
v -0.028271 0.358178 -0.002091
v -0.024051 0.358863 -0.000237
v -0.019814 0.358062 -0.001719
v -0.017997 0.356270 -0.005690
v -0.019692 0.354488 -0.009860
v -0.023944 0.353770 -0.011769
v -0.024011 0.391852 -0.015277
v -0.025637 0.393104 -0.011594
v -0.024118 0.394164 -0.007780
v -0.020377 0.394419 -0.006048
v -0.016587 0.393718 -0.007381
v -0.014929 0.392526 -0.011016
v -0.016400 0.391457 -0.014856
v -0.020174 0.391144 -0.016638
v -0.019715 0.424432 -0.016953
v -0.021201 0.425101 -0.013657
v -0.019923 0.425496 -0.010230
v -0.016653 0.425388 -0.008664
v -0.013291 0.424856 -0.009852
v -0.011778 0.424241 -0.013108
v -0.013020 0.423841 -0.016553
v -0.016317 0.423894 -0.018161
v -0.015683 0.451522 -0.016243
v -0.017044 0.451750 -0.013338
v -0.015985 0.451627 -0.010312
v -0.013132 0.451266 -0.008925
v -0.010151 0.450866 -0.009975
v -0.008773 0.450669 -0.012854
v -0.009813 0.450778 -0.015892
v -0.012682 0.451105 -0.017308
v -0.012108 0.473378 -0.014045
v -0.013384 0.473283 -0.011462
v -0.012486 0.472835 -0.008762
v -0.009945 0.472296 -0.007524
v -0.007247 0.471982 -0.008469
v -0.005968 0.472076 -0.011046
v -0.006859 0.472524 -0.013749
v -0.009403 0.473063 -0.014993
v -0.008914 0.491808 -0.010863
v -0.010167 0.491524 -0.008430
v -0.009353 0.490855 -0.005888
v -0.006948 0.490192 -0.004726
v -0.004361 0.489923 -0.005625
v -0.003108 0.490207 -0.008059
v -0.003922 0.490877 -0.010601
v -0.006327 0.491540 -0.011762
v -0.008793 0.073206 0.003799
v -0.001462 0.072680 0.012038
v 0.086357 0.312793 -0.188941
v 0.202394 0.319243 -0.168936
v 0.193277 0.319371 -0.179630
v 0.012193 0.287411 -0.165636
v -0.033547 0.235541 -0.128276
v -0.043340 0.162622 -0.074119
v 0.053954 0.152707 0.032195
v 0.100123 0.230437 0.026808
v 0.145026 0.285331 -0.009705
v 0.177674 0.310302 -0.082711
v -0.003852 0.072783 0.009253
v 0.196073 0.319165 -0.176423
v 0.017630 0.145562 -0.020321
v 0.044201 0.211553 -0.058344
v 0.085721 0.262701 -0.096951
v 0.135225 0.297033 -0.139908
v -0.022027 0.133306 0.023573
v -0.028639 0.134777 0.017641
v -0.060995 0.300217 0.222363
v -0.155520 0.317479 0.218544
v -0.147310 0.315160 0.226197
v -0.005432 0.278079 0.192868
v 0.023617 0.239309 0.150897
v 0.020382 0.189255 0.095813
v -0.067402 0.205956 0.019058
v -0.096903 0.270484 0.039562
v -0.125061 0.311732 0.081238
v -0.143258 0.322353 0.146230
v -0.026482 0.134227 0.019643
v -0.149838 0.315727 0.223883
v -0.034630 0.189025 0.056270
v -0.046849 0.237453 0.099075
v -0.072465 0.275122 0.141525
v -0.105752 0.299324 0.185648
v -0.035647 0.261145 0.008704
v -0.032448 0.259333 0.003216
v -0.174641 0.382605 -0.046126
v -0.186786 0.364182 -0.113134
v -0.190990 0.366144 -0.106122
v -0.145550 0.381700 -0.006802
v -0.112915 0.360190 0.019338
v -0.076954 0.319706 0.026746
v -0.036057 0.294052 -0.044929
v -0.052074 0.329630 -0.082523
v -0.084215 0.353000 -0.108941
v -0.132966 0.362289 -0.115952
v -0.033543 0.259886 0.005038
v -0.189734 0.365449 -0.108227
v -0.058003 0.297686 -0.013582
v -0.087891 0.330820 -0.031952
v -0.120354 0.352732 -0.055461
v -0.156025 0.363671 -0.079277
v -0.020442 0.358030 -0.004667
v -0.019534 0.358127 -0.000245
v 0.062342 0.442832 -0.061982
v 0.099590 0.444372 -0.031383
v 0.098528 0.444013 -0.037020
v 0.030348 0.435195 -0.068042
v 0.004423 0.417066 -0.062327
v -0.013094 0.390656 -0.042536
v -0.000559 0.390597 0.015199
v 0.020195 0.420923 0.019845
v 0.045785 0.440339 0.014143
v 0.073103 0.445886 -0.005784
v -0.019814 0.358062 -0.001719
v 0.098861 0.444052 -0.035311
v -0.003124 0.385531 -0.010459
v 0.016772 0.409699 -0.020871
v 0.041426 0.427546 -0.027863
v 0.069052 0.438200 -0.034114
v -0.017624 0.452228 -0.012212
v -0.016737 0.451532 -0.013897
v -0.052562 0.496947 -0.028716
v -0.056983 0.492432 -0.049426
v -0.058171 0.493221 -0.047275
v -0.043994 0.494833 -0.016567
v -0.035454 0.486376 -0.008578
v -0.026893 0.472109 -0.006443
v -0.015691 0.462472 -0.028470
v -0.018384 0.474307 -0.039837
v -0.026671 0.483300 -0.047898
v -0.040836 0.488867 -0.050140
v -0.017044 0.451750 -0.013338
v -0.057822 0.492952 -0.047922
v -0.022239 0.464625 -0.018895
v -0.029333 0.476394 -0.024420
v -0.037810 0.484949 -0.031599
v -0.047867 0.490373 -0.038947
v -0.020393 0.229782 0.013221
v -0.023379 0.230746 0.020089
v 0.162721 0.351782 0.006498
v 0.184257 0.357202 0.084031
v 0.188150 0.355576 0.075395
v 0.123666 0.340689 -0.031970
v 0.079615 0.314019 -0.047398
v 0.031948 0.275693 -0.034635
v -0.006369 0.286014 0.055839
v 0.023004 0.335421 0.078920
v 0.066828 0.364256 0.093895
v 0.124046 0.367112 0.092817
v -0.022358 0.230369 0.017826
v 0.186972 0.355952 0.078033
v 0.013792 0.272724 0.019125
v 0.055284 0.308994 0.021644
v 0.098781 0.335053 0.034135
v 0.144262 0.349074 0.051328
v -0.021135 0.409982 -0.007992
v -0.022450 0.409775 -0.009522
v -0.042507 0.452505 0.027049
v -0.063791 0.451979 0.023106
v -0.062150 0.452140 0.025091
v -0.028508 0.448939 0.022954
v -0.019290 0.440102 0.016227
v -0.016304 0.426881 0.006345
v -0.033717 0.423604 -0.013392
v -0.043317 0.437156 -0.012550
v -0.052424 0.446558 -0.005979
v -0.058935 0.450675 0.007337
v -0.022020 0.409830 -0.009005
v -0.062651 0.452060 0.024495
v -0.027087 0.422846 -0.003663
v -0.033005 0.434548 0.003222
v -0.041443 0.443315 0.010188
v -0.051106 0.448888 0.017943
v 0.038107 0.494698 0.039410
v -0.052362 0.502669 0.037013
v 0.041678 0.508813 -0.048424
v -0.048791 0.516784 -0.050822
v -0.006638 0.490272 -0.008244
v -0.081776 -0.000104 -0.232940
v -0.076844 -0.001102 -0.233045
v -0.073362 -0.001454 -0.236660
v -0.073367 -0.000955 -0.241667
v -0.076858 0.000104 -0.245134
v -0.081789 0.001102 -0.245029
v -0.085272 0.001454 -0.241414
v -0.085266 0.000955 -0.236406
v -0.071065 0.058626 -0.227126
v -0.066093 0.057858 -0.227208
v -0.062581 0.057665 -0.230808
v -0.062588 0.058158 -0.235816
v -0.066109 0.059050 -0.239299
v -0.071081 0.059818 -0.239216
v -0.074593 0.060011 -0.235617
v -0.074586 0.059517 -0.230609
v -0.064297 0.110783 -0.222026
v -0.059287 0.110308 -0.222080
v -0.055750 0.110316 -0.225660
v -0.055758 0.110803 -0.230668
v -0.059306 0.111483 -0.234172
v -0.064315 0.111957 -0.234118
v -0.067852 0.111949 -0.230539
v -0.067844 0.111463 -0.225530
v -0.061904 0.161312 -0.217917
v -0.056959 0.161096 -0.217925
v -0.053482 0.161413 -0.221411
v -0.053515 0.162080 -0.226326
v -0.057034 0.162739 -0.229786
v -0.061972 0.162983 -0.229771
v -0.065441 0.162662 -0.226296
v -0.065416 0.161966 -0.221388
v -0.064382 0.213592 -0.215498
v -0.059812 0.214020 -0.215468
v -0.056623 0.214879 -0.218696
v -0.056682 0.215668 -0.223275
v -0.059939 0.215925 -0.226524
v -0.064490 0.215525 -0.226556
v -0.067679 0.214661 -0.223350
v -0.067640 0.213846 -0.218769
v -0.070220 0.257371 -0.214448
v -0.066184 0.258654 -0.214413
v -0.063386 0.260112 -0.217352
v -0.063448 0.260895 -0.221523
v -0.066311 0.260545 -0.224498
v -0.070318 0.259270 -0.224557
v -0.073141 0.257806 -0.221648
v -0.073109 0.257017 -0.217453
v -0.077643 0.291417 -0.214403
v -0.074025 0.292918 -0.214399
v -0.071493 0.294374 -0.217092
v -0.071502 0.294937 -0.220880
v -0.074024 0.294279 -0.223572
v -0.077612 0.292806 -0.223618
v -0.080184 0.291342 -0.220958
v -0.080205 0.290751 -0.217128
v -0.082820 0.322050 -0.215911
v -0.079512 0.323078 -0.215913
v -0.077149 0.323950 -0.218323
v -0.077091 0.324159 -0.221710
v -0.079353 0.323583 -0.224116
v -0.082635 0.322604 -0.224155
v -0.085033 0.321725 -0.221773
v -0.085118 0.321468 -0.218344
v -0.085508 0.348826 -0.218583
v -0.082536 0.349376 -0.218562
v -0.080385 0.349700 -0.220662
v -0.080295 0.349612 -0.223640
v -0.082305 0.349174 -0.225773
v -0.085255 0.348669 -0.225827
v -0.087432 0.348341 -0.223749
v -0.087545 0.348384 -0.220737
v -0.086314 0.371090 -0.221850
v -0.083678 0.371278 -0.221793
v -0.081756 0.371177 -0.223594
v -0.081661 0.370880 -0.226200
v -0.083441 0.370551 -0.228092
v -0.086063 0.370390 -0.228171
v -0.088001 0.370479 -0.226379
v -0.088112 0.370748 -0.223752
v -0.085850 0.389053 -0.225268
v -0.083484 0.388975 -0.225167
v -0.081753 0.388607 -0.226739
v -0.081667 0.388164 -0.229061
v -0.083274 0.387906 -0.230775
v -0.085636 0.387983 -0.230880
v -0.087372 0.388351 -0.229312
v -0.087462 0.388795 -0.226986
v -0.084520 0.404200 -0.228726
v -0.082274 0.403967 -0.228593
v -0.080634 0.403416 -0.230050
v -0.080560 0.402872 -0.232244
v -0.082096 0.402651 -0.233889
v -0.084342 0.402884 -0.234023
v -0.085982 0.403435 -0.232566
v -0.086055 0.403980 -0.230372
v -0.073539 0.060166 -0.233690
v -0.069782 0.059733 -0.241939
v -0.250039 0.257074 -0.241156
v -0.273566 0.262375 -0.335026
v -0.278574 0.262480 -0.324619
v -0.207873 0.236214 -0.193154
v -0.164589 0.193583 -0.171189
v -0.120627 0.133653 -0.181827
v -0.073048 0.125505 -0.290293
v -0.092441 0.189388 -0.323206
v -0.134810 0.234504 -0.344823
v -0.200538 0.255027 -0.345101
v -0.071081 0.059818 -0.239216
v -0.277093 0.262311 -0.327786
v -0.100451 0.119632 -0.245535
v -0.137862 0.173868 -0.252872
v -0.180681 0.215905 -0.271250
v -0.229423 0.244121 -0.294184
v -0.054277 0.109560 -0.230314
v -0.056538 0.110769 -0.223373
v 0.108099 0.246738 -0.267090
v 0.136643 0.260925 -0.194769
v 0.139667 0.259019 -0.203483
v 0.067462 0.228543 -0.299052
v 0.026259 0.196680 -0.306939
v -0.014070 0.155542 -0.286201
v -0.042590 0.169268 -0.194707
v -0.017374 0.222302 -0.179346
v 0.023311 0.256202 -0.172031
v 0.078211 0.264930 -0.179953
v -0.055750 0.110316 -0.225660
v 0.138767 0.259485 -0.200814
v -0.025511 0.155353 -0.231707
v 0.010726 0.195154 -0.236749
v 0.051147 0.226114 -0.231602
v 0.095376 0.246004 -0.221245
v -0.060927 0.214626 -0.215135
v -0.066115 0.213137 -0.215716
v -0.055948 0.314450 -0.092435
v -0.102279 0.299309 -0.061036
v -0.095611 0.300921 -0.060206
v -0.036057 0.313706 -0.127370
v -0.027254 0.296028 -0.160589
v -0.033637 0.262755 -0.190081
v -0.101106 0.241672 -0.197002
v -0.124041 0.270911 -0.172469
v -0.133216 0.290119 -0.139529
v -0.122284 0.297753 -0.100554
v -0.064382 0.213592 -0.215498
v -0.097611 0.300350 -0.060451
v -0.070249 0.244658 -0.190924
v -0.074124 0.271889 -0.162352
v -0.081007 0.289898 -0.130138
v -0.087053 0.298889 -0.095410
v -0.076031 0.294252 -0.222120
v -0.073009 0.294332 -0.224272
v -0.146626 0.363948 -0.265298
v -0.136004 0.365214 -0.303466
v -0.139889 0.364919 -0.300794
v -0.140548 0.357672 -0.239235
v -0.127636 0.342772 -0.221647
v -0.106938 0.321066 -0.215058
v -0.067707 0.321018 -0.243668
v -0.071111 0.345942 -0.260812
v -0.083902 0.361899 -0.278152
v -0.107959 0.366458 -0.292064
v -0.074024 0.294279 -0.223572
v -0.138715 0.364951 -0.301613
v -0.086140 0.316855 -0.233213
v -0.100579 0.336717 -0.244707
v -0.114029 0.351386 -0.260916
v -0.127908 0.360141 -0.279604
v -0.082639 0.371670 -0.221731
v -0.084200 0.371099 -0.221838
v -0.083433 0.408424 -0.189984
v -0.097531 0.404713 -0.179778
v -0.095520 0.405361 -0.179600
v -0.077148 0.406687 -0.200462
v -0.073982 0.399736 -0.209537
v -0.075222 0.388010 -0.216681
v -0.095502 0.380090 -0.217781
v -0.103151 0.389817 -0.211978
v -0.106456 0.397207 -0.203071
v -0.103434 0.401783 -0.191678
v -0.083678 0.371278 -0.221793
v -0.096121 0.405140 -0.179648
v -0.086129 0.381859 -0.216041
v -0.087924 0.391532 -0.208872
v -0.090503 0.398563 -0.200115
v -0.092684 0.403021 -0.190113
v -0.062602 0.188850 -0.228102
v -0.056447 0.189642 -0.228140
v -0.128512 0.289118 -0.363509
v -0.077390 0.293572 -0.405465
v -0.085175 0.292236 -0.405521
v -0.144448 0.280001 -0.321368
v -0.141404 0.258081 -0.283129
v -0.115969 0.226582 -0.251541
v -0.035227 0.235065 -0.252808
v -0.027640 0.275671 -0.282558
v -0.030949 0.299369 -0.320475
v -0.050775 0.301716 -0.363126
v -0.058487 0.189332 -0.228155
v -0.082801 0.292544 -0.405512
v -0.069525 0.224142 -0.255760
v -0.081421 0.253951 -0.287785
v -0.086488 0.275368 -0.324633
v -0.088680 0.286892 -0.364533
v -0.078300 0.336950 -0.220494
v -0.079013 0.336780 -0.218998
v -0.044858 0.371899 -0.216075
v -0.040748 0.371466 -0.198766
v -0.039802 0.371598 -0.200660
v -0.052588 0.368967 -0.225237
v -0.060708 0.361705 -0.229930
v -0.069129 0.350838 -0.228891
v -0.078178 0.348145 -0.209242
v -0.074354 0.359283 -0.202306
v -0.066388 0.367010 -0.197644
v -0.054215 0.370394 -0.197175
v -0.078767 0.336825 -0.219492
v -0.040082 0.371532 -0.200085
v -0.073068 0.347523 -0.217459
v -0.065926 0.357140 -0.215299
v -0.057886 0.364345 -0.211272
v -0.048845 0.368926 -0.206586
v -0.062358 0.406576 -0.280779
v -0.034093 0.413126 -0.211979
v -0.129567 0.418176 -0.254272
v -0.101303 0.424727 -0.185472
v -0.083308 0.402938 -0.231308
v -0.260890 -0.000095 -0.040099
v -0.257679 -0.001006 -0.036940
v -0.253096 -0.001328 -0.036965
v -0.249824 -0.000872 -0.040159
v -0.249780 0.000095 -0.044651
v -0.252990 0.001006 -0.047809
v -0.257574 0.001328 -0.047784
v -0.260846 0.000872 -0.044591
v -0.257869 0.053531 -0.029389
v -0.254647 0.052830 -0.026189
v -0.250056 0.052654 -0.026185
v -0.246784 0.053104 -0.029380
v -0.246749 0.053919 -0.033902
v -0.249971 0.054619 -0.037102
v -0.254562 0.054796 -0.037106
v -0.257834 0.054345 -0.033911
v -0.256893 0.101156 -0.021713
v -0.253667 0.100722 -0.018470
v -0.249072 0.100730 -0.018437
v -0.245800 0.101174 -0.021633
v -0.245769 0.101795 -0.026186
v -0.248995 0.102228 -0.029428
v -0.253590 0.102221 -0.029461
v -0.256861 0.101776 -0.026265
v -0.258057 0.147294 -0.017530
v -0.254901 0.147096 -0.014300
v -0.250406 0.147386 -0.014247
v -0.247212 0.147995 -0.017399
v -0.247191 0.148596 -0.021906
v -0.250346 0.148819 -0.025126
v -0.254829 0.148527 -0.025181
v -0.258024 0.147891 -0.022038
v -0.261218 0.195030 -0.017610
v -0.258326 0.195422 -0.014601
v -0.254183 0.196206 -0.014571
v -0.251225 0.196926 -0.017527
v -0.251175 0.197161 -0.021728
v -0.254053 0.196795 -0.024725
v -0.258182 0.196007 -0.024768
v -0.261154 0.195263 -0.021824
v -0.265624 0.235005 -0.020760
v -0.263076 0.236176 -0.018097
v -0.259370 0.237508 -0.018139
v -0.256682 0.238223 -0.020837
v -0.256560 0.237904 -0.024605
v -0.259073 0.236739 -0.027264
v -0.262775 0.235402 -0.027257
v -0.265498 0.234682 -0.024564
v -0.270382 0.266092 -0.025586
v -0.268080 0.267463 -0.023217
v -0.264705 0.268792 -0.023276
v -0.262234 0.269307 -0.025695
v -0.262079 0.268706 -0.029061
v -0.264335 0.267361 -0.031437
v -0.267713 0.266024 -0.031425
v -0.270232 0.265485 -0.028998
v -0.272694 0.294063 -0.029934
v -0.270585 0.295002 -0.027771
v -0.267504 0.295798 -0.027760
v -0.265251 0.295989 -0.029880
v -0.265118 0.295463 -0.032892
v -0.267184 0.294569 -0.035065
v -0.270270 0.293767 -0.035115
v -0.272567 0.293532 -0.032987
v -0.272658 0.318513 -0.033394
v -0.270779 0.319015 -0.031437
v -0.268035 0.319311 -0.031367
v -0.266030 0.319230 -0.033206
v -0.265915 0.318830 -0.035879
v -0.267759 0.318369 -0.037844
v -0.270506 0.318069 -0.037943
v -0.272548 0.318108 -0.036098
v -0.271035 0.338842 -0.036003
v -0.269393 0.339013 -0.034242
v -0.266990 0.338921 -0.034132
v -0.265226 0.338650 -0.035730
v -0.265122 0.338349 -0.038100
v -0.266741 0.338202 -0.039865
v -0.269147 0.338284 -0.039991
v -0.270936 0.338529 -0.038390
v -0.268503 0.355244 -0.037876
v -0.267062 0.355172 -0.036265
v -0.264931 0.354836 -0.036134
v -0.263358 0.354432 -0.037557
v -0.263261 0.354196 -0.039700
v -0.264696 0.354267 -0.041312
v -0.266828 0.354603 -0.041448
v -0.268406 0.355008 -0.040025
v -0.265394 0.369074 -0.039210
v -0.264051 0.368861 -0.037656
v -0.262053 0.368359 -0.037511
v -0.260571 0.367861 -0.038860
v -0.260473 0.367660 -0.040913
v -0.261816 0.367873 -0.042467
v -0.263814 0.368375 -0.042612
v -0.265296 0.368873 -0.041263
v -0.255152 0.054937 -0.035189
v -0.247363 0.054542 -0.037987
v -0.362711 0.234734 -0.155399
v -0.316296 0.239574 -0.230591
v -0.326294 0.239670 -0.227237
v -0.367248 0.215686 -0.097237
v -0.354041 0.176761 -0.054930
v -0.319075 0.122038 -0.032950
v -0.217813 0.114598 -0.070927
v -0.208639 0.172930 -0.104582
v -0.221490 0.214125 -0.146068
v -0.263181 0.232865 -0.189240
v -0.249971 0.054619 -0.037102
v -0.323279 0.239516 -0.228286
v -0.264548 0.109236 -0.060339
v -0.283583 0.158759 -0.089485
v -0.298840 0.197143 -0.129202
v -0.314890 0.222906 -0.175697
v -0.245089 0.100039 -0.020439
v -0.251070 0.101143 -0.017495
v -0.117587 0.225296 0.062348
v -0.146710 0.238251 0.127093
v -0.139084 0.236510 0.123520
v -0.122568 0.208682 0.015404
v -0.143659 0.179588 -0.016572
v -0.182917 0.142025 -0.029742
v -0.260935 0.154559 0.009891
v -0.254919 0.202983 0.036172
v -0.233785 0.233938 0.067445
v -0.193627 0.241908 0.098310
v -0.249072 0.100730 -0.018437
v -0.141403 0.236935 0.124632
v -0.225851 0.141853 -0.002509
v -0.199468 0.178195 0.017983
v -0.177083 0.206464 0.047703
v -0.155681 0.224626 0.083232
v -0.259254 0.195975 -0.015118
v -0.262180 0.194615 -0.018882
v -0.336344 0.287124 0.066308
v -0.386399 0.273299 0.056004
v -0.382695 0.274771 0.060894
v -0.300820 0.286445 0.057062
v -0.273482 0.270302 0.041658
v -0.258257 0.239922 0.018694
v -0.296712 0.220670 -0.029848
v -0.327372 0.247369 -0.029221
v -0.354764 0.264907 -0.014239
v -0.373294 0.271878 0.017742
v -0.261218 0.195030 -0.017610
v -0.383809 0.274249 0.059430
v -0.281030 0.223397 -0.005792
v -0.302189 0.248262 0.009875
v -0.327646 0.264706 0.025896
v -0.354214 0.272915 0.044065
v -0.264308 0.268681 -0.029448
v -0.260974 0.268754 -0.028842
v -0.281037 0.332320 -0.103134
v -0.249304 0.333476 -0.120502
v -0.253526 0.333207 -0.121341
v -0.294214 0.326590 -0.082554
v -0.297493 0.312985 -0.062904
v -0.288617 0.293165 -0.045167
v -0.244909 0.293121 -0.037730
v -0.235863 0.315879 -0.050880
v -0.232669 0.330450 -0.070293
v -0.238895 0.334612 -0.094893
v -0.262079 0.268706 -0.029061
v -0.252243 0.333236 -0.121094
v -0.263492 0.289320 -0.043128
v -0.265171 0.307456 -0.059896
v -0.263137 0.320850 -0.079019
v -0.259755 0.328844 -0.100004
v -0.268771 0.339372 -0.033523
v -0.269697 0.338850 -0.034612
v -0.290044 0.372931 -0.013817
v -0.305702 0.369543 -0.016537
v -0.304537 0.370134 -0.015108
v -0.279187 0.371345 -0.016381
v -0.271233 0.364998 -0.020091
v -0.267350 0.354292 -0.025454
v -0.279550 0.347059 -0.039420
v -0.288219 0.355941 -0.040727
v -0.296152 0.362690 -0.037215
v -0.301678 0.366867 -0.027980
v -0.269393 0.339013 -0.034242
v -0.304889 0.369933 -0.015532
v -0.274717 0.348675 -0.032181
v -0.280550 0.357507 -0.028788
v -0.287921 0.363927 -0.024896
v -0.295853 0.367998 -0.019951
v -0.251839 0.172439 -0.024475
v -0.247893 0.173162 -0.020472
v -0.205254 0.263993 -0.153852
v -0.145241 0.268060 -0.147141
v -0.150164 0.266840 -0.152269
v -0.242972 0.255668 -0.137430
v -0.266047 0.235653 -0.111078
v -0.270506 0.206892 -0.074316
v -0.218239 0.214637 -0.022307
v -0.193945 0.251715 -0.036297
v -0.171250 0.273354 -0.062617
v -0.155981 0.275497 -0.102758
v -0.249183 0.172879 -0.021817
v -0.148657 0.267122 -0.150710
v -0.238158 0.204664 -0.046624
v -0.224788 0.231882 -0.074807
v -0.203912 0.251438 -0.101596
v -0.179209 0.261961 -0.128450
v -0.266817 0.307669 -0.029897
v -0.268249 0.307514 -0.029409
v -0.248402 0.339580 -0.005206
v -0.257106 0.339185 0.008510
v -0.255265 0.339306 0.007922
v -0.247334 0.336903 -0.016099
v -0.249437 0.330272 -0.024401
v -0.255481 0.320350 -0.029247
v -0.274099 0.317891 -0.022648
v -0.276200 0.328061 -0.015728
v -0.274175 0.335117 -0.007547
v -0.266726 0.338206 0.000714
v -0.267769 0.307555 -0.029564
v -0.255820 0.339246 0.008105
v -0.265469 0.317323 -0.024541
v -0.262332 0.326104 -0.018493
v -0.259844 0.332683 -0.010667
v -0.257150 0.336865 -0.001768
v -0.217226 0.371244 -0.057874
v -0.244223 0.377225 0.004445
v -0.277383 0.381836 -0.084951
v -0.304380 0.387817 -0.022632
v -0.262933 0.367922 -0.040061
v 0.161584 -0.000111 0.181588
v 0.159307 -0.001182 0.186363
v 0.161091 -0.001560 0.191443
v 0.165891 -0.001024 0.193852
v 0.170895 0.000111 0.192179
v 0.173172 0.001182 0.187404
v 0.171388 0.001560 0.182324
v 0.166588 0.001024 0.179915
v 0.150849 0.062879 0.189045
v 0.148530 0.062056 0.193849
v 0.150286 0.061848 0.198949
v 0.155087 0.062378 0.201357
v 0.160121 0.063334 0.199664
v 0.162440 0.064157 0.194860
v 0.160685 0.064365 0.189760
v 0.155884 0.063835 0.187352
v 0.142700 0.118820 0.193071
v 0.140336 0.118311 0.197896
v 0.142060 0.118320 0.203011
v 0.146862 0.118841 0.205418
v 0.151929 0.119571 0.203709
v 0.154293 0.120080 0.198884
v 0.152569 0.120071 0.193769
v 0.147767 0.119549 0.191362
v 0.137609 0.173015 0.193381
v 0.135233 0.172783 0.198123
v 0.136896 0.173124 0.203135
v 0.141620 0.173839 0.205474
v 0.146632 0.174545 0.203770
v 0.148999 0.174807 0.199033
v 0.147342 0.174463 0.194034
v 0.142628 0.173717 0.191691
v 0.136487 0.229087 0.189842
v 0.134255 0.229547 0.194205
v 0.135809 0.230469 0.198817
v 0.140225 0.231315 0.200968
v 0.144908 0.231590 0.199414
v 0.147132 0.231161 0.195070
v 0.145599 0.230235 0.190469
v 0.141191 0.229360 0.188297
v 0.138296 0.276043 0.183741
v 0.136316 0.277419 0.187591
v 0.137783 0.278983 0.191690
v 0.141808 0.279823 0.193642
v 0.146039 0.279447 0.192333
v 0.148028 0.278079 0.188523
v 0.146602 0.276509 0.184416
v 0.142568 0.275663 0.182423
v 0.141831 0.312558 0.176609
v 0.140084 0.314168 0.180073
v 0.141442 0.315730 0.183797
v 0.145075 0.316334 0.185615
v 0.148871 0.315628 0.184497
v 0.150645 0.314049 0.181081
v 0.149337 0.312478 0.177335
v 0.145678 0.311845 0.175468
v 0.145773 0.345414 0.172376
v 0.144179 0.346517 0.175546
v 0.145349 0.347452 0.178972
v 0.148566 0.347676 0.180661
v 0.151961 0.347058 0.179654
v 0.153582 0.346008 0.176528
v 0.152456 0.345066 0.173082
v 0.149211 0.344790 0.171347
v 0.149629 0.374133 0.171089
v 0.148175 0.374723 0.173926
v 0.149150 0.375071 0.176999
v 0.151960 0.374976 0.178522
v 0.154972 0.374506 0.177625
v 0.156447 0.373965 0.174825
v 0.155505 0.373612 0.171737
v 0.152674 0.373658 0.170176
v 0.153147 0.398012 0.171892
v 0.151821 0.398214 0.174390
v 0.152620 0.398105 0.177100
v 0.155071 0.397787 0.178447
v 0.157742 0.397434 0.177654
v 0.159082 0.397261 0.175180
v 0.158300 0.397356 0.172460
v 0.155837 0.397645 0.171087
v 0.156198 0.417278 0.173985
v 0.154961 0.417194 0.176203
v 0.155632 0.416799 0.178620
v 0.157815 0.416325 0.179821
v 0.160232 0.416048 0.179108
v 0.161472 0.416131 0.176896
v 0.160807 0.416525 0.174477
v 0.158621 0.417001 0.173269
v 0.158870 0.433524 0.176927
v 0.157659 0.433274 0.179014
v 0.158264 0.432684 0.181288
v 0.160331 0.432099 0.182417
v 0.162648 0.431863 0.181739
v 0.163858 0.432113 0.179651
v 0.163253 0.432703 0.177378
v 0.161187 0.433288 0.176249
v 0.158330 0.064531 0.189841
v 0.164422 0.064067 0.197417
v 0.250590 0.275724 0.024346
v 0.351867 0.281409 0.047069
v 0.344311 0.281523 0.037253
v 0.184270 0.253350 0.041597
v 0.142356 0.207627 0.072473
v 0.131348 0.143349 0.119720
v 0.212322 0.134610 0.217605
v 0.253206 0.203128 0.214895
v 0.294346 0.251517 0.184728
v 0.326305 0.273529 0.121892
v 0.162440 0.064157 0.194860
v 0.346631 0.281341 0.040199
v 0.182656 0.128312 0.169769
v 0.207724 0.186482 0.137465
v 0.245978 0.231569 0.105304
v 0.291453 0.261831 0.069666
v 0.145809 0.117508 0.206666
v 0.140249 0.118805 0.201153
v 0.102745 0.264638 0.379963
v 0.019695 0.279855 0.372437
v 0.026585 0.277810 0.379536
v 0.152961 0.245124 0.356443
v 0.180385 0.210949 0.320772
v 0.179963 0.166827 0.272134
v 0.106060 0.181549 0.200693
v 0.079184 0.238429 0.217445
v 0.052558 0.274789 0.252895
v 0.033676 0.284151 0.309312
v 0.142060 0.118320 0.203011
v 0.024462 0.278310 0.377387
v 0.133272 0.166624 0.234898
v 0.120629 0.209312 0.272045
v 0.096207 0.242518 0.308289
v 0.064959 0.263851 0.345668
v 0.134473 0.230197 0.192976
v 0.137531 0.228600 0.188286
v 0.014519 0.337263 0.138582
v 0.006779 0.321023 0.079054
v 0.002768 0.322753 0.085042
v 0.038398 0.336465 0.174483
v 0.065979 0.317504 0.198935
v 0.097311 0.281818 0.207040
v 0.136474 0.259204 0.145740
v 0.124029 0.290565 0.111937
v 0.096896 0.311166 0.087263
v 0.054285 0.319354 0.078943
v 0.136487 0.229087 0.189842
v 0.003967 0.322140 0.083244
v 0.115772 0.262408 0.172371
v 0.090268 0.291614 0.154882
v 0.062724 0.310930 0.132754
v 0.032369 0.320573 0.110216
v 0.148448 0.315600 0.181874
v 0.149052 0.315686 0.185807
v 0.223855 0.390352 0.135061
v 0.255299 0.391709 0.163641
v 0.254613 0.391394 0.158631
v 0.195955 0.383620 0.128317
v 0.172879 0.367640 0.132206
v 0.156585 0.344359 0.148858
v 0.165078 0.344307 0.200239
v 0.183145 0.371040 0.205245
v 0.205925 0.388154 0.201352
v 0.230853 0.393044 0.185012
v 0.148871 0.315628 0.184497
v 0.254831 0.391427 0.160151
v 0.163950 0.339842 0.177538
v 0.181924 0.361146 0.169247
v 0.203938 0.376878 0.164178
v 0.228534 0.386269 0.159892
v 0.151262 0.398634 0.175356
v 0.152116 0.398021 0.173911
v 0.121229 0.438054 0.159287
v 0.118249 0.434074 0.140859
v 0.117109 0.434769 0.142700
v 0.128237 0.436191 0.170360
v 0.135404 0.428736 0.177769
v 0.142847 0.416160 0.180026
v 0.153679 0.407665 0.161128
v 0.151809 0.418097 0.151001
v 0.144868 0.426024 0.143540
v 0.132497 0.430931 0.140942
v 0.151821 0.398214 0.174390
v 0.117445 0.434532 0.142147
v 0.147493 0.409562 0.169269
v 0.141490 0.419937 0.164092
v 0.134344 0.427478 0.157399
v 0.125814 0.432260 0.150486
v 0.147703 0.202551 0.197624
v 0.144771 0.203400 0.203540
v 0.309211 0.310093 0.199772
v 0.324756 0.314870 0.268980
v 0.328564 0.313437 0.261548
v 0.276522 0.300314 0.164185
v 0.238419 0.276804 0.148662
v 0.195892 0.243021 0.157798
v 0.158173 0.252118 0.235763
v 0.183016 0.295671 0.257377
v 0.220938 0.321088 0.272491
v 0.271360 0.323605 0.274062
v 0.145770 0.203068 0.201592
v 0.327410 0.313768 0.263819
v 0.177539 0.240403 0.204328
v 0.213957 0.272375 0.208373
v 0.251702 0.295346 0.221287
v 0.290985 0.307705 0.238426
v 0.147984 0.361395 0.178916
v 0.146894 0.361213 0.177512
v 0.127625 0.398879 0.208825
v 0.109060 0.398415 0.204416
v 0.110418 0.398557 0.206235
v 0.140130 0.395735 0.205836
v 0.148542 0.387946 0.200320
v 0.151606 0.376291 0.191752
v 0.137145 0.373403 0.173608
v 0.128656 0.385349 0.173926
v 0.120349 0.393636 0.179311
v 0.114030 0.397266 0.190747
v 0.147249 0.361261 0.177986
v 0.110003 0.398486 0.205689
v 0.142554 0.372735 0.182465
v 0.137040 0.383050 0.188266
v 0.129305 0.390778 0.194027
v 0.120456 0.395690 0.200429
v 0.198052 0.436072 0.223258
v 0.118510 0.443098 0.217163
v 0.205065 0.448514 0.146087
v 0.125523 0.455540 0.139991
v 0.160759 0.432170 0.179333
v 0.248542 -0.000089 -0.096761
v 0.252114 -0.000942 -0.094520
v 0.256299 -0.001243 -0.095466
v 0.258647 -0.000816 -0.099045
v 0.257782 0.000089 -0.103161
v 0.254210 0.000942 -0.105402
v 0.250025 0.001243 -0.104456
v 0.247677 0.000816 -0.100876
v 0.253461 0.050116 -0.087578
v 0.257052 0.049460 -0.085301
v 0.261251 0.049295 -0.086223
v 0.263598 0.049717 -0.089803
v 0.262719 0.050479 -0.093944
v 0.259128 0.051135 -0.096221
v 0.254930 0.051301 -0.095299
v 0.252582 0.050879 -0.091719
v 0.255901 0.094703 -0.080756
v 0.259504 0.094297 -0.078442
v 0.263712 0.094304 -0.079338
v 0.266059 0.094720 -0.082919
v 0.265170 0.095301 -0.087087
v 0.261567 0.095707 -0.089402
v 0.257359 0.095700 -0.088506
v 0.255012 0.095284 -0.084925
v 0.255679 0.137898 -0.076697
v 0.259215 0.137713 -0.074381
v 0.263336 0.137985 -0.075238
v 0.265622 0.138554 -0.078763
v 0.264733 0.139117 -0.082888
v 0.261199 0.139326 -0.085196
v 0.257089 0.139052 -0.084343
v 0.254801 0.138457 -0.080826
v 0.252774 0.182589 -0.076133
v 0.256024 0.182956 -0.073966
v 0.259818 0.183690 -0.074773
v 0.261926 0.184364 -0.078072
v 0.261126 0.184584 -0.081923
v 0.257890 0.184242 -0.084082
v 0.254106 0.183504 -0.083290
v 0.251983 0.182807 -0.080000
v 0.248110 0.220014 -0.078125
v 0.250977 0.221111 -0.076205
v 0.254356 0.222357 -0.076990
v 0.256271 0.223027 -0.079998
v 0.255623 0.222728 -0.083468
v 0.252789 0.221637 -0.085392
v 0.249406 0.220386 -0.084640
v 0.247459 0.219711 -0.081629
v 0.242787 0.249118 -0.081579
v 0.245370 0.250401 -0.079878
v 0.248443 0.251646 -0.080612
v 0.250216 0.252127 -0.083321
v 0.249679 0.251565 -0.086429
v 0.247137 0.250306 -0.088147
v 0.244051 0.249054 -0.087455
v 0.242237 0.248549 -0.084729
v 0.239798 0.275305 -0.085088
v 0.242162 0.276184 -0.083536
v 0.244981 0.276929 -0.084147
v 0.246614 0.277108 -0.086539
v 0.246128 0.276615 -0.089320
v 0.243802 0.275778 -0.090890
v 0.240970 0.275027 -0.090314
v 0.239299 0.274807 -0.087905
v 0.239133 0.298194 -0.088260
v 0.241246 0.298665 -0.086848
v 0.243768 0.298942 -0.087338
v 0.245232 0.298866 -0.089423
v 0.244798 0.298492 -0.091890
v 0.242716 0.298060 -0.093315
v 0.240185 0.297779 -0.092852
v 0.238689 0.297816 -0.090754
v 0.240091 0.317227 -0.090971
v 0.241948 0.317387 -0.089692
v 0.244167 0.317301 -0.090076
v 0.245458 0.317048 -0.091893
v 0.245075 0.316766 -0.094080
v 0.243239 0.316628 -0.095368
v 0.241014 0.316704 -0.094999
v 0.239701 0.316934 -0.093174
v 0.242029 0.332583 -0.093195
v 0.243671 0.332516 -0.092012
v 0.245646 0.332201 -0.092321
v 0.246797 0.331823 -0.093939
v 0.246455 0.331602 -0.095918
v 0.244817 0.331668 -0.097103
v 0.242841 0.331982 -0.096798
v 0.241684 0.332362 -0.095179
v 0.244603 0.345531 -0.095040
v 0.246144 0.345331 -0.093890
v 0.248000 0.344861 -0.094160
v 0.249083 0.344395 -0.095693
v 0.248759 0.344207 -0.097590
v 0.247218 0.344406 -0.098740
v 0.245362 0.344877 -0.098469
v 0.244279 0.345342 -0.096937
v 0.254777 0.051433 -0.093428
v 0.261335 0.051063 -0.097556
v 0.132216 0.219760 -0.181658
v 0.159500 0.224291 -0.259757
v 0.151035 0.224381 -0.254675
v 0.139789 0.201927 -0.127568
v 0.160388 0.165485 -0.091550
v 0.196785 0.114253 -0.078500
v 0.281713 0.107288 -0.133627
v 0.283319 0.161899 -0.166244
v 0.263210 0.200466 -0.201584
v 0.216393 0.218010 -0.232653
v 0.259128 0.051135 -0.096221
v 0.153580 0.224237 -0.256242
v 0.241119 0.102268 -0.114529
v 0.217843 0.148632 -0.137340
v 0.195890 0.184567 -0.170578
v 0.171847 0.208687 -0.209852
v 0.266950 0.093657 -0.081970
v 0.262075 0.094691 -0.078074
v 0.400202 0.210924 -0.031974
v 0.386623 0.223052 0.033089
v 0.392876 0.221423 0.028285
v 0.386189 0.195370 -0.073890
v 0.360463 0.168132 -0.098875
v 0.321917 0.132965 -0.103004
v 0.258574 0.144699 -0.051048
v 0.269370 0.190035 -0.028233
v 0.294994 0.219015 -0.003899
v 0.337928 0.226476 0.016227
v 0.263712 0.094304 -0.079338
v 0.390980 0.221821 0.029769
v 0.288151 0.132804 -0.069454
v 0.316401 0.166828 -0.056036
v 0.342856 0.193294 -0.033375
v 0.369583 0.210297 -0.005204
v 0.255071 0.183473 -0.074252
v 0.251638 0.182201 -0.077103
v 0.200998 0.268808 0.015728
v 0.153158 0.255865 0.016394
v 0.157531 0.257243 0.020119
v 0.231614 0.268172 0.000117
v 0.253504 0.253060 -0.019476
v 0.262796 0.224617 -0.043539
v 0.217856 0.206593 -0.080170
v 0.189952 0.231589 -0.073419
v 0.167927 0.248008 -0.054201
v 0.157430 0.254534 -0.021228
v 0.252774 0.182589 -0.076133
v 0.156217 0.256755 0.019005
v 0.237041 0.209146 -0.061336
v 0.220854 0.232425 -0.042749
v 0.200808 0.247820 -0.022972
v 0.180178 0.255506 -0.001007
v 0.247563 0.251542 -0.086334
v 0.250733 0.251610 -0.086452
v 0.217419 0.311122 -0.150332
v 0.242932 0.312203 -0.172605
v 0.238903 0.311952 -0.172521
v 0.209520 0.305756 -0.128861
v 0.210481 0.293019 -0.110235
v 0.222171 0.274464 -0.095807
v 0.263630 0.274423 -0.097816
v 0.269250 0.295729 -0.111661
v 0.268258 0.309370 -0.130053
v 0.257609 0.313267 -0.151289
v 0.249679 0.251565 -0.086429
v 0.240126 0.311979 -0.172554
v 0.245553 0.270864 -0.099006
v 0.240638 0.287843 -0.113998
v 0.238644 0.300383 -0.131891
v 0.237508 0.307867 -0.151758
v 0.242661 0.317723 -0.089160
v 0.241596 0.317234 -0.089970
v 0.227183 0.349142 -0.066857
v 0.212320 0.345969 -0.066189
v 0.213673 0.346523 -0.065117
v 0.236593 0.347657 -0.071390
v 0.243117 0.341715 -0.076384
v 0.245586 0.331691 -0.082070
v 0.231618 0.324920 -0.092380
v 0.223429 0.333235 -0.091828
v 0.216884 0.339553 -0.087018
v 0.213692 0.343464 -0.077461
v 0.241948 0.317387 -0.089692
v 0.213265 0.346335 -0.065434
v 0.237496 0.326433 -0.086735
v 0.232846 0.334701 -0.082458
v 0.226891 0.340712 -0.077414
v 0.220636 0.344523 -0.071295
v 0.259965 0.161439 -0.084300
v 0.264379 0.162116 -0.081436
v 0.276485 0.247153 -0.211973
v 0.332705 0.250960 -0.217930
v 0.327171 0.249818 -0.221627
v 0.245310 0.239359 -0.189358
v 0.229524 0.220621 -0.160615
v 0.232855 0.193694 -0.126107
v 0.291121 0.200945 -0.089089
v 0.310513 0.235658 -0.106775
v 0.325959 0.255916 -0.135412
v 0.331830 0.257923 -0.175188
v 0.262929 0.161851 -0.082405
v 0.328863 0.250082 -0.220505
v 0.268010 0.191608 -0.107307
v 0.274555 0.217091 -0.135769
v 0.288242 0.235399 -0.164467
v 0.305416 0.245250 -0.193996
v 0.245179 0.288042 -0.086239
v 0.243967 0.287897 -0.085505
v 0.266990 0.317918 -0.067376
v 0.261796 0.317548 -0.053082
v 0.263361 0.317661 -0.053990
v 0.265771 0.315412 -0.077550
v 0.262176 0.309204 -0.084716
v 0.255673 0.299915 -0.087929
v 0.239982 0.297612 -0.078145
v 0.239455 0.307134 -0.071394
v 0.242955 0.313739 -0.064323
v 0.251430 0.316632 -0.058271
v 0.244375 0.287936 -0.085743
v 0.262891 0.317605 -0.053712
v 0.247491 0.297080 -0.081614
v 0.251577 0.305302 -0.076716
v 0.255429 0.311461 -0.070063
v 0.259685 0.315376 -0.062470
v 0.284880 0.347562 -0.121810
v 0.272755 0.353162 -0.059394
v 0.224425 0.357478 -0.134444
v 0.212300 0.363078 -0.072028
v 0.246681 0.344452 -0.096315
vn -0.6989 -0.0242 -0.7148
vn -0.6983 -0.0333 -0.7151
vn 0.0043 0.1030 -0.9947
vn 0.0012 0.1260 -0.9920
vn -0.9870 -0.1598 -0.0187
vn -0.9886 -0.1496 -0.0166
vn -0.6988 -0.2018 0.6862
vn -0.7023 -0.1784 0.6891
vn -0.0054 -0.1266 0.9919
vn -0.0093 -0.1037 0.9946
vn 0.6922 0.0223 0.7214
vn 0.6901 0.0313 0.7230
vn 0.9869 0.1586 0.0281
vn 0.9885 0.1484 0.0280
vn 0.7014 0.2019 -0.6836
vn 0.7054 0.1785 -0.6859
vn -0.6984 -0.0503 -0.7140
vn 0.0086 0.0457 -0.9989
vn -0.9932 -0.1161 -0.0120
vn -0.7106 -0.1136 0.6944
vn -0.0192 -0.0446 0.9988
vn 0.6842 0.0506 0.7276
vn 0.9927 0.1170 0.0293
vn 0.7136 0.1153 -0.6910
vn -0.6974 -0.0584 -0.7143
vn 0.0141 -0.0232 -0.9996
vn -0.9983 -0.0577 -0.0116
vn -0.7192 -0.0195 0.6945
vn -0.0291 0.0341 0.9990
vn 0.6796 0.0703 0.7302
vn 0.9973 0.0670 0.0305
vn 0.7208 0.0278 -0.6926
vn -0.6939 -0.0656 -0.7171
vn 0.0243 -0.0922 -0.9954
vn -0.9998 0.0046 -0.0170
vn -0.7235 0.0792 0.6857
vn -0.0352 0.1148 0.9928
vn 0.6783 0.0885 0.7294
vn 0.9993 0.0149 0.0342
vn 0.7277 -0.0599 -0.6833
vn -0.6931 -0.0777 -0.7167
vn 0.0315 -0.1591 -0.9868
vn -0.9980 0.0566 -0.0275
vn -0.7279 0.1665 0.6652
vn -0.0412 0.1888 0.9812
vn 0.6782 0.1057 0.7273
vn 0.9985 -0.0312 0.0448
vn 0.7342 -0.1396 -0.6645
vn -0.6810 -0.0551 -0.7302
vn 0.0393 -0.1658 -0.9854
vn -0.9938 0.0968 -0.0545
vn -0.7360 0.1985 0.6473
vn -0.0419 0.1924 0.9804
vn 0.6851 0.0819 0.7238
vn 0.9971 -0.0649 0.0399
vn 0.7323 -0.1664 -0.6604
vn -0.6706 0.0123 -0.7417
vn 0.0464 -0.0948 -0.9944
vn -0.9905 0.1229 -0.0614
vn -0.7381 0.1700 0.6530
vn -0.0460 0.1263 0.9909
vn 0.6789 0.0200 0.7339
vn 0.9954 -0.0854 0.0442
vn 0.7345 -0.1325 -0.6655
vn -0.6603 0.0825 -0.7465
vn 0.0551 -0.0158 -0.9984
vn -0.9875 0.1448 -0.0621
vn -0.7403 0.1327 0.6590
vn -0.0533 0.0531 0.9972
vn 0.6695 -0.0450 0.7415
vn 0.9934 -0.1036 0.0486
vn 0.7385 -0.0912 -0.6681
vn -0.6497 0.1483 -0.7456
vn 0.0644 0.0581 -0.9962
vn -0.9845 0.1640 -0.0616
vn -0.7445 0.0948 0.6609
vn -0.0622 -0.0195 0.9979
vn 0.6601 -0.1100 0.7431
vn 0.9911 -0.1232 0.0503
vn 0.7426 -0.0533 -0.6676
vn -0.6391 0.2085 -0.7403
vn 0.0740 0.1265 -0.9892
vn -0.9821 0.1779 -0.0612
vn -0.7514 0.0511 0.6579
vn -0.0739 -0.0985 0.9924
vn 0.6498 -0.1814 0.7381
vn 0.9878 -0.1484 0.0483
vn 0.7463 -0.0206 -0.6653
vn -0.6337 0.2369 -0.7364
vn 0.0788 0.1589 -0.9841
vn -0.9812 0.1831 -0.0609
vn -0.7553 0.0269 0.6548
vn -0.0806 -0.1408 0.9868
vn 0.6436 -0.2197 0.7332
vn 0.9855 -0.1631 0.0462
vn 0.7480 -0.0059 -0.6637
vn -0.2609 0.9283 0.2648
vn -0.2136 0.9581 0.1908
vn -0.0965 0.9212 0.3770
vn -0.1470 0.8833 0.4453
vn -0.6713 0.4318 0.6024
vn -0.6439 0.4894 0.5881
vn -0.4687 0.5398 0.6993
vn -0.5347 0.4365 0.7236
vn -0.5591 0.6486 0.5165
vn -0.3743 0.6674 0.6438
vn -0.4190 0.8241 0.3813
vn -0.2573 0.7928 0.5526
vn -0.5777 0.7914 0.2000
vn -0.4176 0.9044 0.0874
vn -0.7011 0.6333 0.3278
vn -0.7622 0.4778 0.4368
vn -0.7688 0.4168 0.4851
vn -0.3017 0.9529 0.0309
vn 0.3390 0.9336 -0.1162
vn 0.3028 0.9525 -0.0329
vn 0.1648 0.9642 -0.2077
vn 0.2037 0.9360 -0.2872
vn 0.6549 0.4771 -0.5861
vn 0.6358 0.5330 -0.5583
vn 0.4575 0.6207 -0.6367
vn 0.5086 0.5184 -0.6874
vn 0.5772 0.6822 -0.4488
vn 0.3843 0.7431 -0.5478
vn 0.4720 0.8399 -0.2678
vn 0.2919 0.8585 -0.4217
vn 0.6427 0.7573 -0.1157
vn 0.5084 0.8604 0.0339
vn 0.7341 0.6167 -0.2842
vn 0.7661 0.4807 -0.4267
vn 0.7608 0.4301 -0.4860
vn 0.4049 0.9075 0.1117
vn 0.2595 0.9555 -0.1402
vn 0.1718 0.9710 -0.1661
vn 0.3109 0.8941 -0.3225
vn 0.3949 0.8720 -0.2894
vn 0.7538 0.6033 0.2605
vn 0.7265 0.6497 0.2236
vn 0.7686 0.6396 0.0144
vn 0.8219 0.5615 0.0962
vn 0.6180 0.7763 0.1241
vn 0.6747 0.7327 -0.0894
vn 0.4300 0.9028 -0.0076
vn 0.5398 0.8176 -0.2005
vn 0.3151 0.9266 0.2053
vn 0.1469 0.9869 0.0670
vn 0.4891 0.8116 0.3195
vn 0.6246 0.6801 0.3839
vn 0.6772 0.6228 0.3918
vn 0.0513 0.9982 -0.0315
vn -0.2578 0.9661 0.0114
vn -0.1773 0.9837 -0.0313
vn -0.1718 0.9664 0.1910
vn -0.2530 0.9403 0.2279
vn -0.8310 0.5379 0.1416
vn -0.7943 0.5918 0.1378
vn -0.6923 0.6485 0.3166
vn -0.7722 0.5524 0.3140
vn -0.6689 0.7361 0.1041
vn -0.5700 0.7632 0.3045
vn -0.4627 0.8855 0.0419
vn -0.4107 0.8699 0.2732
vn -0.5140 0.8363 -0.1907
vn -0.3084 0.9260 -0.2176
vn -0.7002 0.7024 -0.1281
vn -0.8231 0.5656 -0.0507
vn -0.8590 0.5119 -0.0067
vn -0.1753 0.9613 -0.2126
vn 0.4308 0.8946 -0.1187
vn 0.3478 0.9263 -0.1451
vn 0.4726 0.8280 -0.3017
vn 0.5507 0.7904 -0.2682
vn 0.8474 0.4512 0.2799
vn 0.8296 0.5024 0.2436
vn 0.8719 0.4885 0.0347
vn 0.9090 0.4006 0.1154
vn 0.7472 0.6484 0.1456
vn 0.7978 0.5990 -0.0682
vn 0.5872 0.8093 0.0145
vn 0.6822 0.7090 -0.1789
vn 0.4757 0.8499 0.2267
vn 0.3231 0.9423 0.0880
vn 0.6243 0.7031 0.3403
vn 0.7327 0.5480 0.4035
vn 0.7739 0.4820 0.4107
vn 0.2325 0.9725 -0.0112
vn -0.1082 0.9727 -0.2054
vn -0.0165 0.9808 -0.1944
vn -0.1413 0.9899 -0.0098
vn -0.2313 0.9726 -0.0253
vn -0.6960 0.5933 -0.4044
vn -0.6579 0.6444 -0.3898
vn -0.6713 0.7166 -0.1893
vn -0.7454 0.6252 -0.2314
vn -0.5207 0.7769 -0.3539
vn -0.5523 0.8226 -0.1357
vn -0.3011 0.9070 -0.2945
vn -0.3931 0.9164 -0.0756
vn -0.2149 0.8332 -0.5095
vn -0.0225 0.9083 -0.4178
vn -0.4169 0.7175 -0.5581
vn -0.5763 0.5975 -0.5576
vn -0.6366 0.5513 -0.5393
vn 0.0866 0.9369 -0.3387
vn 0.1893 0.9457 -0.2642
vn 0.1389 0.9717 -0.1909
vn 0.0275 0.9252 -0.3784
vn 0.0817 0.8913 -0.4459
vn 0.6423 0.4829 -0.5952
vn 0.6103 0.5381 -0.5814
vn 0.4330 0.5742 -0.6949
vn 0.5073 0.4764 -0.7181
vn 0.5121 0.6902 -0.5113
vn 0.3280 0.6939 -0.6410
vn 0.3567 0.8541 -0.3784
vn 0.2002 0.8097 -0.5516
vn 0.5152 0.8346 -0.1950
vn 0.3452 0.9347 -0.0848
vn 0.6524 0.6866 -0.3208
vn 0.7271 0.5363 -0.4286
vn 0.7392 0.4759 -0.4767
vn 0.2251 0.9739 -0.0299
vn 0.2563 0.9666 -0.0059
vn -0.0828 0.9965 -0.0149
vn 0.0824 0.9834 0.1614
vn -0.0963 0.9428 0.3192
vn 0.2427 0.9129 0.3282
vn -0.3711 -0.0242 0.9283
vn -0.3716 -0.0333 0.9278
vn -0.9115 0.1030 0.3983
vn -0.9078 0.1260 0.4000
vn 0.3820 -0.1598 0.9102
vn 0.3846 -0.1496 0.9109
vn 0.9102 -0.2018 0.3616
vn 0.9143 -0.1784 0.3637
vn 0.9094 -0.1266 -0.3962
vn 0.9134 -0.1037 -0.3937
vn 0.3799 0.0223 -0.9248
vn 0.3822 0.0313 -0.9235
vn -0.3734 0.1586 -0.9140
vn -0.3742 0.1484 -0.9154
vn -0.9088 0.2019 -0.3651
vn -0.9126 0.1785 -0.3678
vn -0.3706 -0.0503 0.9274
vn -0.9171 0.0457 0.3961
vn 0.3906 -0.1161 0.9132
vn 0.9224 -0.1136 0.3691
vn 0.9213 -0.0446 -0.3863
vn 0.3888 0.0506 -0.9200
vn -0.3746 0.1170 -0.9198
vn -0.9206 0.1153 -0.3732
vn -0.3713 -0.0584 0.9267
vn -0.9200 -0.0232 0.3913
vn 0.3930 -0.0577 0.9177
vn 0.9260 -0.0195 0.3769
vn 0.9254 0.0341 -0.3774
vn 0.3931 0.0703 -0.9168
vn -0.3754 0.0670 -0.9244
vn -0.9249 0.0278 -0.3792
vn -0.3753 -0.0656 0.9246
vn -0.9203 -0.0922 0.3803
vn 0.3888 0.0046 0.9213
vn 0.9198 0.0792 0.3844
vn 0.9222 0.1148 -0.3693
vn 0.3928 0.0885 -0.9153
vn -0.3728 0.0149 -0.9278
vn -0.9192 -0.0599 -0.3892
vn -0.3752 -0.0777 0.9237
vn -0.9152 -0.1591 0.3702
vn 0.3784 0.0566 0.9239
vn 0.9027 0.1665 0.3968
vn 0.9140 0.1888 -0.3591
vn 0.3909 0.1057 -0.9144
vn -0.3628 -0.0312 -0.9314
vn -0.9046 -0.1396 -0.4028
vn -0.3924 -0.0551 0.9181
vn -0.9171 -0.1658 0.3625
vn 0.3520 0.0968 0.9310
vn 0.8896 0.1985 0.4114
vn 0.9136 0.1924 -0.3582
vn 0.3849 0.0819 -0.9193
vn -0.3668 -0.0649 -0.9281
vn -0.9001 -0.1664 -0.4027
vn -0.4072 0.0124 0.9133
vn -0.9282 -0.0948 0.3597
vn 0.3444 0.1229 0.9308
vn 0.8957 0.1700 0.4110
vn 0.9249 0.1263 -0.3586
vn 0.3967 0.0200 -0.9177
vn -0.3621 -0.0854 -0.9282
vn -0.9057 -0.1325 -0.4027
vn -0.4157 0.0826 0.9057
vn -0.9354 -0.0158 0.3533
vn 0.3426 0.1448 0.9283
vn 0.9021 0.1327 0.4106
vn 0.9335 0.0531 -0.3545
vn 0.4074 -0.0450 -0.9121
vn -0.3572 -0.1036 -0.9283
vn -0.9096 -0.0912 -0.4053
vn -0.4192 0.1483 0.8957
vn -0.9372 0.0581 0.3440
vn 0.3418 0.1640 0.9254
vn 0.9055 0.0948 0.4136
vn 0.9378 -0.0195 -0.3466
vn 0.4127 -0.1100 -0.9042
vn -0.3548 -0.1232 -0.9268
vn -0.9109 -0.0533 -0.4092
vn -0.4186 0.2085 0.8839
vn -0.9346 0.1265 0.3324
vn 0.3412 0.1779 0.9230
vn 0.9056 0.0511 0.4211
vn 0.9375 -0.0985 -0.3337
vn 0.4123 -0.1814 -0.8928
vn -0.3553 -0.1484 -0.9229
vn -0.9103 -0.0206 -0.4135
vn -0.4172 0.2369 0.8774
vn -0.9320 0.1589 0.3259
vn 0.3411 0.1831 0.9220
vn 0.9043 0.0269 0.4260
vn 0.9351 -0.1408 -0.3253
vn 0.4103 -0.2197 -0.8851
vn -0.3562 -0.1631 -0.9201
vn -0.9095 -0.0059 -0.4157
vn 0.3477 0.9283 0.1315
vn 0.2609 0.9581 0.1182
vn 0.3838 0.9212 -0.0642
vn 0.4667 0.8833 -0.0456
vn 0.8224 0.4318 0.3704
vn 0.7983 0.4894 0.3511
vn 0.8291 0.5398 0.1459
vn 0.8780 0.4365 0.1964
vn 0.6984 0.6486 0.3025
vn 0.7402 0.6674 0.0820
vn 0.5181 0.8241 0.2290
vn 0.6094 0.7928 0.0118
vn 0.4165 0.7914 0.4475
vn 0.2488 0.9044 0.3466
vn 0.5833 0.6333 0.5086
vn 0.7077 0.4778 0.5205
vn 0.7545 0.4168 0.5069
vn 0.1503 0.9529 0.2635
vn -0.2434 0.9336 -0.2630
vn -0.1526 0.9525 -0.2637
vn -0.2566 0.9642 -0.0667
vn -0.3451 0.9360 -0.0701
vn -0.8009 0.4771 -0.3619
vn -0.7677 0.5330 -0.3557
vn -0.7674 0.6207 -0.1610
vn -0.8344 0.5184 -0.1871
vn -0.6439 0.6822 -0.3464
vn -0.6564 0.7431 -0.1300
vn -0.4358 0.8399 -0.3234
vn -0.5038 0.8585 -0.0964
vn -0.3657 0.7573 -0.5410
vn -0.1746 0.8604 -0.4787
vn -0.5568 0.6167 -0.5565
vn -0.7000 0.4807 -0.5281
vn -0.7521 0.4301 -0.4993
vn -0.0615 0.9075 -0.4155
vn -0.2332 0.9555 -0.1806
vn -0.2214 0.9710 -0.0900
vn -0.4207 0.8940 -0.1539
vn -0.4244 0.8720 -0.2441
vn -0.0665 0.6033 -0.7947
vn -0.0893 0.6497 -0.7549
vn -0.2976 0.6396 -0.7088
vn -0.2443 0.5615 -0.7906
vn -0.1364 0.7763 -0.6154
vn -0.3545 0.7327 -0.5809
vn -0.1809 0.9028 -0.3902
vn -0.4016 0.8176 -0.4126
vn 0.0603 0.9266 -0.3712
vn 0.0019 0.9869 -0.1615
vn 0.0944 0.8116 -0.5765
vn 0.0986 0.6801 -0.7265
vn 0.0845 0.6228 -0.7778
vn -0.0496 0.9982 -0.0342
vn 0.1146 0.9661 0.2311
vn 0.0431 0.9837 0.1748
vn 0.2441 0.9664 0.0799
vn 0.3107 0.9403 0.1392
vn 0.4656 0.5379 0.7028
vn 0.4472 0.5918 0.6707
vn 0.5695 0.6485 0.5051
vn 0.5994 0.5524 0.5793
vn 0.3656 0.7361 0.5697
vn 0.5090 0.7632 0.3981
vn 0.2254 0.8855 0.4063
vn 0.4160 0.8699 0.2651
vn 0.0335 0.8363 0.5472
vn -0.0743 0.9260 0.3700
vn 0.1660 0.7024 0.6922
vn 0.2865 0.5656 0.7733
vn 0.3412 0.5119 0.7884
vn -0.1236 0.9613 0.2463
vn -0.2828 0.8946 -0.3461
vn -0.2733 0.9263 -0.2594
vn -0.4670 0.8280 -0.3103
vn -0.4680 0.7904 -0.3953
vn -0.0867 0.4512 -0.8882
vn -0.1127 0.5024 -0.8572
vn -0.3208 0.4885 -0.8114
vn -0.2620 0.4006 -0.8780
vn -0.1690 0.6484 -0.7423
vn -0.3850 0.5990 -0.7021
vn -0.2242 0.8093 -0.5429
vn -0.4394 0.7090 -0.5516
vn 0.0150 0.8499 -0.5268
vn -0.0501 0.9423 -0.3311
vn 0.0588 0.7031 -0.7086
vn 0.0727 0.5480 -0.8333
vn 0.0627 0.4820 -0.8739
vn -0.1042 0.9725 -0.2081
vn -0.1441 0.9727 0.1820
vn -0.1711 0.9808 0.0937
vn 0.0482 0.9899 0.1332
vn 0.0703 0.9726 0.2218
vn -0.0885 0.5933 0.8001
vn -0.0904 0.6444 0.7594
vn 0.0984 0.7166 0.6905
vn 0.0897 0.6252 0.7753
vn -0.1131 0.7769 0.6193
vn 0.0993 0.8226 0.5600
vn -0.1476 0.9070 0.3944
vn 0.0899 0.9164 0.3901
vn -0.3791 0.8332 0.4026
vn -0.3730 0.9082 0.1896
vn -0.3418 0.7175 0.6069
vn -0.2769 0.5975 0.7525
vn -0.2358 0.5513 0.8003
vn -0.3448 0.9369 0.0578
vn -0.3182 0.9457 -0.0663
vn -0.2307 0.9717 -0.0498
vn -0.3572 0.9252 0.1279
vn -0.4409 0.8913 0.1056
vn -0.8041 0.4829 -0.3468
vn -0.7785 0.5381 -0.3230
vn -0.8106 0.5742 -0.1150
vn -0.8619 0.4764 -0.1736
vn -0.6747 0.6902 -0.2616
vn -0.7189 0.6939 -0.0408
vn -0.4903 0.8541 -0.1733
vn -0.5855 0.8097 0.0400
vn -0.3867 0.8346 -0.3923
vn -0.2172 0.9347 -0.2815
vn -0.5572 0.6866 -0.4670
vn -0.6860 0.5363 -0.4917
vn -0.7348 0.4759 -0.4833
vn -0.1183 0.9739 -0.1938
vn -0.1090 0.9666 -0.2320
vn 0.0199 0.9965 0.0817
vn 0.1143 0.9834 -0.1406
vn 0.3309 0.9428 -0.0410
vn 0.2020 0.9129 -0.3547
vn -0.9239 -0.0242 0.3818
vn -0.9239 -0.0333 0.3811
vn -0.9212 0.1030 -0.3751
vn -0.9200 0.1260 -0.3712
vn -0.3855 -0.1598 0.9088
vn -0.3843 -0.1496 0.9110
vn 0.3760 -0.2018 0.9044
vn 0.3774 -0.1784 0.9087
vn 0.9183 -0.1266 0.3750
vn 0.9193 -0.1037 0.3797
vn 0.9275 0.0223 -0.3731
vn 0.9283 0.0313 -0.3705
vn 0.3942 0.1586 -0.9052
vn 0.3947 0.1484 -0.9067
vn -0.3726 0.2019 -0.9058
vn -0.3732 0.1785 -0.9104
vn -0.9230 -0.0503 0.3816
vn -0.9236 0.0457 -0.3806
vn -0.3817 -0.1161 0.9170
vn 0.3792 -0.1136 0.9183
vn 0.9195 -0.0446 0.3905
vn 0.9303 0.0506 -0.3634
vn 0.3975 0.1170 -0.9101
vn -0.3749 0.1153 -0.9199
vn -0.9229 -0.0584 0.3806
vn -0.9222 -0.0232 -0.3860
vn -0.3832 -0.0577 0.9219
vn 0.3761 -0.0195 0.9264
vn 0.9160 0.0341 0.3997
vn 0.9310 0.0703 -0.3581
vn 0.4003 0.0670 -0.9139
vn -0.3736 0.0278 -0.9272
vn -0.9242 -0.0656 0.3762
vn -0.9145 -0.0922 -0.3939
vn -0.3888 0.0046 0.9213
vn 0.3663 0.0792 0.9271
vn 0.9080 0.1148 0.4030
vn 0.9298 0.0885 -0.3572
vn 0.4046 0.0149 -0.9144
vn -0.3625 -0.0599 -0.9301
vn -0.9235 -0.0777 0.3757
vn -0.9038 -0.1591 -0.3973
vn -0.3979 0.0566 0.9157
vn 0.3456 0.1665 0.9235
vn 0.8950 0.1888 0.4042
vn 0.9278 0.1057 -0.3579
vn 0.4141 -0.0312 -0.9097
vn -0.3426 -0.1396 -0.9290
vn -0.9315 -0.0551 0.3594
vn -0.8996 -0.1658 -0.4041
vn -0.4213 0.0968 0.9017
vn 0.3260 0.1985 0.9243
vn 0.8940 0.1924 0.4046
vn 0.9271 0.0819 -0.3656
vn 0.4090 -0.0649 -0.9102
vn -0.3395 -0.1664 -0.9258
vn -0.9383 0.0123 0.3455
vn -0.9053 -0.0948 -0.4140
vn -0.4265 0.1229 0.8961
vn 0.3305 0.1700 0.9284
vn 0.9022 0.1263 0.4124
vn 0.9342 0.0200 -0.3561
vn 0.4123 -0.0854 -0.9070
vn -0.3434 -0.1325 -0.9298
vn -0.9389 0.0825 0.3341
vn -0.9057 -0.0158 -0.4236
vn -0.4260 0.1448 0.8931
vn 0.3352 0.1327 0.9327
vn 0.9053 0.0531 0.4214
vn 0.9377 -0.0450 -0.3446
vn 0.4157 -0.1036 -0.9036
vn -0.3443 -0.0912 -0.9344
vn -0.9341 0.1483 0.3247
vn -0.9003 0.0581 -0.4314
vn -0.4245 0.1640 0.8905
vn 0.3354 0.0948 0.9373
vn 0.9026 -0.0195 0.4300
vn 0.9357 -0.1100 -0.3352
vn 0.4164 -0.1232 -0.9008
vn -0.3424 -0.0533 -0.9380
vn -0.9253 0.2085 0.3168
vn -0.8902 0.1265 -0.4377
vn -0.4232 0.1779 0.8884
vn 0.3301 0.0511 0.9426
vn 0.8932 -0.0985 0.4388
vn 0.9273 -0.1814 -0.3275
vn 0.4133 -0.1484 -0.8984
vn -0.3389 -0.0206 -0.9406
vn -0.9196 0.2369 0.3133
vn -0.8837 0.1589 -0.4403
vn -0.4226 0.1831 0.8876
vn 0.3258 0.0269 0.9451
vn 0.8855 -0.1408 0.4429
vn 0.9203 -0.2197 -0.3236
vn 0.4106 -0.1631 -0.8971
vn -0.3367 -0.0059 -0.9416
vn 0.1484 0.9283 0.3408
vn 0.0973 0.9581 0.2693
vn 0.3138 0.9212 0.2302
vn 0.3583 0.8833 0.3025
vn 0.3084 0.4318 0.8476
vn 0.3054 0.4894 0.8169
vn 0.4739 0.5398 0.6957
vn 0.4719 0.4365 0.7660
vn 0.2706 0.6486 0.7114
vn 0.4577 0.6674 0.5875
vn 0.1974 0.8241 0.5310
vn 0.4167 0.7928 0.4448
vn -0.0300 0.7914 0.6106
vn -0.0747 0.9044 0.4201
vn 0.0425 0.6333 0.7727
vn 0.1209 0.4778 0.8701
vn 0.1633 0.4168 0.8942
vn -0.0839 0.9529 0.2915
vn 0.0187 0.9336 -0.3579
vn 0.0824 0.9525 -0.2933
vn -0.1312 0.9642 -0.2304
vn -0.1905 0.9360 -0.2961
vn -0.2995 0.4771 -0.8262
vn -0.2808 0.5330 -0.7982
vn -0.4201 0.6207 -0.6621
vn -0.4481 0.5184 -0.7283
vn -0.2011 0.6822 -0.7029
vn -0.3649 0.7431 -0.5609
vn -0.0724 0.8399 -0.5378
vn -0.2824 0.8585 -0.4281
vn 0.1324 0.7573 -0.6395
vn 0.2212 0.8604 -0.4591
vn 0.0102 0.6167 -0.7871
vn -0.1101 0.4807 -0.8699
vn -0.1670 0.4301 -0.8872
vn 0.2547 0.9075 -0.3340
vn -0.0333 0.9555 -0.2931
vn -0.0900 0.9710 -0.2214
vn -0.1833 0.8940 -0.4088
vn -0.1212 0.8720 -0.4743
vn 0.5229 0.6033 -0.6021
vn 0.4785 0.6497 -0.5907
vn 0.3001 0.6396 -0.7077
vn 0.3959 0.5615 -0.7266
vn 0.3457 0.7763 -0.5271
vn 0.1688 0.7327 -0.6593
vn 0.1533 0.9028 -0.4018
vn 0.0154 0.8176 -0.5756
vn 0.3080 0.9266 -0.2158
vn 0.1170 0.9869 -0.1113
vn 0.4789 0.8116 -0.3346
vn 0.5892 0.6801 -0.4363
vn 0.6161 0.6228 -0.4821
vn -0.0101 0.9982 -0.0593
vn -0.0856 0.9661 0.2434
vn -0.0952 0.9837 0.1528
vn 0.1131 0.9664 0.2306
vn 0.1171 0.9403 0.3197
vn -0.1786 0.5379 0.8239
vn -0.1685 0.5918 0.7883
vn 0.0355 0.6485 0.7604
vn 0.0032 0.5524 0.8336
vn -0.1530 0.7361 0.6594
vn 0.0699 0.7632 0.6424
vn -0.1338 0.8855 0.4449
vn 0.1003 0.8699 0.4830
vn -0.3687 0.8363 0.4057
vn -0.3170 0.9260 0.2049
vn -0.3801 0.7024 0.6019
vn -0.3541 0.5656 0.7448
vn -0.3267 0.5119 0.7945
vn -0.2626 0.9613 0.0833
vn 0.0506 0.8946 -0.4440
vn -0.0049 0.9263 -0.3768
vn -0.1036 0.8280 -0.5510
vn -0.0433 0.7904 -0.6110
vn 0.5758 0.4512 -0.6818
vn 0.5355 0.5024 -0.6788
vn 0.3574 0.4885 -0.7960
vn 0.4462 0.4006 -0.8003
vn 0.4139 0.6484 -0.6390
vn 0.2344 0.5990 -0.7657
vn 0.2325 0.8093 -0.5394
vn 0.0885 0.7090 -0.6996
vn 0.3878 0.8499 -0.3568
vn 0.2022 0.9423 -0.2669
vn 0.5487 0.7031 -0.4523
vn 0.6477 0.5480 -0.5293
vn 0.6698 0.4820 -0.5648
vn 0.0763 0.9725 -0.2198
vn -0.2309 0.9727 0.0238
vn -0.1865 0.9808 -0.0572
vn -0.0618 0.9899 0.1274
vn -0.1098 0.9726 0.2051
vn -0.6349 0.5933 0.4948
vn -0.6071 0.6444 0.4650
vn -0.4260 0.7166 0.5522
vn -0.4928 0.6252 0.6052
vn -0.5226 0.7769 0.3511
vn -0.3319 0.8226 0.4618
vn -0.3855 0.9070 0.1695
vn -0.2168 0.9164 0.3366
vn -0.5529 0.8332 0.0093
vn -0.3961 0.9083 -0.1350
vn -0.6733 0.7175 0.1786
vn -0.7323 0.5975 0.3267
vn -0.7378 0.5513 0.3894
vn -0.2820 0.9369 -0.2067
vn -0.1745 0.9457 -0.2742
vn -0.1253 0.9717 -0.2001
vn -0.3408 0.9252 -0.1667
vn -0.3833 0.8913 -0.2421
vn -0.3126 0.4829 -0.8180
vn -0.3118 0.5381 -0.7831
vn -0.4832 0.5742 -0.6610
vn -0.4770 0.4764 -0.7386
vn -0.2834 0.6902 -0.6659
vn -0.4723 0.6939 -0.5435
vn -0.2180 0.8541 -0.4721
vn -0.4371 0.8097 -0.3915
vn 0.0113 0.8346 -0.5508
vn 0.0501 0.9347 -0.3520
vn -0.0542 0.6866 -0.7250
vn -0.1264 0.5363 -0.8345
vn -0.1665 0.4759 -0.8636
vn 0.0563 0.9739 -0.2200
vn 0.0902 0.9666 -0.2400
vn -0.0447 0.9965 0.0712
vn 0.1805 0.9834 -0.0162
vn 0.2602 0.9428 0.2085
vn 0.3950 0.9129 -0.1027
vn -0.6624 -0.0242 -0.7488
vn -0.6617 -0.0333 -0.7491
vn 0.0540 0.1030 -0.9932
vn 0.0508 0.1260 -0.9907
vn -0.9848 -0.1598 -0.0680
vn -0.9865 -0.1496 -0.0660
vn -0.7322 -0.2018 0.6505
vn -0.7359 -0.1784 0.6532
vn -0.0549 -0.1266 0.9904
vn -0.0590 -0.1037 0.9929
vn 0.6553 0.0223 0.7551
vn 0.6531 0.0313 0.7566
vn 0.9843 0.1586 0.0773
vn 0.9859 0.1484 0.0773
vn 0.7347 0.2019 -0.6477
vn 0.7388 0.1785 -0.6498
vn -0.6618 -0.0503 -0.7480
vn 0.0585 0.0457 -0.9972
vn -0.9913 -0.1161 -0.0617
vn -0.7444 -0.1136 0.6580
vn -0.0691 -0.0446 0.9966
vn 0.6470 0.0506 0.7608
vn 0.9900 0.1170 0.0789
vn 0.7472 0.1153 -0.6545
vn -0.6608 -0.0584 -0.7483
vn 0.0640 -0.0232 -0.9977
vn -0.9964 -0.0577 -0.0615
vn -0.7530 -0.0195 0.6577
vn -0.0789 0.0341 0.9963
vn 0.6422 0.0703 0.7633
vn 0.9945 0.0670 0.0803
vn 0.7545 0.0278 -0.6557
vn -0.6572 -0.0656 -0.7509
vn 0.0740 -0.0922 -0.9930
vn -0.9977 0.0046 -0.0669
vn -0.7569 0.0792 0.6487
vn -0.0848 0.1148 0.9898
vn 0.6410 0.0885 0.7624
vn 0.9963 0.0149 0.0841
vn 0.7609 -0.0599 -0.6461
vn -0.6564 -0.0777 -0.7504
vn 0.0808 -0.1591 -0.9839
vn -0.9954 0.0566 -0.0774
vn -0.7602 0.1665 0.6279
vn -0.0902 0.1888 0.9779
vn 0.6410 0.1057 0.7602
vn 0.9950 -0.0312 0.0947
vn 0.7665 -0.1396 -0.6269
vn -0.6437 -0.0551 -0.7633
vn 0.0885 -0.1658 -0.9822
vn -0.9898 0.0968 -0.1041
vn -0.7674 0.1985 0.6097
vn -0.0908 0.1924 0.9771
vn 0.6481 0.0819 0.7571
vn 0.9939 -0.0649 0.0896
vn 0.7644 -0.1664 -0.6229
vn -0.6327 0.0123 -0.7743
vn 0.0960 -0.0948 -0.9909
vn -0.9862 0.1229 -0.1108
vn -0.7698 0.1700 0.6153
vn -0.0955 0.1263 0.9874
vn 0.6414 0.0200 0.7669
vn 0.9919 -0.0854 0.0939
vn 0.7669 -0.1325 -0.6280
vn -0.6222 0.0825 -0.7785
vn 0.1049 -0.0158 -0.9944
vn -0.9832 0.1448 -0.1113
vn -0.7723 0.1327 0.6212
vn -0.1030 0.0531 0.9933
vn 0.6316 -0.0450 0.7740
vn 0.9898 -0.1036 0.0982
vn 0.7710 -0.0912 -0.6303
vn -0.6117 0.1483 -0.7771
vn 0.1141 0.0581 -0.9918
vn -0.9802 0.1640 -0.1107
vn -0.7766 0.0948 0.6229
vn -0.1120 -0.0195 0.9935
vn 0.6221 -0.1100 0.7751
vn 0.9874 -0.1232 0.0998
vn 0.7750 -0.0533 -0.6297
vn -0.6013 0.2085 -0.7713
vn 0.1233 0.1265 -0.9843
vn -0.9779 0.1779 -0.1102
vn -0.7833 0.0511 0.6195
vn -0.1234 -0.0985 0.9875
vn 0.6121 -0.1814 0.7697
vn 0.9841 -0.1484 0.0976
vn 0.7786 -0.0206 -0.6272
vn -0.5961 0.2369 -0.7671
vn 0.1279 0.1589 -0.9790
vn -0.9769 0.1831 -0.1099
vn -0.7871 0.0269 0.6163
vn -0.1298 -0.1408 0.9815
vn 0.6061 -0.2197 0.7644
vn 0.9820 -0.1631 0.0954
vn 0.7802 -0.0059 -0.6255
vn -0.2738 0.9283 0.2514
vn -0.2228 0.9581 0.1799
vn -0.1152 0.9212 0.3717
vn -0.1690 0.8833 0.4374
vn -0.7006 0.4318 0.5681
vn -0.6725 0.4894 0.5552
vn -0.5030 0.5398 0.6750
vn -0.5702 0.4365 0.6960
vn -0.5842 0.6486 0.4879
vn -0.4060 0.6674 0.6243
vn -0.4375 0.8241 0.3599
vn -0.2845 0.7928 0.5390
vn -0.5869 0.7914 0.1709
vn -0.4215 0.9044 0.0665
vn -0.7166 0.6333 0.2923
vn -0.7831 0.4778 0.3981
vn -0.7920 0.4168 0.4461
vn -0.3029 0.9529 0.0158
vn 0.3444 0.9336 -0.0991
vn 0.3041 0.9525 -0.0177
vn 0.1749 0.9642 -0.1992
vn 0.2178 0.9360 -0.2767
vn 0.6833 0.4771 -0.5527
vn 0.6629 0.5330 -0.5258
vn 0.4888 0.6207 -0.6131
vn 0.5423 0.5184 -0.6612
vn 0.5989 0.6822 -0.4194
vn 0.4112 0.7431 -0.5279
vn 0.4848 0.8399 -0.2439
vn 0.3126 0.8585 -0.4066
vn 0.6477 0.7573 -0.0834
vn 0.5061 0.8604 0.0593
vn 0.7474 0.6167 -0.2472
vn 0.7864 0.4807 -0.3879
vn 0.7842 0.4301 -0.4473
vn 0.3988 0.9075 0.1318
vn 0.2662 0.9555 -0.1271
vn 0.1799 0.9710 -0.1573
vn 0.3266 0.8940 -0.3066
vn 0.4088 0.8720 -0.2693
vn 0.7398 0.6033 0.2979
vn 0.7145 0.6497 0.2596
vn 0.7669 0.6396 0.0528
vn 0.8160 0.5615 0.1372
vn 0.6110 0.7763 0.1549
vn 0.6783 0.7327 -0.0555
vn 0.4299 0.9028 0.0139
vn 0.5491 0.8176 -0.1732
vn 0.3045 0.9266 0.2208
vn 0.1434 0.9869 0.0743
vn 0.4725 0.8116 0.3435
vn 0.6046 0.6801 0.4146
vn 0.6568 0.6228 0.4251
vn 0.0528 0.9982 -0.0289
vn -0.2580 0.9661 -0.0015
vn -0.1755 0.9837 -0.0401
vn -0.1811 0.9664 0.1822
vn -0.2640 0.9403 0.2150
vn -0.8371 0.5379 0.0999
vn -0.8002 0.5918 0.0979
vn -0.7072 0.6485 0.2816
vn -0.7869 0.5524 0.2750
vn -0.6732 0.7361 0.0705
vn -0.5845 0.7632 0.2756
vn -0.4642 0.8855 0.0187
vn -0.4238 0.8699 0.2524
vn -0.5038 0.8363 -0.2161
vn -0.2971 0.9260 -0.2328
vn -0.6929 0.7024 -0.1629
vn -0.8195 0.5656 -0.0917
vn -0.8576 0.5119 -0.0497
vn -0.1644 0.9613 -0.2211
vn 0.4362 0.8946 -0.0970
vn 0.3546 0.9263 -0.1275
vn 0.4871 0.8280 -0.2777
vn 0.5635 0.7904 -0.2403
vn 0.8324 0.4512 0.3219
vn 0.8164 0.5024 0.2847
vn 0.8690 0.4885 0.0782
vn 0.9020 0.4006 0.1607
vn 0.7390 0.6484 0.1828
vn 0.8002 0.5990 -0.0282
vn 0.5857 0.8093 0.0438
vn 0.6902 0.7090 -0.1446
vn 0.4638 0.8499 0.2502
vn 0.3183 0.9423 0.1041
vn 0.6065 0.7031 0.3711
vn 0.7117 0.5480 0.4396
vn 0.7524 0.4820 0.4489
vn 0.2327 0.9725 0.0004
vn -0.0978 0.9727 -0.2106
vn -0.0067 0.9808 -0.1950
vn -0.1406 0.9899 -0.0168
vn -0.2297 0.9726 -0.0369
vn -0.6749 0.5933 -0.4387
vn -0.6376 0.6444 -0.4222
vn -0.6610 0.7166 -0.2226
vn -0.7329 0.6252 -0.2684
vn -0.5024 0.7769 -0.3795
vn -0.5448 0.8226 -0.1631
vn -0.2860 0.9070 -0.3091
vn -0.3889 0.9164 -0.0951
vn -0.1892 0.8332 -0.5196
vn -0.0016 0.9083 -0.4184
vn -0.3885 0.7175 -0.5782
vn -0.5477 0.5975 -0.5857
vn -0.6088 0.5513 -0.5704
vn 0.1034 0.9369 -0.3340
vn 0.2023 0.9457 -0.2544
vn 0.1482 0.9717 -0.1837
vn 0.0464 0.9252 -0.3766
vn 0.1039 0.8913 -0.4413
vn 0.6713 0.4829 -0.5623
vn 0.6386 0.5381 -0.5502
vn 0.4672 0.5742 -0.6724
vn 0.5426 0.4764 -0.6919
vn 0.5370 0.6902 -0.4851
vn 0.3597 0.6939 -0.6238
vn 0.3752 0.8541 -0.3601
vn 0.2275 0.8097 -0.5409
vn 0.5243 0.8346 -0.1690
vn 0.3490 0.9347 -0.0675
vn 0.6676 0.6866 -0.2878
vn 0.7477 0.5363 -0.3917
vn 0.7621 0.4759 -0.4391
vn 0.2263 0.9739 -0.0186
vn 0.2562 0.9666 0.0069
vn -0.0819 0.9965 -0.0190
vn 0.0742 0.9834 0.1653
vn -0.1122 0.9428 0.3140
vn 0.2260 0.9129 0.3399
vn -0.8201 -0.0242 0.5717
vn -0.8202 -0.0333 0.5710
vn -0.9804 0.1030 -0.1680
vn -0.9783 0.1260 -0.1645
vn -0.1809 -0.1598 0.9704
vn -0.1792 -0.1496 0.9724
vn 0.5618 -0.2018 0.8023
vn 0.5641 -0.1784 0.8062
vn 0.9775 -0.1266 0.1686
vn 0.9795 -0.1037 0.1729
vn 0.8255 0.0223 -0.5640
vn 0.8268 0.0313 -0.5617
vn 0.1901 0.1586 -0.9689
vn 0.1903 0.1484 -0.9704
vn -0.5588 0.2019 -0.8044
vn -0.5604 0.1785 -0.8087
vn -0.8192 -0.0503 0.5713
vn -0.9839 0.0457 -0.1729
vn -0.1754 -0.1161 0.9776
vn 0.5680 -0.1136 0.8152
vn 0.9820 -0.0446 0.1834
vn 0.8303 0.0506 -0.5551
vn 0.1923 0.1170 -0.9743
vn -0.5641 0.1153 -0.8176
vn -0.8194 -0.0584 0.5703
vn -0.9837 -0.0232 -0.1785
vn -0.1758 -0.0577 0.9827
vn 0.5666 -0.0195 0.8237
vn 0.9806 0.0341 0.1931
vn 0.8321 0.0703 -0.5501
vn 0.1942 0.0670 -0.9787
vn -0.5644 0.0278 -0.8250
vn -0.8216 -0.0656 0.5663
vn -0.9779 -0.0922 -0.1879
vn -0.1813 0.0046 0.9834
vn 0.5573 0.0792 0.8265
vn 0.9734 0.1148 0.1981
vn 0.8311 0.0885 -0.5490
vn 0.1983 0.0149 -0.9800
vn -0.5542 -0.0599 -0.8302
vn -0.8210 -0.0777 0.5656
vn -0.9681 -0.1591 -0.1935
vn -0.1915 0.0566 0.9799
vn 0.5363 0.1665 0.8275
vn 0.9610 0.1888 0.2021
vn 0.8290 0.1057 -0.5492
vn 0.2086 -0.0312 -0.9775
vn -0.5345 -0.1396 -0.8335
vn -0.8323 -0.0551 0.5515
vn -0.9655 -0.1658 -0.2010
vn -0.2173 0.0968 0.9713
vn 0.5173 0.1985 0.8325
vn 0.9602 0.1924 0.2027
vn 0.8267 0.0819 -0.5566
vn 0.2035 -0.0649 -0.9769
vn -0.5308 -0.1664 -0.8310
vn -0.8420 0.0123 0.5394
vn -0.9732 -0.0948 -0.2095
vn -0.2236 0.1229 0.9669
vn 0.5226 0.1700 0.8355
vn 0.9698 0.1263 0.2085
vn 0.8357 0.0200 -0.5489
vn 0.2074 -0.0854 -0.9745
vn -0.5355 -0.1325 -0.8341
vn -0.8450 0.0825 0.5284
vn -0.9757 -0.0158 -0.2187
vn -0.2238 0.1448 0.9638
vn 0.5281 0.1327 0.8387
vn 0.9748 0.0531 0.2167
vn 0.8415 -0.0450 -0.5383
vn 0.2115 -0.1036 -0.9719
vn -0.5374 -0.0912 -0.8384
vn -0.8424 0.1483 0.5181
vn -0.9720 0.0581 -0.2275
vn -0.2228 0.1640 0.9610
vn 0.5293 0.0948 0.8431
vn 0.9740 -0.0195 0.2256
vn 0.8416 -0.1100 -0.5288
vn 0.2128 -0.1232 -0.9693
vn -0.5363 -0.0533 -0.8424
vn -0.8354 0.2085 0.5085
vn -0.9635 0.1265 -0.2358
vn -0.2220 0.1779 0.9587
vn 0.5253 0.0511 0.8494
vn 0.9667 -0.0985 0.2363
vn 0.8350 -0.1814 -0.5194
vn 0.2102 -0.1484 -0.9663
vn -0.5334 -0.0206 -0.8456
vn -0.8307 0.2369 0.5039
vn -0.9577 0.1589 -0.2398
vn -0.2216 0.1831 0.9578
vn 0.5216 0.0269 0.8528
vn 0.9600 -0.1408 0.2419
vn 0.8291 -0.2197 -0.5141
vn 0.2079 -0.1631 -0.9645
vn -0.5315 -0.0059 -0.8471
vn 0.2182 0.9283 0.3009
vn 0.1530 0.9581 0.2421
vn 0.3560 0.9212 0.1573
vn 0.4150 0.8833 0.2183
vn 0.4836 0.4318 0.7613
vn 0.4741 0.4894 0.7320
vn 0.6126 0.5398 0.5774
vn 0.6257 0.4365 0.6465
vn 0.4174 0.6486 0.6365
vn 0.5734 0.6674 0.4752
vn 0.3071 0.8241 0.4760
vn 0.5027 0.7928 0.3447
vn 0.1022 0.7914 0.6027
vn 0.0175 0.9044 0.4263
vn 0.2079 0.6333 0.7454
vn 0.3053 0.4778 0.8237
vn 0.3519 0.4168 0.8381
vn -0.0192 0.9529 0.3027
vn -0.0588 0.9336 -0.3535
vn 0.0174 0.9525 -0.3041
vn -0.1777 0.9642 -0.1967
vn -0.2498 0.9360 -0.2482
vn -0.4703 0.4771 -0.7424
vn -0.4460 0.5330 -0.7190
vn -0.5527 0.6207 -0.5561
vn -0.5943 0.5184 -0.6148
vn -0.3477 0.6822 -0.6432
vn -0.4770 0.7431 -0.4693
vn -0.1865 0.8399 -0.5096
vn -0.3679 0.8585 -0.3573
vn -0.0083 0.7573 -0.6530
vn 0.1172 0.8604 -0.4959
vn -0.1595 0.6167 -0.7709
vn -0.2947 0.4807 -0.8259
vn -0.3541 0.4301 -0.8305
vn 0.1769 0.9075 -0.3810
vn -0.0956 0.9555 -0.2790
vn -0.1355 0.9710 -0.1968
vn -0.2670 0.8940 -0.3597
vn -0.2205 0.8720 -0.4371
vn 0.3811 0.6033 -0.7006
vn 0.3401 0.6497 -0.6798
vn 0.1408 0.6396 -0.7557
vn 0.2302 0.5615 -0.7948
vn 0.2242 0.7763 -0.5891
vn 0.0229 0.7327 -0.6802
vn 0.0633 0.9028 -0.4254
vn -0.1089 0.8176 -0.5654
vn 0.2544 0.9266 -0.2770
vn 0.0903 0.9869 -0.1339
vn 0.3956 0.8116 -0.4299
vn 0.4815 0.6801 -0.5529
vn 0.4979 0.6228 -0.6035
vn -0.0227 0.9982 -0.0558
vn -0.0312 0.9661 0.2561
vn -0.0601 0.9837 0.1697
vn 0.1601 0.9664 0.2009
vn 0.1831 0.9402 0.2870
vn 0.0029 0.5379 0.8430
vn 0.0051 0.5918 0.8061
vn 0.1984 0.6485 0.7350
vn 0.1826 0.5524 0.8133
vn -0.0075 0.7361 0.6769
vn 0.2065 0.7632 0.6123
vn -0.0349 0.8855 0.4633
vn 0.2019 0.8699 0.4501
vn -0.2727 0.8363 0.4756
vn -0.2654 0.9260 0.2683
vn -0.2416 0.7024 0.6695
vn -0.1855 0.5656 0.8035
vn -0.1481 0.5119 0.8462
vn -0.2386 0.9613 0.1379
vn -0.0461 0.8946 -0.4445
vn -0.0859 0.9263 -0.3669
vn -0.2197 0.8280 -0.5158
vn -0.1739 0.7904 -0.5874
vn 0.4156 0.4512 -0.7898
vn 0.3768 0.5024 -0.7782
vn 0.1777 0.4885 -0.8543
vn 0.2635 0.4006 -0.8775
vn 0.2666 0.6484 -0.7131
vn 0.0641 0.5990 -0.7982
vn 0.1110 0.8093 -0.5768
vn -0.0641 0.7090 -0.7023
vn 0.3020 0.8499 -0.4319
vn 0.1400 0.9423 -0.3042
vn 0.4385 0.7031 -0.5598
vn 0.5186 0.5480 -0.6563
vn 0.5325 0.4820 -0.6958
vn 0.0272 0.9725 -0.2311
vn -0.2204 0.9727 0.0729
vn -0.1945 0.9808 -0.0158
vn -0.0329 0.9899 0.1377
vn -0.0631 0.9726 0.2239
vn -0.5135 0.5933 0.6199
vn -0.4928 0.6444 0.5848
vn -0.2972 0.7166 0.6310
vn -0.3510 0.6252 0.6971
vn -0.4348 0.7769 0.4554
vn -0.2247 0.8226 0.5224
vn -0.3400 0.9070 0.2485
vn -0.1392 0.9164 0.3753
vn -0.5379 0.8332 0.1281
vn -0.4158 0.9082 -0.0466
vn -0.6191 0.7175 0.3193
vn -0.6449 0.5975 0.4766
vn -0.6367 0.5513 0.5391
vn -0.3198 0.9369 -0.1412
vn -0.2294 0.9457 -0.2302
vn -0.1654 0.9717 -0.1684
vn -0.3687 0.9252 -0.0894
vn -0.4264 0.8913 -0.1540
vn -0.4813 0.4829 -0.7316
vn -0.4730 0.5381 -0.6977
vn -0.6141 0.5742 -0.5415
vn -0.6248 0.4764 -0.6186
vn -0.4200 0.6902 -0.5893
vn -0.5782 0.6939 -0.4291
vn -0.3145 0.8541 -0.4142
vn -0.5111 0.8097 -0.2883
vn -0.1076 0.8346 -0.5403
vn -0.0268 0.9347 -0.3545
vn -0.2090 0.6866 -0.6963
vn -0.3030 0.5363 -0.7878
vn -0.3485 0.4759 -0.8075
vn 0.0076 0.9739 -0.2270
vn 0.0364 0.9666 -0.2537
vn -0.0283 0.9965 0.0792
vn 0.1727 0.9834 -0.0547
vn 0.2990 0.9428 0.1476
vn 0.3637 0.9129 -0.1853
vt 0.847540 0.054629
vt 0.727202 0.054754
vt 0.727140 0.044664
vt 0.847362 0.044605
vt 0.847782 0.064682
vt 0.727200 0.064820
vt 0.847956 0.074784
vt 0.727134 0.074881
vt 0.847957 0.084917
vt 0.727223 0.084946
vt 0.847802 0.094991
vt 0.727261 0.094991
vt 0.847496 0.024546
vt 0.727118 0.024456
vt 0.727139 0.014384
vt 0.847719 0.014493
vt 0.847345 0.034574
vt 0.727052 0.034551
vt 0.621098 0.054727
vt 0.621014 0.044661
vt 0.621096 0.064776
vt 0.621008 0.074820
vt 0.621120 0.084868
vt 0.621165 0.094894
vt 0.620972 0.024507
vt 0.620991 0.014463
vt 0.620892 0.034578
vt 0.529120 0.054750
vt 0.529006 0.044695
vt 0.529120 0.064764
vt 0.529005 0.074761
vt 0.529159 0.084759
vt 0.529218 0.094729
vt 0.528954 0.024545
vt 0.528985 0.014534
vt 0.528843 0.034608
vt 0.450640 0.054848
vt 0.450475 0.044762
vt 0.450643 0.064842
vt 0.450486 0.074776
vt 0.450696 0.084692
vt 0.450774 0.094599
vt 0.450369 0.024511
vt 0.450394 0.014513
vt 0.450237 0.034615
vt 0.384831 0.055120
vt 0.384774 0.045006
vt 0.384793 0.065070
vt 0.384692 0.074844
vt 0.384871 0.084554
vt 0.384787 0.094387
vt 0.384334 0.024776
vt 0.384175 0.014788
vt 0.384479 0.034872
vt 0.329202 0.054756
vt 0.329077 0.045166
vt 0.329254 0.064373
vt 0.329195 0.074099
vt 0.329041 0.083965
vt 0.329043 0.093828
vt 0.329001 0.025894
vt 0.328839 0.016115
vt 0.329112 0.035545
vt 0.275142 0.054617
vt 0.275160 0.045153
vt 0.275093 0.064202
vt 0.275066 0.073923
vt 0.275049 0.083719
vt 0.274998 0.093597
vt 0.275178 0.026032
vt 0.275151 0.016317
vt 0.275183 0.035655
vt 0.220122 0.054607
vt 0.220314 0.045116
vt 0.219992 0.064135
vt 0.219981 0.073749
vt 0.220077 0.083457
vt 0.219933 0.093232
vt 0.220191 0.026035
vt 0.220220 0.016326
vt 0.220196 0.035609
vt 0.163377 0.054472
vt 0.163561 0.044991
vt 0.163255 0.063981
vt 0.163250 0.073561
vt 0.163348 0.083221
vt 0.163226 0.092937
vt 0.163464 0.025940
vt 0.163504 0.016266
vt 0.163459 0.035494
vt 0.104190 0.054333
vt 0.104357 0.044841
vt 0.104097 0.063838
vt 0.104119 0.073412
vt 0.104239 0.083073
vt 0.104165 0.092759
vt 0.104330 0.025786
vt 0.104414 0.016112
vt 0.104288 0.035338
vt 0.041083 0.054360
vt 0.041060 0.044567
vt 0.041430 0.064078
vt 0.041879 0.073723
vt 0.042178 0.083344
vt 0.042158 0.092968
vt 0.041848 0.025118
vt 0.042269 0.015405
vt 0.041361 0.034803
vt 0.200268 0.853772
vt 0.221595 0.990780
vt 0.213652 0.990780
vt 0.070624 0.853772
vt 0.254316 0.305739
vt 0.234531 0.442748
vt 0.083343 0.442748
vt 0.240575 0.305739
vt 0.209421 0.579756
vt 0.014622 0.579756
vt 0.202560 0.716764
vt 0.014622 0.716764
vt 0.396610 0.716764
vt 0.331924 0.853772
vt 0.396610 0.579756
vt 0.352476 0.442748
vt 0.261164 0.305739
vt 0.239858 0.990780
vt 0.433333 0.421575
vt 1.000000 0.421575
vt 0.716667 0.699241
vt 1.000000 0.976907
vt 0.433333 0.976907
s 1
usemtl Plant_2.001
f 1136/132/1136 1144/133/1137 1151/134/1138 1143/135/1139
f 1137/136/1140 1145/137/1141 1144/133/1137 1136/132/1136
f 1138/138/1142 1146/139/1143 1145/137/1141 1137/136/1140
f 1139/140/1144 1147/141/1145 1146/139/1143 1138/138/1142
f 1140/142/1146 1148/143/1147 1147/141/1145 1139/140/1144
f 1141/144/1148 1149/145/1149 1148/146/1147 1140/147/1146
f 1142/148/1150 1150/149/1151 1149/145/1149 1141/144/1148
f 1143/135/1139 1151/134/1138 1150/149/1151 1142/148/1150
f 1144/133/1137 1152/150/1152 1159/151/1153 1151/134/1138
f 1145/137/1141 1153/152/1154 1152/150/1152 1144/133/1137
f 1146/139/1143 1154/153/1155 1153/152/1154 1145/137/1141
f 1147/141/1145 1155/154/1156 1154/153/1155 1146/139/1143
f 1148/143/1147 1156/155/1157 1155/154/1156 1147/141/1145
f 1149/145/1149 1157/156/1158 1156/157/1157 1148/146/1147
f 1150/149/1151 1158/158/1159 1157/156/1158 1149/145/1149
f 1151/134/1138 1159/151/1153 1158/158/1159 1150/149/1151
f 1152/150/1152 1160/159/1160 1167/160/1161 1159/151/1153
f 1153/152/1154 1161/161/1162 1160/159/1160 1152/150/1152
f 1154/153/1155 1162/162/1163 1161/161/1162 1153/152/1154
f 1155/154/1156 1163/163/1164 1162/162/1163 1154/153/1155
f 1156/155/1157 1164/164/1165 1163/163/1164 1155/154/1156
f 1157/156/1158 1165/165/1166 1164/166/1165 1156/157/1157
f 1158/158/1159 1166/167/1167 1165/165/1166 1157/156/1158
f 1159/151/1153 1167/160/1161 1166/167/1167 1158/158/1159
f 1160/159/1160 1168/168/1168 1175/169/1169 1167/160/1161
f 1161/161/1162 1169/170/1170 1168/168/1168 1160/159/1160
f 1162/162/1163 1170/171/1171 1169/170/1170 1161/161/1162
f 1163/163/1164 1171/172/1172 1170/171/1171 1162/162/1163
f 1164/164/1165 1172/173/1173 1171/172/1172 1163/163/1164
f 1165/165/1166 1173/174/1174 1172/175/1173 1164/166/1165
f 1166/167/1167 1174/176/1175 1173/174/1174 1165/165/1166
f 1167/160/1161 1175/169/1169 1174/176/1175 1166/167/1167
f 1168/168/1168 1176/177/1176 1183/178/1177 1175/169/1169
f 1169/170/1170 1177/179/1178 1176/177/1176 1168/168/1168
f 1170/171/1171 1178/180/1179 1177/179/1178 1169/170/1170
f 1171/172/1172 1179/181/1180 1178/180/1179 1170/171/1171
f 1172/173/1173 1180/182/1181 1179/181/1180 1171/172/1172
f 1173/174/1174 1181/183/1182 1180/184/1181 1172/175/1173
f 1174/176/1175 1182/185/1183 1181/183/1182 1173/174/1174
f 1175/169/1169 1183/178/1177 1182/185/1183 1174/176/1175
f 1176/177/1176 1184/186/1184 1191/187/1185 1183/178/1177
f 1177/179/1178 1185/188/1186 1184/186/1184 1176/177/1176
f 1178/180/1179 1186/189/1187 1185/188/1186 1177/179/1178
f 1179/181/1180 1187/190/1188 1186/189/1187 1178/180/1179
f 1180/182/1181 1188/191/1189 1187/190/1188 1179/181/1180
f 1181/183/1182 1189/192/1190 1188/193/1189 1180/184/1181
f 1182/185/1183 1190/194/1191 1189/192/1190 1181/183/1182
f 1183/178/1177 1191/187/1185 1190/194/1191 1182/185/1183
f 1184/186/1184 1192/195/1192 1199/196/1193 1191/187/1185
f 1185/188/1186 1193/197/1194 1192/195/1192 1184/186/1184
f 1186/189/1187 1194/198/1195 1193/197/1194 1185/188/1186
f 1187/190/1188 1195/199/1196 1194/198/1195 1186/189/1187
f 1188/191/1189 1196/200/1197 1195/199/1196 1187/190/1188
f 1189/192/1190 1197/201/1198 1196/202/1197 1188/193/1189
f 1190/194/1191 1198/203/1199 1197/201/1198 1189/192/1190
f 1191/187/1185 1199/196/1193 1198/203/1199 1190/194/1191
f 1192/195/1192 1200/204/1200 1207/205/1201 1199/196/1193
f 1193/197/1194 1201/206/1202 1200/204/1200 1192/195/1192
f 1194/198/1195 1202/207/1203 1201/206/1202 1193/197/1194
f 1195/199/1196 1203/208/1204 1202/207/1203 1194/198/1195
f 1196/200/1197 1204/209/1205 1203/208/1204 1195/199/1196
f 1197/201/1198 1205/210/1206 1204/211/1205 1196/202/1197
f 1198/203/1199 1206/212/1207 1205/210/1206 1197/201/1198
f 1199/196/1193 1207/205/1201 1206/212/1207 1198/203/1199
f 1200/204/1200 1208/213/1208 1215/214/1209 1207/205/1201
f 1201/206/1202 1209/215/1210 1208/213/1208 1200/204/1200
f 1202/207/1203 1210/216/1211 1209/215/1210 1201/206/1202
f 1203/208/1204 1211/217/1212 1210/216/1211 1202/207/1203
f 1204/209/1205 1212/218/1213 1211/217/1212 1203/208/1204
f 1205/210/1206 1213/219/1214 1212/220/1213 1204/211/1205
f 1206/212/1207 1214/221/1215 1213/219/1214 1205/210/1206
f 1207/205/1201 1215/214/1209 1214/221/1215 1206/212/1207
f 1208/213/1208 1216/222/1216 1223/223/1217 1215/214/1209
f 1209/215/1210 1217/224/1218 1216/222/1216 1208/213/1208
f 1210/216/1211 1218/225/1219 1217/224/1218 1209/215/1210
f 1211/217/1212 1219/226/1220 1218/225/1219 1210/216/1211
f 1212/218/1213 1220/227/1221 1219/226/1220 1211/217/1212
f 1213/219/1214 1221/228/1222 1220/229/1221 1212/220/1213
f 1214/221/1215 1222/230/1223 1221/228/1222 1213/219/1214
f 1215/214/1209 1223/223/1217 1222/230/1223 1214/221/1215
f 1216/222/1216 1224/231/1224 1231/232/1225 1223/223/1217
f 1217/224/1218 1225/233/1226 1224/231/1224 1216/222/1216
f 1218/225/1219 1226/234/1227 1225/233/1226 1217/224/1218
f 1219/226/1220 1227/235/1228 1226/234/1227 1218/225/1219
f 1220/227/1221 1228/236/1229 1227/235/1228 1219/226/1220
f 1221/228/1222 1229/237/1230 1228/238/1229 1220/229/1221
f 1222/230/1223 1230/239/1231 1229/237/1230 1221/228/1222
f 1223/223/1217 1231/232/1225 1230/239/1231 1222/230/1223
f 1249/240/1232 1245/241/1233 1236/242/1234 1234/243/1235
f 1244/244/1236 1246/245/1237 1239/246/1238 1232/247/1239
f 1246/245/1237 1247/248/1240 1238/249/1241 1239/246/1238
f 1247/248/1240 1248/250/1242 1237/251/1243 1238/249/1241
f 1248/250/1242 1249/240/1232 1234/243/1235 1237/251/1243
f 1242/252/1244 1243/253/1245 1249/240/1232 1248/250/1242
f 1241/254/1246 1242/252/1244 1248/250/1242 1247/248/1240
f 1240/255/1247 1241/254/1246 1247/248/1240 1246/245/1237
f 1233/256/1248 1240/255/1247 1246/245/1237 1244/244/1236
f 1243/253/1245 1235/257/1249 1245/241/1233 1249/240/1232
f 1267/240/1250 1263/241/1251 1254/242/1252 1252/243/1253
f 1262/244/1254 1264/245/1255 1257/246/1256 1250/247/1257
f 1264/245/1255 1265/248/1258 1256/249/1259 1257/246/1256
f 1265/248/1258 1266/250/1260 1255/251/1261 1256/249/1259
f 1266/250/1260 1267/240/1250 1252/243/1253 1255/251/1261
f 1260/252/1262 1261/253/1263 1267/240/1250 1266/250/1260
f 1259/254/1264 1260/252/1262 1266/250/1260 1265/248/1258
f 1258/255/1265 1259/254/1264 1265/248/1258 1264/245/1255
f 1251/256/1266 1258/255/1265 1264/245/1255 1262/244/1254
f 1261/253/1263 1253/257/1267 1263/241/1251 1267/240/1250
f 1285/240/1268 1281/241/1269 1272/242/1270 1270/243/1271
f 1280/244/1272 1282/245/1273 1275/246/1274 1268/247/1275
f 1282/245/1273 1283/248/1276 1274/249/1277 1275/246/1274
f 1283/248/1276 1284/250/1278 1273/251/1279 1274/249/1277
f 1284/250/1278 1285/240/1268 1270/243/1271 1273/251/1279
f 1278/252/1280 1279/253/1281 1285/240/1268 1284/250/1278
f 1277/254/1282 1278/252/1280 1284/250/1278 1283/248/1276
f 1276/255/1283 1277/254/1282 1283/248/1276 1282/245/1273
f 1269/256/1284 1276/255/1283 1282/245/1273 1280/244/1272
f 1279/253/1281 1271/257/1285 1281/241/1269 1285/240/1268
f 1303/240/1286 1299/241/1287 1290/242/1288 1288/243/1289
f 1298/244/1290 1300/245/1291 1293/246/1292 1286/247/1293
f 1300/245/1291 1301/248/1294 1292/249/1295 1293/246/1292
f 1301/248/1294 1302/250/1296 1291/251/1297 1292/249/1295
f 1302/250/1296 1303/240/1286 1288/243/1289 1291/251/1297
f 1296/252/1298 1297/253/1299 1303/240/1286 1302/250/1296
f 1295/254/1300 1296/252/1298 1302/250/1296 1301/248/1294
f 1294/255/1301 1295/254/1300 1301/248/1294 1300/245/1291
f 1287/256/1302 1294/255/1301 1300/245/1291 1298/244/1290
f 1297/253/1299 1289/257/1303 1299/241/1287 1303/240/1286
f 1321/240/1304 1317/241/1305 1308/242/1306 1306/243/1307
f 1316/244/1308 1318/245/1309 1311/246/1310 1304/247/1311
f 1318/245/1309 1319/248/1312 1310/249/1313 1311/246/1310
f 1319/248/1312 1320/250/1314 1309/251/1315 1310/249/1313
f 1320/250/1314 1321/240/1304 1306/243/1307 1309/251/1315
f 1314/252/1316 1315/253/1317 1321/240/1304 1320/250/1314
f 1313/254/1318 1314/252/1316 1320/250/1314 1319/248/1312
f 1312/255/1319 1313/254/1318 1319/248/1312 1318/245/1309
f 1305/256/1320 1312/255/1319 1318/245/1309 1316/244/1308
f 1315/253/1317 1307/257/1321 1317/241/1305 1321/240/1304
f 1339/240/1322 1335/241/1323 1326/242/1324 1324/243/1325
f 1334/244/1326 1336/245/1327 1329/246/1328 1322/247/1329
f 1336/245/1327 1337/248/1330 1328/249/1331 1329/246/1328
f 1337/248/1330 1338/250/1332 1327/251/1333 1328/249/1331
f 1338/250/1332 1339/240/1322 1324/243/1325 1327/251/1333
f 1332/252/1334 1333/253/1335 1339/240/1322 1338/250/1332
f 1331/254/1336 1332/252/1334 1338/250/1332 1337/248/1330
f 1330/255/1337 1331/254/1336 1337/248/1330 1336/245/1327
f 1323/256/1338 1330/255/1337 1336/245/1327 1334/244/1326
f 1333/253/1335 1325/257/1339 1335/241/1323 1339/240/1322
f 1357/240/1340 1353/241/1341 1344/242/1342 1342/243/1343
f 1352/244/1344 1354/245/1345 1347/246/1346 1340/247/1347
f 1354/245/1345 1355/248/1348 1346/249/1349 1347/246/1346
f 1355/248/1348 1356/250/1350 1345/251/1351 1346/249/1349
f 1356/250/1350 1357/240/1340 1342/243/1343 1345/251/1351
f 1350/252/1352 1351/253/1353 1357/240/1340 1356/250/1350
f 1349/254/1354 1350/252/1352 1356/250/1350 1355/248/1348
f 1348/255/1355 1349/254/1354 1355/248/1348 1354/245/1345
f 1341/256/1356 1348/255/1355 1354/245/1345 1352/244/1344
f 1351/253/1353 1343/257/1357 1353/241/1341 1357/240/1340
f 1359/258/1358 1358/259/1359 1362/260/1360
f 1358/259/1359 1360/261/1361 1362/260/1360
f 1360/261/1361 1361/262/1362 1362/260/1360
f 1361/262/1362 1359/258/1358 1362/260/1360
f 1363/132/1363 1371/133/1364 1378/134/1365 1370/135/1366
f 1364/136/1367 1372/137/1368 1371/133/1364 1363/132/1363
f 1365/138/1369 1373/139/1370 1372/137/1368 1364/136/1367
f 1366/140/1371 1374/141/1372 1373/139/1370 1365/138/1369
f 1367/142/1373 1375/143/1374 1374/141/1372 1366/140/1371
f 1368/144/1375 1376/145/1376 1375/146/1374 1367/147/1373
f 1369/148/1377 1377/149/1378 1376/145/1376 1368/144/1375
f 1370/135/1366 1378/134/1365 1377/149/1378 1369/148/1377
f 1371/133/1364 1379/150/1379 1386/151/1380 1378/134/1365
f 1372/137/1368 1380/152/1381 1379/150/1379 1371/133/1364
f 1373/139/1370 1381/153/1382 1380/152/1381 1372/137/1368
f 1374/141/1372 1382/154/1383 1381/153/1382 1373/139/1370
f 1375/143/1374 1383/155/1384 1382/154/1383 1374/141/1372
f 1376/145/1376 1384/156/1385 1383/157/1384 1375/146/1374
f 1377/149/1378 1385/158/1386 1384/156/1385 1376/145/1376
f 1378/134/1365 1386/151/1380 1385/158/1386 1377/149/1378
f 1379/150/1379 1387/159/1387 1394/160/1388 1386/151/1380
f 1380/152/1381 1388/161/1389 1387/159/1387 1379/150/1379
f 1381/153/1382 1389/162/1390 1388/161/1389 1380/152/1381
f 1382/154/1383 1390/163/1391 1389/162/1390 1381/153/1382
f 1383/155/1384 1391/164/1392 1390/163/1391 1382/154/1383
f 1384/156/1385 1392/165/1393 1391/166/1392 1383/157/1384
f 1385/158/1386 1393/167/1394 1392/165/1393 1384/156/1385
f 1386/151/1380 1394/160/1388 1393/167/1394 1385/158/1386
f 1387/159/1387 1395/168/1395 1402/169/1396 1394/160/1388
f 1388/161/1389 1396/170/1397 1395/168/1395 1387/159/1387
f 1389/162/1390 1397/171/1398 1396/170/1397 1388/161/1389
f 1390/163/1391 1398/172/1399 1397/171/1398 1389/162/1390
f 1391/164/1392 1399/173/1400 1398/172/1399 1390/163/1391
f 1392/165/1393 1400/174/1401 1399/175/1400 1391/166/1392
f 1393/167/1394 1401/176/1402 1400/174/1401 1392/165/1393
f 1394/160/1388 1402/169/1396 1401/176/1402 1393/167/1394
f 1395/168/1395 1403/177/1403 1410/178/1404 1402/169/1396
f 1396/170/1397 1404/179/1405 1403/177/1403 1395/168/1395
f 1397/171/1398 1405/180/1406 1404/179/1405 1396/170/1397
f 1398/172/1399 1406/181/1407 1405/180/1406 1397/171/1398
f 1399/173/1400 1407/182/1408 1406/181/1407 1398/172/1399
f 1400/174/1401 1408/183/1409 1407/184/1408 1399/175/1400
f 1401/176/1402 1409/185/1410 1408/183/1409 1400/174/1401
f 1402/169/1396 1410/178/1404 1409/185/1410 1401/176/1402
f 1403/177/1403 1411/186/1411 1418/187/1412 1410/178/1404
f 1404/179/1405 1412/188/1413 1411/186/1411 1403/177/1403
f 1405/180/1406 1413/189/1414 1412/188/1413 1404/179/1405
f 1406/181/1407 1414/190/1415 1413/189/1414 1405/180/1406
f 1407/182/1408 1415/191/1416 1414/190/1415 1406/181/1407
f 1408/183/1409 1416/192/1417 1415/193/1416 1407/184/1408
f 1409/185/1410 1417/194/1418 1416/192/1417 1408/183/1409
f 1410/178/1404 1418/187/1412 1417/194/1418 1409/185/1410
f 1411/186/1411 1419/195/1419 1426/196/1420 1418/187/1412
f 1412/188/1413 1420/197/1421 1419/195/1419 1411/186/1411
f 1413/189/1414 1421/198/1422 1420/197/1421 1412/188/1413
f 1414/190/1415 1422/199/1423 1421/198/1422 1413/189/1414
f 1415/191/1416 1423/200/1424 1422/199/1423 1414/190/1415
f 1416/192/1417 1424/201/1425 1423/202/1424 1415/193/1416
f 1417/194/1418 1425/203/1426 1424/201/1425 1416/192/1417
f 1418/187/1412 1426/196/1420 1425/203/1426 1417/194/1418
f 1419/195/1419 1427/204/1427 1434/205/1428 1426/196/1420
f 1420/197/1421 1428/206/1429 1427/204/1427 1419/195/1419
f 1421/198/1422 1429/207/1430 1428/206/1429 1420/197/1421
f 1422/199/1423 1430/208/1431 1429/207/1430 1421/198/1422
f 1423/200/1424 1431/209/1432 1430/208/1431 1422/199/1423
f 1424/201/1425 1432/210/1433 1431/211/1432 1423/202/1424
f 1425/203/1426 1433/212/1434 1432/210/1433 1424/201/1425
f 1426/196/1420 1434/205/1428 1433/212/1434 1425/203/1426
f 1427/204/1427 1435/213/1435 1442/214/1436 1434/205/1428
f 1428/206/1429 1436/215/1437 1435/213/1435 1427/204/1427
f 1429/207/1430 1437/216/1438 1436/215/1437 1428/206/1429
f 1430/208/1431 1438/217/1439 1437/216/1438 1429/207/1430
f 1431/209/1432 1439/218/1440 1438/217/1439 1430/208/1431
f 1432/210/1433 1440/219/1441 1439/220/1440 1431/211/1432
f 1433/212/1434 1441/221/1442 1440/219/1441 1432/210/1433
f 1434/205/1428 1442/214/1436 1441/221/1442 1433/212/1434
f 1435/213/1435 1443/222/1443 1450/223/1444 1442/214/1436
f 1436/215/1437 1444/224/1445 1443/222/1443 1435/213/1435
f 1437/216/1438 1445/225/1446 1444/224/1445 1436/215/1437
f 1438/217/1439 1446/226/1447 1445/225/1446 1437/216/1438
f 1439/218/1440 1447/227/1448 1446/226/1447 1438/217/1439
f 1440/219/1441 1448/228/1449 1447/229/1448 1439/220/1440
f 1441/221/1442 1449/230/1450 1448/228/1449 1440/219/1441
f 1442/214/1436 1450/223/1444 1449/230/1450 1441/221/1442
f 1443/222/1443 1451/231/1451 1458/232/1452 1450/223/1444
f 1444/224/1445 1452/233/1453 1451/231/1451 1443/222/1443
f 1445/225/1446 1453/234/1454 1452/233/1453 1444/224/1445
f 1446/226/1447 1454/235/1455 1453/234/1454 1445/225/1446
f 1447/227/1448 1455/236/1456 1454/235/1455 1446/226/1447
f 1448/228/1449 1456/237/1457 1455/238/1456 1447/229/1448
f 1449/230/1450 1457/239/1458 1456/237/1457 1448/228/1449
f 1450/223/1444 1458/232/1452 1457/239/1458 1449/230/1450
f 1476/240/1459 1472/241/1460 1463/242/1461 1461/243/1462
f 1471/244/1463 1473/245/1464 1466/246/1465 1459/247/1466
f 1473/245/1464 1474/248/1467 1465/249/1468 1466/246/1465
f 1474/248/1467 1475/250/1469 1464/251/1470 1465/249/1468
f 1475/250/1469 1476/240/1459 1461/243/1462 1464/251/1470
f 1469/252/1471 1470/253/1472 1476/240/1459 1475/250/1469
f 1468/254/1473 1469/252/1471 1475/250/1469 1474/248/1467
f 1467/255/1474 1468/254/1473 1474/248/1467 1473/245/1464
f 1460/256/1475 1467/255/1474 1473/245/1464 1471/244/1463
f 1470/253/1472 1462/257/1476 1472/241/1460 1476/240/1459
f 1494/240/1477 1490/241/1478 1481/242/1479 1479/243/1480
f 1489/244/1481 1491/245/1482 1484/246/1483 1477/247/1484
f 1491/245/1482 1492/248/1485 1483/249/1486 1484/246/1483
f 1492/248/1485 1493/250/1487 1482/251/1488 1483/249/1486
f 1493/250/1487 1494/240/1477 1479/243/1480 1482/251/1488
f 1487/252/1489 1488/253/1490 1494/240/1477 1493/250/1487
f 1486/254/1491 1487/252/1489 1493/250/1487 1492/248/1485
f 1485/255/1492 1486/254/1491 1492/248/1485 1491/245/1482
f 1478/256/1493 1485/255/1492 1491/245/1482 1489/244/1481
f 1488/253/1490 1480/257/1494 1490/241/1478 1494/240/1477
f 1512/240/1495 1508/241/1496 1499/242/1497 1497/243/1498
f 1507/244/1499 1509/245/1500 1502/246/1501 1495/247/1502
f 1509/245/1500 1510/248/1503 1501/249/1504 1502/246/1501
f 1510/248/1503 1511/250/1505 1500/251/1506 1501/249/1504
f 1511/250/1505 1512/240/1495 1497/243/1498 1500/251/1506
f 1505/252/1507 1506/253/1508 1512/240/1495 1511/250/1505
f 1504/254/1509 1505/252/1507 1511/250/1505 1510/248/1503
f 1503/255/1510 1504/254/1509 1510/248/1503 1509/245/1500
f 1496/256/1511 1503/255/1510 1509/245/1500 1507/244/1499
f 1506/253/1508 1498/257/1512 1508/241/1496 1512/240/1495
f 1530/240/1513 1526/241/1514 1517/242/1515 1515/243/1516
f 1525/244/1517 1527/245/1518 1520/246/1519 1513/247/1520
f 1527/245/1518 1528/248/1521 1519/249/1522 1520/246/1519
f 1528/248/1521 1529/250/1523 1518/251/1524 1519/249/1522
f 1529/250/1523 1530/240/1513 1515/243/1516 1518/251/1524
f 1523/252/1525 1524/253/1526 1530/240/1513 1529/250/1523
f 1522/254/1527 1523/252/1525 1529/250/1523 1528/248/1521
f 1521/255/1528 1522/254/1527 1528/248/1521 1527/245/1518
f 1514/256/1529 1521/255/1528 1527/245/1518 1525/244/1517
f 1524/253/1526 1516/257/1530 1526/241/1514 1530/240/1513
f 1548/240/1531 1544/241/1532 1535/242/1533 1533/243/1534
f 1543/244/1535 1545/245/1536 1538/246/1537 1531/247/1538
f 1545/245/1536 1546/248/1539 1537/249/1540 1538/246/1537
f 1546/248/1539 1547/250/1541 1536/251/1542 1537/249/1540
f 1547/250/1541 1548/240/1531 1533/243/1534 1536/251/1542
f 1541/252/1543 1542/253/1544 1548/240/1531 1547/250/1541
f 1540/254/1545 1541/252/1543 1547/250/1541 1546/248/1539
f 1539/255/1546 1540/254/1545 1546/248/1539 1545/245/1536
f 1532/256/1547 1539/255/1546 1545/245/1536 1543/244/1535
f 1542/253/1544 1534/257/1548 1544/241/1532 1548/240/1531
f 1566/240/1549 1562/241/1550 1553/242/1551 1551/243/1552
f 1561/244/1553 1563/245/1554 1556/246/1555 1549/247/1556
f 1563/245/1554 1564/248/1557 1555/249/1558 1556/246/1555
f 1564/248/1557 1565/250/1559 1554/251/1560 1555/249/1558
f 1565/250/1559 1566/240/1549 1551/243/1552 1554/251/1560
f 1559/252/1561 1560/253/1562 1566/240/1549 1565/250/1559
f 1558/254/1563 1559/252/1561 1565/250/1559 1564/248/1557
f 1557/255/1564 1558/254/1563 1564/248/1557 1563/245/1554
f 1550/256/1565 1557/255/1564 1563/245/1554 1561/244/1553
f 1560/253/1562 1552/257/1566 1562/241/1550 1566/240/1549
f 1584/240/1567 1580/241/1568 1571/242/1569 1569/243/1570
f 1579/244/1571 1581/245/1572 1574/246/1573 1567/247/1574
f 1581/245/1572 1582/248/1575 1573/249/1576 1574/246/1573
f 1582/248/1575 1583/250/1577 1572/251/1578 1573/249/1576
f 1583/250/1577 1584/240/1567 1569/243/1570 1572/251/1578
f 1577/252/1579 1578/253/1580 1584/240/1567 1583/250/1577
f 1576/254/1581 1577/252/1579 1583/250/1577 1582/248/1575
f 1575/255/1582 1576/254/1581 1582/248/1575 1581/245/1572
f 1568/256/1583 1575/255/1582 1581/245/1572 1579/244/1571
f 1578/253/1580 1570/257/1584 1580/241/1568 1584/240/1567
f 1586/258/1585 1585/259/1586 1589/260/1587
f 1585/259/1586 1587/261/1588 1589/260/1587
f 1587/261/1588 1588/262/1589 1589/260/1587
f 1588/262/1589 1586/258/1585 1589/260/1587
f 1590/132/1590 1598/133/1591 1605/134/1592 1597/135/1593
f 1591/136/1594 1599/137/1595 1598/133/1591 1590/132/1590
f 1592/138/1596 1600/139/1597 1599/137/1595 1591/136/1594
f 1593/140/1598 1601/141/1599 1600/139/1597 1592/138/1596
f 1594/142/1600 1602/143/1601 1601/141/1599 1593/140/1598
f 1595/144/1602 1603/145/1603 1602/146/1601 1594/147/1600
f 1596/148/1604 1604/149/1605 1603/145/1603 1595/144/1602
f 1597/135/1593 1605/134/1592 1604/149/1605 1596/148/1604
f 1598/133/1591 1606/150/1606 1613/151/1607 1605/134/1592
f 1599/137/1595 1607/152/1608 1606/150/1606 1598/133/1591
f 1600/139/1597 1608/153/1609 1607/152/1608 1599/137/1595
f 1601/141/1599 1609/154/1610 1608/153/1609 1600/139/1597
f 1602/143/1601 1610/155/1611 1609/154/1610 1601/141/1599
f 1603/145/1603 1611/156/1612 1610/157/1611 1602/146/1601
f 1604/149/1605 1612/158/1613 1611/156/1612 1603/145/1603
f 1605/134/1592 1613/151/1607 1612/158/1613 1604/149/1605
f 1606/150/1606 1614/159/1614 1621/160/1615 1613/151/1607
f 1607/152/1608 1615/161/1616 1614/159/1614 1606/150/1606
f 1608/153/1609 1616/162/1617 1615/161/1616 1607/152/1608
f 1609/154/1610 1617/163/1618 1616/162/1617 1608/153/1609
f 1610/155/1611 1618/164/1619 1617/163/1618 1609/154/1610
f 1611/156/1612 1619/165/1620 1618/166/1619 1610/157/1611
f 1612/158/1613 1620/167/1621 1619/165/1620 1611/156/1612
f 1613/151/1607 1621/160/1615 1620/167/1621 1612/158/1613
f 1614/159/1614 1622/168/1622 1629/169/1623 1621/160/1615
f 1615/161/1616 1623/170/1624 1622/168/1622 1614/159/1614
f 1616/162/1617 1624/171/1625 1623/170/1624 1615/161/1616
f 1617/163/1618 1625/172/1626 1624/171/1625 1616/162/1617
f 1618/164/1619 1626/173/1627 1625/172/1626 1617/163/1618
f 1619/165/1620 1627/174/1628 1626/175/1627 1618/166/1619
f 1620/167/1621 1628/176/1629 1627/174/1628 1619/165/1620
f 1621/160/1615 1629/169/1623 1628/176/1629 1620/167/1621
f 1622/168/1622 1630/177/1630 1637/178/1631 1629/169/1623
f 1623/170/1624 1631/179/1632 1630/177/1630 1622/168/1622
f 1624/171/1625 1632/180/1633 1631/179/1632 1623/170/1624
f 1625/172/1626 1633/181/1634 1632/180/1633 1624/171/1625
f 1626/173/1627 1634/182/1635 1633/181/1634 1625/172/1626
f 1627/174/1628 1635/183/1636 1634/184/1635 1626/175/1627
f 1628/176/1629 1636/185/1637 1635/183/1636 1627/174/1628
f 1629/169/1623 1637/178/1631 1636/185/1637 1628/176/1629
f 1630/177/1630 1638/186/1638 1645/187/1639 1637/178/1631
f 1631/179/1632 1639/188/1640 1638/186/1638 1630/177/1630
f 1632/180/1633 1640/189/1641 1639/188/1640 1631/179/1632
f 1633/181/1634 1641/190/1642 1640/189/1641 1632/180/1633
f 1634/182/1635 1642/191/1643 1641/190/1642 1633/181/1634
f 1635/183/1636 1643/192/1644 1642/193/1643 1634/184/1635
f 1636/185/1637 1644/194/1645 1643/192/1644 1635/183/1636
f 1637/178/1631 1645/187/1639 1644/194/1645 1636/185/1637
f 1638/186/1638 1646/195/1646 1653/196/1647 1645/187/1639
f 1639/188/1640 1647/197/1648 1646/195/1646 1638/186/1638
f 1640/189/1641 1648/198/1649 1647/197/1648 1639/188/1640
f 1641/190/1642 1649/199/1650 1648/198/1649 1640/189/1641
f 1642/191/1643 1650/200/1651 1649/199/1650 1641/190/1642
f 1643/192/1644 1651/201/1652 1650/202/1651 1642/193/1643
f 1644/194/1645 1652/203/1653 1651/201/1652 1643/192/1644
f 1645/187/1639 1653/196/1647 1652/203/1653 1644/194/1645
f 1646/195/1646 1654/204/1654 1661/205/1655 1653/196/1647
f 1647/197/1648 1655/206/1656 1654/204/1654 1646/195/1646
f 1648/198/1649 1656/207/1657 1655/206/1656 1647/197/1648
f 1649/199/1650 1657/208/1658 1656/207/1657 1648/198/1649
f 1650/200/1651 1658/209/1659 1657/208/1658 1649/199/1650
f 1651/201/1652 1659/210/1660 1658/211/1659 1650/202/1651
f 1652/203/1653 1660/212/1661 1659/210/1660 1651/201/1652
f 1653/196/1647 1661/205/1655 1660/212/1661 1652/203/1653
f 1654/204/1654 1662/213/1662 1669/214/1663 1661/205/1655
f 1655/206/1656 1663/215/1664 1662/213/1662 1654/204/1654
f 1656/207/1657 1664/216/1665 1663/215/1664 1655/206/1656
f 1657/208/1658 1665/217/1666 1664/216/1665 1656/207/1657
f 1658/209/1659 1666/218/1667 1665/217/1666 1657/208/1658
f 1659/210/1660 1667/219/1668 1666/220/1667 1658/211/1659
f 1660/212/1661 1668/221/1669 1667/219/1668 1659/210/1660
f 1661/205/1655 1669/214/1663 1668/221/1669 1660/212/1661
f 1662/213/1662 1670/222/1670 1677/223/1671 1669/214/1663
f 1663/215/1664 1671/224/1672 1670/222/1670 1662/213/1662
f 1664/216/1665 1672/225/1673 1671/224/1672 1663/215/1664
f 1665/217/1666 1673/226/1674 1672/225/1673 1664/216/1665
f 1666/218/1667 1674/227/1675 1673/226/1674 1665/217/1666
f 1667/219/1668 1675/228/1676 1674/229/1675 1666/220/1667
f 1668/221/1669 1676/230/1677 1675/228/1676 1667/219/1668
f 1669/214/1663 1677/223/1671 1676/230/1677 1668/221/1669
f 1670/222/1670 1678/231/1678 1685/232/1679 1677/223/1671
f 1671/224/1672 1679/233/1680 1678/231/1678 1670/222/1670
f 1672/225/1673 1680/234/1681 1679/233/1680 1671/224/1672
f 1673/226/1674 1681/235/1682 1680/234/1681 1672/225/1673
f 1674/227/1675 1682/236/1683 1681/235/1682 1673/226/1674
f 1675/228/1676 1683/237/1684 1682/238/1683 1674/229/1675
f 1676/230/1677 1684/239/1685 1683/237/1684 1675/228/1676
f 1677/223/1671 1685/232/1679 1684/239/1685 1676/230/1677
f 1703/240/1686 1699/241/1687 1690/242/1688 1688/243/1689
f 1698/244/1690 1700/245/1691 1693/246/1692 1686/247/1693
f 1700/245/1691 1701/248/1694 1692/249/1695 1693/246/1692
f 1701/248/1694 1702/250/1696 1691/251/1697 1692/249/1695
f 1702/250/1696 1703/240/1686 1688/243/1689 1691/251/1697
f 1696/252/1698 1697/253/1699 1703/240/1686 1702/250/1696
f 1695/254/1700 1696/252/1698 1702/250/1696 1701/248/1694
f 1694/255/1701 1695/254/1700 1701/248/1694 1700/245/1691
f 1687/256/1702 1694/255/1701 1700/245/1691 1698/244/1690
f 1697/253/1699 1689/257/1703 1699/241/1687 1703/240/1686
f 1721/240/1704 1717/241/1705 1708/242/1706 1706/243/1707
f 1716/244/1708 1718/245/1709 1711/246/1710 1704/247/1711
f 1718/245/1709 1719/248/1712 1710/249/1713 1711/246/1710
f 1719/248/1712 1720/250/1714 1709/251/1715 1710/249/1713
f 1720/250/1714 1721/240/1704 1706/243/1707 1709/251/1715
f 1714/252/1716 1715/253/1717 1721/240/1704 1720/250/1714
f 1713/254/1718 1714/252/1716 1720/250/1714 1719/248/1712
f 1712/255/1719 1713/254/1718 1719/248/1712 1718/245/1709
f 1705/256/1720 1712/255/1719 1718/245/1709 1716/244/1708
f 1715/253/1717 1707/257/1721 1717/241/1705 1721/240/1704
f 1739/240/1722 1735/241/1723 1726/242/1724 1724/243/1725
f 1734/244/1726 1736/245/1727 1729/246/1728 1722/247/1729
f 1736/245/1727 1737/248/1730 1728/249/1731 1729/246/1728
f 1737/248/1730 1738/250/1732 1727/251/1733 1728/249/1731
f 1738/250/1732 1739/240/1722 1724/243/1725 1727/251/1733
f 1732/252/1734 1733/253/1735 1739/240/1722 1738/250/1732
f 1731/254/1736 1732/252/1734 1738/250/1732 1737/248/1730
f 1730/255/1737 1731/254/1736 1737/248/1730 1736/245/1727
f 1723/256/1738 1730/255/1737 1736/245/1727 1734/244/1726
f 1733/253/1735 1725/257/1739 1735/241/1723 1739/240/1722
f 1757/240/1740 1753/241/1741 1744/242/1742 1742/243/1743
f 1752/244/1744 1754/245/1745 1747/246/1746 1740/247/1747
f 1754/245/1745 1755/248/1748 1746/249/1749 1747/246/1746
f 1755/248/1748 1756/250/1750 1745/251/1751 1746/249/1749
f 1756/250/1750 1757/240/1740 1742/243/1743 1745/251/1751
f 1750/252/1752 1751/253/1753 1757/240/1740 1756/250/1750
f 1749/254/1754 1750/252/1752 1756/250/1750 1755/248/1748
f 1748/255/1755 1749/254/1754 1755/248/1748 1754/245/1745
f 1741/256/1756 1748/255/1755 1754/245/1745 1752/244/1744
f 1751/253/1753 1743/257/1757 1753/241/1741 1757/240/1740
f 1775/240/1758 1771/241/1759 1762/242/1760 1760/243/1761
f 1770/244/1762 1772/245/1763 1765/246/1764 1758/247/1765
f 1772/245/1763 1773/248/1766 1764/249/1767 1765/246/1764
f 1773/248/1766 1774/250/1768 1763/251/1769 1764/249/1767
f 1774/250/1768 1775/240/1758 1760/243/1761 1763/251/1769
f 1768/252/1770 1769/253/1771 1775/240/1758 1774/250/1768
f 1767/254/1772 1768/252/1770 1774/250/1768 1773/248/1766
f 1766/255/1773 1767/254/1772 1773/248/1766 1772/245/1763
f 1759/256/1774 1766/255/1773 1772/245/1763 1770/244/1762
f 1769/253/1771 1761/257/1775 1771/241/1759 1775/240/1758
f 1793/240/1776 1789/241/1777 1780/242/1778 1778/243/1779
f 1788/244/1780 1790/245/1781 1783/246/1782 1776/247/1783
f 1790/245/1781 1791/248/1784 1782/249/1785 1783/246/1782
f 1791/248/1784 1792/250/1786 1781/251/1787 1782/249/1785
f 1792/250/1786 1793/240/1776 1778/243/1779 1781/251/1787
f 1786/252/1788 1787/253/1789 1793/240/1776 1792/250/1786
f 1785/254/1790 1786/252/1788 1792/250/1786 1791/248/1784
f 1784/255/1791 1785/254/1790 1791/248/1784 1790/245/1781
f 1777/256/1792 1784/255/1791 1790/245/1781 1788/244/1780
f 1787/253/1789 1779/257/1793 1789/241/1777 1793/240/1776
f 1811/240/1794 1807/241/1795 1798/242/1796 1796/243/1797
f 1806/244/1798 1808/245/1799 1801/246/1800 1794/247/1801
f 1808/245/1799 1809/248/1802 1800/249/1803 1801/246/1800
f 1809/248/1802 1810/250/1804 1799/251/1805 1800/249/1803
f 1810/250/1804 1811/240/1794 1796/243/1797 1799/251/1805
f 1804/252/1806 1805/253/1807 1811/240/1794 1810/250/1804
f 1803/254/1808 1804/252/1806 1810/250/1804 1809/248/1802
f 1802/255/1809 1803/254/1808 1809/248/1802 1808/245/1799
f 1795/256/1810 1802/255/1809 1808/245/1799 1806/244/1798
f 1805/253/1807 1797/257/1811 1807/241/1795 1811/240/1794
f 1813/258/1812 1812/259/1813 1816/260/1814
f 1812/259/1813 1814/261/1815 1816/260/1814
f 1814/261/1815 1815/262/1816 1816/260/1814
f 1815/262/1816 1813/258/1812 1816/260/1814
f 1817/132/1817 1825/133/1818 1832/134/1819 1824/135/1820
f 1818/136/1821 1826/137/1822 1825/133/1818 1817/132/1817
f 1819/138/1823 1827/139/1824 1826/137/1822 1818/136/1821
f 1820/140/1825 1828/141/1826 1827/139/1824 1819/138/1823
f 1821/142/1827 1829/143/1828 1828/141/1826 1820/140/1825
f 1822/144/1829 1830/145/1830 1829/146/1828 1821/147/1827
f 1823/148/1831 1831/149/1832 1830/145/1830 1822/144/1829
f 1824/135/1820 1832/134/1819 1831/149/1832 1823/148/1831
f 1825/133/1818 1833/150/1833 1840/151/1834 1832/134/1819
f 1826/137/1822 1834/152/1835 1833/150/1833 1825/133/1818
f 1827/139/1824 1835/153/1836 1834/152/1835 1826/137/1822
f 1828/141/1826 1836/154/1837 1835/153/1836 1827/139/1824
f 1829/143/1828 1837/155/1838 1836/154/1837 1828/141/1826
f 1830/145/1830 1838/156/1839 1837/157/1838 1829/146/1828
f 1831/149/1832 1839/158/1840 1838/156/1839 1830/145/1830
f 1832/134/1819 1840/151/1834 1839/158/1840 1831/149/1832
f 1833/150/1833 1841/159/1841 1848/160/1842 1840/151/1834
f 1834/152/1835 1842/161/1843 1841/159/1841 1833/150/1833
f 1835/153/1836 1843/162/1844 1842/161/1843 1834/152/1835
f 1836/154/1837 1844/163/1845 1843/162/1844 1835/153/1836
f 1837/155/1838 1845/164/1846 1844/163/1845 1836/154/1837
f 1838/156/1839 1846/165/1847 1845/166/1846 1837/157/1838
f 1839/158/1840 1847/167/1848 1846/165/1847 1838/156/1839
f 1840/151/1834 1848/160/1842 1847/167/1848 1839/158/1840
f 1841/159/1841 1849/168/1849 1856/169/1850 1848/160/1842
f 1842/161/1843 1850/170/1851 1849/168/1849 1841/159/1841
f 1843/162/1844 1851/171/1852 1850/170/1851 1842/161/1843
f 1844/163/1845 1852/172/1853 1851/171/1852 1843/162/1844
f 1845/164/1846 1853/173/1854 1852/172/1853 1844/163/1845
f 1846/165/1847 1854/174/1855 1853/175/1854 1845/166/1846
f 1847/167/1848 1855/176/1856 1854/174/1855 1846/165/1847
f 1848/160/1842 1856/169/1850 1855/176/1856 1847/167/1848
f 1849/168/1849 1857/177/1857 1864/178/1858 1856/169/1850
f 1850/170/1851 1858/179/1859 1857/177/1857 1849/168/1849
f 1851/171/1852 1859/180/1860 1858/179/1859 1850/170/1851
f 1852/172/1853 1860/181/1861 1859/180/1860 1851/171/1852
f 1853/173/1854 1861/182/1862 1860/181/1861 1852/172/1853
f 1854/174/1855 1862/183/1863 1861/184/1862 1853/175/1854
f 1855/176/1856 1863/185/1864 1862/183/1863 1854/174/1855
f 1856/169/1850 1864/178/1858 1863/185/1864 1855/176/1856
f 1857/177/1857 1865/186/1865 1872/187/1866 1864/178/1858
f 1858/179/1859 1866/188/1867 1865/186/1865 1857/177/1857
f 1859/180/1860 1867/189/1868 1866/188/1867 1858/179/1859
f 1860/181/1861 1868/190/1869 1867/189/1868 1859/180/1860
f 1861/182/1862 1869/191/1870 1868/190/1869 1860/181/1861
f 1862/183/1863 1870/192/1871 1869/193/1870 1861/184/1862
f 1863/185/1864 1871/194/1872 1870/192/1871 1862/183/1863
f 1864/178/1858 1872/187/1866 1871/194/1872 1863/185/1864
f 1865/186/1865 1873/195/1873 1880/196/1874 1872/187/1866
f 1866/188/1867 1874/197/1875 1873/195/1873 1865/186/1865
f 1867/189/1868 1875/198/1876 1874/197/1875 1866/188/1867
f 1868/190/1869 1876/199/1877 1875/198/1876 1867/189/1868
f 1869/191/1870 1877/200/1878 1876/199/1877 1868/190/1869
f 1870/192/1871 1878/201/1879 1877/202/1878 1869/193/1870
f 1871/194/1872 1879/203/1880 1878/201/1879 1870/192/1871
f 1872/187/1866 1880/196/1874 1879/203/1880 1871/194/1872
f 1873/195/1873 1881/204/1881 1888/205/1882 1880/196/1874
f 1874/197/1875 1882/206/1883 1881/204/1881 1873/195/1873
f 1875/198/1876 1883/207/1884 1882/206/1883 1874/197/1875
f 1876/199/1877 1884/208/1885 1883/207/1884 1875/198/1876
f 1877/200/1878 1885/209/1886 1884/208/1885 1876/199/1877
f 1878/201/1879 1886/210/1887 1885/211/1886 1877/202/1878
f 1879/203/1880 1887/212/1888 1886/210/1887 1878/201/1879
f 1880/196/1874 1888/205/1882 1887/212/1888 1879/203/1880
f 1881/204/1881 1889/213/1889 1896/214/1890 1888/205/1882
f 1882/206/1883 1890/215/1891 1889/213/1889 1881/204/1881
f 1883/207/1884 1891/216/1892 1890/215/1891 1882/206/1883
f 1884/208/1885 1892/217/1893 1891/216/1892 1883/207/1884
f 1885/209/1886 1893/218/1894 1892/217/1893 1884/208/1885
f 1886/210/1887 1894/219/1895 1893/220/1894 1885/211/1886
f 1887/212/1888 1895/221/1896 1894/219/1895 1886/210/1887
f 1888/205/1882 1896/214/1890 1895/221/1896 1887/212/1888
f 1889/213/1889 1897/222/1897 1904/223/1898 1896/214/1890
f 1890/215/1891 1898/224/1899 1897/222/1897 1889/213/1889
f 1891/216/1892 1899/225/1900 1898/224/1899 1890/215/1891
f 1892/217/1893 1900/226/1901 1899/225/1900 1891/216/1892
f 1893/218/1894 1901/227/1902 1900/226/1901 1892/217/1893
f 1894/219/1895 1902/228/1903 1901/229/1902 1893/220/1894
f 1895/221/1896 1903/230/1904 1902/228/1903 1894/219/1895
f 1896/214/1890 1904/223/1898 1903/230/1904 1895/221/1896
f 1897/222/1897 1905/231/1905 1912/232/1906 1904/223/1898
f 1898/224/1899 1906/233/1907 1905/231/1905 1897/222/1897
f 1899/225/1900 1907/234/1908 1906/233/1907 1898/224/1899
f 1900/226/1901 1908/235/1909 1907/234/1908 1899/225/1900
f 1901/227/1902 1909/236/1910 1908/235/1909 1900/226/1901
f 1902/228/1903 1910/237/1911 1909/238/1910 1901/229/1902
f 1903/230/1904 1911/239/1912 1910/237/1911 1902/228/1903
f 1904/223/1898 1912/232/1906 1911/239/1912 1903/230/1904
f 1930/240/1913 1926/241/1914 1917/242/1915 1915/243/1916
f 1925/244/1917 1927/245/1918 1920/246/1919 1913/247/1920
f 1927/245/1918 1928/248/1921 1919/249/1922 1920/246/1919
f 1928/248/1921 1929/250/1923 1918/251/1924 1919/249/1922
f 1929/250/1923 1930/240/1913 1915/243/1916 1918/251/1924
f 1923/252/1925 1924/253/1926 1930/240/1913 1929/250/1923
f 1922/254/1927 1923/252/1925 1929/250/1923 1928/248/1921
f 1921/255/1928 1922/254/1927 1928/248/1921 1927/245/1918
f 1914/256/1929 1921/255/1928 1927/245/1918 1925/244/1917
f 1924/253/1926 1916/257/1930 1926/241/1914 1930/240/1913
f 1948/240/1931 1944/241/1932 1935/242/1933 1933/243/1934
f 1943/244/1935 1945/245/1936 1938/246/1937 1931/247/1938
f 1945/245/1936 1946/248/1939 1937/249/1940 1938/246/1937
f 1946/248/1939 1947/250/1941 1936/251/1942 1937/249/1940
f 1947/250/1941 1948/240/1931 1933/243/1934 1936/251/1942
f 1941/252/1943 1942/253/1944 1948/240/1931 1947/250/1941
f 1940/254/1945 1941/252/1943 1947/250/1941 1946/248/1939
f 1939/255/1946 1940/254/1945 1946/248/1939 1945/245/1936
f 1932/256/1947 1939/255/1946 1945/245/1936 1943/244/1935
f 1942/253/1944 1934/257/1948 1944/241/1932 1948/240/1931
f 1966/240/1949 1962/241/1950 1953/242/1951 1951/243/1952
f 1961/244/1953 1963/245/1954 1956/246/1955 1949/247/1956
f 1963/245/1954 1964/248/1957 1955/249/1958 1956/246/1955
f 1964/248/1957 1965/250/1959 1954/251/1960 1955/249/1958
f 1965/250/1959 1966/240/1949 1951/243/1952 1954/251/1960
f 1959/252/1961 1960/253/1962 1966/240/1949 1965/250/1959
f 1958/254/1963 1959/252/1961 1965/250/1959 1964/248/1957
f 1957/255/1964 1958/254/1963 1964/248/1957 1963/245/1954
f 1950/256/1965 1957/255/1964 1963/245/1954 1961/244/1953
f 1960/253/1962 1952/257/1966 1962/241/1950 1966/240/1949
f 1984/240/1967 1980/241/1968 1971/242/1969 1969/243/1970
f 1979/244/1971 1981/245/1972 1974/246/1973 1967/247/1974
f 1981/245/1972 1982/248/1975 1973/249/1976 1974/246/1973
f 1982/248/1975 1983/250/1977 1972/251/1978 1973/249/1976
f 1983/250/1977 1984/240/1967 1969/243/1970 1972/251/1978
f 1977/252/1979 1978/253/1980 1984/240/1967 1983/250/1977
f 1976/254/1981 1977/252/1979 1983/250/1977 1982/248/1975
f 1975/255/1982 1976/254/1981 1982/248/1975 1981/245/1972
f 1968/256/1983 1975/255/1982 1981/245/1972 1979/244/1971
f 1978/253/1980 1970/257/1984 1980/241/1968 1984/240/1967
f 2002/240/1985 1998/241/1986 1989/242/1987 1987/243/1988
f 1997/244/1989 1999/245/1990 1992/246/1991 1985/247/1992
f 1999/245/1990 2000/248/1993 1991/249/1994 1992/246/1991
f 2000/248/1993 2001/250/1995 1990/251/1996 1991/249/1994
f 2001/250/1995 2002/240/1985 1987/243/1988 1990/251/1996
f 1995/252/1997 1996/253/1998 2002/240/1985 2001/250/1995
f 1994/254/1999 1995/252/1997 2001/250/1995 2000/248/1993
f 1993/255/2000 1994/254/1999 2000/248/1993 1999/245/1990
f 1986/256/2001 1993/255/2000 1999/245/1990 1997/244/1989
f 1996/253/1998 1988/257/2002 1998/241/1986 2002/240/1985
f 2020/240/2003 2016/241/2004 2007/242/2005 2005/243/2006
f 2015/244/2007 2017/245/2008 2010/246/2009 2003/247/2010
f 2017/245/2008 2018/248/2011 2009/249/2012 2010/246/2009
f 2018/248/2011 2019/250/2013 2008/251/2014 2009/249/2012
f 2019/250/2013 2020/240/2003 2005/243/2006 2008/251/2014
f 2013/252/2015 2014/253/2016 2020/240/2003 2019/250/2013
f 2012/254/2017 2013/252/2015 2019/250/2013 2018/248/2011
f 2011/255/2018 2012/254/2017 2018/248/2011 2017/245/2008
f 2004/256/2019 2011/255/2018 2017/245/2008 2015/244/2007
f 2014/253/2016 2006/257/2020 2016/241/2004 2020/240/2003
f 2038/240/2021 2034/241/2022 2025/242/2023 2023/243/2024
f 2033/244/2025 2035/245/2026 2028/246/2027 2021/247/2028
f 2035/245/2026 2036/248/2029 2027/249/2030 2028/246/2027
f 2036/248/2029 2037/250/2031 2026/251/2032 2027/249/2030
f 2037/250/2031 2038/240/2021 2023/243/2024 2026/251/2032
f 2031/252/2033 2032/253/2034 2038/240/2021 2037/250/2031
f 2030/254/2035 2031/252/2033 2037/250/2031 2036/248/2029
f 2029/255/2036 2030/254/2035 2036/248/2029 2035/245/2026
f 2022/256/2037 2029/255/2036 2035/245/2026 2033/244/2025
f 2032/253/2034 2024/257/2038 2034/241/2022 2038/240/2021
f 2040/258/2039 2039/259/2040 2043/260/2041
f 2039/259/2040 2041/261/2042 2043/260/2041
f 2041/261/2042 2042/262/2043 2043/260/2041
f 2042/262/2043 2040/258/2039 2043/260/2041
f 2044/132/2044 2052/133/2045 2059/134/2046 2051/135/2047
f 2045/136/2048 2053/137/2049 2052/133/2045 2044/132/2044
f 2046/138/2050 2054/139/2051 2053/137/2049 2045/136/2048
f 2047/140/2052 2055/141/2053 2054/139/2051 2046/138/2050
f 2048/142/2054 2056/143/2055 2055/141/2053 2047/140/2052
f 2049/144/2056 2057/145/2057 2056/146/2055 2048/147/2054
f 2050/148/2058 2058/149/2059 2057/145/2057 2049/144/2056
f 2051/135/2047 2059/134/2046 2058/149/2059 2050/148/2058
f 2052/133/2045 2060/150/2060 2067/151/2061 2059/134/2046
f 2053/137/2049 2061/152/2062 2060/150/2060 2052/133/2045
f 2054/139/2051 2062/153/2063 2061/152/2062 2053/137/2049
f 2055/141/2053 2063/154/2064 2062/153/2063 2054/139/2051
f 2056/143/2055 2064/155/2065 2063/154/2064 2055/141/2053
f 2057/145/2057 2065/156/2066 2064/157/2065 2056/146/2055
f 2058/149/2059 2066/158/2067 2065/156/2066 2057/145/2057
f 2059/134/2046 2067/151/2061 2066/158/2067 2058/149/2059
f 2060/150/2060 2068/159/2068 2075/160/2069 2067/151/2061
f 2061/152/2062 2069/161/2070 2068/159/2068 2060/150/2060
f 2062/153/2063 2070/162/2071 2069/161/2070 2061/152/2062
f 2063/154/2064 2071/163/2072 2070/162/2071 2062/153/2063
f 2064/155/2065 2072/164/2073 2071/163/2072 2063/154/2064
f 2065/156/2066 2073/165/2074 2072/166/2073 2064/157/2065
f 2066/158/2067 2074/167/2075 2073/165/2074 2065/156/2066
f 2067/151/2061 2075/160/2069 2074/167/2075 2066/158/2067
f 2068/159/2068 2076/168/2076 2083/169/2077 2075/160/2069
f 2069/161/2070 2077/170/2078 2076/168/2076 2068/159/2068
f 2070/162/2071 2078/171/2079 2077/170/2078 2069/161/2070
f 2071/163/2072 2079/172/2080 2078/171/2079 2070/162/2071
f 2072/164/2073 2080/173/2081 2079/172/2080 2071/163/2072
f 2073/165/2074 2081/174/2082 2080/175/2081 2072/166/2073
f 2074/167/2075 2082/176/2083 2081/174/2082 2073/165/2074
f 2075/160/2069 2083/169/2077 2082/176/2083 2074/167/2075
f 2076/168/2076 2084/177/2084 2091/178/2085 2083/169/2077
f 2077/170/2078 2085/179/2086 2084/177/2084 2076/168/2076
f 2078/171/2079 2086/180/2087 2085/179/2086 2077/170/2078
f 2079/172/2080 2087/181/2088 2086/180/2087 2078/171/2079
f 2080/173/2081 2088/182/2089 2087/181/2088 2079/172/2080
f 2081/174/2082 2089/183/2090 2088/184/2089 2080/175/2081
f 2082/176/2083 2090/185/2091 2089/183/2090 2081/174/2082
f 2083/169/2077 2091/178/2085 2090/185/2091 2082/176/2083
f 2084/177/2084 2092/186/2092 2099/187/2093 2091/178/2085
f 2085/179/2086 2093/188/2094 2092/186/2092 2084/177/2084
f 2086/180/2087 2094/189/2095 2093/188/2094 2085/179/2086
f 2087/181/2088 2095/190/2096 2094/189/2095 2086/180/2087
f 2088/182/2089 2096/191/2097 2095/190/2096 2087/181/2088
f 2089/183/2090 2097/192/2098 2096/193/2097 2088/184/2089
f 2090/185/2091 2098/194/2099 2097/192/2098 2089/183/2090
f 2091/178/2085 2099/187/2093 2098/194/2099 2090/185/2091
f 2092/186/2092 2100/195/2100 2107/196/2101 2099/187/2093
f 2093/188/2094 2101/197/2102 2100/195/2100 2092/186/2092
f 2094/189/2095 2102/198/2103 2101/197/2102 2093/188/2094
f 2095/190/2096 2103/199/2104 2102/198/2103 2094/189/2095
f 2096/191/2097 2104/200/2105 2103/199/2104 2095/190/2096
f 2097/192/2098 2105/201/2106 2104/202/2105 2096/193/2097
f 2098/194/2099 2106/203/2107 2105/201/2106 2097/192/2098
f 2099/187/2093 2107/196/2101 2106/203/2107 2098/194/2099
f 2100/195/2100 2108/204/2108 2115/205/2109 2107/196/2101
f 2101/197/2102 2109/206/2110 2108/204/2108 2100/195/2100
f 2102/198/2103 2110/207/2111 2109/206/2110 2101/197/2102
f 2103/199/2104 2111/208/2112 2110/207/2111 2102/198/2103
f 2104/200/2105 2112/209/2113 2111/208/2112 2103/199/2104
f 2105/201/2106 2113/210/2114 2112/211/2113 2104/202/2105
f 2106/203/2107 2114/212/2115 2113/210/2114 2105/201/2106
f 2107/196/2101 2115/205/2109 2114/212/2115 2106/203/2107
f 2108/204/2108 2116/213/2116 2123/214/2117 2115/205/2109
f 2109/206/2110 2117/215/2118 2116/213/2116 2108/204/2108
f 2110/207/2111 2118/216/2119 2117/215/2118 2109/206/2110
f 2111/208/2112 2119/217/2120 2118/216/2119 2110/207/2111
f 2112/209/2113 2120/218/2121 2119/217/2120 2111/208/2112
f 2113/210/2114 2121/219/2122 2120/220/2121 2112/211/2113
f 2114/212/2115 2122/221/2123 2121/219/2122 2113/210/2114
f 2115/205/2109 2123/214/2117 2122/221/2123 2114/212/2115
f 2116/213/2116 2124/222/2124 2131/223/2125 2123/214/2117
f 2117/215/2118 2125/224/2126 2124/222/2124 2116/213/2116
f 2118/216/2119 2126/225/2127 2125/224/2126 2117/215/2118
f 2119/217/2120 2127/226/2128 2126/225/2127 2118/216/2119
f 2120/218/2121 2128/227/2129 2127/226/2128 2119/217/2120
f 2121/219/2122 2129/228/2130 2128/229/2129 2120/220/2121
f 2122/221/2123 2130/230/2131 2129/228/2130 2121/219/2122
f 2123/214/2117 2131/223/2125 2130/230/2131 2122/221/2123
f 2124/222/2124 2132/231/2132 2139/232/2133 2131/223/2125
f 2125/224/2126 2133/233/2134 2132/231/2132 2124/222/2124
f 2126/225/2127 2134/234/2135 2133/233/2134 2125/224/2126
f 2127/226/2128 2135/235/2136 2134/234/2135 2126/225/2127
f 2128/227/2129 2136/236/2137 2135/235/2136 2127/226/2128
f 2129/228/2130 2137/237/2138 2136/238/2137 2128/229/2129
f 2130/230/2131 2138/239/2139 2137/237/2138 2129/228/2130
f 2131/223/2125 2139/232/2133 2138/239/2139 2130/230/2131
f 2157/240/2140 2153/241/2141 2144/242/2142 2142/243/2143
f 2152/244/2144 2154/245/2145 2147/246/2146 2140/247/2147
f 2154/245/2145 2155/248/2148 2146/249/2149 2147/246/2146
f 2155/248/2148 2156/250/2150 2145/251/2151 2146/249/2149
f 2156/250/2150 2157/240/2140 2142/243/2143 2145/251/2151
f 2150/252/2152 2151/253/2153 2157/240/2140 2156/250/2150
f 2149/254/2154 2150/252/2152 2156/250/2150 2155/248/2148
f 2148/255/2155 2149/254/2154 2155/248/2148 2154/245/2145
f 2141/256/2156 2148/255/2155 2154/245/2145 2152/244/2144
f 2151/253/2153 2143/257/2157 2153/241/2141 2157/240/2140
f 2175/240/2158 2171/241/2159 2162/242/2160 2160/243/2161
f 2170/244/2162 2172/245/2163 2165/246/2164 2158/247/2165
f 2172/245/2163 2173/248/2166 2164/249/2167 2165/246/2164
f 2173/248/2166 2174/250/2168 2163/251/2169 2164/249/2167
f 2174/250/2168 2175/240/2158 2160/243/2161 2163/251/2169
f 2168/252/2170 2169/253/2171 2175/240/2158 2174/250/2168
f 2167/254/2172 2168/252/2170 2174/250/2168 2173/248/2166
f 2166/255/2173 2167/254/2172 2173/248/2166 2172/245/2163
f 2159/256/2174 2166/255/2173 2172/245/2163 2170/244/2162
f 2169/253/2171 2161/257/2175 2171/241/2159 2175/240/2158
f 2193/240/2176 2189/241/2177 2180/242/2178 2178/243/2179
f 2188/244/2180 2190/245/2181 2183/246/2182 2176/247/2183
f 2190/245/2181 2191/248/2184 2182/249/2185 2183/246/2182
f 2191/248/2184 2192/250/2186 2181/251/2187 2182/249/2185
f 2192/250/2186 2193/240/2176 2178/243/2179 2181/251/2187
f 2186/252/2188 2187/253/2189 2193/240/2176 2192/250/2186
f 2185/254/2190 2186/252/2188 2192/250/2186 2191/248/2184
f 2184/255/2191 2185/254/2190 2191/248/2184 2190/245/2181
f 2177/256/2192 2184/255/2191 2190/245/2181 2188/244/2180
f 2187/253/2189 2179/257/2193 2189/241/2177 2193/240/2176
f 2211/240/2194 2207/241/2195 2198/242/2196 2196/243/2197
f 2206/244/2198 2208/245/2199 2201/246/2200 2194/247/2201
f 2208/245/2199 2209/248/2202 2200/249/2203 2201/246/2200
f 2209/248/2202 2210/250/2204 2199/251/2205 2200/249/2203
f 2210/250/2204 2211/240/2194 2196/243/2197 2199/251/2205
f 2204/252/2206 2205/253/2207 2211/240/2194 2210/250/2204
f 2203/254/2208 2204/252/2206 2210/250/2204 2209/248/2202
f 2202/255/2209 2203/254/2208 2209/248/2202 2208/245/2199
f 2195/256/2210 2202/255/2209 2208/245/2199 2206/244/2198
f 2205/253/2207 2197/257/2211 2207/241/2195 2211/240/2194
f 2229/240/2212 2225/241/2213 2216/242/2214 2214/243/2215
f 2224/244/2216 2226/245/2217 2219/246/2218 2212/247/2219
f 2226/245/2217 2227/248/2220 2218/249/2221 2219/246/2218
f 2227/248/2220 2228/250/2222 2217/251/2223 2218/249/2221
f 2228/250/2222 2229/240/2212 2214/243/2215 2217/251/2223
f 2222/252/2224 2223/253/2225 2229/240/2212 2228/250/2222
f 2221/254/2226 2222/252/2224 2228/250/2222 2227/248/2220
f 2220/255/2227 2221/254/2226 2227/248/2220 2226/245/2217
f 2213/256/2228 2220/255/2227 2226/245/2217 2224/244/2216
f 2223/253/2225 2215/257/2229 2225/241/2213 2229/240/2212
f 2247/240/2230 2243/241/2231 2234/242/2232 2232/243/2233
f 2242/244/2234 2244/245/2235 2237/246/2236 2230/247/2237
f 2244/245/2235 2245/248/2238 2236/249/2239 2237/246/2236
f 2245/248/2238 2246/250/2240 2235/251/2241 2236/249/2239
f 2246/250/2240 2247/240/2230 2232/243/2233 2235/251/2241
f 2240/252/2242 2241/253/2243 2247/240/2230 2246/250/2240
f 2239/254/2244 2240/252/2242 2246/250/2240 2245/248/2238
f 2238/255/2245 2239/254/2244 2245/248/2238 2244/245/2235
f 2231/256/2246 2238/255/2245 2244/245/2235 2242/244/2234
f 2241/253/2243 2233/257/2247 2243/241/2231 2247/240/2230
f 2265/240/2248 2261/241/2249 2252/242/2250 2250/243/2251
f 2260/244/2252 2262/245/2253 2255/246/2254 2248/247/2255
f 2262/245/2253 2263/248/2256 2254/249/2257 2255/246/2254
f 2263/248/2256 2264/250/2258 2253/251/2259 2254/249/2257
f 2264/250/2258 2265/240/2248 2250/243/2251 2253/251/2259
f 2258/252/2260 2259/253/2261 2265/240/2248 2264/250/2258
f 2257/254/2262 2258/252/2260 2264/250/2258 2263/248/2256
f 2256/255/2263 2257/254/2262 2263/248/2256 2262/245/2253
f 2249/256/2264 2256/255/2263 2262/245/2253 2260/244/2252
f 2259/253/2261 2251/257/2265 2261/241/2249 2265/240/2248
f 2267/258/2266 2266/259/2267 2270/260/2268
f 2266/259/2267 2268/261/2269 2270/260/2268
f 2268/261/2269 2269/262/2270 2270/260/2268
f 2269/262/2270 2267/258/2266 2270/260/2268
o Plant_Cluster.002
v -0.005575 -0.000126 -0.005736
v -0.007884 -0.001341 -0.000197
v -0.005575 -0.001770 0.005458
v -0.000000 -0.001162 0.007915
v 0.005575 0.000126 0.005736
v 0.007884 0.001341 0.000197
v 0.005575 0.001770 -0.005458
v 0.000000 0.001162 -0.007915
v -0.017315 0.071332 0.003322
v -0.019670 0.070399 0.008896
v -0.017392 0.070163 0.014575
v -0.011816 0.070764 0.017032
v -0.006207 0.071849 0.014827
v -0.003852 0.072783 0.009253
v -0.006130 0.073018 0.003574
v -0.011706 0.072417 0.001118
v -0.026320 0.134794 0.008345
v -0.028725 0.134217 0.013946
v -0.026482 0.134227 0.019643
v -0.020904 0.134819 0.022099
v -0.015260 0.135646 0.019875
v -0.012855 0.136224 0.014274
v -0.015098 0.136214 0.008577
v -0.020675 0.135622 0.006121
v -0.032071 0.196276 0.008985
v -0.034494 0.196013 0.014493
v -0.032326 0.196399 0.020077
v -0.026840 0.197210 0.022459
v -0.021258 0.198011 0.020245
v -0.018845 0.198308 0.014743
v -0.021006 0.197918 0.009173
v -0.026480 0.197071 0.006785
v -0.033543 0.259886 0.005038
v -0.035824 0.260408 0.010109
v -0.033802 0.261453 0.015246
v -0.028677 0.262413 0.017433
v -0.023458 0.262726 0.015407
v -0.021185 0.262239 0.010359
v -0.023183 0.261188 0.005232
v -0.028301 0.260196 0.003022
v -0.031839 0.313155 -0.001976
v -0.033864 0.314715 0.002498
v -0.031969 0.316490 0.007059
v -0.027298 0.317443 0.009042
v -0.022578 0.317017 0.007319
v -0.020541 0.315465 0.002890
v -0.022389 0.313684 -0.001683
v -0.027073 0.312724 -0.003711
v -0.028237 0.354579 -0.010258
v -0.030021 0.356406 -0.006233
v -0.028271 0.358178 -0.002091
v -0.024051 0.358863 -0.000237
v -0.019814 0.358062 -0.001719
v -0.017997 0.356270 -0.005690
v -0.019692 0.354488 -0.009860
v -0.023944 0.353770 -0.011769
v -0.024011 0.391852 -0.015277
v -0.025637 0.393104 -0.011594
v -0.024118 0.394164 -0.007780
v -0.020377 0.394419 -0.006048
v -0.016587 0.393718 -0.007381
v -0.014929 0.392526 -0.011016
v -0.016400 0.391457 -0.014856
v -0.020174 0.391144 -0.016638
v -0.019715 0.424432 -0.016953
v -0.021201 0.425101 -0.013657
v -0.019923 0.425496 -0.010230
v -0.016653 0.425388 -0.008664
v -0.013291 0.424856 -0.009852
v -0.011778 0.424241 -0.013108
v -0.013020 0.423841 -0.016553
v -0.016317 0.423894 -0.018161
v -0.015683 0.451522 -0.016243
v -0.017044 0.451750 -0.013338
v -0.015985 0.451627 -0.010312
v -0.013132 0.451266 -0.008925
v -0.010151 0.450866 -0.009975
v -0.008773 0.450669 -0.012854
v -0.009813 0.450778 -0.015892
v -0.012682 0.451105 -0.017308
v -0.012108 0.473378 -0.014045
v -0.013384 0.473283 -0.011462
v -0.012486 0.472835 -0.008762
v -0.009945 0.472296 -0.007524
v -0.007247 0.471982 -0.008469
v -0.005968 0.472076 -0.011046
v -0.006859 0.472524 -0.013749
v -0.009403 0.473063 -0.014993
v -0.008914 0.491808 -0.010863
v -0.010167 0.491524 -0.008430
v -0.009353 0.490855 -0.005888
v -0.006948 0.490192 -0.004726
v -0.004361 0.489923 -0.005625
v -0.003108 0.490207 -0.008059
v -0.003922 0.490877 -0.010601
v -0.006327 0.491540 -0.011762
v -0.008793 0.073206 0.003799
v -0.001462 0.072680 0.012038
v 0.086357 0.312793 -0.188941
v 0.202394 0.319243 -0.168936
v 0.193277 0.319371 -0.179630
v 0.012193 0.287411 -0.165636
v -0.033547 0.235541 -0.128276
v -0.043340 0.162622 -0.074119
v 0.053954 0.152707 0.032195
v 0.100123 0.230437 0.026808
v 0.145026 0.285331 -0.009705
v 0.177674 0.310302 -0.082711
v -0.003852 0.072783 0.009253
v 0.196073 0.319165 -0.176423
v 0.017630 0.145562 -0.020321
v 0.044201 0.211553 -0.058344
v 0.085721 0.262701 -0.096951
v 0.135225 0.297033 -0.139908
v -0.022027 0.133306 0.023573
v -0.028639 0.134777 0.017641
v -0.060995 0.300217 0.222363
v -0.155520 0.317479 0.218544
v -0.147310 0.315160 0.226197
v -0.005432 0.278079 0.192868
v 0.023617 0.239309 0.150897
v 0.020382 0.189255 0.095813
v -0.067402 0.205956 0.019058
v -0.096903 0.270484 0.039562
v -0.125061 0.311732 0.081238
v -0.143258 0.322353 0.146230
v -0.026482 0.134227 0.019643
v -0.149838 0.315727 0.223883
v -0.034630 0.189025 0.056270
v -0.046849 0.237453 0.099075
v -0.072465 0.275122 0.141525
v -0.105752 0.299324 0.185648
v -0.035647 0.261145 0.008704
v -0.032448 0.259333 0.003216
v -0.174641 0.382605 -0.046126
v -0.186786 0.364182 -0.113134
v -0.190990 0.366144 -0.106122
v -0.145550 0.381700 -0.006802
v -0.112915 0.360190 0.019338
v -0.076954 0.319706 0.026746
v -0.036057 0.294052 -0.044929
v -0.052074 0.329630 -0.082523
v -0.084215 0.353000 -0.108941
v -0.132966 0.362289 -0.115952
v -0.033543 0.259886 0.005038
v -0.189734 0.365449 -0.108227
v -0.058003 0.297686 -0.013582
v -0.087891 0.330820 -0.031952
v -0.120354 0.352732 -0.055461
v -0.156025 0.363671 -0.079277
v -0.020442 0.358030 -0.004667
v -0.019534 0.358127 -0.000245
v 0.062342 0.442832 -0.061982
v 0.099590 0.444372 -0.031383
v 0.098528 0.444013 -0.037020
v 0.030348 0.435195 -0.068042
v 0.004423 0.417066 -0.062327
v -0.013094 0.390656 -0.042536
v -0.000559 0.390597 0.015199
v 0.020195 0.420923 0.019845
v 0.045785 0.440339 0.014143
v 0.073103 0.445886 -0.005784
v -0.019814 0.358062 -0.001719
v 0.098861 0.444052 -0.035311
v -0.003124 0.385531 -0.010459
v 0.016772 0.409699 -0.020871
v 0.041426 0.427546 -0.027863
v 0.069052 0.438200 -0.034114
v -0.017624 0.452228 -0.012212
v -0.016737 0.451532 -0.013897
v -0.052562 0.496947 -0.028716
v -0.056983 0.492432 -0.049426
v -0.058171 0.493221 -0.047275
v -0.043994 0.494833 -0.016567
v -0.035454 0.486376 -0.008578
v -0.026893 0.472109 -0.006443
v -0.015691 0.462472 -0.028470
v -0.018384 0.474307 -0.039837
v -0.026671 0.483300 -0.047898
v -0.040836 0.488867 -0.050140
v -0.017044 0.451750 -0.013338
v -0.057822 0.492952 -0.047922
v -0.022239 0.464625 -0.018895
v -0.029333 0.476394 -0.024420
v -0.037810 0.484949 -0.031599
v -0.047867 0.490373 -0.038947
v -0.020393 0.229782 0.013221
v -0.023379 0.230746 0.020089
v 0.162721 0.351782 0.006498
v 0.184257 0.357202 0.084031
v 0.188150 0.355576 0.075395
v 0.123666 0.340689 -0.031970
v 0.079615 0.314019 -0.047398
v 0.031948 0.275693 -0.034635
v -0.006369 0.286014 0.055839
v 0.023004 0.335421 0.078920
v 0.066828 0.364256 0.093895
v 0.124046 0.367112 0.092817
v -0.022358 0.230369 0.017826
v 0.186972 0.355952 0.078033
v 0.013792 0.272724 0.019125
v 0.055284 0.308994 0.021644
v 0.098781 0.335053 0.034135
v 0.144262 0.349074 0.051328
v -0.021135 0.409982 -0.007992
v -0.022450 0.409775 -0.009522
v -0.042507 0.452505 0.027049
v -0.063791 0.451979 0.023106
v -0.062150 0.452140 0.025091
v -0.028508 0.448939 0.022954
v -0.019290 0.440102 0.016227
v -0.016304 0.426881 0.006345
v -0.033717 0.423604 -0.013392
v -0.043317 0.437156 -0.012550
v -0.052424 0.446558 -0.005979
v -0.058935 0.450675 0.007337
v -0.022020 0.409830 -0.009005
v -0.062651 0.452060 0.024495
v -0.027087 0.422846 -0.003663
v -0.033005 0.434548 0.003222
v -0.041443 0.443315 0.010188
v -0.051106 0.448888 0.017943
v 0.038107 0.494698 0.039410
v -0.052362 0.502669 0.037013
v 0.041678 0.508813 -0.048424
v -0.048791 0.516784 -0.050822
v -0.006638 0.490272 -0.008244
v -0.081776 -0.000104 -0.232940
v -0.076844 -0.001102 -0.233045
v -0.073362 -0.001454 -0.236660
v -0.073367 -0.000955 -0.241667
v -0.076858 0.000104 -0.245134
v -0.081789 0.001102 -0.245029
v -0.085272 0.001454 -0.241414
v -0.085266 0.000955 -0.236406
v -0.071065 0.058626 -0.227126
v -0.066093 0.057858 -0.227208
v -0.062581 0.057665 -0.230808
v -0.062588 0.058158 -0.235816
v -0.066109 0.059050 -0.239299
v -0.071081 0.059818 -0.239216
v -0.074593 0.060011 -0.235617
v -0.074586 0.059517 -0.230609
v -0.064297 0.110783 -0.222026
v -0.059287 0.110308 -0.222080
v -0.055750 0.110316 -0.225660
v -0.055758 0.110803 -0.230668
v -0.059306 0.111483 -0.234172
v -0.064315 0.111957 -0.234118
v -0.067852 0.111949 -0.230539
v -0.067844 0.111463 -0.225530
v -0.061904 0.161312 -0.217917
v -0.056959 0.161096 -0.217925
v -0.053482 0.161413 -0.221411
v -0.053515 0.162080 -0.226326
v -0.057034 0.162739 -0.229786
v -0.061972 0.162983 -0.229771
v -0.065441 0.162662 -0.226296
v -0.065416 0.161966 -0.221388
v -0.064382 0.213592 -0.215498
v -0.059812 0.214020 -0.215468
v -0.056623 0.214879 -0.218696
v -0.056682 0.215668 -0.223275
v -0.059939 0.215925 -0.226524
v -0.064490 0.215525 -0.226556
v -0.067679 0.214661 -0.223350
v -0.067640 0.213846 -0.218769
v -0.070220 0.257371 -0.214448
v -0.066184 0.258654 -0.214413
v -0.063386 0.260112 -0.217352
v -0.063448 0.260895 -0.221523
v -0.066311 0.260545 -0.224498
v -0.070318 0.259270 -0.224557
v -0.073141 0.257806 -0.221648
v -0.073109 0.257017 -0.217453
v -0.077643 0.291417 -0.214403
v -0.074025 0.292918 -0.214399
v -0.071493 0.294374 -0.217092
v -0.071502 0.294937 -0.220880
v -0.074024 0.294279 -0.223572
v -0.077612 0.292806 -0.223618
v -0.080184 0.291342 -0.220958
v -0.080205 0.290751 -0.217128
v -0.082820 0.322050 -0.215911
v -0.079512 0.323078 -0.215913
v -0.077149 0.323950 -0.218323
v -0.077091 0.324159 -0.221710
v -0.079353 0.323583 -0.224116
v -0.082635 0.322604 -0.224155
v -0.085033 0.321725 -0.221773
v -0.085118 0.321468 -0.218344
v -0.085508 0.348826 -0.218583
v -0.082536 0.349376 -0.218562
v -0.080385 0.349700 -0.220662
v -0.080295 0.349612 -0.223640
v -0.082305 0.349174 -0.225773
v -0.085255 0.348669 -0.225827
v -0.087432 0.348341 -0.223749
v -0.087545 0.348384 -0.220737
v -0.086314 0.371090 -0.221850
v -0.083678 0.371278 -0.221793
v -0.081756 0.371177 -0.223594
v -0.081661 0.370880 -0.226200
v -0.083441 0.370551 -0.228092
v -0.086063 0.370390 -0.228171
v -0.088001 0.370479 -0.226379
v -0.088112 0.370748 -0.223752
v -0.085850 0.389053 -0.225268
v -0.083484 0.388975 -0.225167
v -0.081753 0.388607 -0.226739
v -0.081667 0.388164 -0.229061
v -0.083274 0.387906 -0.230775
v -0.085636 0.387983 -0.230880
v -0.087372 0.388351 -0.229312
v -0.087462 0.388795 -0.226986
v -0.084520 0.404200 -0.228726
v -0.082274 0.403967 -0.228593
v -0.080634 0.403416 -0.230050
v -0.080560 0.402872 -0.232244
v -0.082096 0.402651 -0.233889
v -0.084342 0.402884 -0.234023
v -0.085982 0.403435 -0.232566
v -0.086055 0.403980 -0.230372
v -0.073539 0.060166 -0.233690
v -0.069782 0.059733 -0.241939
v -0.250039 0.257074 -0.241156
v -0.273566 0.262375 -0.335026
v -0.278574 0.262480 -0.324619
v -0.207873 0.236214 -0.193154
v -0.164589 0.193583 -0.171189
v -0.120627 0.133653 -0.181827
v -0.073048 0.125505 -0.290293
v -0.092441 0.189388 -0.323206
v -0.134810 0.234504 -0.344823
v -0.200538 0.255027 -0.345101
v -0.071081 0.059818 -0.239216
v -0.277093 0.262311 -0.327786
v -0.100451 0.119632 -0.245535
v -0.137862 0.173868 -0.252872
v -0.180681 0.215905 -0.271250
v -0.229423 0.244121 -0.294184
v -0.054277 0.109560 -0.230314
v -0.056538 0.110769 -0.223373
v 0.108099 0.246738 -0.267090
v 0.136643 0.260925 -0.194769
v 0.139667 0.259019 -0.203483
v 0.067462 0.228543 -0.299052
v 0.026259 0.196680 -0.306939
v -0.014070 0.155542 -0.286201
v -0.042590 0.169268 -0.194707
v -0.017374 0.222302 -0.179346
v 0.023311 0.256202 -0.172031
v 0.078211 0.264930 -0.179953
v -0.055750 0.110316 -0.225660
v 0.138767 0.259485 -0.200814
v -0.025511 0.155353 -0.231707
v 0.010726 0.195154 -0.236749
v 0.051147 0.226114 -0.231602
v 0.095376 0.246004 -0.221245
v -0.060927 0.214626 -0.215135
v -0.066115 0.213137 -0.215716
v -0.055948 0.314450 -0.092435
v -0.102279 0.299309 -0.061036
v -0.095611 0.300921 -0.060206
v -0.036057 0.313706 -0.127370
v -0.027254 0.296028 -0.160589
v -0.033637 0.262755 -0.190081
v -0.101106 0.241672 -0.197002
v -0.124041 0.270911 -0.172469
v -0.133216 0.290119 -0.139529
v -0.122284 0.297753 -0.100554
v -0.064382 0.213592 -0.215498
v -0.097611 0.300350 -0.060451
v -0.070249 0.244658 -0.190924
v -0.074124 0.271889 -0.162352
v -0.081007 0.289898 -0.130138
v -0.087053 0.298889 -0.095410
v -0.076031 0.294252 -0.222120
v -0.073009 0.294332 -0.224272
v -0.146626 0.363948 -0.265298
v -0.136004 0.365214 -0.303466
v -0.139889 0.364919 -0.300794
v -0.140548 0.357672 -0.239235
v -0.127636 0.342772 -0.221647
v -0.106938 0.321066 -0.215058
v -0.067707 0.321018 -0.243668
v -0.071111 0.345942 -0.260812
v -0.083902 0.361899 -0.278152
v -0.107959 0.366458 -0.292064
v -0.074024 0.294279 -0.223572
v -0.138715 0.364951 -0.301613
v -0.086140 0.316855 -0.233213
v -0.100579 0.336717 -0.244707
v -0.114029 0.351386 -0.260916
v -0.127908 0.360141 -0.279604
v -0.082639 0.371670 -0.221731
v -0.084200 0.371099 -0.221838
v -0.083433 0.408424 -0.189984
v -0.097531 0.404713 -0.179778
v -0.095520 0.405361 -0.179600
v -0.077148 0.406687 -0.200462
v -0.073982 0.399736 -0.209537
v -0.075222 0.388010 -0.216681
v -0.095502 0.380090 -0.217781
v -0.103151 0.389817 -0.211978
v -0.106456 0.397207 -0.203071
v -0.103434 0.401783 -0.191678
v -0.083678 0.371278 -0.221793
v -0.096121 0.405140 -0.179648
v -0.086129 0.381859 -0.216041
v -0.087924 0.391532 -0.208872
v -0.090503 0.398563 -0.200115
v -0.092684 0.403021 -0.190113
v -0.062602 0.188850 -0.228102
v -0.056447 0.189642 -0.228140
v -0.128512 0.289118 -0.363509
v -0.077390 0.293572 -0.405465
v -0.085175 0.292236 -0.405521
v -0.144448 0.280001 -0.321368
v -0.141404 0.258081 -0.283129
v -0.115969 0.226582 -0.251541
v -0.035227 0.235065 -0.252808
v -0.027640 0.275671 -0.282558
v -0.030949 0.299369 -0.320475
v -0.050775 0.301716 -0.363126
v -0.058487 0.189332 -0.228155
v -0.082801 0.292544 -0.405512
v -0.069525 0.224142 -0.255760
v -0.081421 0.253951 -0.287785
v -0.086488 0.275368 -0.324633
v -0.088680 0.286892 -0.364533
v -0.078300 0.336950 -0.220494
v -0.079013 0.336780 -0.218998
v -0.044858 0.371899 -0.216075
v -0.040748 0.371466 -0.198766
v -0.039802 0.371598 -0.200660
v -0.052588 0.368967 -0.225237
v -0.060708 0.361705 -0.229930
v -0.069129 0.350838 -0.228891
v -0.078178 0.348145 -0.209242
v -0.074354 0.359283 -0.202306
v -0.066388 0.367010 -0.197644
v -0.054215 0.370394 -0.197175
v -0.078767 0.336825 -0.219492
v -0.040082 0.371532 -0.200085
v -0.073068 0.347523 -0.217459
v -0.065926 0.357140 -0.215299
v -0.057886 0.364345 -0.211272
v -0.048845 0.368926 -0.206586
v -0.062358 0.406576 -0.280779
v -0.034093 0.413126 -0.211979
v -0.129567 0.418176 -0.254272
v -0.101303 0.424727 -0.185472
v -0.083308 0.402938 -0.231308
v -0.260890 -0.000095 -0.040099
v -0.257679 -0.001006 -0.036940
v -0.253096 -0.001328 -0.036965
v -0.249824 -0.000872 -0.040159
v -0.249780 0.000095 -0.044651
v -0.252990 0.001006 -0.047809
v -0.257574 0.001328 -0.047784
v -0.260846 0.000872 -0.044591
v -0.257869 0.053531 -0.029389
v -0.254647 0.052830 -0.026189
v -0.250056 0.052654 -0.026185
v -0.246784 0.053104 -0.029380
v -0.246749 0.053919 -0.033902
v -0.249971 0.054619 -0.037102
v -0.254562 0.054796 -0.037106
v -0.257834 0.054345 -0.033911
v -0.256893 0.101156 -0.021713
v -0.253667 0.100722 -0.018470
v -0.249072 0.100730 -0.018437
v -0.245800 0.101174 -0.021633
v -0.245769 0.101795 -0.026186
v -0.248995 0.102228 -0.029428
v -0.253590 0.102221 -0.029461
v -0.256861 0.101776 -0.026265
v -0.258057 0.147294 -0.017530
v -0.254901 0.147096 -0.014300
v -0.250406 0.147386 -0.014247
v -0.247212 0.147995 -0.017399
v -0.247191 0.148596 -0.021906
v -0.250346 0.148819 -0.025126
v -0.254829 0.148527 -0.025181
v -0.258024 0.147891 -0.022038
v -0.261218 0.195030 -0.017610
v -0.258326 0.195422 -0.014601
v -0.254183 0.196206 -0.014571
v -0.251225 0.196926 -0.017527
v -0.251175 0.197161 -0.021728
v -0.254053 0.196795 -0.024725
v -0.258182 0.196007 -0.024768
v -0.261154 0.195263 -0.021824
v -0.265624 0.235005 -0.020760
v -0.263076 0.236176 -0.018097
v -0.259370 0.237508 -0.018139
v -0.256682 0.238223 -0.020837
v -0.256560 0.237904 -0.024605
v -0.259073 0.236739 -0.027264
v -0.262775 0.235402 -0.027257
v -0.265498 0.234682 -0.024564
v -0.270382 0.266092 -0.025586
v -0.268080 0.267463 -0.023217
v -0.264705 0.268792 -0.023276
v -0.262234 0.269307 -0.025695
v -0.262079 0.268706 -0.029061
v -0.264335 0.267361 -0.031437
v -0.267713 0.266024 -0.031425
v -0.270232 0.265485 -0.028998
v -0.272694 0.294063 -0.029934
v -0.270585 0.295002 -0.027771
v -0.267504 0.295798 -0.027760
v -0.265251 0.295989 -0.029880
v -0.265118 0.295463 -0.032892
v -0.267184 0.294569 -0.035065
v -0.270270 0.293767 -0.035115
v -0.272567 0.293532 -0.032987
v -0.272658 0.318513 -0.033394
v -0.270779 0.319015 -0.031437
v -0.268035 0.319311 -0.031367
v -0.266030 0.319230 -0.033206
v -0.265915 0.318830 -0.035879
v -0.267759 0.318369 -0.037844
v -0.270506 0.318069 -0.037943
v -0.272548 0.318108 -0.036098
v -0.271035 0.338842 -0.036003
v -0.269393 0.339013 -0.034242
v -0.266990 0.338921 -0.034132
v -0.265226 0.338650 -0.035730
v -0.265122 0.338349 -0.038100
v -0.266741 0.338202 -0.039865
v -0.269147 0.338284 -0.039991
v -0.270936 0.338529 -0.038390
v -0.268503 0.355244 -0.037876
v -0.267062 0.355172 -0.036265
v -0.264931 0.354836 -0.036134
v -0.263358 0.354432 -0.037557
v -0.263261 0.354196 -0.039700
v -0.264696 0.354267 -0.041312
v -0.266828 0.354603 -0.041448
v -0.268406 0.355008 -0.040025
v -0.265394 0.369074 -0.039210
v -0.264051 0.368861 -0.037656
v -0.262053 0.368359 -0.037511
v -0.260571 0.367861 -0.038860
v -0.260473 0.367660 -0.040913
v -0.261816 0.367873 -0.042467
v -0.263814 0.368375 -0.042612
v -0.265296 0.368873 -0.041263
v -0.255152 0.054937 -0.035189
v -0.247363 0.054542 -0.037987
v -0.362711 0.234734 -0.155399
v -0.316296 0.239574 -0.230591
v -0.326294 0.239670 -0.227237
v -0.367248 0.215686 -0.097237
v -0.354041 0.176761 -0.054930
v -0.319075 0.122038 -0.032950
v -0.217813 0.114598 -0.070927
v -0.208639 0.172930 -0.104582
v -0.221490 0.214125 -0.146068
v -0.263181 0.232865 -0.189240
v -0.249971 0.054619 -0.037102
v -0.323279 0.239516 -0.228286
v -0.264548 0.109236 -0.060339
v -0.283583 0.158759 -0.089485
v -0.298840 0.197143 -0.129202
v -0.314890 0.222906 -0.175697
v -0.245089 0.100039 -0.020439
v -0.251070 0.101143 -0.017495
v -0.117587 0.225296 0.062348
v -0.146710 0.238251 0.127093
v -0.139084 0.236510 0.123520
v -0.122568 0.208682 0.015404
v -0.143659 0.179588 -0.016572
v -0.182917 0.142025 -0.029742
v -0.260935 0.154559 0.009891
v -0.254919 0.202983 0.036172
v -0.233785 0.233938 0.067445
v -0.193627 0.241908 0.098310
v -0.249072 0.100730 -0.018437
v -0.141403 0.236935 0.124632
v -0.225851 0.141853 -0.002509
v -0.199468 0.178195 0.017983
v -0.177083 0.206464 0.047703
v -0.155681 0.224626 0.083232
v -0.259254 0.195975 -0.015118
v -0.262180 0.194615 -0.018882
v -0.336344 0.287124 0.066308
v -0.386399 0.273299 0.056004
v -0.382695 0.274771 0.060894
v -0.300820 0.286445 0.057062
v -0.273482 0.270302 0.041658
v -0.258257 0.239922 0.018694
v -0.296712 0.220670 -0.029848
v -0.327372 0.247369 -0.029221
v -0.354764 0.264907 -0.014239
v -0.373294 0.271878 0.017742
v -0.261218 0.195030 -0.017610
v -0.383809 0.274249 0.059430
v -0.281030 0.223397 -0.005792
v -0.302189 0.248262 0.009875
v -0.327646 0.264706 0.025896
v -0.354214 0.272915 0.044065
v -0.264308 0.268681 -0.029448
v -0.260974 0.268754 -0.028842
v -0.281037 0.332320 -0.103134
v -0.249304 0.333476 -0.120502
v -0.253526 0.333207 -0.121341
v -0.294214 0.326590 -0.082554
v -0.297493 0.312985 -0.062904
v -0.288617 0.293165 -0.045167
v -0.244909 0.293121 -0.037730
v -0.235863 0.315879 -0.050880
v -0.232669 0.330450 -0.070293
v -0.238895 0.334612 -0.094893
v -0.262079 0.268706 -0.029061
v -0.252243 0.333236 -0.121094
v -0.263492 0.289320 -0.043128
v -0.265171 0.307456 -0.059896
v -0.263137 0.320850 -0.079019
v -0.259755 0.328844 -0.100004
v -0.268771 0.339372 -0.033523
v -0.269697 0.338850 -0.034612
v -0.290044 0.372931 -0.013817
v -0.305702 0.369543 -0.016537
v -0.304537 0.370134 -0.015108
v -0.279187 0.371345 -0.016381
v -0.271233 0.364998 -0.020091
v -0.267350 0.354292 -0.025454
v -0.279550 0.347059 -0.039420
v -0.288219 0.355941 -0.040727
v -0.296152 0.362690 -0.037215
v -0.301678 0.366867 -0.027980
v -0.269393 0.339013 -0.034242
v -0.304889 0.369933 -0.015532
v -0.274717 0.348675 -0.032181
v -0.280550 0.357507 -0.028788
v -0.287921 0.363927 -0.024896
v -0.295853 0.367998 -0.019951
v -0.251839 0.172439 -0.024475
v -0.247893 0.173162 -0.020472
v -0.205254 0.263993 -0.153852
v -0.145241 0.268060 -0.147141
v -0.150164 0.266840 -0.152269
v -0.242972 0.255668 -0.137430
v -0.266047 0.235653 -0.111078
v -0.270506 0.206892 -0.074316
v -0.218239 0.214637 -0.022307
v -0.193945 0.251715 -0.036297
v -0.171250 0.273354 -0.062617
v -0.155981 0.275497 -0.102758
v -0.249183 0.172879 -0.021817
v -0.148657 0.267122 -0.150710
v -0.238158 0.204664 -0.046624
v -0.224788 0.231882 -0.074807
v -0.203912 0.251438 -0.101596
v -0.179209 0.261961 -0.128450
v -0.266817 0.307669 -0.029897
v -0.268249 0.307514 -0.029409
v -0.248402 0.339580 -0.005206
v -0.257106 0.339185 0.008510
v -0.255265 0.339306 0.007922
v -0.247334 0.336903 -0.016099
v -0.249437 0.330272 -0.024401
v -0.255481 0.320350 -0.029247
v -0.274099 0.317891 -0.022648
v -0.276200 0.328061 -0.015728
v -0.274175 0.335117 -0.007547
v -0.266726 0.338206 0.000714
v -0.267769 0.307555 -0.029564
v -0.255820 0.339246 0.008105
v -0.265469 0.317323 -0.024541
v -0.262332 0.326104 -0.018493
v -0.259844 0.332683 -0.010667
v -0.257150 0.336865 -0.001768
v -0.217226 0.371244 -0.057874
v -0.244223 0.377225 0.004445
v -0.277383 0.381836 -0.084951
v -0.304380 0.387817 -0.022632
v -0.262933 0.367922 -0.040061
v 0.161584 -0.000111 0.181588
v 0.159307 -0.001182 0.186363
v 0.161091 -0.001560 0.191443
v 0.165891 -0.001024 0.193852
v 0.170895 0.000111 0.192179
v 0.173172 0.001182 0.187404
v 0.171388 0.001560 0.182324
v 0.166588 0.001024 0.179915
v 0.150849 0.062879 0.189045
v 0.148530 0.062056 0.193849
v 0.150286 0.061848 0.198949
v 0.155087 0.062378 0.201357
v 0.160121 0.063334 0.199664
v 0.162440 0.064157 0.194860
v 0.160685 0.064365 0.189760
v 0.155884 0.063835 0.187352
v 0.142700 0.118820 0.193071
v 0.140336 0.118311 0.197896
v 0.142060 0.118320 0.203011
v 0.146862 0.118841 0.205418
v 0.151929 0.119571 0.203709
v 0.154293 0.120080 0.198884
v 0.152569 0.120071 0.193769
v 0.147767 0.119549 0.191362
v 0.137609 0.173015 0.193381
v 0.135233 0.172783 0.198123
v 0.136896 0.173124 0.203135
v 0.141620 0.173839 0.205474
v 0.146632 0.174545 0.203770
v 0.148999 0.174807 0.199033
v 0.147342 0.174463 0.194034
v 0.142628 0.173717 0.191691
v 0.136487 0.229087 0.189842
v 0.134255 0.229547 0.194205
v 0.135809 0.230469 0.198817
v 0.140225 0.231315 0.200968
v 0.144908 0.231590 0.199414
v 0.147132 0.231161 0.195070
v 0.145599 0.230235 0.190469
v 0.141191 0.229360 0.188297
v 0.138296 0.276043 0.183741
v 0.136316 0.277419 0.187591
v 0.137783 0.278983 0.191690
v 0.141808 0.279823 0.193642
v 0.146039 0.279447 0.192333
v 0.148028 0.278079 0.188523
v 0.146602 0.276509 0.184416
v 0.142568 0.275663 0.182423
v 0.141831 0.312558 0.176609
v 0.140084 0.314168 0.180073
v 0.141442 0.315730 0.183797
v 0.145075 0.316334 0.185615
v 0.148871 0.315628 0.184497
v 0.150645 0.314049 0.181081
v 0.149337 0.312478 0.177335
v 0.145678 0.311845 0.175468
v 0.145773 0.345414 0.172376
v 0.144179 0.346517 0.175546
v 0.145349 0.347452 0.178972
v 0.148566 0.347676 0.180661
v 0.151961 0.347058 0.179654
v 0.153582 0.346008 0.176528
v 0.152456 0.345066 0.173082
v 0.149211 0.344790 0.171347
v 0.149629 0.374133 0.171089
v 0.148175 0.374723 0.173926
v 0.149150 0.375071 0.176999
v 0.151960 0.374976 0.178522
v 0.154972 0.374506 0.177625
v 0.156447 0.373965 0.174825
v 0.155505 0.373612 0.171737
v 0.152674 0.373658 0.170176
v 0.153147 0.398012 0.171892
v 0.151821 0.398214 0.174390
v 0.152620 0.398105 0.177100
v 0.155071 0.397787 0.178447
v 0.157742 0.397434 0.177654
v 0.159082 0.397261 0.175180
v 0.158300 0.397356 0.172460
v 0.155837 0.397645 0.171087
v 0.156198 0.417278 0.173985
v 0.154961 0.417194 0.176203
v 0.155632 0.416799 0.178620
v 0.157815 0.416325 0.179821
v 0.160232 0.416048 0.179108
v 0.161472 0.416131 0.176896
v 0.160807 0.416525 0.174477
v 0.158621 0.417001 0.173269
v 0.158870 0.433524 0.176927
v 0.157659 0.433274 0.179014
v 0.158264 0.432684 0.181288
v 0.160331 0.432099 0.182417
v 0.162648 0.431863 0.181739
v 0.163858 0.432113 0.179651
v 0.163253 0.432703 0.177378
v 0.161187 0.433288 0.176249
v 0.158330 0.064531 0.189841
v 0.164422 0.064067 0.197417
v 0.250590 0.275724 0.024346
v 0.351867 0.281409 0.047069
v 0.344311 0.281523 0.037253
v 0.184270 0.253350 0.041597
v 0.142356 0.207627 0.072473
v 0.131348 0.143349 0.119720
v 0.212322 0.134610 0.217605
v 0.253206 0.203128 0.214895
v 0.294346 0.251517 0.184728
v 0.326305 0.273529 0.121892
v 0.162440 0.064157 0.194860
v 0.346631 0.281341 0.040199
v 0.182656 0.128312 0.169769
v 0.207724 0.186482 0.137465
v 0.245978 0.231569 0.105304
v 0.291453 0.261831 0.069666
v 0.145809 0.117508 0.206666
v 0.140249 0.118805 0.201153
v 0.102745 0.264638 0.379963
v 0.019695 0.279855 0.372437
v 0.026585 0.277810 0.379536
v 0.152961 0.245124 0.356443
v 0.180385 0.210949 0.320772
v 0.179963 0.166827 0.272134
v 0.106060 0.181549 0.200693
v 0.079184 0.238429 0.217445
v 0.052558 0.274789 0.252895
v 0.033676 0.284151 0.309312
v 0.142060 0.118320 0.203011
v 0.024462 0.278310 0.377387
v 0.133272 0.166624 0.234898
v 0.120629 0.209312 0.272045
v 0.096207 0.242518 0.308289
v 0.064959 0.263851 0.345668
v 0.134473 0.230197 0.192976
v 0.137531 0.228600 0.188286
v 0.014519 0.337263 0.138582
v 0.006779 0.321023 0.079054
v 0.002768 0.322753 0.085042
v 0.038398 0.336465 0.174483
v 0.065979 0.317504 0.198935
v 0.097311 0.281818 0.207040
v 0.136474 0.259204 0.145740
v 0.124029 0.290565 0.111937
v 0.096896 0.311166 0.087263
v 0.054285 0.319354 0.078943
v 0.136487 0.229087 0.189842
v 0.003967 0.322140 0.083244
v 0.115772 0.262408 0.172371
v 0.090268 0.291614 0.154882
v 0.062724 0.310930 0.132754
v 0.032369 0.320573 0.110216
v 0.148448 0.315600 0.181874
v 0.149052 0.315686 0.185807
v 0.223855 0.390352 0.135061
v 0.255299 0.391709 0.163641
v 0.254613 0.391394 0.158631
v 0.195955 0.383620 0.128317
v 0.172879 0.367640 0.132206
v 0.156585 0.344359 0.148858
v 0.165078 0.344307 0.200239
v 0.183145 0.371040 0.205245
v 0.205925 0.388154 0.201352
v 0.230853 0.393044 0.185012
v 0.148871 0.315628 0.184497
v 0.254831 0.391427 0.160151
v 0.163950 0.339842 0.177538
v 0.181924 0.361146 0.169247
v 0.203938 0.376878 0.164178
v 0.228534 0.386269 0.159892
v 0.151262 0.398634 0.175356
v 0.152116 0.398021 0.173911
v 0.121229 0.438054 0.159287
v 0.118249 0.434074 0.140859
v 0.117109 0.434769 0.142700
v 0.128237 0.436191 0.170360
v 0.135404 0.428736 0.177769
v 0.142847 0.416160 0.180026
v 0.153679 0.407665 0.161128
v 0.151809 0.418097 0.151001
v 0.144868 0.426024 0.143540
v 0.132497 0.430931 0.140942
v 0.151821 0.398214 0.174390
v 0.117445 0.434532 0.142147
v 0.147493 0.409562 0.169269
v 0.141490 0.419937 0.164092
v 0.134344 0.427478 0.157399
v 0.125814 0.432260 0.150486
v 0.147703 0.202551 0.197624
v 0.144771 0.203400 0.203540
v 0.309211 0.310093 0.199772
v 0.324756 0.314870 0.268980
v 0.328564 0.313437 0.261548
v 0.276522 0.300314 0.164185
v 0.238419 0.276804 0.148662
v 0.195892 0.243021 0.157798
v 0.158173 0.252118 0.235763
v 0.183016 0.295671 0.257377
v 0.220938 0.321088 0.272491
v 0.271360 0.323605 0.274062
v 0.145770 0.203068 0.201592
v 0.327410 0.313768 0.263819
v 0.177539 0.240403 0.204328
v 0.213957 0.272375 0.208373
v 0.251702 0.295346 0.221287
v 0.290985 0.307705 0.238426
v 0.147984 0.361395 0.178916
v 0.146894 0.361213 0.177512
v 0.127625 0.398879 0.208825
v 0.109060 0.398415 0.204416
v 0.110418 0.398557 0.206235
v 0.140130 0.395735 0.205836
v 0.148542 0.387946 0.200320
v 0.151606 0.376291 0.191752
v 0.137145 0.373403 0.173608
v 0.128656 0.385349 0.173926
v 0.120349 0.393636 0.179311
v 0.114030 0.397266 0.190747
v 0.147249 0.361261 0.177986
v 0.110003 0.398486 0.205689
v 0.142554 0.372735 0.182465
v 0.137040 0.383050 0.188266
v 0.129305 0.390778 0.194027
v 0.120456 0.395690 0.200429
v 0.198052 0.436072 0.223258
v 0.118510 0.443098 0.217163
v 0.205065 0.448514 0.146087
v 0.125523 0.455540 0.139991
v 0.160759 0.432170 0.179333
v 0.248542 -0.000089 -0.096761
v 0.252114 -0.000942 -0.094520
v 0.256299 -0.001243 -0.095466
v 0.258647 -0.000816 -0.099045
v 0.257782 0.000089 -0.103161
v 0.254210 0.000942 -0.105402
v 0.250025 0.001243 -0.104456
v 0.247677 0.000816 -0.100876
v 0.253461 0.050116 -0.087578
v 0.257052 0.049460 -0.085301
v 0.261251 0.049295 -0.086223
v 0.263598 0.049717 -0.089803
v 0.262719 0.050479 -0.093944
v 0.259128 0.051135 -0.096221
v 0.254930 0.051301 -0.095299
v 0.252582 0.050879 -0.091719
v 0.255901 0.094703 -0.080756
v 0.259504 0.094297 -0.078442
v 0.263712 0.094304 -0.079338
v 0.266059 0.094720 -0.082919
v 0.265170 0.095301 -0.087087
v 0.261567 0.095707 -0.089402
v 0.257359 0.095700 -0.088506
v 0.255012 0.095284 -0.084925
v 0.255679 0.137898 -0.076697
v 0.259215 0.137713 -0.074381
v 0.263336 0.137985 -0.075238
v 0.265622 0.138554 -0.078763
v 0.264733 0.139117 -0.082888
v 0.261199 0.139326 -0.085196
v 0.257089 0.139052 -0.084343
v 0.254801 0.138457 -0.080826
v 0.252774 0.182589 -0.076133
v 0.256024 0.182956 -0.073966
v 0.259818 0.183690 -0.074773
v 0.261926 0.184364 -0.078072
v 0.261126 0.184584 -0.081923
v 0.257890 0.184242 -0.084082
v 0.254106 0.183504 -0.083290
v 0.251983 0.182807 -0.080000
v 0.248110 0.220014 -0.078125
v 0.250977 0.221111 -0.076205
v 0.254356 0.222357 -0.076990
v 0.256271 0.223027 -0.079998
v 0.255623 0.222728 -0.083468
v 0.252789 0.221637 -0.085392
v 0.249406 0.220386 -0.084640
v 0.247459 0.219711 -0.081629
v 0.242787 0.249118 -0.081579
v 0.245370 0.250401 -0.079878
v 0.248443 0.251646 -0.080612
v 0.250216 0.252127 -0.083321
v 0.249679 0.251565 -0.086429
v 0.247137 0.250306 -0.088147
v 0.244051 0.249054 -0.087455
v 0.242237 0.248549 -0.084729
v 0.239798 0.275305 -0.085088
v 0.242162 0.276184 -0.083536
v 0.244981 0.276929 -0.084147
v 0.246614 0.277108 -0.086539
v 0.246128 0.276615 -0.089320
v 0.243802 0.275778 -0.090890
v 0.240970 0.275027 -0.090314
v 0.239299 0.274807 -0.087905
v 0.239133 0.298194 -0.088260
v 0.241246 0.298665 -0.086848
v 0.243768 0.298942 -0.087338
v 0.245232 0.298866 -0.089423
v 0.244798 0.298492 -0.091890
v 0.242716 0.298060 -0.093315
v 0.240185 0.297779 -0.092852
v 0.238689 0.297816 -0.090754
v 0.240091 0.317227 -0.090971
v 0.241948 0.317387 -0.089692
v 0.244167 0.317301 -0.090076
v 0.245458 0.317048 -0.091893
v 0.245075 0.316766 -0.094080
v 0.243239 0.316628 -0.095368
v 0.241014 0.316704 -0.094999
v 0.239701 0.316934 -0.093174
v 0.242029 0.332583 -0.093195
v 0.243671 0.332516 -0.092012
v 0.245646 0.332201 -0.092321
v 0.246797 0.331823 -0.093939
v 0.246455 0.331602 -0.095918
v 0.244817 0.331668 -0.097103
v 0.242841 0.331982 -0.096798
v 0.241684 0.332362 -0.095179
v 0.244603 0.345531 -0.095040
v 0.246144 0.345331 -0.093890
v 0.248000 0.344861 -0.094160
v 0.249083 0.344395 -0.095693
v 0.248759 0.344207 -0.097590
v 0.247218 0.344406 -0.098740
v 0.245362 0.344877 -0.098469
v 0.244279 0.345342 -0.096937
v 0.254777 0.051433 -0.093428
v 0.261335 0.051063 -0.097556
v 0.132216 0.219760 -0.181658
v 0.159500 0.224291 -0.259757
v 0.151035 0.224381 -0.254675
v 0.139789 0.201927 -0.127568
v 0.160388 0.165485 -0.091550
v 0.196785 0.114253 -0.078500
v 0.281713 0.107288 -0.133627
v 0.283319 0.161899 -0.166244
v 0.263210 0.200466 -0.201584
v 0.216393 0.218010 -0.232653
v 0.259128 0.051135 -0.096221
v 0.153580 0.224237 -0.256242
v 0.241119 0.102268 -0.114529
v 0.217843 0.148632 -0.137340
v 0.195890 0.184567 -0.170578
v 0.171847 0.208687 -0.209852
v 0.266950 0.093657 -0.081970
v 0.262075 0.094691 -0.078074
v 0.400202 0.210924 -0.031974
v 0.386623 0.223052 0.033089
v 0.392876 0.221423 0.028285
v 0.386189 0.195370 -0.073890
v 0.360463 0.168132 -0.098875
v 0.321917 0.132965 -0.103004
v 0.258574 0.144699 -0.051048
v 0.269370 0.190035 -0.028233
v 0.294994 0.219015 -0.003899
v 0.337928 0.226476 0.016227
v 0.263712 0.094304 -0.079338
v 0.390980 0.221821 0.029769
v 0.288151 0.132804 -0.069454
v 0.316401 0.166828 -0.056036
v 0.342856 0.193294 -0.033375
v 0.369583 0.210297 -0.005204
v 0.255071 0.183473 -0.074252
v 0.251638 0.182201 -0.077103
v 0.200998 0.268808 0.015728
v 0.153158 0.255865 0.016394
v 0.157531 0.257243 0.020119
v 0.231614 0.268172 0.000117
v 0.253504 0.253060 -0.019476
v 0.262796 0.224617 -0.043539
v 0.217856 0.206593 -0.080170
v 0.189952 0.231589 -0.073419
v 0.167927 0.248008 -0.054201
v 0.157430 0.254534 -0.021228
v 0.252774 0.182589 -0.076133
v 0.156217 0.256755 0.019005
v 0.237041 0.209146 -0.061336
v 0.220854 0.232425 -0.042749
v 0.200808 0.247820 -0.022972
v 0.180178 0.255506 -0.001007
v 0.247563 0.251542 -0.086334
v 0.250733 0.251610 -0.086452
v 0.217419 0.311122 -0.150332
v 0.242932 0.312203 -0.172605
v 0.238903 0.311952 -0.172521
v 0.209520 0.305756 -0.128861
v 0.210481 0.293019 -0.110235
v 0.222171 0.274464 -0.095807
v 0.263630 0.274423 -0.097816
v 0.269250 0.295729 -0.111661
v 0.268258 0.309370 -0.130053
v 0.257609 0.313267 -0.151289
v 0.249679 0.251565 -0.086429
v 0.240126 0.311979 -0.172554
v 0.245553 0.270864 -0.099006
v 0.240638 0.287843 -0.113998
v 0.238644 0.300383 -0.131891
v 0.237508 0.307867 -0.151758
v 0.242661 0.317723 -0.089160
v 0.241596 0.317234 -0.089970
v 0.227183 0.349142 -0.066857
v 0.212320 0.345969 -0.066189
v 0.213673 0.346523 -0.065117
v 0.236593 0.347657 -0.071390
v 0.243117 0.341715 -0.076384
v 0.245586 0.331691 -0.082070
v 0.231618 0.324920 -0.092380
v 0.223429 0.333235 -0.091828
v 0.216884 0.339553 -0.087018
v 0.213692 0.343464 -0.077461
v 0.241948 0.317387 -0.089692
v 0.213265 0.346335 -0.065434
v 0.237496 0.326433 -0.086735
v 0.232846 0.334701 -0.082458
v 0.226891 0.340712 -0.077414
v 0.220636 0.344523 -0.071295
v 0.259965 0.161439 -0.084300
v 0.264379 0.162116 -0.081436
v 0.276485 0.247153 -0.211973
v 0.332705 0.250960 -0.217930
v 0.327171 0.249818 -0.221627
v 0.245310 0.239359 -0.189358
v 0.229524 0.220621 -0.160615
v 0.232855 0.193694 -0.126107
v 0.291121 0.200945 -0.089089
v 0.310513 0.235658 -0.106775
v 0.325959 0.255916 -0.135412
v 0.331830 0.257923 -0.175188
v 0.262929 0.161851 -0.082405
v 0.328863 0.250082 -0.220505
v 0.268010 0.191608 -0.107307
v 0.274555 0.217091 -0.135769
v 0.288242 0.235399 -0.164467
v 0.305416 0.245250 -0.193996
v 0.245179 0.288042 -0.086239
v 0.243967 0.287897 -0.085505
v 0.266990 0.317918 -0.067376
v 0.261796 0.317548 -0.053082
v 0.263361 0.317661 -0.053990
v 0.265771 0.315412 -0.077550
v 0.262176 0.309204 -0.084716
v 0.255673 0.299915 -0.087929
v 0.239982 0.297612 -0.078145
v 0.239455 0.307134 -0.071394
v 0.242955 0.313739 -0.064323
v 0.251430 0.316632 -0.058271
v 0.244375 0.287936 -0.085743
v 0.262891 0.317605 -0.053712
v 0.247491 0.297080 -0.081614
v 0.251577 0.305302 -0.076716
v 0.255429 0.311461 -0.070063
v 0.259685 0.315376 -0.062470
v 0.284880 0.347562 -0.121810
v 0.272755 0.353162 -0.059394
v 0.224425 0.357478 -0.134444
v 0.212300 0.363078 -0.072028
v 0.246681 0.344452 -0.096315
vn -0.6989 -0.0242 -0.7148
vn -0.6983 -0.0333 -0.7151
vn 0.0043 0.1030 -0.9947
vn 0.0012 0.1260 -0.9920
vn -0.9870 -0.1598 -0.0187
vn -0.9886 -0.1496 -0.0166
vn -0.6988 -0.2018 0.6862
vn -0.7023 -0.1784 0.6891
vn -0.0054 -0.1266 0.9919
vn -0.0093 -0.1037 0.9946
vn 0.6922 0.0223 0.7214
vn 0.6901 0.0313 0.7230
vn 0.9869 0.1586 0.0281
vn 0.9885 0.1484 0.0280
vn 0.7014 0.2019 -0.6836
vn 0.7054 0.1785 -0.6859
vn -0.6984 -0.0503 -0.7140
vn 0.0086 0.0457 -0.9989
vn -0.9932 -0.1161 -0.0120
vn -0.7106 -0.1136 0.6944
vn -0.0192 -0.0446 0.9988
vn 0.6842 0.0506 0.7276
vn 0.9927 0.1170 0.0293
vn 0.7136 0.1153 -0.6910
vn -0.6974 -0.0584 -0.7143
vn 0.0141 -0.0232 -0.9996
vn -0.9983 -0.0577 -0.0116
vn -0.7192 -0.0195 0.6945
vn -0.0291 0.0341 0.9990
vn 0.6796 0.0703 0.7302
vn 0.9973 0.0670 0.0305
vn 0.7208 0.0278 -0.6926
vn -0.6939 -0.0656 -0.7171
vn 0.0243 -0.0922 -0.9954
vn -0.9998 0.0046 -0.0170
vn -0.7235 0.0792 0.6857
vn -0.0352 0.1148 0.9928
vn 0.6783 0.0885 0.7294
vn 0.9993 0.0149 0.0342
vn 0.7277 -0.0599 -0.6833
vn -0.6931 -0.0777 -0.7167
vn 0.0315 -0.1591 -0.9868
vn -0.9980 0.0566 -0.0275
vn -0.7279 0.1665 0.6652
vn -0.0412 0.1888 0.9812
vn 0.6782 0.1057 0.7273
vn 0.9985 -0.0312 0.0448
vn 0.7342 -0.1396 -0.6645
vn -0.6810 -0.0551 -0.7302
vn 0.0393 -0.1658 -0.9854
vn -0.9938 0.0968 -0.0545
vn -0.7360 0.1985 0.6473
vn -0.0419 0.1924 0.9804
vn 0.6851 0.0819 0.7238
vn 0.9971 -0.0649 0.0399
vn 0.7323 -0.1664 -0.6604
vn -0.6706 0.0123 -0.7417
vn 0.0464 -0.0948 -0.9944
vn -0.9905 0.1229 -0.0614
vn -0.7381 0.1700 0.6530
vn -0.0460 0.1263 0.9909
vn 0.6789 0.0200 0.7339
vn 0.9954 -0.0854 0.0442
vn 0.7345 -0.1325 -0.6655
vn -0.6603 0.0825 -0.7465
vn 0.0551 -0.0158 -0.9984
vn -0.9875 0.1448 -0.0621
vn -0.7403 0.1327 0.6590
vn -0.0533 0.0531 0.9972
vn 0.6695 -0.0450 0.7415
vn 0.9934 -0.1036 0.0486
vn 0.7385 -0.0912 -0.6681
vn -0.6497 0.1483 -0.7456
vn 0.0644 0.0581 -0.9962
vn -0.9845 0.1640 -0.0616
vn -0.7445 0.0948 0.6609
vn -0.0622 -0.0195 0.9979
vn 0.6601 -0.1100 0.7431
vn 0.9911 -0.1232 0.0503
vn 0.7426 -0.0533 -0.6676
vn -0.6391 0.2085 -0.7403
vn 0.0740 0.1265 -0.9892
vn -0.9821 0.1779 -0.0612
vn -0.7514 0.0511 0.6579
vn -0.0739 -0.0985 0.9924
vn 0.6498 -0.1814 0.7381
vn 0.9878 -0.1484 0.0483
vn 0.7463 -0.0206 -0.6653
vn -0.6337 0.2369 -0.7364
vn 0.0788 0.1589 -0.9841
vn -0.9812 0.1831 -0.0609
vn -0.7553 0.0269 0.6548
vn -0.0806 -0.1408 0.9868
vn 0.6436 -0.2197 0.7332
vn 0.9855 -0.1631 0.0462
vn 0.7480 -0.0059 -0.6637
vn -0.2609 0.9283 0.2648
vn -0.2136 0.9581 0.1908
vn -0.0965 0.9212 0.3770
vn -0.1470 0.8833 0.4453
vn -0.6713 0.4318 0.6024
vn -0.6439 0.4894 0.5881
vn -0.4687 0.5398 0.6993
vn -0.5347 0.4365 0.7236
vn -0.5591 0.6486 0.5165
vn -0.3743 0.6674 0.6438
vn -0.4190 0.8241 0.3813
vn -0.2573 0.7928 0.5526
vn -0.5777 0.7914 0.2000
vn -0.4176 0.9044 0.0874
vn -0.7011 0.6333 0.3278
vn -0.7622 0.4778 0.4368
vn -0.7688 0.4168 0.4851
vn -0.3017 0.9529 0.0309
vn 0.3390 0.9336 -0.1162
vn 0.3028 0.9525 -0.0329
vn 0.1648 0.9642 -0.2077
vn 0.2037 0.9360 -0.2872
vn 0.6549 0.4771 -0.5861
vn 0.6358 0.5330 -0.5583
vn 0.4575 0.6207 -0.6367
vn 0.5086 0.5184 -0.6874
vn 0.5772 0.6822 -0.4488
vn 0.3843 0.7431 -0.5478
vn 0.4720 0.8399 -0.2678
vn 0.2919 0.8585 -0.4217
vn 0.6427 0.7573 -0.1157
vn 0.5084 0.8604 0.0339
vn 0.7341 0.6167 -0.2842
vn 0.7661 0.4807 -0.4267
vn 0.7608 0.4301 -0.4860
vn 0.4049 0.9075 0.1117
vn 0.2595 0.9555 -0.1402
vn 0.1718 0.9710 -0.1661
vn 0.3109 0.8941 -0.3225
vn 0.3949 0.8720 -0.2894
vn 0.7538 0.6033 0.2605
vn 0.7265 0.6497 0.2236
vn 0.7686 0.6396 0.0144
vn 0.8219 0.5615 0.0962
vn 0.6180 0.7763 0.1241
vn 0.6747 0.7327 -0.0894
vn 0.4300 0.9028 -0.0076
vn 0.5398 0.8176 -0.2005
vn 0.3151 0.9266 0.2053
vn 0.1469 0.9869 0.0670
vn 0.4891 0.8116 0.3195
vn 0.6246 0.6801 0.3839
vn 0.6772 0.6228 0.3918
vn 0.0513 0.9982 -0.0315
vn -0.2578 0.9661 0.0114
vn -0.1773 0.9837 -0.0313
vn -0.1718 0.9664 0.1910
vn -0.2530 0.9403 0.2279
vn -0.8310 0.5379 0.1416
vn -0.7943 0.5918 0.1378
vn -0.6923 0.6485 0.3166
vn -0.7722 0.5524 0.3140
vn -0.6689 0.7361 0.1041
vn -0.5700 0.7632 0.3045
vn -0.4627 0.8855 0.0419
vn -0.4107 0.8699 0.2732
vn -0.5140 0.8363 -0.1907
vn -0.3084 0.9260 -0.2176
vn -0.7002 0.7024 -0.1281
vn -0.8231 0.5656 -0.0507
vn -0.8590 0.5119 -0.0067
vn -0.1753 0.9613 -0.2126
vn 0.4308 0.8946 -0.1187
vn 0.3478 0.9263 -0.1451
vn 0.4726 0.8280 -0.3017
vn 0.5507 0.7904 -0.2682
vn 0.8474 0.4512 0.2799
vn 0.8296 0.5024 0.2436
vn 0.8719 0.4885 0.0347
vn 0.9090 0.4006 0.1154
vn 0.7472 0.6484 0.1456
vn 0.7978 0.5990 -0.0682
vn 0.5872 0.8093 0.0145
vn 0.6822 0.7090 -0.1789
vn 0.4757 0.8499 0.2267
vn 0.3231 0.9423 0.0880
vn 0.6243 0.7031 0.3403
vn 0.7327 0.5480 0.4035
vn 0.7739 0.4820 0.4107
vn 0.2325 0.9725 -0.0112
vn -0.1082 0.9727 -0.2054
vn -0.0165 0.9808 -0.1944
vn -0.1413 0.9899 -0.0098
vn -0.2313 0.9726 -0.0253
vn -0.6960 0.5933 -0.4044
vn -0.6579 0.6444 -0.3898
vn -0.6713 0.7166 -0.1893
vn -0.7454 0.6252 -0.2314
vn -0.5207 0.7769 -0.3539
vn -0.5523 0.8226 -0.1357
vn -0.3011 0.9070 -0.2945
vn -0.3931 0.9164 -0.0756
vn -0.2149 0.8332 -0.5095
vn -0.0225 0.9083 -0.4178
vn -0.4169 0.7175 -0.5581
vn -0.5763 0.5975 -0.5576
vn -0.6366 0.5513 -0.5393
vn 0.0866 0.9369 -0.3387
vn 0.1893 0.9457 -0.2642
vn 0.1389 0.9717 -0.1909
vn 0.0275 0.9252 -0.3784
vn 0.0817 0.8913 -0.4459
vn 0.6423 0.4829 -0.5952
vn 0.6103 0.5381 -0.5814
vn 0.4330 0.5742 -0.6949
vn 0.5073 0.4764 -0.7181
vn 0.5121 0.6902 -0.5113
vn 0.3280 0.6939 -0.6410
vn 0.3567 0.8541 -0.3784
vn 0.2002 0.8097 -0.5516
vn 0.5152 0.8346 -0.1950
vn 0.3452 0.9347 -0.0848
vn 0.6524 0.6866 -0.3208
vn 0.7271 0.5363 -0.4286
vn 0.7392 0.4759 -0.4767
vn 0.2251 0.9739 -0.0299
vn 0.2563 0.9666 -0.0059
vn -0.0828 0.9965 -0.0149
vn 0.0824 0.9834 0.1614
vn -0.0963 0.9428 0.3192
vn 0.2427 0.9129 0.3282
vn -0.3711 -0.0242 0.9283
vn -0.3716 -0.0333 0.9278
vn -0.9115 0.1030 0.3983
vn -0.9078 0.1260 0.4000
vn 0.3820 -0.1598 0.9102
vn 0.3846 -0.1496 0.9109
vn 0.9102 -0.2018 0.3616
vn 0.9143 -0.1784 0.3637
vn 0.9094 -0.1266 -0.3962
vn 0.9134 -0.1037 -0.3937
vn 0.3799 0.0223 -0.9248
vn 0.3822 0.0313 -0.9235
vn -0.3734 0.1586 -0.9140
vn -0.3742 0.1484 -0.9154
vn -0.9088 0.2019 -0.3651
vn -0.9126 0.1785 -0.3678
vn -0.3706 -0.0503 0.9274
vn -0.9171 0.0457 0.3961
vn 0.3906 -0.1161 0.9132
vn 0.9224 -0.1136 0.3691
vn 0.9213 -0.0446 -0.3863
vn 0.3888 0.0506 -0.9200
vn -0.3746 0.1170 -0.9198
vn -0.9206 0.1153 -0.3732
vn -0.3713 -0.0584 0.9267
vn -0.9200 -0.0232 0.3913
vn 0.3930 -0.0577 0.9177
vn 0.9260 -0.0195 0.3769
vn 0.9254 0.0341 -0.3774
vn 0.3931 0.0703 -0.9168
vn -0.3754 0.0670 -0.9244
vn -0.9249 0.0278 -0.3792
vn -0.3753 -0.0656 0.9246
vn -0.9203 -0.0922 0.3803
vn 0.3888 0.0046 0.9213
vn 0.9198 0.0792 0.3844
vn 0.9222 0.1148 -0.3693
vn 0.3928 0.0885 -0.9153
vn -0.3728 0.0149 -0.9278
vn -0.9192 -0.0599 -0.3892
vn -0.3752 -0.0777 0.9237
vn -0.9152 -0.1591 0.3702
vn 0.3784 0.0566 0.9239
vn 0.9027 0.1665 0.3968
vn 0.9140 0.1888 -0.3591
vn 0.3909 0.1057 -0.9144
vn -0.3628 -0.0312 -0.9314
vn -0.9046 -0.1396 -0.4028
vn -0.3924 -0.0551 0.9181
vn -0.9171 -0.1658 0.3625
vn 0.3520 0.0968 0.9310
vn 0.8896 0.1985 0.4114
vn 0.9136 0.1924 -0.3582
vn 0.3849 0.0819 -0.9193
vn -0.3668 -0.0649 -0.9281
vn -0.9001 -0.1664 -0.4027
vn -0.4072 0.0124 0.9133
vn -0.9282 -0.0948 0.3597
vn 0.3444 0.1229 0.9308
vn 0.8957 0.1700 0.4110
vn 0.9249 0.1263 -0.3586
vn 0.3967 0.0200 -0.9177
vn -0.3621 -0.0854 -0.9282
vn -0.9057 -0.1325 -0.4027
vn -0.4157 0.0826 0.9057
vn -0.9354 -0.0158 0.3533
vn 0.3426 0.1448 0.9283
vn 0.9021 0.1327 0.4106
vn 0.9335 0.0531 -0.3545
vn 0.4074 -0.0450 -0.9121
vn -0.3572 -0.1036 -0.9283
vn -0.9096 -0.0912 -0.4053
vn -0.4192 0.1483 0.8957
vn -0.9372 0.0581 0.3440
vn 0.3418 0.1640 0.9254
vn 0.9055 0.0948 0.4136
vn 0.9378 -0.0195 -0.3466
vn 0.4127 -0.1100 -0.9042
vn -0.3548 -0.1232 -0.9268
vn -0.9109 -0.0533 -0.4092
vn -0.4186 0.2085 0.8839
vn -0.9346 0.1265 0.3324
vn 0.3412 0.1779 0.9230
vn 0.9056 0.0511 0.4211
vn 0.9375 -0.0985 -0.3337
vn 0.4123 -0.1814 -0.8928
vn -0.3553 -0.1484 -0.9229
vn -0.9103 -0.0206 -0.4135
vn -0.4172 0.2369 0.8774
vn -0.9320 0.1589 0.3259
vn 0.3411 0.1831 0.9220
vn 0.9043 0.0269 0.4260
vn 0.9351 -0.1408 -0.3253
vn 0.4103 -0.2197 -0.8851
vn -0.3562 -0.1631 -0.9201
vn -0.9095 -0.0059 -0.4157
vn 0.3477 0.9283 0.1315
vn 0.2609 0.9581 0.1182
vn 0.3838 0.9212 -0.0642
vn 0.4667 0.8833 -0.0456
vn 0.8224 0.4318 0.3704
vn 0.7983 0.4894 0.3511
vn 0.8291 0.5398 0.1459
vn 0.8780 0.4365 0.1964
vn 0.6984 0.6486 0.3025
vn 0.7402 0.6674 0.0820
vn 0.5181 0.8241 0.2290
vn 0.6094 0.7928 0.0118
vn 0.4165 0.7914 0.4475
vn 0.2488 0.9044 0.3466
vn 0.5833 0.6333 0.5086
vn 0.7077 0.4778 0.5205
vn 0.7545 0.4168 0.5069
vn 0.1503 0.9529 0.2635
vn -0.2434 0.9336 -0.2630
vn -0.1526 0.9525 -0.2637
vn -0.2566 0.9642 -0.0667
vn -0.3451 0.9360 -0.0701
vn -0.8009 0.4771 -0.3619
vn -0.7677 0.5330 -0.3557
vn -0.7674 0.6207 -0.1610
vn -0.8344 0.5184 -0.1871
vn -0.6439 0.6822 -0.3464
vn -0.6564 0.7431 -0.1300
vn -0.4358 0.8399 -0.3234
vn -0.5038 0.8585 -0.0964
vn -0.3657 0.7573 -0.5410
vn -0.1746 0.8604 -0.4787
vn -0.5568 0.6167 -0.5565
vn -0.7000 0.4807 -0.5281
vn -0.7521 0.4301 -0.4993
vn -0.0615 0.9075 -0.4155
vn -0.2332 0.9555 -0.1806
vn -0.2214 0.9710 -0.0900
vn -0.4207 0.8940 -0.1539
vn -0.4244 0.8720 -0.2441
vn -0.0665 0.6033 -0.7947
vn -0.0893 0.6497 -0.7549
vn -0.2976 0.6396 -0.7088
vn -0.2443 0.5615 -0.7906
vn -0.1364 0.7763 -0.6154
vn -0.3545 0.7327 -0.5809
vn -0.1809 0.9028 -0.3902
vn -0.4016 0.8176 -0.4126
vn 0.0603 0.9266 -0.3712
vn 0.0019 0.9869 -0.1615
vn 0.0944 0.8116 -0.5765
vn 0.0986 0.6801 -0.7265
vn 0.0845 0.6228 -0.7778
vn -0.0496 0.9982 -0.0342
vn 0.1146 0.9661 0.2311
vn 0.0431 0.9837 0.1748
vn 0.2441 0.9664 0.0799
vn 0.3107 0.9403 0.1392
vn 0.4656 0.5379 0.7028
vn 0.4472 0.5918 0.6707
vn 0.5695 0.6485 0.5051
vn 0.5994 0.5524 0.5793
vn 0.3656 0.7361 0.5697
vn 0.5090 0.7632 0.3981
vn 0.2254 0.8855 0.4063
vn 0.4160 0.8699 0.2651
vn 0.0335 0.8363 0.5472
vn -0.0743 0.9260 0.3700
vn 0.1660 0.7024 0.6922
vn 0.2865 0.5656 0.7733
vn 0.3412 0.5119 0.7884
vn -0.1236 0.9613 0.2463
vn -0.2828 0.8946 -0.3461
vn -0.2733 0.9263 -0.2594
vn -0.4670 0.8280 -0.3103
vn -0.4680 0.7904 -0.3953
vn -0.0867 0.4512 -0.8882
vn -0.1127 0.5024 -0.8572
vn -0.3208 0.4885 -0.8114
vn -0.2620 0.4006 -0.8780
vn -0.1690 0.6484 -0.7423
vn -0.3850 0.5990 -0.7021
vn -0.2242 0.8093 -0.5429
vn -0.4394 0.7090 -0.5516
vn 0.0150 0.8499 -0.5268
vn -0.0501 0.9423 -0.3311
vn 0.0588 0.7031 -0.7086
vn 0.0727 0.5480 -0.8333
vn 0.0627 0.4820 -0.8739
vn -0.1042 0.9725 -0.2081
vn -0.1441 0.9727 0.1820
vn -0.1711 0.9808 0.0937
vn 0.0482 0.9899 0.1332
vn 0.0703 0.9726 0.2218
vn -0.0885 0.5933 0.8001
vn -0.0904 0.6444 0.7594
vn 0.0984 0.7166 0.6905
vn 0.0897 0.6252 0.7753
vn -0.1131 0.7769 0.6193
vn 0.0993 0.8226 0.5600
vn -0.1476 0.9070 0.3944
vn 0.0899 0.9164 0.3901
vn -0.3791 0.8332 0.4026
vn -0.3730 0.9082 0.1896
vn -0.3418 0.7175 0.6069
vn -0.2769 0.5975 0.7525
vn -0.2358 0.5513 0.8003
vn -0.3448 0.9369 0.0578
vn -0.3182 0.9457 -0.0663
vn -0.2307 0.9717 -0.0498
vn -0.3572 0.9252 0.1279
vn -0.4409 0.8913 0.1056
vn -0.8041 0.4829 -0.3468
vn -0.7785 0.5381 -0.3230
vn -0.8106 0.5742 -0.1150
vn -0.8619 0.4764 -0.1736
vn -0.6747 0.6902 -0.2616
vn -0.7189 0.6939 -0.0408
vn -0.4903 0.8541 -0.1733
vn -0.5855 0.8097 0.0400
vn -0.3867 0.8346 -0.3923
vn -0.2172 0.9347 -0.2815
vn -0.5572 0.6866 -0.4670
vn -0.6860 0.5363 -0.4917
vn -0.7348 0.4759 -0.4833
vn -0.1183 0.9739 -0.1938
vn -0.1090 0.9666 -0.2320
vn 0.0199 0.9965 0.0817
vn 0.1143 0.9834 -0.1406
vn 0.3309 0.9428 -0.0410
vn 0.2020 0.9129 -0.3547
vn -0.9239 -0.0242 0.3818
vn -0.9239 -0.0333 0.3811
vn -0.9212 0.1030 -0.3751
vn -0.9200 0.1260 -0.3712
vn -0.3855 -0.1598 0.9088
vn -0.3843 -0.1496 0.9110
vn 0.3760 -0.2018 0.9044
vn 0.3774 -0.1784 0.9087
vn 0.9183 -0.1266 0.3750
vn 0.9193 -0.1037 0.3797
vn 0.9275 0.0223 -0.3731
vn 0.9283 0.0313 -0.3705
vn 0.3942 0.1586 -0.9052
vn 0.3947 0.1484 -0.9067
vn -0.3726 0.2019 -0.9058
vn -0.3732 0.1785 -0.9104
vn -0.9230 -0.0503 0.3816
vn -0.9236 0.0457 -0.3806
vn -0.3817 -0.1161 0.9170
vn 0.3792 -0.1136 0.9183
vn 0.9195 -0.0446 0.3905
vn 0.9303 0.0506 -0.3634
vn 0.3975 0.1170 -0.9101
vn -0.3749 0.1153 -0.9199
vn -0.9229 -0.0584 0.3806
vn -0.9222 -0.0232 -0.3860
vn -0.3832 -0.0577 0.9219
vn 0.3761 -0.0195 0.9264
vn 0.9160 0.0341 0.3997
vn 0.9310 0.0703 -0.3581
vn 0.4003 0.0670 -0.9139
vn -0.3736 0.0278 -0.9272
vn -0.9242 -0.0656 0.3762
vn -0.9145 -0.0922 -0.3939
vn -0.3888 0.0046 0.9213
vn 0.3663 0.0792 0.9271
vn 0.9080 0.1148 0.4030
vn 0.9298 0.0885 -0.3572
vn 0.4046 0.0149 -0.9144
vn -0.3625 -0.0599 -0.9301
vn -0.9235 -0.0777 0.3757
vn -0.9038 -0.1591 -0.3973
vn -0.3979 0.0566 0.9157
vn 0.3456 0.1665 0.9235
vn 0.8950 0.1888 0.4042
vn 0.9278 0.1057 -0.3579
vn 0.4141 -0.0312 -0.9097
vn -0.3426 -0.1396 -0.9290
vn -0.9315 -0.0551 0.3594
vn -0.8996 -0.1658 -0.4041
vn -0.4213 0.0968 0.9017
vn 0.3260 0.1985 0.9243
vn 0.8940 0.1924 0.4046
vn 0.9271 0.0819 -0.3656
vn 0.4090 -0.0649 -0.9102
vn -0.3395 -0.1664 -0.9258
vn -0.9383 0.0123 0.3455
vn -0.9053 -0.0948 -0.4140
vn -0.4265 0.1229 0.8961
vn 0.3305 0.1700 0.9284
vn 0.9022 0.1263 0.4124
vn 0.9342 0.0200 -0.3561
vn 0.4123 -0.0854 -0.9070
vn -0.3434 -0.1325 -0.9298
vn -0.9389 0.0825 0.3341
vn -0.9057 -0.0158 -0.4236
vn -0.4260 0.1448 0.8931
vn 0.3352 0.1327 0.9327
vn 0.9053 0.0531 0.4214
vn 0.9377 -0.0450 -0.3446
vn 0.4157 -0.1036 -0.9036
vn -0.3443 -0.0912 -0.9344
vn -0.9341 0.1483 0.3247
vn -0.9003 0.0581 -0.4314
vn -0.4245 0.1640 0.8905
vn 0.3354 0.0948 0.9373
vn 0.9026 -0.0195 0.4300
vn 0.9357 -0.1100 -0.3352
vn 0.4164 -0.1232 -0.9008
vn -0.3424 -0.0533 -0.9380
vn -0.9253 0.2085 0.3168
vn -0.8902 0.1265 -0.4377
vn -0.4232 0.1779 0.8884
vn 0.3301 0.0511 0.9426
vn 0.8932 -0.0985 0.4388
vn 0.9273 -0.1814 -0.3275
vn 0.4133 -0.1484 -0.8984
vn -0.3389 -0.0206 -0.9406
vn -0.9196 0.2369 0.3133
vn -0.8837 0.1589 -0.4403
vn -0.4226 0.1831 0.8876
vn 0.3258 0.0269 0.9451
vn 0.8855 -0.1408 0.4429
vn 0.9203 -0.2197 -0.3236
vn 0.4106 -0.1631 -0.8971
vn -0.3367 -0.0059 -0.9416
vn 0.1484 0.9283 0.3408
vn 0.0973 0.9581 0.2693
vn 0.3138 0.9212 0.2302
vn 0.3583 0.8833 0.3025
vn 0.3084 0.4318 0.8476
vn 0.3054 0.4894 0.8169
vn 0.4739 0.5398 0.6957
vn 0.4719 0.4365 0.7660
vn 0.2706 0.6486 0.7114
vn 0.4577 0.6674 0.5875
vn 0.1974 0.8241 0.5310
vn 0.4167 0.7928 0.4448
vn -0.0300 0.7914 0.6106
vn -0.0747 0.9044 0.4201
vn 0.0425 0.6333 0.7727
vn 0.1209 0.4778 0.8701
vn 0.1633 0.4168 0.8942
vn -0.0839 0.9529 0.2915
vn 0.0187 0.9336 -0.3579
vn 0.0824 0.9525 -0.2933
vn -0.1312 0.9642 -0.2304
vn -0.1905 0.9360 -0.2961
vn -0.2995 0.4771 -0.8262
vn -0.2808 0.5330 -0.7982
vn -0.4201 0.6207 -0.6621
vn -0.4481 0.5184 -0.7283
vn -0.2011 0.6822 -0.7029
vn -0.3649 0.7431 -0.5609
vn -0.0724 0.8399 -0.5378
vn -0.2824 0.8585 -0.4281
vn 0.1324 0.7573 -0.6395
vn 0.2212 0.8604 -0.4591
vn 0.0102 0.6167 -0.7871
vn -0.1101 0.4807 -0.8699
vn -0.1670 0.4301 -0.8872
vn 0.2547 0.9075 -0.3340
vn -0.0333 0.9555 -0.2931
vn -0.0900 0.9710 -0.2214
vn -0.1833 0.8940 -0.4088
vn -0.1212 0.8720 -0.4743
vn 0.5229 0.6033 -0.6021
vn 0.4785 0.6497 -0.5907
vn 0.3001 0.6396 -0.7077
vn 0.3959 0.5615 -0.7266
vn 0.3457 0.7763 -0.5271
vn 0.1688 0.7327 -0.6593
vn 0.1533 0.9028 -0.4018
vn 0.0154 0.8176 -0.5756
vn 0.3080 0.9266 -0.2158
vn 0.1170 0.9869 -0.1113
vn 0.4789 0.8116 -0.3346
vn 0.5892 0.6801 -0.4363
vn 0.6161 0.6228 -0.4821
vn -0.0101 0.9982 -0.0593
vn -0.0856 0.9661 0.2434
vn -0.0952 0.9837 0.1528
vn 0.1131 0.9664 0.2306
vn 0.1171 0.9403 0.3197
vn -0.1786 0.5379 0.8239
vn -0.1685 0.5918 0.7883
vn 0.0355 0.6485 0.7604
vn 0.0032 0.5524 0.8336
vn -0.1530 0.7361 0.6594
vn 0.0699 0.7632 0.6424
vn -0.1338 0.8855 0.4449
vn 0.1003 0.8699 0.4830
vn -0.3687 0.8363 0.4057
vn -0.3170 0.9260 0.2049
vn -0.3801 0.7024 0.6019
vn -0.3541 0.5656 0.7448
vn -0.3267 0.5119 0.7945
vn -0.2626 0.9613 0.0833
vn 0.0506 0.8946 -0.4440
vn -0.0049 0.9263 -0.3768
vn -0.1036 0.8280 -0.5510
vn -0.0433 0.7904 -0.6110
vn 0.5758 0.4512 -0.6818
vn 0.5355 0.5024 -0.6788
vn 0.3574 0.4885 -0.7960
vn 0.4462 0.4006 -0.8003
vn 0.4139 0.6484 -0.6390
vn 0.2344 0.5990 -0.7657
vn 0.2325 0.8093 -0.5394
vn 0.0885 0.7090 -0.6996
vn 0.3878 0.8499 -0.3568
vn 0.2022 0.9423 -0.2669
vn 0.5487 0.7031 -0.4523
vn 0.6477 0.5480 -0.5293
vn 0.6698 0.4820 -0.5648
vn 0.0763 0.9725 -0.2198
vn -0.2309 0.9727 0.0238
vn -0.1865 0.9808 -0.0572
vn -0.0618 0.9899 0.1274
vn -0.1098 0.9726 0.2051
vn -0.6349 0.5933 0.4948
vn -0.6071 0.6444 0.4650
vn -0.4260 0.7166 0.5522
vn -0.4928 0.6252 0.6052
vn -0.5226 0.7769 0.3511
vn -0.3319 0.8226 0.4618
vn -0.3855 0.9070 0.1695
vn -0.2168 0.9164 0.3366
vn -0.5529 0.8332 0.0093
vn -0.3961 0.9083 -0.1350
vn -0.6733 0.7175 0.1786
vn -0.7323 0.5975 0.3267
vn -0.7378 0.5513 0.3894
vn -0.2820 0.9369 -0.2067
vn -0.1745 0.9457 -0.2742
vn -0.1253 0.9717 -0.2001
vn -0.3408 0.9252 -0.1667
vn -0.3833 0.8913 -0.2421
vn -0.3126 0.4829 -0.8180
vn -0.3118 0.5381 -0.7831
vn -0.4832 0.5742 -0.6610
vn -0.4770 0.4764 -0.7386
vn -0.2834 0.6902 -0.6659
vn -0.4723 0.6939 -0.5435
vn -0.2180 0.8541 -0.4721
vn -0.4371 0.8097 -0.3915
vn 0.0113 0.8346 -0.5508
vn 0.0501 0.9347 -0.3520
vn -0.0542 0.6866 -0.7250
vn -0.1264 0.5363 -0.8345
vn -0.1665 0.4759 -0.8636
vn 0.0563 0.9739 -0.2200
vn 0.0902 0.9666 -0.2400
vn -0.0447 0.9965 0.0712
vn 0.1805 0.9834 -0.0162
vn 0.2602 0.9428 0.2085
vn 0.3950 0.9129 -0.1027
vn -0.6624 -0.0242 -0.7488
vn -0.6617 -0.0333 -0.7491
vn 0.0540 0.1030 -0.9932
vn 0.0508 0.1260 -0.9907
vn -0.9848 -0.1598 -0.0680
vn -0.9865 -0.1496 -0.0660
vn -0.7322 -0.2018 0.6505
vn -0.7359 -0.1784 0.6532
vn -0.0549 -0.1266 0.9904
vn -0.0590 -0.1037 0.9929
vn 0.6553 0.0223 0.7551
vn 0.6531 0.0313 0.7566
vn 0.9843 0.1586 0.0773
vn 0.9859 0.1484 0.0773
vn 0.7347 0.2019 -0.6477
vn 0.7388 0.1785 -0.6498
vn -0.6618 -0.0503 -0.7480
vn 0.0585 0.0457 -0.9972
vn -0.9913 -0.1161 -0.0617
vn -0.7444 -0.1136 0.6580
vn -0.0691 -0.0446 0.9966
vn 0.6470 0.0506 0.7608
vn 0.9900 0.1170 0.0789
vn 0.7472 0.1153 -0.6545
vn -0.6608 -0.0584 -0.7483
vn 0.0640 -0.0232 -0.9977
vn -0.9964 -0.0577 -0.0615
vn -0.7530 -0.0195 0.6577
vn -0.0789 0.0341 0.9963
vn 0.6422 0.0703 0.7633
vn 0.9945 0.0670 0.0803
vn 0.7545 0.0278 -0.6557
vn -0.6572 -0.0656 -0.7509
vn 0.0740 -0.0922 -0.9930
vn -0.9977 0.0046 -0.0669
vn -0.7569 0.0792 0.6487
vn -0.0848 0.1148 0.9898
vn 0.6410 0.0885 0.7624
vn 0.9963 0.0149 0.0841
vn 0.7609 -0.0599 -0.6461
vn -0.6564 -0.0777 -0.7504
vn 0.0808 -0.1591 -0.9839
vn -0.9954 0.0566 -0.0774
vn -0.7602 0.1665 0.6279
vn -0.0902 0.1888 0.9779
vn 0.6410 0.1057 0.7602
vn 0.9950 -0.0312 0.0947
vn 0.7665 -0.1396 -0.6269
vn -0.6437 -0.0551 -0.7633
vn 0.0885 -0.1658 -0.9822
vn -0.9898 0.0968 -0.1041
vn -0.7674 0.1985 0.6097
vn -0.0908 0.1924 0.9771
vn 0.6481 0.0819 0.7571
vn 0.9939 -0.0649 0.0896
vn 0.7644 -0.1664 -0.6229
vn -0.6327 0.0123 -0.7743
vn 0.0960 -0.0948 -0.9909
vn -0.9862 0.1229 -0.1108
vn -0.7698 0.1700 0.6153
vn -0.0955 0.1263 0.9874
vn 0.6414 0.0200 0.7669
vn 0.9919 -0.0854 0.0939
vn 0.7669 -0.1325 -0.6280
vn -0.6222 0.0825 -0.7785
vn 0.1049 -0.0158 -0.9944
vn -0.9832 0.1448 -0.1113
vn -0.7723 0.1327 0.6212
vn -0.1030 0.0531 0.9933
vn 0.6316 -0.0450 0.7740
vn 0.9898 -0.1036 0.0982
vn 0.7710 -0.0912 -0.6303
vn -0.6117 0.1483 -0.7771
vn 0.1141 0.0581 -0.9918
vn -0.9802 0.1640 -0.1107
vn -0.7766 0.0948 0.6229
vn -0.1120 -0.0195 0.9935
vn 0.6221 -0.1100 0.7751
vn 0.9874 -0.1232 0.0998
vn 0.7750 -0.0533 -0.6297
vn -0.6013 0.2085 -0.7713
vn 0.1233 0.1265 -0.9843
vn -0.9779 0.1779 -0.1102
vn -0.7833 0.0511 0.6195
vn -0.1234 -0.0985 0.9875
vn 0.6121 -0.1814 0.7697
vn 0.9841 -0.1484 0.0976
vn 0.7786 -0.0206 -0.6272
vn -0.5961 0.2369 -0.7671
vn 0.1279 0.1589 -0.9790
vn -0.9769 0.1831 -0.1099
vn -0.7871 0.0269 0.6163
vn -0.1298 -0.1408 0.9815
vn 0.6061 -0.2197 0.7644
vn 0.9820 -0.1631 0.0954
vn 0.7802 -0.0059 -0.6255
vn -0.2738 0.9283 0.2514
vn -0.2228 0.9581 0.1799
vn -0.1152 0.9212 0.3717
vn -0.1690 0.8833 0.4374
vn -0.7006 0.4318 0.5681
vn -0.6725 0.4894 0.5552
vn -0.5030 0.5398 0.6750
vn -0.5702 0.4365 0.6960
vn -0.5842 0.6486 0.4879
vn -0.4060 0.6674 0.6243
vn -0.4375 0.8241 0.3599
vn -0.2845 0.7928 0.5390
vn -0.5869 0.7914 0.1709
vn -0.4215 0.9044 0.0665
vn -0.7166 0.6333 0.2923
vn -0.7831 0.4778 0.3981
vn -0.7920 0.4168 0.4461
vn -0.3029 0.9529 0.0158
vn 0.3444 0.9336 -0.0991
vn 0.3041 0.9525 -0.0177
vn 0.1749 0.9642 -0.1992
vn 0.2178 0.9360 -0.2767
vn 0.6833 0.4771 -0.5527
vn 0.6629 0.5330 -0.5258
vn 0.4888 0.6207 -0.6131
vn 0.5423 0.5184 -0.6612
vn 0.5989 0.6822 -0.4194
vn 0.4112 0.7431 -0.5279
vn 0.4848 0.8399 -0.2439
vn 0.3126 0.8585 -0.4066
vn 0.6477 0.7573 -0.0834
vn 0.5061 0.8604 0.0593
vn 0.7474 0.6167 -0.2472
vn 0.7864 0.4807 -0.3879
vn 0.7842 0.4301 -0.4473
vn 0.3988 0.9075 0.1318
vn 0.2662 0.9555 -0.1271
vn 0.1799 0.9710 -0.1573
vn 0.3266 0.8940 -0.3066
vn 0.4088 0.8720 -0.2693
vn 0.7398 0.6033 0.2979
vn 0.7145 0.6497 0.2596
vn 0.7669 0.6396 0.0528
vn 0.8160 0.5615 0.1372
vn 0.6110 0.7763 0.1549
vn 0.6783 0.7327 -0.0555
vn 0.4299 0.9028 0.0139
vn 0.5491 0.8176 -0.1732
vn 0.3045 0.9266 0.2208
vn 0.1434 0.9869 0.0743
vn 0.4725 0.8116 0.3435
vn 0.6046 0.6801 0.4146
vn 0.6568 0.6228 0.4251
vn 0.0528 0.9982 -0.0289
vn -0.2580 0.9661 -0.0015
vn -0.1755 0.9837 -0.0401
vn -0.1811 0.9664 0.1822
vn -0.2640 0.9403 0.2150
vn -0.8371 0.5379 0.0999
vn -0.8002 0.5918 0.0979
vn -0.7072 0.6485 0.2816
vn -0.7869 0.5524 0.2750
vn -0.6732 0.7361 0.0705
vn -0.5845 0.7632 0.2756
vn -0.4642 0.8855 0.0187
vn -0.4238 0.8699 0.2524
vn -0.5038 0.8363 -0.2161
vn -0.2971 0.9260 -0.2328
vn -0.6929 0.7024 -0.1629
vn -0.8195 0.5656 -0.0917
vn -0.8576 0.5119 -0.0497
vn -0.1644 0.9613 -0.2211
vn 0.4362 0.8946 -0.0970
vn 0.3546 0.9263 -0.1275
vn 0.4871 0.8280 -0.2777
vn 0.5635 0.7904 -0.2403
vn 0.8324 0.4512 0.3219
vn 0.8164 0.5024 0.2847
vn 0.8690 0.4885 0.0782
vn 0.9020 0.4006 0.1607
vn 0.7390 0.6484 0.1828
vn 0.8002 0.5990 -0.0282
vn 0.5857 0.8093 0.0438
vn 0.6902 0.7090 -0.1446
vn 0.4638 0.8499 0.2502
vn 0.3183 0.9423 0.1041
vn 0.6065 0.7031 0.3711
vn 0.7117 0.5480 0.4396
vn 0.7524 0.4820 0.4489
vn 0.2327 0.9725 0.0004
vn -0.0978 0.9727 -0.2106
vn -0.0067 0.9808 -0.1950
vn -0.1406 0.9899 -0.0168
vn -0.2297 0.9726 -0.0369
vn -0.6749 0.5933 -0.4387
vn -0.6376 0.6444 -0.4222
vn -0.6610 0.7166 -0.2226
vn -0.7329 0.6252 -0.2684
vn -0.5024 0.7769 -0.3795
vn -0.5448 0.8226 -0.1631
vn -0.2860 0.9070 -0.3091
vn -0.3889 0.9164 -0.0951
vn -0.1892 0.8332 -0.5196
vn -0.0016 0.9083 -0.4184
vn -0.3885 0.7175 -0.5782
vn -0.5477 0.5975 -0.5857
vn -0.6088 0.5513 -0.5704
vn 0.1034 0.9369 -0.3340
vn 0.2023 0.9457 -0.2544
vn 0.1482 0.9717 -0.1837
vn 0.0464 0.9252 -0.3766
vn 0.1039 0.8913 -0.4413
vn 0.6713 0.4829 -0.5623
vn 0.6386 0.5381 -0.5502
vn 0.4672 0.5742 -0.6724
vn 0.5426 0.4764 -0.6919
vn 0.5370 0.6902 -0.4851
vn 0.3597 0.6939 -0.6238
vn 0.3752 0.8541 -0.3601
vn 0.2275 0.8097 -0.5409
vn 0.5243 0.8346 -0.1690
vn 0.3490 0.9347 -0.0675
vn 0.6676 0.6866 -0.2878
vn 0.7477 0.5363 -0.3917
vn 0.7621 0.4759 -0.4391
vn 0.2263 0.9739 -0.0186
vn 0.2562 0.9666 0.0069
vn -0.0819 0.9965 -0.0190
vn 0.0742 0.9834 0.1653
vn -0.1122 0.9428 0.3140
vn 0.2260 0.9129 0.3399
vn -0.8201 -0.0242 0.5717
vn -0.8202 -0.0333 0.5710
vn -0.9804 0.1030 -0.1680
vn -0.9783 0.1260 -0.1645
vn -0.1809 -0.1598 0.9704
vn -0.1792 -0.1496 0.9724
vn 0.5618 -0.2018 0.8023
vn 0.5641 -0.1784 0.8062
vn 0.9775 -0.1266 0.1686
vn 0.9795 -0.1037 0.1729
vn 0.8255 0.0223 -0.5640
vn 0.8268 0.0313 -0.5617
vn 0.1901 0.1586 -0.9689
vn 0.1903 0.1484 -0.9704
vn -0.5588 0.2019 -0.8044
vn -0.5604 0.1785 -0.8087
vn -0.8192 -0.0503 0.5713
vn -0.9839 0.0457 -0.1729
vn -0.1754 -0.1161 0.9776
vn 0.5680 -0.1136 0.8152
vn 0.9820 -0.0446 0.1834
vn 0.8303 0.0506 -0.5551
vn 0.1923 0.1170 -0.9743
vn -0.5641 0.1153 -0.8176
vn -0.8194 -0.0584 0.5703
vn -0.9837 -0.0232 -0.1785
vn -0.1758 -0.0577 0.9827
vn 0.5666 -0.0195 0.8237
vn 0.9806 0.0341 0.1931
vn 0.8321 0.0703 -0.5501
vn 0.1942 0.0670 -0.9787
vn -0.5644 0.0278 -0.8250
vn -0.8216 -0.0656 0.5663
vn -0.9779 -0.0922 -0.1879
vn -0.1813 0.0046 0.9834
vn 0.5573 0.0792 0.8265
vn 0.9734 0.1148 0.1981
vn 0.8311 0.0885 -0.5490
vn 0.1983 0.0149 -0.9800
vn -0.5542 -0.0599 -0.8302
vn -0.8210 -0.0777 0.5656
vn -0.9681 -0.1591 -0.1935
vn -0.1915 0.0566 0.9799
vn 0.5363 0.1665 0.8275
vn 0.9610 0.1888 0.2021
vn 0.8290 0.1057 -0.5492
vn 0.2086 -0.0312 -0.9775
vn -0.5345 -0.1396 -0.8335
vn -0.8323 -0.0551 0.5515
vn -0.9655 -0.1658 -0.2010
vn -0.2173 0.0968 0.9713
vn 0.5173 0.1985 0.8325
vn 0.9602 0.1924 0.2027
vn 0.8267 0.0819 -0.5566
vn 0.2035 -0.0649 -0.9769
vn -0.5308 -0.1664 -0.8310
vn -0.8420 0.0123 0.5394
vn -0.9732 -0.0948 -0.2095
vn -0.2236 0.1229 0.9669
vn 0.5226 0.1700 0.8355
vn 0.9698 0.1263 0.2085
vn 0.8357 0.0200 -0.5489
vn 0.2074 -0.0854 -0.9745
vn -0.5355 -0.1325 -0.8341
vn -0.8450 0.0825 0.5284
vn -0.9757 -0.0158 -0.2187
vn -0.2238 0.1448 0.9638
vn 0.5281 0.1327 0.8387
vn 0.9748 0.0531 0.2167
vn 0.8415 -0.0450 -0.5383
vn 0.2115 -0.1036 -0.9719
vn -0.5374 -0.0912 -0.8384
vn -0.8424 0.1483 0.5181
vn -0.9720 0.0581 -0.2275
vn -0.2228 0.1640 0.9610
vn 0.5293 0.0948 0.8431
vn 0.9740 -0.0195 0.2256
vn 0.8416 -0.1100 -0.5288
vn 0.2128 -0.1232 -0.9693
vn -0.5363 -0.0533 -0.8424
vn -0.8354 0.2085 0.5085
vn -0.9635 0.1265 -0.2358
vn -0.2220 0.1779 0.9587
vn 0.5253 0.0511 0.8494
vn 0.9667 -0.0985 0.2363
vn 0.8350 -0.1814 -0.5194
vn 0.2102 -0.1484 -0.9663
vn -0.5334 -0.0206 -0.8456
vn -0.8307 0.2369 0.5039
vn -0.9577 0.1589 -0.2398
vn -0.2216 0.1831 0.9578
vn 0.5216 0.0269 0.8528
vn 0.9600 -0.1408 0.2419
vn 0.8291 -0.2197 -0.5141
vn 0.2079 -0.1631 -0.9645
vn -0.5315 -0.0059 -0.8471
vn 0.2182 0.9283 0.3009
vn 0.1530 0.9581 0.2421
vn 0.3560 0.9212 0.1573
vn 0.4150 0.8833 0.2183
vn 0.4836 0.4318 0.7613
vn 0.4741 0.4894 0.7320
vn 0.6126 0.5398 0.5774
vn 0.6257 0.4365 0.6465
vn 0.4174 0.6486 0.6365
vn 0.5734 0.6674 0.4752
vn 0.3071 0.8241 0.4760
vn 0.5027 0.7928 0.3447
vn 0.1022 0.7914 0.6027
vn 0.0175 0.9044 0.4263
vn 0.2079 0.6333 0.7454
vn 0.3053 0.4778 0.8237
vn 0.3519 0.4168 0.8381
vn -0.0192 0.9529 0.3027
vn -0.0588 0.9336 -0.3535
vn 0.0174 0.9525 -0.3041
vn -0.1777 0.9642 -0.1967
vn -0.2498 0.9360 -0.2482
vn -0.4703 0.4771 -0.7424
vn -0.4460 0.5330 -0.7190
vn -0.5527 0.6207 -0.5561
vn -0.5943 0.5184 -0.6148
vn -0.3477 0.6822 -0.6432
vn -0.4770 0.7431 -0.4693
vn -0.1865 0.8399 -0.5096
vn -0.3679 0.8585 -0.3573
vn -0.0083 0.7573 -0.6530
vn 0.1172 0.8604 -0.4959
vn -0.1595 0.6167 -0.7709
vn -0.2947 0.4807 -0.8259
vn -0.3541 0.4301 -0.8305
vn 0.1769 0.9075 -0.3810
vn -0.0956 0.9555 -0.2790
vn -0.1355 0.9710 -0.1968
vn -0.2670 0.8940 -0.3597
vn -0.2205 0.8720 -0.4371
vn 0.3811 0.6033 -0.7006
vn 0.3401 0.6497 -0.6798
vn 0.1408 0.6396 -0.7557
vn 0.2302 0.5615 -0.7948
vn 0.2242 0.7763 -0.5891
vn 0.0229 0.7327 -0.6802
vn 0.0633 0.9028 -0.4254
vn -0.1089 0.8176 -0.5654
vn 0.2544 0.9266 -0.2770
vn 0.0903 0.9869 -0.1339
vn 0.3956 0.8116 -0.4299
vn 0.4815 0.6801 -0.5529
vn 0.4979 0.6228 -0.6035
vn -0.0227 0.9982 -0.0558
vn -0.0312 0.9661 0.2561
vn -0.0601 0.9837 0.1697
vn 0.1601 0.9664 0.2009
vn 0.1831 0.9402 0.2870
vn 0.0029 0.5379 0.8430
vn 0.0051 0.5918 0.8061
vn 0.1984 0.6485 0.7350
vn 0.1826 0.5524 0.8133
vn -0.0075 0.7361 0.6769
vn 0.2065 0.7632 0.6123
vn -0.0349 0.8855 0.4633
vn 0.2019 0.8699 0.4501
vn -0.2727 0.8363 0.4756
vn -0.2654 0.9260 0.2683
vn -0.2416 0.7024 0.6695
vn -0.1855 0.5656 0.8035
vn -0.1481 0.5119 0.8462
vn -0.2386 0.9613 0.1379
vn -0.0461 0.8946 -0.4445
vn -0.0859 0.9263 -0.3669
vn -0.2197 0.8280 -0.5158
vn -0.1739 0.7904 -0.5874
vn 0.4156 0.4512 -0.7898
vn 0.3768 0.5024 -0.7782
vn 0.1777 0.4885 -0.8543
vn 0.2635 0.4006 -0.8775
vn 0.2666 0.6484 -0.7131
vn 0.0641 0.5990 -0.7982
vn 0.1110 0.8093 -0.5768
vn -0.0641 0.7090 -0.7023
vn 0.3020 0.8499 -0.4319
vn 0.1400 0.9423 -0.3042
vn 0.4385 0.7031 -0.5598
vn 0.5186 0.5480 -0.6563
vn 0.5325 0.4820 -0.6958
vn 0.0272 0.9725 -0.2311
vn -0.2204 0.9727 0.0729
vn -0.1945 0.9808 -0.0158
vn -0.0329 0.9899 0.1377
vn -0.0631 0.9726 0.2239
vn -0.5135 0.5933 0.6199
vn -0.4928 0.6444 0.5848
vn -0.2972 0.7166 0.6310
vn -0.3510 0.6252 0.6971
vn -0.4348 0.7769 0.4554
vn -0.2247 0.8226 0.5224
vn -0.3400 0.9070 0.2485
vn -0.1392 0.9164 0.3753
vn -0.5379 0.8332 0.1281
vn -0.4158 0.9082 -0.0466
vn -0.6191 0.7175 0.3193
vn -0.6449 0.5975 0.4766
vn -0.6367 0.5513 0.5391
vn -0.3198 0.9369 -0.1412
vn -0.2294 0.9457 -0.2302
vn -0.1654 0.9717 -0.1684
vn -0.3687 0.9252 -0.0894
vn -0.4264 0.8913 -0.1540
vn -0.4813 0.4829 -0.7316
vn -0.4730 0.5381 -0.6977
vn -0.6141 0.5742 -0.5415
vn -0.6248 0.4764 -0.6186
vn -0.4200 0.6902 -0.5893
vn -0.5782 0.6939 -0.4291
vn -0.3145 0.8541 -0.4142
vn -0.5111 0.8097 -0.2883
vn -0.1076 0.8346 -0.5403
vn -0.0268 0.9347 -0.3545
vn -0.2090 0.6866 -0.6963
vn -0.3030 0.5363 -0.7878
vn -0.3485 0.4759 -0.8075
vn 0.0076 0.9739 -0.2270
vn 0.0364 0.9666 -0.2537
vn -0.0283 0.9965 0.0792
vn 0.1727 0.9834 -0.0547
vn 0.2990 0.9428 0.1476
vn 0.3637 0.9129 -0.1853
vt 0.847540 0.054629
vt 0.727202 0.054754
vt 0.727140 0.044664
vt 0.847362 0.044605
vt 0.847782 0.064682
vt 0.727200 0.064820
vt 0.847956 0.074784
vt 0.727134 0.074881
vt 0.847957 0.084917
vt 0.727223 0.084946
vt 0.847802 0.094991
vt 0.727261 0.094991
vt 0.847496 0.024546
vt 0.727118 0.024456
vt 0.727139 0.014384
vt 0.847719 0.014493
vt 0.847345 0.034574
vt 0.727052 0.034551
vt 0.621098 0.054727
vt 0.621014 0.044661
vt 0.621096 0.064776
vt 0.621008 0.074820
vt 0.621120 0.084868
vt 0.621165 0.094894
vt 0.620972 0.024507
vt 0.620991 0.014463
vt 0.620892 0.034578
vt 0.529120 0.054750
vt 0.529006 0.044695
vt 0.529120 0.064764
vt 0.529005 0.074761
vt 0.529159 0.084759
vt 0.529218 0.094729
vt 0.528954 0.024545
vt 0.528985 0.014534
vt 0.528843 0.034608
vt 0.450640 0.054848
vt 0.450475 0.044762
vt 0.450643 0.064842
vt 0.450486 0.074776
vt 0.450696 0.084692
vt 0.450774 0.094599
vt 0.450369 0.024511
vt 0.450394 0.014513
vt 0.450237 0.034615
vt 0.384831 0.055120
vt 0.384774 0.045006
vt 0.384793 0.065070
vt 0.384692 0.074844
vt 0.384871 0.084554
vt 0.384787 0.094387
vt 0.384334 0.024776
vt 0.384175 0.014788
vt 0.384479 0.034872
vt 0.329202 0.054756
vt 0.329077 0.045166
vt 0.329254 0.064373
vt 0.329195 0.074099
vt 0.329041 0.083965
vt 0.329043 0.093828
vt 0.329001 0.025894
vt 0.328839 0.016115
vt 0.329112 0.035545
vt 0.275142 0.054617
vt 0.275160 0.045153
vt 0.275093 0.064202
vt 0.275066 0.073923
vt 0.275049 0.083719
vt 0.274998 0.093597
vt 0.275178 0.026032
vt 0.275151 0.016317
vt 0.275183 0.035655
vt 0.220122 0.054607
vt 0.220314 0.045116
vt 0.219992 0.064135
vt 0.219981 0.073749
vt 0.220077 0.083457
vt 0.219933 0.093232
vt 0.220191 0.026035
vt 0.220220 0.016326
vt 0.220196 0.035609
vt 0.163377 0.054472
vt 0.163561 0.044991
vt 0.163255 0.063981
vt 0.163250 0.073561
vt 0.163348 0.083221
vt 0.163226 0.092937
vt 0.163464 0.025940
vt 0.163504 0.016266
vt 0.163459 0.035494
vt 0.104190 0.054333
vt 0.104357 0.044841
vt 0.104097 0.063838
vt 0.104119 0.073412
vt 0.104239 0.083073
vt 0.104165 0.092759
vt 0.104330 0.025786
vt 0.104414 0.016112
vt 0.104288 0.035338
vt 0.041083 0.054360
vt 0.041060 0.044567
vt 0.041430 0.064078
vt 0.041879 0.073723
vt 0.042178 0.083344
vt 0.042158 0.092968
vt 0.041848 0.025118
vt 0.042269 0.015405
vt 0.041361 0.034803
vt 0.200268 0.853772
vt 0.221595 0.990780
vt 0.213652 0.990780
vt 0.070624 0.853772
vt 0.254316 0.305739
vt 0.234531 0.442748
vt 0.083343 0.442748
vt 0.240575 0.305739
vt 0.209421 0.579756
vt 0.014622 0.579756
vt 0.202560 0.716764
vt 0.014622 0.716764
vt 0.396610 0.716764
vt 0.331924 0.853772
vt 0.396610 0.579756
vt 0.352476 0.442748
vt 0.261164 0.305739
vt 0.239858 0.990780
vt 0.433333 0.421575
vt 1.000000 0.421575
vt 0.716667 0.699241
vt 1.000000 0.976907
vt 0.433333 0.976907
s 1
usemtl Plant_2.002
f 2271/263/2271 2279/264/2272 2286/265/2273 2278/266/2274
f 2272/267/2275 2280/268/2276 2279/264/2272 2271/263/2271
f 2273/269/2277 2281/270/2278 2280/268/2276 2272/267/2275
f 2274/271/2279 2282/272/2280 2281/270/2278 2273/269/2277
f 2275/273/2281 2283/274/2282 2282/272/2280 2274/271/2279
f 2276/275/2283 2284/276/2284 2283/277/2282 2275/278/2281
f 2277/279/2285 2285/280/2286 2284/276/2284 2276/275/2283
f 2278/266/2274 2286/265/2273 2285/280/2286 2277/279/2285
f 2279/264/2272 2287/281/2287 2294/282/2288 2286/265/2273
f 2280/268/2276 2288/283/2289 2287/281/2287 2279/264/2272
f 2281/270/2278 2289/284/2290 2288/283/2289 2280/268/2276
f 2282/272/2280 2290/285/2291 2289/284/2290 2281/270/2278
f 2283/274/2282 2291/286/2292 2290/285/2291 2282/272/2280
f 2284/276/2284 2292/287/2293 2291/288/2292 2283/277/2282
f 2285/280/2286 2293/289/2294 2292/287/2293 2284/276/2284
f 2286/265/2273 2294/282/2288 2293/289/2294 2285/280/2286
f 2287/281/2287 2295/290/2295 2302/291/2296 2294/282/2288
f 2288/283/2289 2296/292/2297 2295/290/2295 2287/281/2287
f 2289/284/2290 2297/293/2298 2296/292/2297 2288/283/2289
f 2290/285/2291 2298/294/2299 2297/293/2298 2289/284/2290
f 2291/286/2292 2299/295/2300 2298/294/2299 2290/285/2291
f 2292/287/2293 2300/296/2301 2299/297/2300 2291/288/2292
f 2293/289/2294 2301/298/2302 2300/296/2301 2292/287/2293
f 2294/282/2288 2302/291/2296 2301/298/2302 2293/289/2294
f 2295/290/2295 2303/299/2303 2310/300/2304 2302/291/2296
f 2296/292/2297 2304/301/2305 2303/299/2303 2295/290/2295
f 2297/293/2298 2305/302/2306 2304/301/2305 2296/292/2297
f 2298/294/2299 2306/303/2307 2305/302/2306 2297/293/2298
f 2299/295/2300 2307/304/2308 2306/303/2307 2298/294/2299
f 2300/296/2301 2308/305/2309 2307/306/2308 2299/297/2300
f 2301/298/2302 2309/307/2310 2308/305/2309 2300/296/2301
f 2302/291/2296 2310/300/2304 2309/307/2310 2301/298/2302
f 2303/299/2303 2311/308/2311 2318/309/2312 2310/300/2304
f 2304/301/2305 2312/310/2313 2311/308/2311 2303/299/2303
f 2305/302/2306 2313/311/2314 2312/310/2313 2304/301/2305
f 2306/303/2307 2314/312/2315 2313/311/2314 2305/302/2306
f 2307/304/2308 2315/313/2316 2314/312/2315 2306/303/2307
f 2308/305/2309 2316/314/2317 2315/315/2316 2307/306/2308
f 2309/307/2310 2317/316/2318 2316/314/2317 2308/305/2309
f 2310/300/2304 2318/309/2312 2317/316/2318 2309/307/2310
f 2311/308/2311 2319/317/2319 2326/318/2320 2318/309/2312
f 2312/310/2313 2320/319/2321 2319/317/2319 2311/308/2311
f 2313/311/2314 2321/320/2322 2320/319/2321 2312/310/2313
f 2314/312/2315 2322/321/2323 2321/320/2322 2313/311/2314
f 2315/313/2316 2323/322/2324 2322/321/2323 2314/312/2315
f 2316/314/2317 2324/323/2325 2323/324/2324 2315/315/2316
f 2317/316/2318 2325/325/2326 2324/323/2325 2316/314/2317
f 2318/309/2312 2326/318/2320 2325/325/2326 2317/316/2318
f 2319/317/2319 2327/326/2327 2334/327/2328 2326/318/2320
f 2320/319/2321 2328/328/2329 2327/326/2327 2319/317/2319
f 2321/320/2322 2329/329/2330 2328/328/2329 2320/319/2321
f 2322/321/2323 2330/330/2331 2329/329/2330 2321/320/2322
f 2323/322/2324 2331/331/2332 2330/330/2331 2322/321/2323
f 2324/323/2325 2332/332/2333 2331/333/2332 2323/324/2324
f 2325/325/2326 2333/334/2334 2332/332/2333 2324/323/2325
f 2326/318/2320 2334/327/2328 2333/334/2334 2325/325/2326
f 2327/326/2327 2335/335/2335 2342/336/2336 2334/327/2328
f 2328/328/2329 2336/337/2337 2335/335/2335 2327/326/2327
f 2329/329/2330 2337/338/2338 2336/337/2337 2328/328/2329
f 2330/330/2331 2338/339/2339 2337/338/2338 2329/329/2330
f 2331/331/2332 2339/340/2340 2338/339/2339 2330/330/2331
f 2332/332/2333 2340/341/2341 2339/342/2340 2331/333/2332
f 2333/334/2334 2341/343/2342 2340/341/2341 2332/332/2333
f 2334/327/2328 2342/336/2336 2341/343/2342 2333/334/2334
f 2335/335/2335 2343/344/2343 2350/345/2344 2342/336/2336
f 2336/337/2337 2344/346/2345 2343/344/2343 2335/335/2335
f 2337/338/2338 2345/347/2346 2344/346/2345 2336/337/2337
f 2338/339/2339 2346/348/2347 2345/347/2346 2337/338/2338
f 2339/340/2340 2347/349/2348 2346/348/2347 2338/339/2339
f 2340/341/2341 2348/350/2349 2347/351/2348 2339/342/2340
f 2341/343/2342 2349/352/2350 2348/350/2349 2340/341/2341
f 2342/336/2336 2350/345/2344 2349/352/2350 2341/343/2342
f 2343/344/2343 2351/353/2351 2358/354/2352 2350/345/2344
f 2344/346/2345 2352/355/2353 2351/353/2351 2343/344/2343
f 2345/347/2346 2353/356/2354 2352/355/2353 2344/346/2345
f 2346/348/2347 2354/357/2355 2353/356/2354 2345/347/2346
f 2347/349/2348 2355/358/2356 2354/357/2355 2346/348/2347
f 2348/350/2349 2356/359/2357 2355/360/2356 2347/351/2348
f 2349/352/2350 2357/361/2358 2356/359/2357 2348/350/2349
f 2350/345/2344 2358/354/2352 2357/361/2358 2349/352/2350
f 2351/353/2351 2359/362/2359 2366/363/2360 2358/354/2352
f 2352/355/2353 2360/364/2361 2359/362/2359 2351/353/2351
f 2353/356/2354 2361/365/2362 2360/364/2361 2352/355/2353
f 2354/357/2355 2362/366/2363 2361/365/2362 2353/356/2354
f 2355/358/2356 2363/367/2364 2362/366/2363 2354/357/2355
f 2356/359/2357 2364/368/2365 2363/369/2364 2355/360/2356
f 2357/361/2358 2365/370/2366 2364/368/2365 2356/359/2357
f 2358/354/2352 2366/363/2360 2365/370/2366 2357/361/2358
f 2384/371/2367 2380/372/2368 2371/373/2369 2369/374/2370
f 2379/375/2371 2381/376/2372 2374/377/2373 2367/378/2374
f 2381/376/2372 2382/379/2375 2373/380/2376 2374/377/2373
f 2382/379/2375 2383/381/2377 2372/382/2378 2373/380/2376
f 2383/381/2377 2384/371/2367 2369/374/2370 2372/382/2378
f 2377/383/2379 2378/384/2380 2384/371/2367 2383/381/2377
f 2376/385/2381 2377/383/2379 2383/381/2377 2382/379/2375
f 2375/386/2382 2376/385/2381 2382/379/2375 2381/376/2372
f 2368/387/2383 2375/386/2382 2381/376/2372 2379/375/2371
f 2378/384/2380 2370/388/2384 2380/372/2368 2384/371/2367
f 2402/371/2385 2398/372/2386 2389/373/2387 2387/374/2388
f 2397/375/2389 2399/376/2390 2392/377/2391 2385/378/2392
f 2399/376/2390 2400/379/2393 2391/380/2394 2392/377/2391
f 2400/379/2393 2401/381/2395 2390/382/2396 2391/380/2394
f 2401/381/2395 2402/371/2385 2387/374/2388 2390/382/2396
f 2395/383/2397 2396/384/2398 2402/371/2385 2401/381/2395
f 2394/385/2399 2395/383/2397 2401/381/2395 2400/379/2393
f 2393/386/2400 2394/385/2399 2400/379/2393 2399/376/2390
f 2386/387/2401 2393/386/2400 2399/376/2390 2397/375/2389
f 2396/384/2398 2388/388/2402 2398/372/2386 2402/371/2385
f 2420/371/2403 2416/372/2404 2407/373/2405 2405/374/2406
f 2415/375/2407 2417/376/2408 2410/377/2409 2403/378/2410
f 2417/376/2408 2418/379/2411 2409/380/2412 2410/377/2409
f 2418/379/2411 2419/381/2413 2408/382/2414 2409/380/2412
f 2419/381/2413 2420/371/2403 2405/374/2406 2408/382/2414
f 2413/383/2415 2414/384/2416 2420/371/2403 2419/381/2413
f 2412/385/2417 2413/383/2415 2419/381/2413 2418/379/2411
f 2411/386/2418 2412/385/2417 2418/379/2411 2417/376/2408
f 2404/387/2419 2411/386/2418 2417/376/2408 2415/375/2407
f 2414/384/2416 2406/388/2420 2416/372/2404 2420/371/2403
f 2438/371/2421 2434/372/2422 2425/373/2423 2423/374/2424
f 2433/375/2425 2435/376/2426 2428/377/2427 2421/378/2428
f 2435/376/2426 2436/379/2429 2427/380/2430 2428/377/2427
f 2436/379/2429 2437/381/2431 2426/382/2432 2427/380/2430
f 2437/381/2431 2438/371/2421 2423/374/2424 2426/382/2432
f 2431/383/2433 2432/384/2434 2438/371/2421 2437/381/2431
f 2430/385/2435 2431/383/2433 2437/381/2431 2436/379/2429
f 2429/386/2436 2430/385/2435 2436/379/2429 2435/376/2426
f 2422/387/2437 2429/386/2436 2435/376/2426 2433/375/2425
f 2432/384/2434 2424/388/2438 2434/372/2422 2438/371/2421
f 2456/371/2439 2452/372/2440 2443/373/2441 2441/374/2442
f 2451/375/2443 2453/376/2444 2446/377/2445 2439/378/2446
f 2453/376/2444 2454/379/2447 2445/380/2448 2446/377/2445
f 2454/379/2447 2455/381/2449 2444/382/2450 2445/380/2448
f 2455/381/2449 2456/371/2439 2441/374/2442 2444/382/2450
f 2449/383/2451 2450/384/2452 2456/371/2439 2455/381/2449
f 2448/385/2453 2449/383/2451 2455/381/2449 2454/379/2447
f 2447/386/2454 2448/385/2453 2454/379/2447 2453/376/2444
f 2440/387/2455 2447/386/2454 2453/376/2444 2451/375/2443
f 2450/384/2452 2442/388/2456 2452/372/2440 2456/371/2439
f 2474/371/2457 2470/372/2458 2461/373/2459 2459/374/2460
f 2469/375/2461 2471/376/2462 2464/377/2463 2457/378/2464
f 2471/376/2462 2472/379/2465 2463/380/2466 2464/377/2463
f 2472/379/2465 2473/381/2467 2462/382/2468 2463/380/2466
f 2473/381/2467 2474/371/2457 2459/374/2460 2462/382/2468
f 2467/383/2469 2468/384/2470 2474/371/2457 2473/381/2467
f 2466/385/2471 2467/383/2469 2473/381/2467 2472/379/2465
f 2465/386/2472 2466/385/2471 2472/379/2465 2471/376/2462
f 2458/387/2473 2465/386/2472 2471/376/2462 2469/375/2461
f 2468/384/2470 2460/388/2474 2470/372/2458 2474/371/2457
f 2492/371/2475 2488/372/2476 2479/373/2477 2477/374/2478
f 2487/375/2479 2489/376/2480 2482/377/2481 2475/378/2482
f 2489/376/2480 2490/379/2483 2481/380/2484 2482/377/2481
f 2490/379/2483 2491/381/2485 2480/382/2486 2481/380/2484
f 2491/381/2485 2492/371/2475 2477/374/2478 2480/382/2486
f 2485/383/2487 2486/384/2488 2492/371/2475 2491/381/2485
f 2484/385/2489 2485/383/2487 2491/381/2485 2490/379/2483
f 2483/386/2490 2484/385/2489 2490/379/2483 2489/376/2480
f 2476/387/2491 2483/386/2490 2489/376/2480 2487/375/2479
f 2486/384/2488 2478/388/2492 2488/372/2476 2492/371/2475
f 2494/389/2493 2493/390/2494 2497/391/2495
f 2493/390/2494 2495/392/2496 2497/391/2495
f 2495/392/2496 2496/393/2497 2497/391/2495
f 2496/393/2497 2494/389/2493 2497/391/2495
f 2498/263/2498 2506/264/2499 2513/265/2500 2505/266/2501
f 2499/267/2502 2507/268/2503 2506/264/2499 2498/263/2498
f 2500/269/2504 2508/270/2505 2507/268/2503 2499/267/2502
f 2501/271/2506 2509/272/2507 2508/270/2505 2500/269/2504
f 2502/273/2508 2510/274/2509 2509/272/2507 2501/271/2506
f 2503/275/2510 2511/276/2511 2510/277/2509 2502/278/2508
f 2504/279/2512 2512/280/2513 2511/276/2511 2503/275/2510
f 2505/266/2501 2513/265/2500 2512/280/2513 2504/279/2512
f 2506/264/2499 2514/281/2514 2521/282/2515 2513/265/2500
f 2507/268/2503 2515/283/2516 2514/281/2514 2506/264/2499
f 2508/270/2505 2516/284/2517 2515/283/2516 2507/268/2503
f 2509/272/2507 2517/285/2518 2516/284/2517 2508/270/2505
f 2510/274/2509 2518/286/2519 2517/285/2518 2509/272/2507
f 2511/276/2511 2519/287/2520 2518/288/2519 2510/277/2509
f 2512/280/2513 2520/289/2521 2519/287/2520 2511/276/2511
f 2513/265/2500 2521/282/2515 2520/289/2521 2512/280/2513
f 2514/281/2514 2522/290/2522 2529/291/2523 2521/282/2515
f 2515/283/2516 2523/292/2524 2522/290/2522 2514/281/2514
f 2516/284/2517 2524/293/2525 2523/292/2524 2515/283/2516
f 2517/285/2518 2525/294/2526 2524/293/2525 2516/284/2517
f 2518/286/2519 2526/295/2527 2525/294/2526 2517/285/2518
f 2519/287/2520 2527/296/2528 2526/297/2527 2518/288/2519
f 2520/289/2521 2528/298/2529 2527/296/2528 2519/287/2520
f 2521/282/2515 2529/291/2523 2528/298/2529 2520/289/2521
f 2522/290/2522 2530/299/2530 2537/300/2531 2529/291/2523
f 2523/292/2524 2531/301/2532 2530/299/2530 2522/290/2522
f 2524/293/2525 2532/302/2533 2531/301/2532 2523/292/2524
f 2525/294/2526 2533/303/2534 2532/302/2533 2524/293/2525
f 2526/295/2527 2534/304/2535 2533/303/2534 2525/294/2526
f 2527/296/2528 2535/305/2536 2534/306/2535 2526/297/2527
f 2528/298/2529 2536/307/2537 2535/305/2536 2527/296/2528
f 2529/291/2523 2537/300/2531 2536/307/2537 2528/298/2529
f 2530/299/2530 2538/308/2538 2545/309/2539 2537/300/2531
f 2531/301/2532 2539/310/2540 2538/308/2538 2530/299/2530
f 2532/302/2533 2540/311/2541 2539/310/2540 2531/301/2532
f 2533/303/2534 2541/312/2542 2540/311/2541 2532/302/2533
f 2534/304/2535 2542/313/2543 2541/312/2542 2533/303/2534
f 2535/305/2536 2543/314/2544 2542/315/2543 2534/306/2535
f 2536/307/2537 2544/316/2545 2543/314/2544 2535/305/2536
f 2537/300/2531 2545/309/2539 2544/316/2545 2536/307/2537
f 2538/308/2538 2546/317/2546 2553/318/2547 2545/309/2539
f 2539/310/2540 2547/319/2548 2546/317/2546 2538/308/2538
f 2540/311/2541 2548/320/2549 2547/319/2548 2539/310/2540
f 2541/312/2542 2549/321/2550 2548/320/2549 2540/311/2541
f 2542/313/2543 2550/322/2551 2549/321/2550 2541/312/2542
f 2543/314/2544 2551/323/2552 2550/324/2551 2542/315/2543
f 2544/316/2545 2552/325/2553 2551/323/2552 2543/314/2544
f 2545/309/2539 2553/318/2547 2552/325/2553 2544/316/2545
f 2546/317/2546 2554/326/2554 2561/327/2555 2553/318/2547
f 2547/319/2548 2555/328/2556 2554/326/2554 2546/317/2546
f 2548/320/2549 2556/329/2557 2555/328/2556 2547/319/2548
f 2549/321/2550 2557/330/2558 2556/329/2557 2548/320/2549
f 2550/322/2551 2558/331/2559 2557/330/2558 2549/321/2550
f 2551/323/2552 2559/332/2560 2558/333/2559 2550/324/2551
f 2552/325/2553 2560/334/2561 2559/332/2560 2551/323/2552
f 2553/318/2547 2561/327/2555 2560/334/2561 2552/325/2553
f 2554/326/2554 2562/335/2562 2569/336/2563 2561/327/2555
f 2555/328/2556 2563/337/2564 2562/335/2562 2554/326/2554
f 2556/329/2557 2564/338/2565 2563/337/2564 2555/328/2556
f 2557/330/2558 2565/339/2566 2564/338/2565 2556/329/2557
f 2558/331/2559 2566/340/2567 2565/339/2566 2557/330/2558
f 2559/332/2560 2567/341/2568 2566/342/2567 2558/333/2559
f 2560/334/2561 2568/343/2569 2567/341/2568 2559/332/2560
f 2561/327/2555 2569/336/2563 2568/343/2569 2560/334/2561
f 2562/335/2562 2570/344/2570 2577/345/2571 2569/336/2563
f 2563/337/2564 2571/346/2572 2570/344/2570 2562/335/2562
f 2564/338/2565 2572/347/2573 2571/346/2572 2563/337/2564
f 2565/339/2566 2573/348/2574 2572/347/2573 2564/338/2565
f 2566/340/2567 2574/349/2575 2573/348/2574 2565/339/2566
f 2567/341/2568 2575/350/2576 2574/351/2575 2566/342/2567
f 2568/343/2569 2576/352/2577 2575/350/2576 2567/341/2568
f 2569/336/2563 2577/345/2571 2576/352/2577 2568/343/2569
f 2570/344/2570 2578/353/2578 2585/354/2579 2577/345/2571
f 2571/346/2572 2579/355/2580 2578/353/2578 2570/344/2570
f 2572/347/2573 2580/356/2581 2579/355/2580 2571/346/2572
f 2573/348/2574 2581/357/2582 2580/356/2581 2572/347/2573
f 2574/349/2575 2582/358/2583 2581/357/2582 2573/348/2574
f 2575/350/2576 2583/359/2584 2582/360/2583 2574/351/2575
f 2576/352/2577 2584/361/2585 2583/359/2584 2575/350/2576
f 2577/345/2571 2585/354/2579 2584/361/2585 2576/352/2577
f 2578/353/2578 2586/362/2586 2593/363/2587 2585/354/2579
f 2579/355/2580 2587/364/2588 2586/362/2586 2578/353/2578
f 2580/356/2581 2588/365/2589 2587/364/2588 2579/355/2580
f 2581/357/2582 2589/366/2590 2588/365/2589 2580/356/2581
f 2582/358/2583 2590/367/2591 2589/366/2590 2581/357/2582
f 2583/359/2584 2591/368/2592 2590/369/2591 2582/360/2583
f 2584/361/2585 2592/370/2593 2591/368/2592 2583/359/2584
f 2585/354/2579 2593/363/2587 2592/370/2593 2584/361/2585
f 2611/371/2594 2607/372/2595 2598/373/2596 2596/374/2597
f 2606/375/2598 2608/376/2599 2601/377/2600 2594/378/2601
f 2608/376/2599 2609/379/2602 2600/380/2603 2601/377/2600
f 2609/379/2602 2610/381/2604 2599/382/2605 2600/380/2603
f 2610/381/2604 2611/371/2594 2596/374/2597 2599/382/2605
f 2604/383/2606 2605/384/2607 2611/371/2594 2610/381/2604
f 2603/385/2608 2604/383/2606 2610/381/2604 2609/379/2602
f 2602/386/2609 2603/385/2608 2609/379/2602 2608/376/2599
f 2595/387/2610 2602/386/2609 2608/376/2599 2606/375/2598
f 2605/384/2607 2597/388/2611 2607/372/2595 2611/371/2594
f 2629/371/2612 2625/372/2613 2616/373/2614 2614/374/2615
f 2624/375/2616 2626/376/2617 2619/377/2618 2612/378/2619
f 2626/376/2617 2627/379/2620 2618/380/2621 2619/377/2618
f 2627/379/2620 2628/381/2622 2617/382/2623 2618/380/2621
f 2628/381/2622 2629/371/2612 2614/374/2615 2617/382/2623
f 2622/383/2624 2623/384/2625 2629/371/2612 2628/381/2622
f 2621/385/2626 2622/383/2624 2628/381/2622 2627/379/2620
f 2620/386/2627 2621/385/2626 2627/379/2620 2626/376/2617
f 2613/387/2628 2620/386/2627 2626/376/2617 2624/375/2616
f 2623/384/2625 2615/388/2629 2625/372/2613 2629/371/2612
f 2647/371/2630 2643/372/2631 2634/373/2632 2632/374/2633
f 2642/375/2634 2644/376/2635 2637/377/2636 2630/378/2637
f 2644/376/2635 2645/379/2638 2636/380/2639 2637/377/2636
f 2645/379/2638 2646/381/2640 2635/382/2641 2636/380/2639
f 2646/381/2640 2647/371/2630 2632/374/2633 2635/382/2641
f 2640/383/2642 2641/384/2643 2647/371/2630 2646/381/2640
f 2639/385/2644 2640/383/2642 2646/381/2640 2645/379/2638
f 2638/386/2645 2639/385/2644 2645/379/2638 2644/376/2635
f 2631/387/2646 2638/386/2645 2644/376/2635 2642/375/2634
f 2641/384/2643 2633/388/2647 2643/372/2631 2647/371/2630
f 2665/371/2648 2661/372/2649 2652/373/2650 2650/374/2651
f 2660/375/2652 2662/376/2653 2655/377/2654 2648/378/2655
f 2662/376/2653 2663/379/2656 2654/380/2657 2655/377/2654
f 2663/379/2656 2664/381/2658 2653/382/2659 2654/380/2657
f 2664/381/2658 2665/371/2648 2650/374/2651 2653/382/2659
f 2658/383/2660 2659/384/2661 2665/371/2648 2664/381/2658
f 2657/385/2662 2658/383/2660 2664/381/2658 2663/379/2656
f 2656/386/2663 2657/385/2662 2663/379/2656 2662/376/2653
f 2649/387/2664 2656/386/2663 2662/376/2653 2660/375/2652
f 2659/384/2661 2651/388/2665 2661/372/2649 2665/371/2648
f 2683/371/2666 2679/372/2667 2670/373/2668 2668/374/2669
f 2678/375/2670 2680/376/2671 2673/377/2672 2666/378/2673
f 2680/376/2671 2681/379/2674 2672/380/2675 2673/377/2672
f 2681/379/2674 2682/381/2676 2671/382/2677 2672/380/2675
f 2682/381/2676 2683/371/2666 2668/374/2669 2671/382/2677
f 2676/383/2678 2677/384/2679 2683/371/2666 2682/381/2676
f 2675/385/2680 2676/383/2678 2682/381/2676 2681/379/2674
f 2674/386/2681 2675/385/2680 2681/379/2674 2680/376/2671
f 2667/387/2682 2674/386/2681 2680/376/2671 2678/375/2670
f 2677/384/2679 2669/388/2683 2679/372/2667 2683/371/2666
f 2701/371/2684 2697/372/2685 2688/373/2686 2686/374/2687
f 2696/375/2688 2698/376/2689 2691/377/2690 2684/378/2691
f 2698/376/2689 2699/379/2692 2690/380/2693 2691/377/2690
f 2699/379/2692 2700/381/2694 2689/382/2695 2690/380/2693
f 2700/381/2694 2701/371/2684 2686/374/2687 2689/382/2695
f 2694/383/2696 2695/384/2697 2701/371/2684 2700/381/2694
f 2693/385/2698 2694/383/2696 2700/381/2694 2699/379/2692
f 2692/386/2699 2693/385/2698 2699/379/2692 2698/376/2689
f 2685/387/2700 2692/386/2699 2698/376/2689 2696/375/2688
f 2695/384/2697 2687/388/2701 2697/372/2685 2701/371/2684
f 2719/371/2702 2715/372/2703 2706/373/2704 2704/374/2705
f 2714/375/2706 2716/376/2707 2709/377/2708 2702/378/2709
f 2716/376/2707 2717/379/2710 2708/380/2711 2709/377/2708
f 2717/379/2710 2718/381/2712 2707/382/2713 2708/380/2711
f 2718/381/2712 2719/371/2702 2704/374/2705 2707/382/2713
f 2712/383/2714 2713/384/2715 2719/371/2702 2718/381/2712
f 2711/385/2716 2712/383/2714 2718/381/2712 2717/379/2710
f 2710/386/2717 2711/385/2716 2717/379/2710 2716/376/2707
f 2703/387/2718 2710/386/2717 2716/376/2707 2714/375/2706
f 2713/384/2715 2705/388/2719 2715/372/2703 2719/371/2702
f 2721/389/2720 2720/390/2721 2724/391/2722
f 2720/390/2721 2722/392/2723 2724/391/2722
f 2722/392/2723 2723/393/2724 2724/391/2722
f 2723/393/2724 2721/389/2720 2724/391/2722
f 2725/263/2725 2733/264/2726 2740/265/2727 2732/266/2728
f 2726/267/2729 2734/268/2730 2733/264/2726 2725/263/2725
f 2727/269/2731 2735/270/2732 2734/268/2730 2726/267/2729
f 2728/271/2733 2736/272/2734 2735/270/2732 2727/269/2731
f 2729/273/2735 2737/274/2736 2736/272/2734 2728/271/2733
f 2730/275/2737 2738/276/2738 2737/277/2736 2729/278/2735
f 2731/279/2739 2739/280/2740 2738/276/2738 2730/275/2737
f 2732/266/2728 2740/265/2727 2739/280/2740 2731/279/2739
f 2733/264/2726 2741/281/2741 2748/282/2742 2740/265/2727
f 2734/268/2730 2742/283/2743 2741/281/2741 2733/264/2726
f 2735/270/2732 2743/284/2744 2742/283/2743 2734/268/2730
f 2736/272/2734 2744/285/2745 2743/284/2744 2735/270/2732
f 2737/274/2736 2745/286/2746 2744/285/2745 2736/272/2734
f 2738/276/2738 2746/287/2747 2745/288/2746 2737/277/2736
f 2739/280/2740 2747/289/2748 2746/287/2747 2738/276/2738
f 2740/265/2727 2748/282/2742 2747/289/2748 2739/280/2740
f 2741/281/2741 2749/290/2749 2756/291/2750 2748/282/2742
f 2742/283/2743 2750/292/2751 2749/290/2749 2741/281/2741
f 2743/284/2744 2751/293/2752 2750/292/2751 2742/283/2743
f 2744/285/2745 2752/294/2753 2751/293/2752 2743/284/2744
f 2745/286/2746 2753/295/2754 2752/294/2753 2744/285/2745
f 2746/287/2747 2754/296/2755 2753/297/2754 2745/288/2746
f 2747/289/2748 2755/298/2756 2754/296/2755 2746/287/2747
f 2748/282/2742 2756/291/2750 2755/298/2756 2747/289/2748
f 2749/290/2749 2757/299/2757 2764/300/2758 2756/291/2750
f 2750/292/2751 2758/301/2759 2757/299/2757 2749/290/2749
f 2751/293/2752 2759/302/2760 2758/301/2759 2750/292/2751
f 2752/294/2753 2760/303/2761 2759/302/2760 2751/293/2752
f 2753/295/2754 2761/304/2762 2760/303/2761 2752/294/2753
f 2754/296/2755 2762/305/2763 2761/306/2762 2753/297/2754
f 2755/298/2756 2763/307/2764 2762/305/2763 2754/296/2755
f 2756/291/2750 2764/300/2758 2763/307/2764 2755/298/2756
f 2757/299/2757 2765/308/2765 2772/309/2766 2764/300/2758
f 2758/301/2759 2766/310/2767 2765/308/2765 2757/299/2757
f 2759/302/2760 2767/311/2768 2766/310/2767 2758/301/2759
f 2760/303/2761 2768/312/2769 2767/311/2768 2759/302/2760
f 2761/304/2762 2769/313/2770 2768/312/2769 2760/303/2761
f 2762/305/2763 2770/314/2771 2769/315/2770 2761/306/2762
f 2763/307/2764 2771/316/2772 2770/314/2771 2762/305/2763
f 2764/300/2758 2772/309/2766 2771/316/2772 2763/307/2764
f 2765/308/2765 2773/317/2773 2780/318/2774 2772/309/2766
f 2766/310/2767 2774/319/2775 2773/317/2773 2765/308/2765
f 2767/311/2768 2775/320/2776 2774/319/2775 2766/310/2767
f 2768/312/2769 2776/321/2777 2775/320/2776 2767/311/2768
f 2769/313/2770 2777/322/2778 2776/321/2777 2768/312/2769
f 2770/314/2771 2778/323/2779 2777/324/2778 2769/315/2770
f 2771/316/2772 2779/325/2780 2778/323/2779 2770/314/2771
f 2772/309/2766 2780/318/2774 2779/325/2780 2771/316/2772
f 2773/317/2773 2781/326/2781 2788/327/2782 2780/318/2774
f 2774/319/2775 2782/328/2783 2781/326/2781 2773/317/2773
f 2775/320/2776 2783/329/2784 2782/328/2783 2774/319/2775
f 2776/321/2777 2784/330/2785 2783/329/2784 2775/320/2776
f 2777/322/2778 2785/331/2786 2784/330/2785 2776/321/2777
f 2778/323/2779 2786/332/2787 2785/333/2786 2777/324/2778
f 2779/325/2780 2787/334/2788 2786/332/2787 2778/323/2779
f 2780/318/2774 2788/327/2782 2787/334/2788 2779/325/2780
f 2781/326/2781 2789/335/2789 2796/336/2790 2788/327/2782
f 2782/328/2783 2790/337/2791 2789/335/2789 2781/326/2781
f 2783/329/2784 2791/338/2792 2790/337/2791 2782/328/2783
f 2784/330/2785 2792/339/2793 2791/338/2792 2783/329/2784
f 2785/331/2786 2793/340/2794 2792/339/2793 2784/330/2785
f 2786/332/2787 2794/341/2795 2793/342/2794 2785/333/2786
f 2787/334/2788 2795/343/2796 2794/341/2795 2786/332/2787
f 2788/327/2782 2796/336/2790 2795/343/2796 2787/334/2788
f 2789/335/2789 2797/344/2797 2804/345/2798 2796/336/2790
f 2790/337/2791 2798/346/2799 2797/344/2797 2789/335/2789
f 2791/338/2792 2799/347/2800 2798/346/2799 2790/337/2791
f 2792/339/2793 2800/348/2801 2799/347/2800 2791/338/2792
f 2793/340/2794 2801/349/2802 2800/348/2801 2792/339/2793
f 2794/341/2795 2802/350/2803 2801/351/2802 2793/342/2794
f 2795/343/2796 2803/352/2804 2802/350/2803 2794/341/2795
f 2796/336/2790 2804/345/2798 2803/352/2804 2795/343/2796
f 2797/344/2797 2805/353/2805 2812/354/2806 2804/345/2798
f 2798/346/2799 2806/355/2807 2805/353/2805 2797/344/2797
f 2799/347/2800 2807/356/2808 2806/355/2807 2798/346/2799
f 2800/348/2801 2808/357/2809 2807/356/2808 2799/347/2800
f 2801/349/2802 2809/358/2810 2808/357/2809 2800/348/2801
f 2802/350/2803 2810/359/2811 2809/360/2810 2801/351/2802
f 2803/352/2804 2811/361/2812 2810/359/2811 2802/350/2803
f 2804/345/2798 2812/354/2806 2811/361/2812 2803/352/2804
f 2805/353/2805 2813/362/2813 2820/363/2814 2812/354/2806
f 2806/355/2807 2814/364/2815 2813/362/2813 2805/353/2805
f 2807/356/2808 2815/365/2816 2814/364/2815 2806/355/2807
f 2808/357/2809 2816/366/2817 2815/365/2816 2807/356/2808
f 2809/358/2810 2817/367/2818 2816/366/2817 2808/357/2809
f 2810/359/2811 2818/368/2819 2817/369/2818 2809/360/2810
f 2811/361/2812 2819/370/2820 2818/368/2819 2810/359/2811
f 2812/354/2806 2820/363/2814 2819/370/2820 2811/361/2812
f 2838/371/2821 2834/372/2822 2825/373/2823 2823/374/2824
f 2833/375/2825 2835/376/2826 2828/377/2827 2821/378/2828
f 2835/376/2826 2836/379/2829 2827/380/2830 2828/377/2827
f 2836/379/2829 2837/381/2831 2826/382/2832 2827/380/2830
f 2837/381/2831 2838/371/2821 2823/374/2824 2826/382/2832
f 2831/383/2833 2832/384/2834 2838/371/2821 2837/381/2831
f 2830/385/2835 2831/383/2833 2837/381/2831 2836/379/2829
f 2829/386/2836 2830/385/2835 2836/379/2829 2835/376/2826
f 2822/387/2837 2829/386/2836 2835/376/2826 2833/375/2825
f 2832/384/2834 2824/388/2838 2834/372/2822 2838/371/2821
f 2856/371/2839 2852/372/2840 2843/373/2841 2841/374/2842
f 2851/375/2843 2853/376/2844 2846/377/2845 2839/378/2846
f 2853/376/2844 2854/379/2847 2845/380/2848 2846/377/2845
f 2854/379/2847 2855/381/2849 2844/382/2850 2845/380/2848
f 2855/381/2849 2856/371/2839 2841/374/2842 2844/382/2850
f 2849/383/2851 2850/384/2852 2856/371/2839 2855/381/2849
f 2848/385/2853 2849/383/2851 2855/381/2849 2854/379/2847
f 2847/386/2854 2848/385/2853 2854/379/2847 2853/376/2844
f 2840/387/2855 2847/386/2854 2853/376/2844 2851/375/2843
f 2850/384/2852 2842/388/2856 2852/372/2840 2856/371/2839
f 2874/371/2857 2870/372/2858 2861/373/2859 2859/374/2860
f 2869/375/2861 2871/376/2862 2864/377/2863 2857/378/2864
f 2871/376/2862 2872/379/2865 2863/380/2866 2864/377/2863
f 2872/379/2865 2873/381/2867 2862/382/2868 2863/380/2866
f 2873/381/2867 2874/371/2857 2859/374/2860 2862/382/2868
f 2867/383/2869 2868/384/2870 2874/371/2857 2873/381/2867
f 2866/385/2871 2867/383/2869 2873/381/2867 2872/379/2865
f 2865/386/2872 2866/385/2871 2872/379/2865 2871/376/2862
f 2858/387/2873 2865/386/2872 2871/376/2862 2869/375/2861
f 2868/384/2870 2860/388/2874 2870/372/2858 2874/371/2857
f 2892/371/2875 2888/372/2876 2879/373/2877 2877/374/2878
f 2887/375/2879 2889/376/2880 2882/377/2881 2875/378/2882
f 2889/376/2880 2890/379/2883 2881/380/2884 2882/377/2881
f 2890/379/2883 2891/381/2885 2880/382/2886 2881/380/2884
f 2891/381/2885 2892/371/2875 2877/374/2878 2880/382/2886
f 2885/383/2887 2886/384/2888 2892/371/2875 2891/381/2885
f 2884/385/2889 2885/383/2887 2891/381/2885 2890/379/2883
f 2883/386/2890 2884/385/2889 2890/379/2883 2889/376/2880
f 2876/387/2891 2883/386/2890 2889/376/2880 2887/375/2879
f 2886/384/2888 2878/388/2892 2888/372/2876 2892/371/2875
f 2910/371/2893 2906/372/2894 2897/373/2895 2895/374/2896
f 2905/375/2897 2907/376/2898 2900/377/2899 2893/378/2900
f 2907/376/2898 2908/379/2901 2899/380/2902 2900/377/2899
f 2908/379/2901 2909/381/2903 2898/382/2904 2899/380/2902
f 2909/381/2903 2910/371/2893 2895/374/2896 2898/382/2904
f 2903/383/2905 2904/384/2906 2910/371/2893 2909/381/2903
f 2902/385/2907 2903/383/2905 2909/381/2903 2908/379/2901
f 2901/386/2908 2902/385/2907 2908/379/2901 2907/376/2898
f 2894/387/2909 2901/386/2908 2907/376/2898 2905/375/2897
f 2904/384/2906 2896/388/2910 2906/372/2894 2910/371/2893
f 2928/371/2911 2924/372/2912 2915/373/2913 2913/374/2914
f 2923/375/2915 2925/376/2916 2918/377/2917 2911/378/2918
f 2925/376/2916 2926/379/2919 2917/380/2920 2918/377/2917
f 2926/379/2919 2927/381/2921 2916/382/2922 2917/380/2920
f 2927/381/2921 2928/371/2911 2913/374/2914 2916/382/2922
f 2921/383/2923 2922/384/2924 2928/371/2911 2927/381/2921
f 2920/385/2925 2921/383/2923 2927/381/2921 2926/379/2919
f 2919/386/2926 2920/385/2925 2926/379/2919 2925/376/2916
f 2912/387/2927 2919/386/2926 2925/376/2916 2923/375/2915
f 2922/384/2924 2914/388/2928 2924/372/2912 2928/371/2911
f 2946/371/2929 2942/372/2930 2933/373/2931 2931/374/2932
f 2941/375/2933 2943/376/2934 2936/377/2935 2929/378/2936
f 2943/376/2934 2944/379/2937 2935/380/2938 2936/377/2935
f 2944/379/2937 2945/381/2939 2934/382/2940 2935/380/2938
f 2945/381/2939 2946/371/2929 2931/374/2932 2934/382/2940
f 2939/383/2941 2940/384/2942 2946/371/2929 2945/381/2939
f 2938/385/2943 2939/383/2941 2945/381/2939 2944/379/2937
f 2937/386/2944 2938/385/2943 2944/379/2937 2943/376/2934
f 2930/387/2945 2937/386/2944 2943/376/2934 2941/375/2933
f 2940/384/2942 2932/388/2946 2942/372/2930 2946/371/2929
f 2948/389/2947 2947/390/2948 2951/391/2949
f 2947/390/2948 2949/392/2950 2951/391/2949
f 2949/392/2950 2950/393/2951 2951/391/2949
f 2950/393/2951 2948/389/2947 2951/391/2949
f 2952/263/2952 2960/264/2953 2967/265/2954 2959/266/2955
f 2953/267/2956 2961/268/2957 2960/264/2953 2952/263/2952
f 2954/269/2958 2962/270/2959 2961/268/2957 2953/267/2956
f 2955/271/2960 2963/272/2961 2962/270/2959 2954/269/2958
f 2956/273/2962 2964/274/2963 2963/272/2961 2955/271/2960
f 2957/275/2964 2965/276/2965 2964/277/2963 2956/278/2962
f 2958/279/2966 2966/280/2967 2965/276/2965 2957/275/2964
f 2959/266/2955 2967/265/2954 2966/280/2967 2958/279/2966
f 2960/264/2953 2968/281/2968 2975/282/2969 2967/265/2954
f 2961/268/2957 2969/283/2970 2968/281/2968 2960/264/2953
f 2962/270/2959 2970/284/2971 2969/283/2970 2961/268/2957
f 2963/272/2961 2971/285/2972 2970/284/2971 2962/270/2959
f 2964/274/2963 2972/286/2973 2971/285/2972 2963/272/2961
f 2965/276/2965 2973/287/2974 2972/288/2973 2964/277/2963
f 2966/280/2967 2974/289/2975 2973/287/2974 2965/276/2965
f 2967/265/2954 2975/282/2969 2974/289/2975 2966/280/2967
f 2968/281/2968 2976/290/2976 2983/291/2977 2975/282/2969
f 2969/283/2970 2977/292/2978 2976/290/2976 2968/281/2968
f 2970/284/2971 2978/293/2979 2977/292/2978 2969/283/2970
f 2971/285/2972 2979/294/2980 2978/293/2979 2970/284/2971
f 2972/286/2973 2980/295/2981 2979/294/2980 2971/285/2972
f 2973/287/2974 2981/296/2982 2980/297/2981 2972/288/2973
f 2974/289/2975 2982/298/2983 2981/296/2982 2973/287/2974
f 2975/282/2969 2983/291/2977 2982/298/2983 2974/289/2975
f 2976/290/2976 2984/299/2984 2991/300/2985 2983/291/2977
f 2977/292/2978 2985/301/2986 2984/299/2984 2976/290/2976
f 2978/293/2979 2986/302/2987 2985/301/2986 2977/292/2978
f 2979/294/2980 2987/303/2988 2986/302/2987 2978/293/2979
f 2980/295/2981 2988/304/2989 2987/303/2988 2979/294/2980
f 2981/296/2982 2989/305/2990 2988/306/2989 2980/297/2981
f 2982/298/2983 2990/307/2991 2989/305/2990 2981/296/2982
f 2983/291/2977 2991/300/2985 2990/307/2991 2982/298/2983
f 2984/299/2984 2992/308/2992 2999/309/2993 2991/300/2985
f 2985/301/2986 2993/310/2994 2992/308/2992 2984/299/2984
f 2986/302/2987 2994/311/2995 2993/310/2994 2985/301/2986
f 2987/303/2988 2995/312/2996 2994/311/2995 2986/302/2987
f 2988/304/2989 2996/313/2997 2995/312/2996 2987/303/2988
f 2989/305/2990 2997/314/2998 2996/315/2997 2988/306/2989
f 2990/307/2991 2998/316/2999 2997/314/2998 2989/305/2990
f 2991/300/2985 2999/309/2993 2998/316/2999 2990/307/2991
f 2992/308/2992 3000/317/3000 3007/318/3001 2999/309/2993
f 2993/310/2994 3001/319/3002 3000/317/3000 2992/308/2992
f 2994/311/2995 3002/320/3003 3001/319/3002 2993/310/2994
f 2995/312/2996 3003/321/3004 3002/320/3003 2994/311/2995
f 2996/313/2997 3004/322/3005 3003/321/3004 2995/312/2996
f 2997/314/2998 3005/323/3006 3004/324/3005 2996/315/2997
f 2998/316/2999 3006/325/3007 3005/323/3006 2997/314/2998
f 2999/309/2993 3007/318/3001 3006/325/3007 2998/316/2999
f 3000/317/3000 3008/326/3008 3015/327/3009 3007/318/3001
f 3001/319/3002 3009/328/3010 3008/326/3008 3000/317/3000
f 3002/320/3003 3010/329/3011 3009/328/3010 3001/319/3002
f 3003/321/3004 3011/330/3012 3010/329/3011 3002/320/3003
f 3004/322/3005 3012/331/3013 3011/330/3012 3003/321/3004
f 3005/323/3006 3013/332/3014 3012/333/3013 3004/324/3005
f 3006/325/3007 3014/334/3015 3013/332/3014 3005/323/3006
f 3007/318/3001 3015/327/3009 3014/334/3015 3006/325/3007
f 3008/326/3008 3016/335/3016 3023/336/3017 3015/327/3009
f 3009/328/3010 3017/337/3018 3016/335/3016 3008/326/3008
f 3010/329/3011 3018/338/3019 3017/337/3018 3009/328/3010
f 3011/330/3012 3019/339/3020 3018/338/3019 3010/329/3011
f 3012/331/3013 3020/340/3021 3019/339/3020 3011/330/3012
f 3013/332/3014 3021/341/3022 3020/342/3021 3012/333/3013
f 3014/334/3015 3022/343/3023 3021/341/3022 3013/332/3014
f 3015/327/3009 3023/336/3017 3022/343/3023 3014/334/3015
f 3016/335/3016 3024/344/3024 3031/345/3025 3023/336/3017
f 3017/337/3018 3025/346/3026 3024/344/3024 3016/335/3016
f 3018/338/3019 3026/347/3027 3025/346/3026 3017/337/3018
f 3019/339/3020 3027/348/3028 3026/347/3027 3018/338/3019
f 3020/340/3021 3028/349/3029 3027/348/3028 3019/339/3020
f 3021/341/3022 3029/350/3030 3028/351/3029 3020/342/3021
f 3022/343/3023 3030/352/3031 3029/350/3030 3021/341/3022
f 3023/336/3017 3031/345/3025 3030/352/3031 3022/343/3023
f 3024/344/3024 3032/353/3032 3039/354/3033 3031/345/3025
f 3025/346/3026 3033/355/3034 3032/353/3032 3024/344/3024
f 3026/347/3027 3034/356/3035 3033/355/3034 3025/346/3026
f 3027/348/3028 3035/357/3036 3034/356/3035 3026/347/3027
f 3028/349/3029 3036/358/3037 3035/357/3036 3027/348/3028
f 3029/350/3030 3037/359/3038 3036/360/3037 3028/351/3029
f 3030/352/3031 3038/361/3039 3037/359/3038 3029/350/3030
f 3031/345/3025 3039/354/3033 3038/361/3039 3030/352/3031
f 3032/353/3032 3040/362/3040 3047/363/3041 3039/354/3033
f 3033/355/3034 3041/364/3042 3040/362/3040 3032/353/3032
f 3034/356/3035 3042/365/3043 3041/364/3042 3033/355/3034
f 3035/357/3036 3043/366/3044 3042/365/3043 3034/356/3035
f 3036/358/3037 3044/367/3045 3043/366/3044 3035/357/3036
f 3037/359/3038 3045/368/3046 3044/369/3045 3036/360/3037
f 3038/361/3039 3046/370/3047 3045/368/3046 3037/359/3038
f 3039/354/3033 3047/363/3041 3046/370/3047 3038/361/3039
f 3065/371/3048 3061/372/3049 3052/373/3050 3050/374/3051
f 3060/375/3052 3062/376/3053 3055/377/3054 3048/378/3055
f 3062/376/3053 3063/379/3056 3054/380/3057 3055/377/3054
f 3063/379/3056 3064/381/3058 3053/382/3059 3054/380/3057
f 3064/381/3058 3065/371/3048 3050/374/3051 3053/382/3059
f 3058/383/3060 3059/384/3061 3065/371/3048 3064/381/3058
f 3057/385/3062 3058/383/3060 3064/381/3058 3063/379/3056
f 3056/386/3063 3057/385/3062 3063/379/3056 3062/376/3053
f 3049/387/3064 3056/386/3063 3062/376/3053 3060/375/3052
f 3059/384/3061 3051/388/3065 3061/372/3049 3065/371/3048
f 3083/371/3066 3079/372/3067 3070/373/3068 3068/374/3069
f 3078/375/3070 3080/376/3071 3073/377/3072 3066/378/3073
f 3080/376/3071 3081/379/3074 3072/380/3075 3073/377/3072
f 3081/379/3074 3082/381/3076 3071/382/3077 3072/380/3075
f 3082/381/3076 3083/371/3066 3068/374/3069 3071/382/3077
f 3076/383/3078 3077/384/3079 3083/371/3066 3082/381/3076
f 3075/385/3080 3076/383/3078 3082/381/3076 3081/379/3074
f 3074/386/3081 3075/385/3080 3081/379/3074 3080/376/3071
f 3067/387/3082 3074/386/3081 3080/376/3071 3078/375/3070
f 3077/384/3079 3069/388/3083 3079/372/3067 3083/371/3066
f 3101/371/3084 3097/372/3085 3088/373/3086 3086/374/3087
f 3096/375/3088 3098/376/3089 3091/377/3090 3084/378/3091
f 3098/376/3089 3099/379/3092 3090/380/3093 3091/377/3090
f 3099/379/3092 3100/381/3094 3089/382/3095 3090/380/3093
f 3100/381/3094 3101/371/3084 3086/374/3087 3089/382/3095
f 3094/383/3096 3095/384/3097 3101/371/3084 3100/381/3094
f 3093/385/3098 3094/383/3096 3100/381/3094 3099/379/3092
f 3092/386/3099 3093/385/3098 3099/379/3092 3098/376/3089
f 3085/387/3100 3092/386/3099 3098/376/3089 3096/375/3088
f 3095/384/3097 3087/388/3101 3097/372/3085 3101/371/3084
f 3119/371/3102 3115/372/3103 3106/373/3104 3104/374/3105
f 3114/375/3106 3116/376/3107 3109/377/3108 3102/378/3109
f 3116/376/3107 3117/379/3110 3108/380/3111 3109/377/3108
f 3117/379/3110 3118/381/3112 3107/382/3113 3108/380/3111
f 3118/381/3112 3119/371/3102 3104/374/3105 3107/382/3113
f 3112/383/3114 3113/384/3115 3119/371/3102 3118/381/3112
f 3111/385/3116 3112/383/3114 3118/381/3112 3117/379/3110
f 3110/386/3117 3111/385/3116 3117/379/3110 3116/376/3107
f 3103/387/3118 3110/386/3117 3116/376/3107 3114/375/3106
f 3113/384/3115 3105/388/3119 3115/372/3103 3119/371/3102
f 3137/371/3120 3133/372/3121 3124/373/3122 3122/374/3123
f 3132/375/3124 3134/376/3125 3127/377/3126 3120/378/3127
f 3134/376/3125 3135/379/3128 3126/380/3129 3127/377/3126
f 3135/379/3128 3136/381/3130 3125/382/3131 3126/380/3129
f 3136/381/3130 3137/371/3120 3122/374/3123 3125/382/3131
f 3130/383/3132 3131/384/3133 3137/371/3120 3136/381/3130
f 3129/385/3134 3130/383/3132 3136/381/3130 3135/379/3128
f 3128/386/3135 3129/385/3134 3135/379/3128 3134/376/3125
f 3121/387/3136 3128/386/3135 3134/376/3125 3132/375/3124
f 3131/384/3133 3123/388/3137 3133/372/3121 3137/371/3120
f 3155/371/3138 3151/372/3139 3142/373/3140 3140/374/3141
f 3150/375/3142 3152/376/3143 3145/377/3144 3138/378/3145
f 3152/376/3143 3153/379/3146 3144/380/3147 3145/377/3144
f 3153/379/3146 3154/381/3148 3143/382/3149 3144/380/3147
f 3154/381/3148 3155/371/3138 3140/374/3141 3143/382/3149
f 3148/383/3150 3149/384/3151 3155/371/3138 3154/381/3148
f 3147/385/3152 3148/383/3150 3154/381/3148 3153/379/3146
f 3146/386/3153 3147/385/3152 3153/379/3146 3152/376/3143
f 3139/387/3154 3146/386/3153 3152/376/3143 3150/375/3142
f 3149/384/3151 3141/388/3155 3151/372/3139 3155/371/3138
f 3173/371/3156 3169/372/3157 3160/373/3158 3158/374/3159
f 3168/375/3160 3170/376/3161 3163/377/3162 3156/378/3163
f 3170/376/3161 3171/379/3164 3162/380/3165 3163/377/3162
f 3171/379/3164 3172/381/3166 3161/382/3167 3162/380/3165
f 3172/381/3166 3173/371/3156 3158/374/3159 3161/382/3167
f 3166/383/3168 3167/384/3169 3173/371/3156 3172/381/3166
f 3165/385/3170 3166/383/3168 3172/381/3166 3171/379/3164
f 3164/386/3171 3165/385/3170 3171/379/3164 3170/376/3161
f 3157/387/3172 3164/386/3171 3170/376/3161 3168/375/3160
f 3167/384/3169 3159/388/3173 3169/372/3157 3173/371/3156
f 3175/389/3174 3174/390/3175 3178/391/3176
f 3174/390/3175 3176/392/3177 3178/391/3176
f 3176/392/3177 3177/393/3178 3178/391/3176
f 3177/393/3178 3175/389/3174 3178/391/3176
f 3179/263/3179 3187/264/3180 3194/265/3181 3186/266/3182
f 3180/267/3183 3188/268/3184 3187/264/3180 3179/263/3179
f 3181/269/3185 3189/270/3186 3188/268/3184 3180/267/3183
f 3182/271/3187 3190/272/3188 3189/270/3186 3181/269/3185
f 3183/273/3189 3191/274/3190 3190/272/3188 3182/271/3187
f 3184/275/3191 3192/276/3192 3191/277/3190 3183/278/3189
f 3185/279/3193 3193/280/3194 3192/276/3192 3184/275/3191
f 3186/266/3182 3194/265/3181 3193/280/3194 3185/279/3193
f 3187/264/3180 3195/281/3195 3202/282/3196 3194/265/3181
f 3188/268/3184 3196/283/3197 3195/281/3195 3187/264/3180
f 3189/270/3186 3197/284/3198 3196/283/3197 3188/268/3184
f 3190/272/3188 3198/285/3199 3197/284/3198 3189/270/3186
f 3191/274/3190 3199/286/3200 3198/285/3199 3190/272/3188
f 3192/276/3192 3200/287/3201 3199/288/3200 3191/277/3190
f 3193/280/3194 3201/289/3202 3200/287/3201 3192/276/3192
f 3194/265/3181 3202/282/3196 3201/289/3202 3193/280/3194
f 3195/281/3195 3203/290/3203 3210/291/3204 3202/282/3196
f 3196/283/3197 3204/292/3205 3203/290/3203 3195/281/3195
f 3197/284/3198 3205/293/3206 3204/292/3205 3196/283/3197
f 3198/285/3199 3206/294/3207 3205/293/3206 3197/284/3198
f 3199/286/3200 3207/295/3208 3206/294/3207 3198/285/3199
f 3200/287/3201 3208/296/3209 3207/297/3208 3199/288/3200
f 3201/289/3202 3209/298/3210 3208/296/3209 3200/287/3201
f 3202/282/3196 3210/291/3204 3209/298/3210 3201/289/3202
f 3203/290/3203 3211/299/3211 3218/300/3212 3210/291/3204
f 3204/292/3205 3212/301/3213 3211/299/3211 3203/290/3203
f 3205/293/3206 3213/302/3214 3212/301/3213 3204/292/3205
f 3206/294/3207 3214/303/3215 3213/302/3214 3205/293/3206
f 3207/295/3208 3215/304/3216 3214/303/3215 3206/294/3207
f 3208/296/3209 3216/305/3217 3215/306/3216 3207/297/3208
f 3209/298/3210 3217/307/3218 3216/305/3217 3208/296/3209
f 3210/291/3204 3218/300/3212 3217/307/3218 3209/298/3210
f 3211/299/3211 3219/308/3219 3226/309/3220 3218/300/3212
f 3212/301/3213 3220/310/3221 3219/308/3219 3211/299/3211
f 3213/302/3214 3221/311/3222 3220/310/3221 3212/301/3213
f 3214/303/3215 3222/312/3223 3221/311/3222 3213/302/3214
f 3215/304/3216 3223/313/3224 3222/312/3223 3214/303/3215
f 3216/305/3217 3224/314/3225 3223/315/3224 3215/306/3216
f 3217/307/3218 3225/316/3226 3224/314/3225 3216/305/3217
f 3218/300/3212 3226/309/3220 3225/316/3226 3217/307/3218
f 3219/308/3219 3227/317/3227 3234/318/3228 3226/309/3220
f 3220/310/3221 3228/319/3229 3227/317/3227 3219/308/3219
f 3221/311/3222 3229/320/3230 3228/319/3229 3220/310/3221
f 3222/312/3223 3230/321/3231 3229/320/3230 3221/311/3222
f 3223/313/3224 3231/322/3232 3230/321/3231 3222/312/3223
f 3224/314/3225 3232/323/3233 3231/324/3232 3223/315/3224
f 3225/316/3226 3233/325/3234 3232/323/3233 3224/314/3225
f 3226/309/3220 3234/318/3228 3233/325/3234 3225/316/3226
f 3227/317/3227 3235/326/3235 3242/327/3236 3234/318/3228
f 3228/319/3229 3236/328/3237 3235/326/3235 3227/317/3227
f 3229/320/3230 3237/329/3238 3236/328/3237 3228/319/3229
f 3230/321/3231 3238/330/3239 3237/329/3238 3229/320/3230
f 3231/322/3232 3239/331/3240 3238/330/3239 3230/321/3231
f 3232/323/3233 3240/332/3241 3239/333/3240 3231/324/3232
f 3233/325/3234 3241/334/3242 3240/332/3241 3232/323/3233
f 3234/318/3228 3242/327/3236 3241/334/3242 3233/325/3234
f 3235/326/3235 3243/335/3243 3250/336/3244 3242/327/3236
f 3236/328/3237 3244/337/3245 3243/335/3243 3235/326/3235
f 3237/329/3238 3245/338/3246 3244/337/3245 3236/328/3237
f 3238/330/3239 3246/339/3247 3245/338/3246 3237/329/3238
f 3239/331/3240 3247/340/3248 3246/339/3247 3238/330/3239
f 3240/332/3241 3248/341/3249 3247/342/3248 3239/333/3240
f 3241/334/3242 3249/343/3250 3248/341/3249 3240/332/3241
f 3242/327/3236 3250/336/3244 3249/343/3250 3241/334/3242
f 3243/335/3243 3251/344/3251 3258/345/3252 3250/336/3244
f 3244/337/3245 3252/346/3253 3251/344/3251 3243/335/3243
f 3245/338/3246 3253/347/3254 3252/346/3253 3244/337/3245
f 3246/339/3247 3254/348/3255 3253/347/3254 3245/338/3246
f 3247/340/3248 3255/349/3256 3254/348/3255 3246/339/3247
f 3248/341/3249 3256/350/3257 3255/351/3256 3247/342/3248
f 3249/343/3250 3257/352/3258 3256/350/3257 3248/341/3249
f 3250/336/3244 3258/345/3252 3257/352/3258 3249/343/3250
f 3251/344/3251 3259/353/3259 3266/354/3260 3258/345/3252
f 3252/346/3253 3260/355/3261 3259/353/3259 3251/344/3251
f 3253/347/3254 3261/356/3262 3260/355/3261 3252/346/3253
f 3254/348/3255 3262/357/3263 3261/356/3262 3253/347/3254
f 3255/349/3256 3263/358/3264 3262/357/3263 3254/348/3255
f 3256/350/3257 3264/359/3265 3263/360/3264 3255/351/3256
f 3257/352/3258 3265/361/3266 3264/359/3265 3256/350/3257
f 3258/345/3252 3266/354/3260 3265/361/3266 3257/352/3258
f 3259/353/3259 3267/362/3267 3274/363/3268 3266/354/3260
f 3260/355/3261 3268/364/3269 3267/362/3267 3259/353/3259
f 3261/356/3262 3269/365/3270 3268/364/3269 3260/355/3261
f 3262/357/3263 3270/366/3271 3269/365/3270 3261/356/3262
f 3263/358/3264 3271/367/3272 3270/366/3271 3262/357/3263
f 3264/359/3265 3272/368/3273 3271/369/3272 3263/360/3264
f 3265/361/3266 3273/370/3274 3272/368/3273 3264/359/3265
f 3266/354/3260 3274/363/3268 3273/370/3274 3265/361/3266
f 3292/371/3275 3288/372/3276 3279/373/3277 3277/374/3278
f 3287/375/3279 3289/376/3280 3282/377/3281 3275/378/3282
f 3289/376/3280 3290/379/3283 3281/380/3284 3282/377/3281
f 3290/379/3283 3291/381/3285 3280/382/3286 3281/380/3284
f 3291/381/3285 3292/371/3275 3277/374/3278 3280/382/3286
f 3285/383/3287 3286/384/3288 3292/371/3275 3291/381/3285
f 3284/385/3289 3285/383/3287 3291/381/3285 3290/379/3283
f 3283/386/3290 3284/385/3289 3290/379/3283 3289/376/3280
f 3276/387/3291 3283/386/3290 3289/376/3280 3287/375/3279
f 3286/384/3288 3278/388/3292 3288/372/3276 3292/371/3275
f 3310/371/3293 3306/372/3294 3297/373/3295 3295/374/3296
f 3305/375/3297 3307/376/3298 3300/377/3299 3293/378/3300
f 3307/376/3298 3308/379/3301 3299/380/3302 3300/377/3299
f 3308/379/3301 3309/381/3303 3298/382/3304 3299/380/3302
f 3309/381/3303 3310/371/3293 3295/374/3296 3298/382/3304
f 3303/383/3305 3304/384/3306 3310/371/3293 3309/381/3303
f 3302/385/3307 3303/383/3305 3309/381/3303 3308/379/3301
f 3301/386/3308 3302/385/3307 3308/379/3301 3307/376/3298
f 3294/387/3309 3301/386/3308 3307/376/3298 3305/375/3297
f 3304/384/3306 3296/388/3310 3306/372/3294 3310/371/3293
f 3328/371/3311 3324/372/3312 3315/373/3313 3313/374/3314
f 3323/375/3315 3325/376/3316 3318/377/3317 3311/378/3318
f 3325/376/3316 3326/379/3319 3317/380/3320 3318/377/3317
f 3326/379/3319 3327/381/3321 3316/382/3322 3317/380/3320
f 3327/381/3321 3328/371/3311 3313/374/3314 3316/382/3322
f 3321/383/3323 3322/384/3324 3328/371/3311 3327/381/3321
f 3320/385/3325 3321/383/3323 3327/381/3321 3326/379/3319
f 3319/386/3326 3320/385/3325 3326/379/3319 3325/376/3316
f 3312/387/3327 3319/386/3326 3325/376/3316 3323/375/3315
f 3322/384/3324 3314/388/3328 3324/372/3312 3328/371/3311
f 3346/371/3329 3342/372/3330 3333/373/3331 3331/374/3332
f 3341/375/3333 3343/376/3334 3336/377/3335 3329/378/3336
f 3343/376/3334 3344/379/3337 3335/380/3338 3336/377/3335
f 3344/379/3337 3345/381/3339 3334/382/3340 3335/380/3338
f 3345/381/3339 3346/371/3329 3331/374/3332 3334/382/3340
f 3339/383/3341 3340/384/3342 3346/371/3329 3345/381/3339
f 3338/385/3343 3339/383/3341 3345/381/3339 3344/379/3337
f 3337/386/3344 3338/385/3343 3344/379/3337 3343/376/3334
f 3330/387/3345 3337/386/3344 3343/376/3334 3341/375/3333
f 3340/384/3342 3332/388/3346 3342/372/3330 3346/371/3329
f 3364/371/3347 3360/372/3348 3351/373/3349 3349/374/3350
f 3359/375/3351 3361/376/3352 3354/377/3353 3347/378/3354
f 3361/376/3352 3362/379/3355 3353/380/3356 3354/377/3353
f 3362/379/3355 3363/381/3357 3352/382/3358 3353/380/3356
f 3363/381/3357 3364/371/3347 3349/374/3350 3352/382/3358
f 3357/383/3359 3358/384/3360 3364/371/3347 3363/381/3357
f 3356/385/3361 3357/383/3359 3363/381/3357 3362/379/3355
f 3355/386/3362 3356/385/3361 3362/379/3355 3361/376/3352
f 3348/387/3363 3355/386/3362 3361/376/3352 3359/375/3351
f 3358/384/3360 3350/388/3364 3360/372/3348 3364/371/3347
f 3382/371/3365 3378/372/3366 3369/373/3367 3367/374/3368
f 3377/375/3369 3379/376/3370 3372/377/3371 3365/378/3372
f 3379/376/3370 3380/379/3373 3371/380/3374 3372/377/3371
f 3380/379/3373 3381/381/3375 3370/382/3376 3371/380/3374
f 3381/381/3375 3382/371/3365 3367/374/3368 3370/382/3376
f 3375/383/3377 3376/384/3378 3382/371/3365 3381/381/3375
f 3374/385/3379 3375/383/3377 3381/381/3375 3380/379/3373
f 3373/386/3380 3374/385/3379 3380/379/3373 3379/376/3370
f 3366/387/3381 3373/386/3380 3379/376/3370 3377/375/3369
f 3376/384/3378 3368/388/3382 3378/372/3366 3382/371/3365
f 3400/371/3383 3396/372/3384 3387/373/3385 3385/374/3386
f 3395/375/3387 3397/376/3388 3390/377/3389 3383/378/3390
f 3397/376/3388 3398/379/3391 3389/380/3392 3390/377/3389
f 3398/379/3391 3399/381/3393 3388/382/3394 3389/380/3392
f 3399/381/3393 3400/371/3383 3385/374/3386 3388/382/3394
f 3393/383/3395 3394/384/3396 3400/371/3383 3399/381/3393
f 3392/385/3397 3393/383/3395 3399/381/3393 3398/379/3391
f 3391/386/3398 3392/385/3397 3398/379/3391 3397/376/3388
f 3384/387/3399 3391/386/3398 3397/376/3388 3395/375/3387
f 3394/384/3396 3386/388/3400 3396/372/3384 3400/371/3383
f 3402/389/3401 3401/390/3402 3405/391/3403
f 3401/390/3402 3403/392/3404 3405/391/3403
f 3403/392/3404 3404/393/3405 3405/391/3403
f 3404/393/3405 3402/389/3401 3405/391/3403
