# Blender 5.1.0
# www.blender.org
mtllib fonte.mtl
o Sphere.010
v 0.022783 2.768123 -0.062597
v 0.016917 3.087674 -0.046481
v 0.030484 3.043556 -0.083755
v 0.038013 2.979805 -0.104441
v 0.038013 2.909046 -0.104441
v 0.032224 2.845294 -0.088534
v 0.022783 2.801177 -0.062597
v 0.031794 3.087674 -0.037892
v 0.057292 3.043556 -0.068278
v 0.071441 2.979805 -0.085141
v 0.071441 2.909046 -0.085141
v 0.060560 2.845294 -0.072174
v 0.042818 2.801177 -0.051029
v 0.042836 3.087674 -0.024732
v 0.077189 3.043556 -0.044565
v 0.096253 2.979805 -0.055572
v 0.096253 2.909046 -0.055572
v 0.081593 2.845294 -0.047108
v 0.057689 2.801177 -0.033307
v 0.048712 3.087674 -0.008590
v 0.087776 3.043556 -0.015478
v 0.109454 2.979805 -0.019300
v 0.109454 2.909046 -0.019300
v 0.092784 2.845294 -0.016361
v 0.065602 2.801177 -0.011568
v 0.048712 3.087674 0.008589
v 0.087776 3.043556 0.015477
v 0.109454 2.979805 0.019299
v 0.109454 2.909046 0.019299
v 0.092784 2.845294 0.016360
v 0.065602 2.801177 0.011567
v 0.042836 3.087674 0.024731
v 0.077189 3.043556 0.044564
v 0.096253 2.979805 0.055571
v 0.096253 2.909046 0.055571
v 0.081593 2.845294 0.047107
v 0.057689 2.801177 0.033306
v 0.031794 3.087674 0.037891
v 0.057292 3.043556 0.068277
v 0.071441 2.979805 0.085140
v 0.071441 2.909046 0.085140
v 0.060560 2.845294 0.072173
v 0.042818 2.801177 0.051029
v 0.016917 3.087674 0.046480
v 0.030484 3.043556 0.083754
v 0.038013 2.979805 0.104440
v 0.038013 2.909046 0.104440
v 0.032224 2.845294 0.088533
v 0.022783 2.801177 0.062596
v -0.000000 3.103419 -0.000000
v 0.000000 3.087674 0.049463
v 0.000000 3.043556 0.089129
v 0.000000 2.979805 0.111143
v 0.000000 2.909046 0.111143
v 0.000000 2.845294 0.094215
v 0.000000 2.801177 0.066613
v -0.016917 3.087674 0.046480
v -0.030484 3.043556 0.083754
v -0.038013 2.979805 0.104440
v -0.038013 2.909046 0.104440
v -0.032224 2.845294 0.088533
v -0.022783 2.801177 0.062596
v -0.031794 3.087674 0.037891
v -0.057291 3.043556 0.068277
v -0.071441 2.979805 0.085140
v -0.071441 2.909046 0.085140
v -0.060560 2.845294 0.072173
v -0.042818 2.801177 0.051029
v -0.042836 3.087674 0.024731
v -0.077189 3.043556 0.044564
v -0.096253 2.979805 0.055571
v -0.096253 2.909046 0.055571
v -0.081593 2.845294 0.047107
v -0.057689 2.801177 0.033306
v -0.048712 3.087674 0.008589
v -0.087776 3.043556 0.015477
v -0.109454 2.979805 0.019299
v -0.109454 2.909046 0.019299
v -0.092784 2.845294 0.016360
v -0.065602 2.801177 0.011567
v -0.048712 3.087674 -0.008590
v -0.087776 3.043556 -0.015478
v -0.109454 2.979805 -0.019300
v -0.109454 2.909046 -0.019300
v -0.092784 2.845294 -0.016361
v -0.065602 2.801177 -0.011568
v -0.042836 3.087674 -0.024732
v -0.077189 3.043556 -0.044565
v -0.096253 2.979805 -0.055572
v -0.096253 2.909046 -0.055572
v -0.081593 2.845294 -0.047108
v -0.057689 2.801177 -0.033307
v -0.031794 3.087674 -0.037892
v -0.057292 3.043556 -0.068278
v -0.071441 2.979805 -0.085141
v -0.071441 2.909046 -0.085141
v -0.060560 2.845294 -0.072174
v -0.042818 2.801177 -0.051029
v -0.016917 3.087674 -0.046481
v -0.030484 3.043556 -0.083755
v -0.038013 2.979805 -0.104441
v -0.038013 2.909046 -0.104441
v -0.032224 2.845294 -0.088534
v -0.022783 2.801177 -0.062597
v -0.000000 3.087674 -0.049464
v -0.000000 3.043556 -0.089130
v -0.000000 2.979805 -0.111143
v -0.000000 2.909046 -0.111143
v -0.000000 2.845294 -0.094216
v -0.000000 2.801177 -0.066614
v 0.042818 2.768123 -0.051029
v 0.057689 2.768123 -0.033307
v 0.065602 2.768123 -0.011568
v 0.065602 2.768123 0.011567
v 0.057689 2.768123 0.033306
v 0.042818 2.768123 0.051029
v 0.022783 2.768123 0.062596
v 0.000000 2.768123 0.066613
v -0.022783 2.768123 0.062596
v -0.042818 2.768123 0.051029
v -0.057689 2.768123 0.033306
v -0.065602 2.768123 0.011567
v -0.065602 2.768123 -0.011568
v -0.057689 2.768123 -0.033307
v -0.042818 2.768123 -0.051029
v -0.022783 2.768123 -0.062597
v -0.000000 2.768123 -0.066614
v 0.050623 2.768123 -0.139086
v 0.095140 2.768123 -0.113384
v 0.128182 2.768123 -0.074007
v 0.145764 2.768123 -0.025703
v 0.145764 2.768123 0.025702
v 0.128182 2.768123 0.074006
v 0.095140 2.768123 0.113384
v 0.050623 2.768123 0.139086
v 0.000000 2.768123 0.148012
v -0.050623 2.768123 0.139086
v -0.095140 2.768123 0.113384
v -0.128182 2.768123 0.074006
v -0.145764 2.768123 0.025702
v -0.145764 2.768123 -0.025702
v -0.128182 2.768123 -0.074007
v -0.095140 2.768123 -0.113384
v -0.050623 2.768123 -0.139086
v -0.000000 2.768123 -0.148013
v 0.050623 2.729561 -0.139086
v 0.095140 2.729561 -0.113384
v 0.128182 2.729561 -0.074007
v 0.145764 2.729561 -0.025703
v 0.145764 2.729561 0.025702
v 0.128182 2.729561 0.074006
v 0.095140 2.729561 0.113384
v 0.050623 2.729561 0.139086
v 0.000000 2.729561 0.148012
v -0.050623 2.729561 0.139086
v -0.095140 2.729561 0.113384
v -0.128182 2.729561 0.074006
v -0.145764 2.729561 0.025702
v -0.145764 2.729561 -0.025702
v -0.128182 2.729561 -0.074007
v -0.095140 2.729561 -0.113384
v -0.050623 2.729561 -0.139086
v -0.000000 2.729561 -0.148013
v 0.062366 2.702017 -0.171349
v 0.117210 2.702017 -0.139685
v 0.157916 2.702017 -0.091173
v 0.179576 2.702017 -0.031664
v 0.179576 2.702017 0.031664
v 0.157916 2.702017 0.091172
v 0.117210 2.702017 0.139685
v 0.062366 2.702017 0.171349
v 0.000000 2.702017 0.182345
v -0.062366 2.702017 0.171349
v -0.117210 2.702017 0.139685
v -0.157916 2.702017 0.091173
v -0.179576 2.702017 0.031664
v -0.179576 2.702017 -0.031664
v -0.157916 2.702017 -0.091173
v -0.117210 2.702017 -0.139685
v -0.062366 2.702017 -0.171349
v -0.000000 2.702017 -0.182346
v 0.062366 2.652436 -0.171349
v 0.117210 2.652436 -0.139685
v 0.157916 2.652436 -0.091173
v 0.179576 2.652436 -0.031664
v 0.179576 2.652436 0.031664
v 0.157916 2.652436 0.091172
v 0.117210 2.652436 0.139685
v 0.062366 2.652436 0.171349
v 0.000000 2.652436 0.182345
v -0.062366 2.652436 0.171349
v -0.117210 2.652436 0.139685
v -0.157916 2.652436 0.091173
v -0.179576 2.652436 0.031664
v -0.179576 2.652436 -0.031664
v -0.157916 2.652436 -0.091173
v -0.117210 2.652436 -0.139685
v -0.062366 2.652436 -0.171349
v -0.000000 2.652436 -0.182346
v 0.085681 2.652436 -0.235408
v 0.161028 2.652436 -0.191906
v 0.216953 2.652436 -0.125258
v 0.246710 2.652436 -0.043502
v 0.246710 2.652436 0.043501
v 0.216953 2.652436 0.125257
v 0.161028 2.652436 0.191905
v 0.085681 2.652436 0.235407
v 0.000000 2.652436 0.250515
v -0.085681 2.652436 0.235407
v -0.161028 2.652436 0.191905
v -0.216953 2.652436 0.125257
v -0.246709 2.652436 0.043501
v -0.246709 2.652436 -0.043502
v -0.216953 2.652436 -0.125258
v -0.161028 2.652436 -0.191906
v -0.085681 2.652436 -0.235408
v -0.000000 2.652436 -0.250516
v 0.085681 2.447153 -0.235408
v 0.161028 2.447153 -0.191906
v 0.216953 2.447153 -0.125258
v 0.246710 2.447153 -0.043502
v 0.246710 2.447153 0.043501
v 0.216953 2.447153 0.125257
v 0.161028 2.447153 0.191906
v 0.085681 2.447153 0.235407
v 0.000000 2.447153 0.250515
v -0.085681 2.447153 0.235407
v -0.161028 2.447153 0.191906
v -0.216953 2.447153 0.125257
v -0.246709 2.447153 0.043501
v -0.246709 2.447153 -0.043502
v -0.216953 2.447153 -0.125258
v -0.161028 2.447153 -0.191906
v -0.085681 2.447153 -0.235408
v -0.000000 2.447153 -0.250516
v -0.000000 0.008077 -2.211706
v 0.431482 0.008077 -2.169209
v 0.846383 0.008077 -2.043350
v 1.228758 0.008077 -1.838966
v 1.563912 0.008077 -1.563912
v 1.838966 0.008077 -1.228758
v 2.043350 0.008077 -0.846383
v 2.169209 0.008077 -0.431482
v 2.211706 0.008077 0.000000
v 2.169209 0.008077 0.431482
v 2.043350 0.008077 0.846383
v 1.838966 0.008077 1.228758
v 1.563912 0.008077 1.563912
v 1.228758 0.008077 1.838966
v 0.846383 0.008077 2.043350
v 0.431482 0.008077 2.169209
v -0.000000 0.008077 2.211706
v -0.431482 0.008077 2.169209
v -0.846383 0.008077 2.043350
v -1.228758 0.008077 1.838966
v -1.563912 0.008077 1.563913
v -1.838966 0.008077 1.228758
v -2.043350 0.008077 0.846384
v -2.169209 0.008077 0.431483
v -2.211706 0.008077 -0.000000
v -2.169209 0.008077 -0.431483
v -2.043350 0.008077 -0.846384
v -1.838967 0.008077 -1.228758
v -1.563913 0.008077 -1.563912
v -1.228758 0.008077 -1.838966
v -0.846383 0.008077 -2.043350
v -0.431482 0.008077 -2.169209
v 2.026091 0.008077 -0.383935
v 1.926163 0.008077 0.090054
v 1.747405 0.008077 0.557370
v 1.496688 0.008077 1.000055
v 1.183646 0.008077 1.401095
v 0.820309 0.008077 1.745080
v 0.420641 0.008077 2.018790
v 1.745087 0.008077 -0.764828
v 1.578544 0.008077 -0.275249
v 1.345737 0.008077 0.221165
v 1.055613 0.008077 0.705338
v 0.719321 0.008077 1.158662
v 0.349786 0.008077 1.563718
v -0.038793 0.008077 1.904937
v 1.384947 0.008077 -1.124396
v 1.149217 0.008077 -0.644036
v 0.865783 0.008077 -0.141292
v 0.545537 0.008077 0.364516
v 0.200784 0.008077 0.853949
v -0.155225 0.008077 1.308200
v -0.508810 0.008077 1.709811
v 0.965429 0.008077 -1.444866
v 0.664999 0.008077 -0.995241
v 0.339013 0.008077 -0.507370
v -0.000000 0.008077 0.000000
v -0.339014 0.008077 0.507369
v -0.664999 0.008077 0.995241
v -0.965429 0.008077 1.444866
v 0.508810 0.008077 -1.709812
v 0.155225 0.008077 -1.308200
v -0.200785 0.008077 -0.853949
v -0.545537 0.008077 -0.364516
v -0.865783 0.008077 0.141292
v -1.149217 0.008077 0.644036
v -1.384947 0.008077 1.124396
v 0.038793 0.008077 -1.904937
v -0.349786 0.008077 -1.563717
v -0.719322 0.008077 -1.158662
v -1.055613 0.008077 -0.705337
v -1.345737 0.008077 -0.221166
v -1.578544 0.008077 0.275249
v -1.745087 0.008077 0.764828
v -0.420642 0.008077 -2.018790
v -0.820310 0.008077 -1.745080
v -1.183647 0.008077 -1.401095
v -1.496689 0.008077 -1.000054
v -1.747405 0.008077 -0.557371
v -1.926163 0.008077 -0.090054
v -2.026091 0.008077 0.383936
v 0.000000 -0.010497 -0.532330
v -0.000000 1.504688 -0.527809
v 0.103852 -0.010497 -0.522101
v 0.102970 1.504688 -0.517667
v 0.203714 -0.010497 -0.491809
v 0.201984 1.504688 -0.487632
v 0.295747 -0.010497 -0.442616
v 0.293235 1.504688 -0.438857
v 0.376414 -0.010497 -0.376414
v 0.373217 1.504688 -0.373217
v 0.442616 -0.010497 -0.295747
v 0.438857 1.504689 -0.293235
v 0.491809 -0.010497 -0.203714
v 0.487631 1.504689 -0.201984
v 0.522101 -0.010497 -0.103852
v 0.517667 1.504689 -0.102971
v 0.532330 -0.010497 0.000000
v 0.527808 1.504689 -0.000000
v 0.522101 -0.010497 0.103852
v 0.517667 1.504689 0.102970
v 0.491809 -0.010497 0.203714
v 0.487631 1.504689 0.201983
v 0.442616 -0.010497 0.295747
v 0.438857 1.504689 0.293234
v 0.376414 -0.010497 0.376414
v 0.373217 1.504689 0.373217
v 0.295747 -0.010497 0.442616
v 0.293235 1.504689 0.438856
v 0.203714 -0.010497 0.491809
v 0.201984 1.504689 0.487631
v 0.103852 -0.010497 0.522101
v 0.102970 1.504689 0.517667
v -0.000000 -0.010497 0.532330
v -0.000000 1.504689 0.527808
v -0.103852 -0.010497 0.522101
v -0.102970 1.504689 0.517667
v -0.203714 -0.010497 0.491809
v -0.201984 1.504689 0.487631
v -0.295747 -0.010497 0.442616
v -0.293235 1.504689 0.438856
v -0.376414 -0.010497 0.376414
v -0.373217 1.504689 0.373217
v -0.442616 -0.010497 0.295747
v -0.438857 1.504689 0.293235
v -0.491809 -0.010497 0.203714
v -0.487631 1.504689 0.201983
v -0.522101 -0.010497 0.103852
v -0.517667 1.504689 0.102970
v -0.532330 -0.010497 0.000000
v -0.527808 1.504689 -0.000000
v -0.522101 -0.010497 -0.103852
v -0.517667 1.504689 -0.102971
v -0.491809 -0.010497 -0.203714
v -0.487631 1.504689 -0.201984
v -0.442616 -0.010497 -0.295747
v -0.438857 1.504689 -0.293235
v -0.376414 -0.010497 -0.376414
v -0.373217 1.504688 -0.373217
v -0.295747 -0.010497 -0.442616
v -0.293235 1.504688 -0.438857
v -0.203714 -0.010497 -0.491809
v -0.201984 1.504688 -0.487632
v -0.103852 -0.010497 -0.522101
v -0.102970 1.504688 -0.517667
v -0.000000 0.373605 -0.525729
v 0.102565 0.373605 -0.515627
v 0.201188 0.373605 -0.485710
v 0.292079 0.373605 -0.437128
v 0.371747 0.373605 -0.371747
v 0.437128 0.373605 -0.292080
v 0.485710 0.373605 -0.201188
v 0.515627 0.373605 -0.102565
v 0.525729 0.373605 -0.000000
v 0.515627 0.373605 0.102565
v 0.485710 0.373605 0.201188
v 0.437128 0.373605 0.292079
v 0.371747 0.373605 0.371747
v 0.292079 0.373605 0.437128
v 0.201188 0.373605 0.485710
v 0.102565 0.373605 0.515627
v -0.000000 0.373605 0.525729
v -0.102565 0.373605 0.515627
v -0.201188 0.373605 0.485710
v -0.292079 0.373605 0.437128
v -0.371747 0.373605 0.371747
v -0.437128 0.373605 0.292079
v -0.485710 0.373605 0.201188
v -0.515627 0.373605 0.102565
v -0.525729 0.373605 -0.000000
v -0.515627 0.373605 -0.102565
v -0.485710 0.373605 -0.201188
v -0.437128 0.373605 -0.292079
v -0.371747 0.373605 -0.371747
v -0.292079 0.373605 -0.437128
v -0.201188 0.373605 -0.485710
v -0.102565 0.373605 -0.515627
v -0.000000 0.424207 -0.434734
v 0.084812 0.424207 -0.426381
v 0.166366 0.424207 -0.401642
v 0.241525 0.424207 -0.361468
v 0.307403 0.424207 -0.307403
v 0.361468 0.424207 -0.241525
v 0.401642 0.424207 -0.166366
v 0.426381 0.424207 -0.084812
v 0.434734 0.424207 -0.000000
v 0.426381 0.424207 0.084812
v 0.401642 0.424207 0.166365
v 0.361468 0.424207 0.241525
v 0.307403 0.424207 0.307403
v 0.241525 0.424207 0.361468
v 0.166366 0.424207 0.401642
v 0.084812 0.424207 0.426381
v -0.000000 0.424207 0.434734
v -0.084812 0.424207 0.426381
v -0.166366 0.424207 0.401642
v -0.241525 0.424207 0.361468
v -0.307403 0.424207 0.307403
v -0.361468 0.424207 0.241525
v -0.401642 0.424207 0.166366
v -0.426381 0.424207 0.084812
v -0.434734 0.424207 -0.000000
v -0.426381 0.424207 -0.084812
v -0.401642 0.424207 -0.166366
v -0.361468 0.424207 -0.241525
v -0.307403 0.424207 -0.307403
v -0.241525 0.424207 -0.361468
v -0.166366 0.424207 -0.401642
v -0.084812 0.424207 -0.426381
v 0.000000 0.463078 -0.437292
v 0.085311 0.463078 -0.428889
v 0.167344 0.463078 -0.404005
v 0.242946 0.463078 -0.363595
v 0.309212 0.463078 -0.309212
v 0.363595 0.463078 -0.242946
v 0.404005 0.463078 -0.167344
v 0.428889 0.463078 -0.085311
v 0.437292 0.463078 -0.000000
v 0.428889 0.463078 0.085311
v 0.404005 0.463078 0.167344
v 0.363595 0.463078 0.242946
v 0.309212 0.463078 0.309212
v 0.242946 0.463078 0.363595
v 0.167344 0.463078 0.404005
v 0.085311 0.463078 0.428889
v -0.000000 0.463078 0.437292
v -0.085311 0.463078 0.428889
v -0.167344 0.463078 0.404005
v -0.242946 0.463078 0.363595
v -0.309212 0.463078 0.309212
v -0.363595 0.463078 0.242946
v -0.404005 0.463078 0.167344
v -0.428889 0.463078 0.085311
v -0.437292 0.463078 -0.000000
v -0.428889 0.463078 -0.085311
v -0.404005 0.463078 -0.167344
v -0.363595 0.463078 -0.242946
v -0.309212 0.463078 -0.309212
v -0.242946 0.463078 -0.363595
v -0.167344 0.463078 -0.404005
v -0.085311 0.463078 -0.428889
v -0.000000 0.470336 -0.322098
v 0.062838 0.470336 -0.315909
v 0.123261 0.470336 -0.297579
v 0.178948 0.470336 -0.267814
v 0.227757 0.470336 -0.227757
v 0.267814 0.470336 -0.178948
v 0.297579 0.470336 -0.123261
v 0.315909 0.470336 -0.062838
v 0.322098 0.470336 -0.000000
v 0.315909 0.470336 0.062838
v 0.297579 0.470336 0.123261
v 0.267814 0.470336 0.178948
v 0.227757 0.470336 0.227757
v 0.178948 0.470336 0.267814
v 0.123261 0.470336 0.297579
v 0.062838 0.470336 0.315909
v -0.000000 0.470336 0.322098
v -0.062838 0.470336 0.315909
v -0.123261 0.470336 0.297579
v -0.178948 0.470336 0.267814
v -0.227757 0.470336 0.227757
v -0.267814 0.470336 0.178948
v -0.297579 0.470336 0.123261
v -0.315909 0.470336 0.062838
v -0.322098 0.470336 -0.000000
v -0.315909 0.470336 -0.062838
v -0.297579 0.470336 -0.123262
v -0.267814 0.470336 -0.178948
v -0.227757 0.470336 -0.227757
v -0.178948 0.470336 -0.267814
v -0.123261 0.470336 -0.297579
v -0.062838 0.470336 -0.315909
v -0.000000 0.586007 -0.322758
v 0.062967 0.586007 -0.316556
v 0.123514 0.586007 -0.298189
v 0.179314 0.586007 -0.268363
v 0.228224 0.586007 -0.228224
v 0.268363 0.586007 -0.179315
v 0.298189 0.586007 -0.123514
v 0.316556 0.586007 -0.062967
v 0.322758 0.586007 -0.000000
v 0.316556 0.586007 0.062967
v 0.298189 0.586007 0.123514
v 0.268363 0.586007 0.179314
v 0.228224 0.586007 0.228224
v 0.179314 0.586007 0.268363
v 0.123514 0.586007 0.298189
v 0.062967 0.586007 0.316556
v -0.000000 0.586007 0.322757
v -0.062967 0.586007 0.316556
v -0.123514 0.586007 0.298189
v -0.179314 0.586007 0.268363
v -0.228224 0.586007 0.228224
v -0.268363 0.586007 0.179314
v -0.298189 0.586007 0.123514
v -0.316556 0.586007 0.062967
v -0.322758 0.586007 -0.000000
v -0.316556 0.586007 -0.062967
v -0.298189 0.586007 -0.123514
v -0.268363 0.586007 -0.179314
v -0.228224 0.586007 -0.228224
v -0.179314 0.586007 -0.268363
v -0.123514 0.586007 -0.298189
v -0.062967 0.586007 -0.316556
v -0.000000 0.587939 -0.269413
v 0.052560 0.587939 -0.264236
v 0.103100 0.587939 -0.248905
v 0.149678 0.587939 -0.224008
v 0.190503 0.587939 -0.190504
v 0.224008 0.587939 -0.149678
v 0.248905 0.587939 -0.103100
v 0.264236 0.587939 -0.052560
v 0.269413 0.587939 -0.000000
v 0.264236 0.587939 0.052560
v 0.248905 0.587939 0.103100
v 0.224008 0.587939 0.149678
v 0.190503 0.587939 0.190503
v 0.149678 0.587939 0.224008
v 0.103100 0.587939 0.248905
v 0.052560 0.587939 0.264236
v -0.000000 0.587939 0.269412
v -0.052560 0.587939 0.264236
v -0.103100 0.587939 0.248905
v -0.149678 0.587939 0.224008
v -0.190503 0.587939 0.190503
v -0.224008 0.587939 0.149678
v -0.248905 0.587939 0.103100
v -0.264236 0.587939 0.052560
v -0.269413 0.587939 -0.000000
v -0.264236 0.587939 -0.052560
v -0.248905 0.587939 -0.103100
v -0.224008 0.587939 -0.149678
v -0.190504 0.587939 -0.190504
v -0.149678 0.587939 -0.224008
v -0.103100 0.587939 -0.248905
v -0.052560 0.587939 -0.264236
v 0.000000 0.616223 -0.272084
v 0.053081 0.616223 -0.266856
v 0.104122 0.616223 -0.251373
v 0.151162 0.616223 -0.226230
v 0.192393 0.616223 -0.192393
v 0.226230 0.616223 -0.151162
v 0.251373 0.616223 -0.104122
v 0.266856 0.616223 -0.053081
v 0.272084 0.616223 -0.000000
v 0.266856 0.616223 0.053081
v 0.251373 0.616223 0.104122
v 0.226230 0.616223 0.151162
v 0.192393 0.616223 0.192393
v 0.151162 0.616223 0.226230
v 0.104122 0.616223 0.251373
v 0.053081 0.616223 0.266856
v -0.000000 0.616223 0.272084
v -0.053081 0.616223 0.266856
v -0.104122 0.616223 0.251373
v -0.151162 0.616223 0.226230
v -0.192393 0.616223 0.192393
v -0.226230 0.616223 0.151162
v -0.251373 0.616223 0.104122
v -0.266856 0.616223 0.053081
v -0.272084 0.616223 -0.000000
v -0.266856 0.616223 -0.053081
v -0.251373 0.616223 -0.104122
v -0.226230 0.616223 -0.151162
v -0.192393 0.616223 -0.192393
v -0.151162 0.616223 -0.226230
v -0.104122 0.616223 -0.251373
v -0.053081 0.616223 -0.266856
v 0.000000 0.652157 -0.192090
v 0.037475 0.652157 -0.188399
v 0.073510 0.652157 -0.177468
v 0.106719 0.652157 -0.159717
v 0.135828 0.652157 -0.135828
v 0.159717 0.652157 -0.106720
v 0.177468 0.652157 -0.073510
v 0.188399 0.652157 -0.037475
v 0.192090 0.652157 -0.000000
v 0.188399 0.652157 0.037475
v 0.177468 0.652157 0.073510
v 0.159717 0.652157 0.106719
v 0.135828 0.652157 0.135828
v 0.106719 0.652157 0.159717
v 0.073510 0.652157 0.177468
v 0.037475 0.652157 0.188399
v -0.000000 0.652157 0.192090
v -0.037475 0.652157 0.188399
v -0.073510 0.652157 0.177468
v -0.106719 0.652157 0.159717
v -0.135828 0.652157 0.135828
v -0.159717 0.652157 0.106719
v -0.177468 0.652157 0.073510
v -0.188399 0.652157 0.037475
v -0.192090 0.652157 -0.000000
v -0.188399 0.652157 -0.037475
v -0.177468 0.652157 -0.073510
v -0.159717 0.652157 -0.106719
v -0.135828 0.652157 -0.135828
v -0.106719 0.652157 -0.159717
v -0.073510 0.652157 -0.177468
v -0.037475 0.652157 -0.188399
v 0.000000 0.692994 -0.242764
v 0.047361 0.692994 -0.238099
v 0.092902 0.692994 -0.224285
v 0.134872 0.692994 -0.201851
v 0.171660 0.692994 -0.171660
v 0.201851 0.692994 -0.134872
v 0.224284 0.692994 -0.092902
v 0.238099 0.692994 -0.047361
v 0.242764 0.692994 -0.000000
v 0.238099 0.692994 0.047361
v 0.224284 0.692994 0.092902
v 0.201851 0.692994 0.134872
v 0.171660 0.692994 0.171660
v 0.134872 0.692995 0.201851
v 0.092902 0.692995 0.224284
v 0.047361 0.692995 0.238099
v -0.000000 0.692995 0.242764
v -0.047361 0.692995 0.238099
v -0.092902 0.692995 0.224284
v -0.134872 0.692995 0.201850
v -0.171660 0.692994 0.171660
v -0.201851 0.692994 0.134872
v -0.224284 0.692994 0.092902
v -0.238099 0.692994 0.047361
v -0.242764 0.692994 -0.000000
v -0.238099 0.692994 -0.047361
v -0.224284 0.692994 -0.092902
v -0.201851 0.692994 -0.134872
v -0.171660 0.692994 -0.171660
v -0.134872 0.692994 -0.201851
v -0.092902 0.692994 -0.224285
v -0.047361 0.692994 -0.238099
v 0.000000 0.773099 -0.297802
v 0.058098 0.773099 -0.292080
v 0.113964 0.773099 -0.275134
v 0.165450 0.773099 -0.247614
v 0.210578 0.773099 -0.210578
v 0.247614 0.773099 -0.165450
v 0.275133 0.773099 -0.113964
v 0.292080 0.773099 -0.058098
v 0.297802 0.773099 -0.000000
v 0.292080 0.773099 0.058098
v 0.275134 0.773099 0.113964
v 0.247614 0.773099 0.165450
v 0.210578 0.773099 0.210578
v 0.165450 0.773099 0.247614
v 0.113964 0.773099 0.275133
v 0.058098 0.773099 0.292080
v -0.000000 0.773099 0.297802
v -0.058098 0.773099 0.292080
v -0.113964 0.773099 0.275133
v -0.165450 0.773099 0.247613
v -0.210578 0.773099 0.210578
v -0.247614 0.773099 0.165450
v -0.275133 0.773099 0.113964
v -0.292080 0.773099 0.058098
v -0.297802 0.773099 -0.000000
v -0.292080 0.773099 -0.058098
v -0.275133 0.773099 -0.113964
v -0.247614 0.773099 -0.165450
v -0.210578 0.773099 -0.210578
v -0.165450 0.773099 -0.247614
v -0.113964 0.773099 -0.275134
v -0.058098 0.773099 -0.292080
v 0.000000 0.818767 -0.319566
v 0.062344 0.818767 -0.313426
v 0.122293 0.818767 -0.295241
v 0.177542 0.818767 -0.265710
v 0.225968 0.818767 -0.225968
v 0.265710 0.818767 -0.177542
v 0.295241 0.818767 -0.122293
v 0.313426 0.818767 -0.062344
v 0.319566 0.818767 -0.000000
v 0.313426 0.818767 0.062344
v 0.295241 0.818767 0.122293
v 0.265710 0.818767 0.177541
v 0.225968 0.818767 0.225967
v 0.177542 0.818767 0.265710
v 0.122293 0.818767 0.295241
v 0.062344 0.818767 0.313426
v -0.000000 0.818767 0.319566
v -0.062344 0.818767 0.313426
v -0.122293 0.818767 0.295241
v -0.177542 0.818767 0.265710
v -0.225967 0.818767 0.225967
v -0.265710 0.818767 0.177541
v -0.295241 0.818767 0.122293
v -0.313426 0.818767 0.062344
v -0.319566 0.818767 -0.000000
v -0.313426 0.818767 -0.062344
v -0.295241 0.818767 -0.122293
v -0.265710 0.818767 -0.177542
v -0.225968 0.818767 -0.225968
v -0.177542 0.818767 -0.265710
v -0.122293 0.818767 -0.295241
v -0.062344 0.818767 -0.313426
v 0.000000 0.925840 -0.296431
v 0.057831 0.925840 -0.290736
v 0.113439 0.925840 -0.273867
v 0.164688 0.925840 -0.246474
v 0.209609 0.925840 -0.209609
v 0.246474 0.925840 -0.164689
v 0.273867 0.925840 -0.113439
v 0.290735 0.925840 -0.057831
v 0.296431 0.925840 -0.000000
v 0.290735 0.925840 0.057831
v 0.273867 0.925840 0.113439
v 0.246474 0.925840 0.164688
v 0.209609 0.925840 0.209608
v 0.164688 0.925840 0.246473
v 0.113439 0.925840 0.273867
v 0.057831 0.925840 0.290735
v -0.000000 0.925840 0.296431
v -0.057831 0.925840 0.290735
v -0.113439 0.925840 0.273867
v -0.164688 0.925840 0.246473
v -0.209609 0.925840 0.209608
v -0.246474 0.925840 0.164688
v -0.273867 0.925840 0.113439
v -0.290735 0.925840 0.057831
v -0.296431 0.925840 -0.000000
v -0.290735 0.925840 -0.057831
v -0.273867 0.925840 -0.113440
v -0.246474 0.925840 -0.164688
v -0.209609 0.925840 -0.209609
v -0.164688 0.925840 -0.246474
v -0.113439 0.925840 -0.273867
v -0.057831 0.925840 -0.290736
v 0.000000 0.966273 -0.301140
v 0.058750 0.966273 -0.295354
v 0.115241 0.966273 -0.278217
v 0.167304 0.966273 -0.250389
v 0.212938 0.966273 -0.212938
v 0.250389 0.966273 -0.167305
v 0.278217 0.966273 -0.115241
v 0.295354 0.966273 -0.058750
v 0.301140 0.966273 -0.000000
v 0.295354 0.966273 0.058749
v 0.278217 0.966273 0.115241
v 0.250389 0.966273 0.167304
v 0.212938 0.966273 0.212938
v 0.167304 0.966273 0.250389
v 0.115241 0.966273 0.278217
v 0.058750 0.966273 0.295354
v -0.000000 0.966273 0.301140
v -0.058749 0.966273 0.295354
v -0.115241 0.966273 0.278217
v -0.167304 0.966273 0.250389
v -0.212938 0.966273 0.212938
v -0.250389 0.966273 0.167304
v -0.278217 0.966273 0.115241
v -0.295354 0.966273 0.058749
v -0.301140 0.966273 -0.000000
v -0.295354 0.966273 -0.058750
v -0.278217 0.966273 -0.115241
v -0.250389 0.966273 -0.167305
v -0.212938 0.966273 -0.212938
v -0.167304 0.966273 -0.250389
v -0.115241 0.966273 -0.278217
v -0.058749 0.966273 -0.295354
v -0.000000 0.996926 -0.249154
v 0.048608 0.996926 -0.244367
v 0.095347 0.996926 -0.230189
v 0.138423 0.996926 -0.207164
v 0.176179 0.996926 -0.176179
v 0.207164 0.996926 -0.138423
v 0.230188 0.996926 -0.095347
v 0.244367 0.996926 -0.048608
v 0.249154 0.996926 -0.000000
v 0.244367 0.996926 0.048607
v 0.230188 0.996926 0.095347
v 0.207164 0.996926 0.138423
v 0.176179 0.996926 0.176178
v 0.138423 0.996926 0.207164
v 0.095347 0.996926 0.230188
v 0.048608 0.996926 0.244367
v -0.000000 0.996926 0.249154
v -0.048608 0.996926 0.244367
v -0.095347 0.996926 0.230188
v -0.138423 0.996926 0.207164
v -0.176179 0.996926 0.176178
v -0.207164 0.996926 0.138423
v -0.230188 0.996926 0.095347
v -0.244367 0.996926 0.048607
v -0.249154 0.996926 -0.000000
v -0.244367 0.996926 -0.048608
v -0.230188 0.996926 -0.095347
v -0.207164 0.996926 -0.138423
v -0.176179 0.996926 -0.176179
v -0.138423 0.996926 -0.207164
v -0.095347 0.996926 -0.230189
v -0.048608 0.996926 -0.244367
v -0.000000 1.033939 -0.213746
v 0.041700 1.033939 -0.209639
v 0.081797 1.033939 -0.197476
v 0.118751 1.033939 -0.177723
v 0.151141 1.033939 -0.151141
v 0.177723 1.033939 -0.118751
v 0.197475 1.033939 -0.081797
v 0.209639 1.033939 -0.041700
v 0.213746 1.033939 -0.000000
v 0.209639 1.033939 0.041700
v 0.197475 1.033939 0.081797
v 0.177723 1.033939 0.118751
v 0.151141 1.033939 0.151141
v 0.118751 1.033939 0.177723
v 0.081797 1.033939 0.197475
v 0.041700 1.033939 0.209639
v -0.000000 1.033939 0.213746
v -0.041700 1.033939 0.209639
v -0.081797 1.033939 0.197475
v -0.118751 1.033939 0.177723
v -0.151141 1.033939 0.151141
v -0.177723 1.033939 0.118751
v -0.197475 1.033939 0.081797
v -0.209639 1.033939 0.041700
v -0.213746 1.033939 -0.000000
v -0.209639 1.033939 -0.041700
v -0.197475 1.033939 -0.081797
v -0.177723 1.033939 -0.118751
v -0.151141 1.033939 -0.151141
v -0.118751 1.033939 -0.177723
v -0.081797 1.033939 -0.197476
v -0.041700 1.033939 -0.209639
v -0.000000 1.073415 -0.180874
v 0.035287 1.073415 -0.177399
v 0.069217 1.073415 -0.167106
v 0.100488 1.073415 -0.150391
v 0.127897 1.073415 -0.127897
v 0.150391 1.073415 -0.100488
v 0.167106 1.073415 -0.069218
v 0.177399 1.073415 -0.035287
v 0.180874 1.073415 -0.000000
v 0.177399 1.073415 0.035287
v 0.167106 1.073415 0.069217
v 0.150391 1.073415 0.100488
v 0.127897 1.073415 0.127897
v 0.100488 1.073415 0.150391
v 0.069217 1.073415 0.167106
v 0.035287 1.073415 0.177398
v -0.000000 1.073415 0.180874
v -0.035287 1.073415 0.177398
v -0.069217 1.073415 0.167106
v -0.100488 1.073415 0.150391
v -0.127897 1.073415 0.127897
v -0.150391 1.073415 0.100488
v -0.167106 1.073415 0.069217
v -0.177399 1.073415 0.035287
v -0.180874 1.073415 -0.000000
v -0.177399 1.073415 -0.035287
v -0.167106 1.073415 -0.069218
v -0.150391 1.073415 -0.100488
v -0.127897 1.073415 -0.127897
v -0.100488 1.073415 -0.150391
v -0.069217 1.073415 -0.167106
v -0.035287 1.073415 -0.177399
v -0.000000 1.123103 -0.171348
v 0.033428 1.123103 -0.168056
v 0.065572 1.123103 -0.158305
v 0.095196 1.123103 -0.142471
v 0.121161 1.123103 -0.121161
v 0.142471 1.123103 -0.095196
v 0.158305 1.123103 -0.065572
v 0.168055 1.123103 -0.033428
v 0.171348 1.123103 -0.000000
v 0.168055 1.123103 0.033428
v 0.158305 1.123103 0.065572
v 0.142471 1.123103 0.095196
v 0.121161 1.123103 0.121161
v 0.095196 1.123103 0.142470
v 0.065572 1.123103 0.158305
v 0.033428 1.123103 0.168055
v -0.000000 1.123103 0.171348
v -0.033428 1.123103 0.168055
v -0.065572 1.123103 0.158305
v -0.095196 1.123103 0.142470
v -0.121161 1.123103 0.121161
v -0.142471 1.123103 0.095196
v -0.158305 1.123103 0.065572
v -0.168055 1.123103 0.033428
v -0.171348 1.123103 -0.000000
v -0.168055 1.123103 -0.033428
v -0.158305 1.123103 -0.065572
v -0.142471 1.123103 -0.095196
v -0.121161 1.123103 -0.121161
v -0.095196 1.123103 -0.142471
v -0.065572 1.123103 -0.158305
v -0.033428 1.123103 -0.168056
v -0.000000 1.192793 -0.174729
v 0.034088 1.192793 -0.171372
v 0.066866 1.192793 -0.161429
v 0.097074 1.192793 -0.145282
v 0.123552 1.192793 -0.123552
v 0.145282 1.192793 -0.097074
v 0.161429 1.192793 -0.066866
v 0.171372 1.192793 -0.034088
v 0.174729 1.192793 -0.000000
v 0.171372 1.192793 0.034088
v 0.161429 1.192793 0.066866
v 0.145282 1.192793 0.097074
v 0.123552 1.192793 0.123552
v 0.097074 1.192793 0.145282
v 0.066866 1.192793 0.161428
v 0.034088 1.192793 0.171372
v -0.000000 1.192793 0.174729
v -0.034088 1.192793 0.171372
v -0.066866 1.192793 0.161428
v -0.097074 1.192793 0.145282
v -0.123552 1.192793 0.123552
v -0.145282 1.192793 0.097074
v -0.161429 1.192793 0.066866
v -0.171372 1.192793 0.034088
v -0.174729 1.192793 -0.000000
v -0.171372 1.192793 -0.034088
v -0.161429 1.192793 -0.066866
v -0.145282 1.192793 -0.097074
v -0.123552 1.192793 -0.123552
v -0.097074 1.192793 -0.145282
v -0.066866 1.192793 -0.161429
v -0.034088 1.192793 -0.171372
v -0.000000 1.227763 -0.175003
v 0.034141 1.227763 -0.171640
v 0.066971 1.227763 -0.161682
v 0.097226 1.227763 -0.145510
v 0.123746 1.227763 -0.123746
v 0.145510 1.227763 -0.097227
v 0.161682 1.227763 -0.066971
v 0.171640 1.227763 -0.034142
v 0.175003 1.227763 -0.000000
v 0.171640 1.227763 0.034141
v 0.161682 1.227763 0.066971
v 0.145510 1.227763 0.097226
v 0.123746 1.227763 0.123746
v 0.097226 1.227763 0.145509
v 0.066971 1.227763 0.161681
v 0.034141 1.227763 0.171640
v -0.000000 1.227763 0.175003
v -0.034141 1.227763 0.171640
v -0.066971 1.227763 0.161681
v -0.097226 1.227763 0.145509
v -0.123746 1.227763 0.123746
v -0.145510 1.227763 0.097226
v -0.161682 1.227763 0.066971
v -0.171640 1.227763 0.034141
v -0.175003 1.227763 -0.000000
v -0.171640 1.227763 -0.034142
v -0.161682 1.227763 -0.066971
v -0.145510 1.227763 -0.097227
v -0.123746 1.227763 -0.123746
v -0.097226 1.227763 -0.145510
v -0.066971 1.227763 -0.161682
v -0.034141 1.227763 -0.171640
v 0.036728 1.227763 -0.184645
v 0.036671 1.192793 -0.184356
v 0.072045 1.227763 -0.173932
v 0.071932 1.192793 -0.173660
v 0.104593 1.227763 -0.156534
v 0.104429 1.192793 -0.156290
v 0.133121 1.227763 -0.133122
v 0.132913 1.192793 -0.132913
v 0.156534 1.227763 -0.104593
v 0.156289 1.192793 -0.104429
v 0.173931 1.227763 -0.072045
v 0.173659 1.192793 -0.071932
v 0.184645 1.227763 -0.036728
v 0.184356 1.192793 -0.036671
v 0.188262 1.227763 -0.000000
v 0.187968 1.192793 -0.000000
v 0.184645 1.227763 0.036728
v 0.184356 1.192793 0.036670
v 0.173931 1.227763 0.072045
v 0.173659 1.192793 0.071932
v 0.156534 1.227763 0.104593
v 0.156289 1.192793 0.104429
v 0.133121 1.227763 0.133121
v 0.132913 1.192793 0.132913
v 0.104593 1.227763 0.156534
v 0.104429 1.192793 0.156289
v 0.072045 1.227763 0.173931
v 0.071932 1.192793 0.173659
v 0.036728 1.227763 0.184645
v 0.036671 1.192793 0.184356
v -0.000000 1.227763 0.188262
v -0.000000 1.192793 0.187967
v -0.036728 1.227763 0.184645
v -0.036671 1.192793 0.184356
v -0.072045 1.227763 0.173931
v -0.071932 1.192793 0.173659
v -0.104593 1.227763 0.156534
v -0.104429 1.192793 0.156289
v -0.133121 1.227763 0.133121
v -0.132913 1.192793 0.132913
v -0.156534 1.227763 0.104593
v -0.156289 1.192793 0.104429
v -0.173931 1.227763 0.072045
v -0.173659 1.192793 0.071932
v -0.184645 1.227763 0.036728
v -0.184356 1.192793 0.036670
v -0.188262 1.227763 -0.000000
v -0.187968 1.192793 -0.000000
v -0.184645 1.227763 -0.036728
v -0.184356 1.192793 -0.036671
v -0.173931 1.227763 -0.072045
v -0.173659 1.192793 -0.071932
v -0.156534 1.227763 -0.104593
v -0.156289 1.192793 -0.104429
v -0.133121 1.227763 -0.133122
v -0.132913 1.192793 -0.132913
v -0.104593 1.227763 -0.156534
v -0.104429 1.192793 -0.156290
v -0.072045 1.227763 -0.173932
v -0.071932 1.192793 -0.173660
v -0.036728 1.227763 -0.184645
v -0.036671 1.192793 -0.184356
v -0.000000 1.192793 -0.187968
v -0.000000 1.227763 -0.188262
v -0.000000 1.286980 -0.176770
v 0.034486 1.286980 -0.173374
v 0.067647 1.286980 -0.163314
v 0.098208 1.286980 -0.146979
v 0.124995 1.286980 -0.124996
v 0.146979 1.286980 -0.098208
v 0.163314 1.286980 -0.067647
v 0.173373 1.286980 -0.034486
v 0.176770 1.286980 -0.000000
v 0.173373 1.286980 0.034486
v 0.163314 1.286980 0.067647
v 0.146979 1.286980 0.098208
v 0.124995 1.286980 0.124995
v 0.098208 1.286980 0.146979
v 0.067647 1.286980 0.163314
v 0.034486 1.286980 0.173373
v -0.000000 1.286980 0.176770
v -0.034486 1.286980 0.173373
v -0.067647 1.286980 0.163314
v -0.098208 1.286980 0.146979
v -0.124995 1.286980 0.124995
v -0.146979 1.286980 0.098208
v -0.163314 1.286980 0.067647
v -0.173373 1.286980 0.034486
v -0.176770 1.286980 -0.000000
v -0.173373 1.286980 -0.034486
v -0.163314 1.286980 -0.067647
v -0.146979 1.286980 -0.098208
v -0.124995 1.286980 -0.124995
v -0.098208 1.286980 -0.146979
v -0.067647 1.286980 -0.163314
v -0.034486 1.286980 -0.173374
v -0.000000 1.291012 -0.224608
v 0.043819 1.291012 -0.220292
v 0.085954 1.291012 -0.207511
v 0.124785 1.291012 -0.186755
v 0.158822 1.291012 -0.158822
v 0.186755 1.291012 -0.124786
v 0.207511 1.291012 -0.085954
v 0.220292 1.291012 -0.043819
v 0.224608 1.291012 -0.000000
v 0.220292 1.291012 0.043819
v 0.207511 1.291012 0.085953
v 0.186755 1.291012 0.124785
v 0.158822 1.291012 0.158822
v 0.124785 1.291012 0.186754
v 0.085954 1.291012 0.207510
v 0.043819 1.291012 0.220292
v -0.000000 1.291012 0.224608
v -0.043819 1.291012 0.220292
v -0.085954 1.291012 0.207510
v -0.124785 1.291012 0.186754
v -0.158822 1.291012 0.158822
v -0.186755 1.291012 0.124785
v -0.207511 1.291012 0.085954
v -0.220292 1.291012 0.043819
v -0.224608 1.291012 -0.000000
v -0.220292 1.291012 -0.043819
v -0.207511 1.291012 -0.085954
v -0.186755 1.291012 -0.124786
v -0.158822 1.291012 -0.158822
v -0.124785 1.291012 -0.186755
v -0.085954 1.291012 -0.207511
v -0.043819 1.291012 -0.220292
v -0.000000 1.333669 -0.225552
v 0.044003 1.333669 -0.221218
v 0.086315 1.333669 -0.208383
v 0.125310 1.333669 -0.187540
v 0.159489 1.333669 -0.159490
v 0.187540 1.333669 -0.125310
v 0.208383 1.333669 -0.086315
v 0.221218 1.333669 -0.044003
v 0.225552 1.333669 -0.000000
v 0.221218 1.333669 0.044003
v 0.208383 1.333669 0.086315
v 0.187540 1.333669 0.125310
v 0.159489 1.333669 0.159489
v 0.125310 1.333669 0.187539
v 0.086315 1.333669 0.208383
v 0.044003 1.333669 0.221218
v -0.000000 1.333669 0.225552
v -0.044003 1.333669 0.221218
v -0.086315 1.333669 0.208383
v -0.125310 1.333669 0.187539
v -0.159489 1.333669 0.159489
v -0.187540 1.333669 0.125310
v -0.208383 1.333669 0.086315
v -0.221218 1.333669 0.044003
v -0.225552 1.333669 -0.000000
v -0.221218 1.333669 -0.044003
v -0.208383 1.333669 -0.086315
v -0.187540 1.333669 -0.125310
v -0.159489 1.333669 -0.159490
v -0.125310 1.333669 -0.187540
v -0.086315 1.333669 -0.208383
v -0.044003 1.333669 -0.221218
v -0.000000 1.372021 -0.251403
v 0.049046 1.372021 -0.246572
v 0.096208 1.372021 -0.232266
v 0.139672 1.372021 -0.209034
v 0.177769 1.372021 -0.177769
v 0.209034 1.372021 -0.139672
v 0.232266 1.372021 -0.096208
v 0.246572 1.372021 -0.049046
v 0.251403 1.372021 -0.000000
v 0.246572 1.372021 0.049046
v 0.232266 1.372021 0.096208
v 0.209034 1.372021 0.139672
v 0.177769 1.372021 0.177769
v 0.139672 1.372021 0.209034
v 0.096208 1.372021 0.232266
v 0.049046 1.372021 0.246572
v -0.000000 1.372021 0.251403
v -0.049046 1.372021 0.246572
v -0.096208 1.372021 0.232266
v -0.139672 1.372021 0.209034
v -0.177769 1.372021 0.177769
v -0.209034 1.372021 0.139672
v -0.232266 1.372021 0.096208
v -0.246572 1.372021 0.049046
v -0.251403 1.372021 -0.000000
v -0.246572 1.372021 -0.049046
v -0.232266 1.372021 -0.096208
v -0.209034 1.372021 -0.139672
v -0.177769 1.372021 -0.177769
v -0.139672 1.372021 -0.209034
v -0.096208 1.372021 -0.232266
v -0.049046 1.372021 -0.246572
v 0.000000 1.420680 -0.309667
v 0.060413 1.420680 -0.303717
v 0.118504 1.420680 -0.286095
v 0.172042 1.420680 -0.257479
v 0.218967 1.420680 -0.218968
v 0.257479 1.420680 -0.172042
v 0.286095 1.420680 -0.118505
v 0.303717 1.420680 -0.060413
v 0.309667 1.420680 -0.000000
v 0.303717 1.420680 0.060413
v 0.286095 1.420680 0.118504
v 0.257479 1.420680 0.172041
v 0.218967 1.420680 0.218967
v 0.172042 1.420680 0.257478
v 0.118504 1.420680 0.286095
v 0.060413 1.420680 0.303716
v -0.000000 1.420680 0.309667
v -0.060413 1.420680 0.303716
v -0.118504 1.420680 0.286095
v -0.172042 1.420680 0.257478
v -0.218967 1.420680 0.218967
v -0.257479 1.420680 0.172042
v -0.286095 1.420680 0.118504
v -0.303717 1.420680 0.060413
v -0.309667 1.420680 -0.000000
v -0.303717 1.420680 -0.060413
v -0.286095 1.420680 -0.118505
v -0.257479 1.420680 -0.172042
v -0.218968 1.420680 -0.218968
v -0.172042 1.420680 -0.257479
v -0.118504 1.420680 -0.286095
v -0.060413 1.420680 -0.303717
v -0.000000 1.461548 -0.396058
v 0.077267 1.461548 -0.388447
v 0.151565 1.461548 -0.365909
v 0.220038 1.461548 -0.329310
v 0.280055 1.461548 -0.280055
v 0.329310 1.461548 -0.220038
v 0.365909 1.461548 -0.151565
v 0.388447 1.461548 -0.077267
v 0.396057 1.461548 -0.000000
v 0.388447 1.461548 0.077267
v 0.365909 1.461548 0.151564
v 0.329310 1.461548 0.220037
v 0.280055 1.461548 0.280055
v 0.220038 1.461548 0.329309
v 0.151565 1.461549 0.365909
v 0.077267 1.461549 0.388447
v -0.000000 1.461549 0.396057
v -0.077267 1.461549 0.388447
v -0.151565 1.461549 0.365909
v -0.220038 1.461548 0.329309
v -0.280055 1.461548 0.280055
v -0.329310 1.461548 0.220037
v -0.365909 1.461548 0.151564
v -0.388447 1.461548 0.077267
v -0.396057 1.461548 -0.000000
v -0.388447 1.461548 -0.077267
v -0.365909 1.461548 -0.151565
v -0.329310 1.461548 -0.220038
v -0.280055 1.461548 -0.280055
v -0.220038 1.461548 -0.329310
v -0.151565 1.461548 -0.365910
v -0.077267 1.461548 -0.388447
v 0.000000 1.584159 -0.714075
v 0.139309 1.584159 -0.700354
v 0.273265 1.584159 -0.659719
v 0.396719 1.584159 -0.593732
v 0.504927 1.584159 -0.504927
v 0.593732 1.584159 -0.396719
v 0.659719 1.584159 -0.273265
v 0.700354 1.584159 -0.139309
v 0.714075 1.584159 -0.000000
v 0.700354 1.584159 0.139309
v 0.659719 1.584159 0.273264
v 0.593732 1.584159 0.396719
v 0.504927 1.584159 0.504927
v 0.396719 1.584159 0.593731
v 0.273265 1.584159 0.659719
v 0.139309 1.584159 0.700354
v -0.000000 1.584159 0.714075
v -0.139309 1.584159 0.700354
v -0.273265 1.584159 0.659719
v -0.396719 1.584159 0.593731
v -0.504927 1.584159 0.504927
v -0.593732 1.584159 0.396719
v -0.659719 1.584159 0.273265
v -0.700354 1.584159 0.139309
v -0.714075 1.584159 -0.000000
v -0.700354 1.584159 -0.139309
v -0.659719 1.584159 -0.273265
v -0.593732 1.584159 -0.396719
v -0.504927 1.584159 -0.504927
v -0.396719 1.584159 -0.593732
v -0.273265 1.584159 -0.659719
v -0.139309 1.584159 -0.700354
v 0.000000 1.664215 -0.817879
v 0.159560 1.664215 -0.802164
v 0.312989 1.664215 -0.755622
v 0.454389 1.664215 -0.680042
v 0.578328 1.664215 -0.578328
v 0.680041 1.664215 -0.454389
v 0.755621 1.664216 -0.312989
v 0.802163 1.664216 -0.159561
v 0.817879 1.664216 -0.000000
v 0.802163 1.664216 0.159560
v 0.755621 1.664216 0.312988
v 0.680041 1.664216 0.454389
v 0.578328 1.664216 0.578327
v 0.454389 1.664216 0.680041
v 0.312989 1.664216 0.755621
v 0.159560 1.664216 0.802163
v -0.000000 1.664216 0.817879
v -0.159560 1.664216 0.802163
v -0.312989 1.664216 0.755621
v -0.454389 1.664216 0.680041
v -0.578328 1.664216 0.578327
v -0.680041 1.664216 0.454389
v -0.755621 1.664216 0.312989
v -0.802163 1.664216 0.159560
v -0.817879 1.664216 -0.000000
v -0.802163 1.664216 -0.159561
v -0.755621 1.664216 -0.312989
v -0.680041 1.664215 -0.454389
v -0.578328 1.664215 -0.578328
v -0.454389 1.664215 -0.680042
v -0.312989 1.664215 -0.755622
v -0.159560 1.664215 -0.802164
v 0.000000 1.754024 -0.881676
v 0.172006 1.754024 -0.864735
v 0.337403 1.754024 -0.814562
v 0.489833 1.754024 -0.733087
v 0.623439 1.754024 -0.623439
v 0.733086 1.754024 -0.489833
v 0.814562 1.754024 -0.337403
v 0.864734 1.754024 -0.172007
v 0.881676 1.754024 -0.000000
v 0.864734 1.754024 0.172006
v 0.814562 1.754024 0.337402
v 0.733086 1.754024 0.489832
v 0.623439 1.754024 0.623438
v 0.489833 1.754024 0.733086
v 0.337403 1.754024 0.814562
v 0.172006 1.754024 0.864734
v -0.000000 1.754024 0.881675
v -0.172006 1.754024 0.864734
v -0.337403 1.754024 0.814562
v -0.489833 1.754024 0.733086
v -0.623439 1.754024 0.623438
v -0.733086 1.754024 0.489833
v -0.814562 1.754024 0.337403
v -0.864734 1.754024 0.172006
v -0.881676 1.754024 -0.000000
v -0.864734 1.754024 -0.172007
v -0.814562 1.754024 -0.337403
v -0.733087 1.754024 -0.489833
v -0.623439 1.754024 -0.623439
v -0.489833 1.754024 -0.733087
v -0.337403 1.754024 -0.814562
v -0.172006 1.754024 -0.864735
v 0.000000 1.813948 -0.938013
v 0.182997 1.813948 -0.919989
v 0.358962 1.813948 -0.866611
v 0.521132 1.813948 -0.779929
v 0.663275 1.813948 -0.663275
v 0.779929 1.813948 -0.521132
v 0.866610 1.813948 -0.358962
v 0.919989 1.813948 -0.182997
v 0.938013 1.813948 -0.000000
v 0.919989 1.813948 0.182997
v 0.866610 1.813948 0.358962
v 0.779929 1.813948 0.521131
v 0.663275 1.813948 0.663275
v 0.521132 1.813948 0.779929
v 0.358962 1.813948 0.866610
v 0.182997 1.813948 0.919989
v -0.000000 1.813948 0.938012
v -0.182997 1.813948 0.919989
v -0.358962 1.813948 0.866610
v -0.521132 1.813948 0.779928
v -0.663275 1.813948 0.663275
v -0.779929 1.813948 0.521132
v -0.866610 1.813948 0.358962
v -0.919989 1.813948 0.182997
v -0.938013 1.813948 -0.000000
v -0.919989 1.813948 -0.182998
v -0.866610 1.813948 -0.358962
v -0.779929 1.813948 -0.521132
v -0.663275 1.813948 -0.663275
v -0.521132 1.813948 -0.779929
v -0.358962 1.813948 -0.866611
v -0.182997 1.813948 -0.919989
v 0.000000 1.883189 -1.059663
v 0.206730 1.883189 -1.039302
v 0.405516 1.883189 -0.979001
v 0.588717 1.883189 -0.881078
v 0.749295 1.883189 -0.749295
v 0.881078 1.883189 -0.588718
v 0.979001 1.883189 -0.405516
v 1.039302 1.883189 -0.206730
v 1.059663 1.883189 -0.000000
v 1.039302 1.883189 0.206730
v 0.979001 1.883189 0.405515
v 0.881078 1.883189 0.588717
v 0.749295 1.883189 0.749295
v 0.588717 1.883189 0.881077
v 0.405516 1.883189 0.979001
v 0.206730 1.883189 1.039302
v -0.000000 1.883189 1.059663
v -0.206730 1.883189 1.039302
v -0.405515 1.883189 0.979001
v -0.588717 1.883189 0.881077
v -0.749295 1.883189 0.749295
v -0.881077 1.883189 0.588717
v -0.979001 1.883189 0.405515
v -1.039302 1.883189 0.206730
v -1.059663 1.883189 -0.000000
v -1.039302 1.883189 -0.206730
v -0.979001 1.883189 -0.405516
v -0.881078 1.883189 -0.588717
v -0.749295 1.883189 -0.749295
v -0.588717 1.883189 -0.881078
v -0.405515 1.883189 -0.979001
v -0.206730 1.883189 -1.039302
v 0.000000 1.913162 -1.174065
v 0.229049 1.913162 -1.151506
v 0.449295 1.913162 -1.084695
v 0.652276 1.913162 -0.976200
v 0.830189 1.913162 -0.830189
v 0.976199 1.913162 -0.652276
v 1.084695 1.913162 -0.449295
v 1.151505 1.913162 -0.229049
v 1.174065 1.913162 -0.000000
v 1.151505 1.913162 0.229048
v 1.084695 1.913162 0.449295
v 0.976199 1.913162 0.652275
v 0.830189 1.913162 0.830189
v 0.652276 1.913162 0.976199
v 0.449295 1.913162 1.084694
v 0.229049 1.913162 1.151505
v -0.000000 1.913162 1.174065
v -0.229049 1.913162 1.151505
v -0.449295 1.913162 1.084694
v -0.652276 1.913162 0.976199
v -0.830189 1.913162 0.830189
v -0.976199 1.913162 0.652275
v -1.084695 1.913162 0.449295
v -1.151505 1.913162 0.229048
v -1.174065 1.913162 -0.000000
v -1.151505 1.913162 -0.229049
v -1.084695 1.913162 -0.449296
v -0.976199 1.913162 -0.652276
v -0.830189 1.913162 -0.830189
v -0.652276 1.913162 -0.976200
v -0.449295 1.913162 -1.084695
v -0.229049 1.913162 -1.151506
v 0.233438 1.936908 -1.173571
v 0.000000 1.936908 -1.196563
v 0.457905 1.936908 -1.105480
v 0.664775 1.936908 -0.994906
v 0.846097 1.936908 -0.846098
v 0.994906 1.936908 -0.664775
v 1.105480 1.936908 -0.457905
v 1.173571 1.936908 -0.233438
v 1.196563 1.936908 -0.000000
v 1.173571 1.936908 0.233438
v 1.105480 1.936908 0.457904
v 0.994906 1.936908 0.664774
v 0.846097 1.936908 0.846097
v 0.664775 1.936908 0.994905
v 0.457905 1.936908 1.105479
v 0.233438 1.936908 1.173571
v -0.000000 1.936908 1.196562
v -0.233438 1.936908 1.173571
v -0.457905 1.936908 1.105479
v -0.664775 1.936908 0.994905
v -0.846098 1.936908 0.846097
v -0.994905 1.936908 0.664775
v -1.105480 1.936908 0.457905
v -1.173571 1.936908 0.233438
v -1.196563 1.936908 -0.000000
v -1.173571 1.936908 -0.233438
v -1.105480 1.936908 -0.457905
v -0.994906 1.936908 -0.664775
v -0.846098 1.936908 -0.846098
v -0.664775 1.936908 -0.994906
v -0.457905 1.936908 -1.105480
v -0.233438 1.936908 -1.173571
v 0.233431 1.954848 -1.173535
v 0.000000 1.954848 -1.196526
v 0.457891 1.954848 -1.105446
v 0.664754 1.954848 -0.994875
v 0.846071 1.954848 -0.846072
v 0.994875 1.954848 -0.664754
v 1.105446 1.954848 -0.457891
v 1.173535 1.954848 -0.233431
v 1.196526 1.954848 -0.000000
v 1.173535 1.954848 0.233430
v 1.105446 1.954848 0.457890
v 0.994875 1.954848 0.664754
v 0.846071 1.954848 0.846071
v 0.664754 1.954848 0.994875
v 0.457891 1.954848 1.105445
v 0.233431 1.954848 1.173535
v -0.000000 1.954848 1.196525
v -0.233430 1.954848 1.173535
v -0.457891 1.954848 1.105445
v -0.664754 1.954848 0.994874
v -0.846071 1.954848 0.846071
v -0.994875 1.954848 0.664754
v -1.105446 1.954848 0.457891
v -1.173535 1.954848 0.233430
v -1.196526 1.954848 -0.000000
v -1.173535 1.954848 -0.233431
v -1.105446 1.954848 -0.457891
v -0.994875 1.954848 -0.664754
v -0.846071 1.954848 -0.846072
v -0.664754 1.954848 -0.994875
v -0.457891 1.954848 -1.105446
v -0.233430 1.954848 -1.173535
v 0.228013 1.975965 -1.146299
v 0.000000 1.975965 -1.168756
v 0.447264 1.975965 -1.079790
v 0.649326 1.975965 -0.971785
v 0.826435 1.975965 -0.826435
v 0.971785 1.975965 -0.649326
v 1.079789 1.975965 -0.447264
v 1.146298 1.975965 -0.228013
v 1.168756 1.975965 -0.000000
v 1.146298 1.975965 0.228013
v 1.079789 1.975966 0.447263
v 0.971785 1.975966 0.649326
v 0.826435 1.975966 0.826435
v 0.649326 1.975966 0.971785
v 0.447264 1.975966 1.079789
v 0.228013 1.975966 1.146298
v -0.000000 1.975966 1.168755
v -0.228013 1.975966 1.146298
v -0.447263 1.975966 1.079789
v -0.649326 1.975966 0.971785
v -0.826435 1.975966 0.826435
v -0.971785 1.975966 0.649326
v -1.079790 1.975966 0.447263
v -1.146298 1.975965 0.228013
v -1.168756 1.975965 -0.000000
v -1.146298 1.975965 -0.228013
v -1.079789 1.975965 -0.447264
v -0.971785 1.975965 -0.649326
v -0.826435 1.975965 -0.826435
v -0.649326 1.975965 -0.971785
v -0.447263 1.975965 -1.079790
v -0.228013 1.975965 -1.146299
v 0.221070 1.976336 -1.111396
v 0.000000 1.976336 -1.133169
v 0.433645 1.976336 -1.046912
v 0.629555 1.976336 -0.942196
v 0.801271 1.976336 -0.801271
v 0.942196 1.976336 -0.629555
v 1.046911 1.976336 -0.433645
v 1.111395 1.976337 -0.221071
v 1.133169 1.976337 -0.000000
v 1.111395 1.976337 0.221070
v 1.046911 1.976337 0.433645
v 0.942196 1.976337 0.629555
v 0.801271 1.976337 0.801271
v 0.629555 1.976337 0.942195
v 0.433645 1.976337 1.046911
v 0.221070 1.976337 1.111395
v -0.000000 1.976337 1.133169
v -0.221070 1.976337 1.111395
v -0.433645 1.976337 1.046911
v -0.629555 1.976337 0.942195
v -0.801271 1.976337 0.801271
v -0.942195 1.976337 0.629555
v -1.046912 1.976337 0.433645
v -1.111395 1.976337 0.221070
v -1.133169 1.976337 -0.000000
v -1.111395 1.976337 -0.221071
v -1.046911 1.976336 -0.433645
v -0.942196 1.976336 -0.629555
v -0.801271 1.976336 -0.801271
v -0.629555 1.976336 -0.942196
v -0.433645 1.976336 -1.046912
v -0.221070 1.976336 -1.111396
v 0.209598 1.932767 -1.053719
v 0.000000 1.932767 -1.074363
v 0.411141 1.932767 -0.992581
v 0.596884 1.932767 -0.893300
v 0.759689 1.932767 -0.759689
v 0.893300 1.932767 -0.596884
v 0.992581 1.932767 -0.411141
v 1.053718 1.932768 -0.209598
v 1.074362 1.932768 -0.000000
v 1.053718 1.932768 0.209597
v 0.992581 1.932768 0.411140
v 0.893300 1.932768 0.596883
v 0.759689 1.932768 0.759688
v 0.596884 1.932768 0.893299
v 0.411141 1.932768 0.992581
v 0.209598 1.932768 1.053718
v -0.000000 1.932768 1.074362
v -0.209598 1.932768 1.053718
v -0.411141 1.932768 0.992581
v -0.596884 1.932768 0.893299
v -0.759689 1.932768 0.759688
v -0.893299 1.932768 0.596884
v -0.992581 1.932768 0.411141
v -1.053718 1.932768 0.209597
v -1.074362 1.932768 -0.000000
v -1.053718 1.932768 -0.209598
v -0.992581 1.932767 -0.411141
v -0.893300 1.932767 -0.596884
v -0.759689 1.932767 -0.759689
v -0.596884 1.932767 -0.893300
v -0.411141 1.932767 -0.992582
v -0.209598 1.932767 -1.053719
v 0.196708 1.881241 -0.988919
v 0.000000 1.881241 -1.008293
v 0.385857 1.881241 -0.931541
v 0.560178 1.881241 -0.838365
v 0.712971 1.881241 -0.712971
v 0.838365 1.881241 -0.560178
v 0.931541 1.881241 -0.385857
v 0.988919 1.881241 -0.196709
v 1.008293 1.881241 -0.000000
v 0.988919 1.881241 0.196708
v 0.931541 1.881241 0.385857
v 0.838365 1.881241 0.560177
v 0.712971 1.881241 0.712970
v 0.560178 1.881241 0.838365
v 0.385857 1.881241 0.931541
v 0.196708 1.881241 0.988919
v -0.000000 1.881241 1.008293
v -0.196708 1.881241 0.988919
v -0.385857 1.881241 0.931541
v -0.560178 1.881241 0.838365
v -0.712971 1.881241 0.712970
v -0.838365 1.881241 0.560177
v -0.931541 1.881241 0.385857
v -0.988919 1.881241 0.196708
v -1.008293 1.881241 -0.000000
v -0.988919 1.881241 -0.196709
v -0.931541 1.881241 -0.385858
v -0.838365 1.881241 -0.560178
v -0.712971 1.881241 -0.712971
v -0.560178 1.881241 -0.838365
v -0.385857 1.881241 -0.931542
v -0.196708 1.881241 -0.988919
v 0.180473 1.828955 -0.907301
v 0.000000 1.828955 -0.925076
v 0.354011 1.828955 -0.854659
v 0.513945 1.828955 -0.769173
v 0.654127 1.828955 -0.654127
v 0.769172 1.828955 -0.513945
v 0.854658 1.828955 -0.354011
v 0.907300 1.828955 -0.180474
v 0.925076 1.828955 -0.000000
v 0.907300 1.828955 0.180473
v 0.854658 1.828955 0.354011
v 0.769172 1.828955 0.513944
v 0.654127 1.828955 0.654127
v 0.513945 1.828955 0.769172
v 0.354011 1.828955 0.854658
v 0.180473 1.828955 0.907300
v -0.000000 1.828955 0.925075
v -0.180473 1.828955 0.907300
v -0.354011 1.828955 0.854658
v -0.513944 1.828955 0.769172
v -0.654127 1.828955 0.654127
v -0.769172 1.828955 0.513944
v -0.854658 1.828955 0.354011
v -0.907300 1.828955 0.180473
v -0.925076 1.828955 -0.000000
v -0.907300 1.828955 -0.180474
v -0.854658 1.828955 -0.354012
v -0.769172 1.828955 -0.513945
v -0.654127 1.828955 -0.654127
v -0.513944 1.828955 -0.769173
v -0.354011 1.828955 -0.854659
v -0.180473 1.828955 -0.907301
v 0.151491 1.767595 -0.761595
v 0.000000 1.767595 -0.776515
v 0.297160 1.767595 -0.717407
v 0.431409 1.767595 -0.645649
v 0.549079 1.767595 -0.549079
v 0.645649 1.767595 -0.431409
v 0.717407 1.767595 -0.297160
v 0.761595 1.767595 -0.151491
v 0.776515 1.767595 -0.000000
v 0.761595 1.767595 0.151490
v 0.717407 1.767595 0.297159
v 0.645649 1.767595 0.431408
v 0.549079 1.767595 0.549079
v 0.431409 1.767595 0.645649
v 0.297160 1.767595 0.717406
v 0.151491 1.767595 0.761594
v -0.000000 1.767595 0.776515
v -0.151491 1.767595 0.761594
v -0.297159 1.767595 0.717406
v -0.431409 1.767595 0.645648
v -0.549079 1.767595 0.549079
v -0.645649 1.767595 0.431409
v -0.717407 1.767595 0.297159
v -0.761595 1.767595 0.151490
v -0.776515 1.767595 -0.000000
v -0.761595 1.767595 -0.151491
v -0.717407 1.767595 -0.297160
v -0.645649 1.767595 -0.431409
v -0.549079 1.767595 -0.549079
v -0.431409 1.767595 -0.645649
v -0.297159 1.767595 -0.717407
v -0.151491 1.767595 -0.761595
v 0.088392 1.702011 -0.444375
v 0.000000 1.702011 -0.453081
v 0.173387 1.702011 -0.418592
v 0.251718 1.702011 -0.376723
v 0.320376 1.702011 -0.320377
v 0.376723 1.702011 -0.251718
v 0.418592 1.702011 -0.173387
v 0.444375 1.702011 -0.088392
v 0.453081 1.702011 -0.000000
v 0.444375 1.702011 0.088391
v 0.418592 1.702011 0.173386
v 0.376723 1.702011 0.251718
v 0.320376 1.702011 0.320376
v 0.251718 1.702011 0.376723
v 0.173387 1.702011 0.418592
v 0.088392 1.702011 0.444375
v -0.000000 1.702011 0.453080
v -0.088392 1.702011 0.444375
v -0.173386 1.702011 0.418592
v -0.251718 1.702011 0.376722
v -0.320376 1.702011 0.320376
v -0.376723 1.702011 0.251718
v -0.418592 1.702011 0.173386
v -0.444375 1.702011 0.088391
v -0.453081 1.702011 -0.000000
v -0.444375 1.702011 -0.088392
v -0.418592 1.702011 -0.173387
v -0.376723 1.702011 -0.251718
v -0.320376 1.702011 -0.320377
v -0.251718 1.702011 -0.376723
v -0.173386 1.702011 -0.418592
v -0.088392 1.702011 -0.444375
v -0.158326 1.703798 -0.392264
v -0.059034 1.705384 -0.391585
v 0.042291 1.706513 -0.374609
v 0.141613 1.706786 -0.341885
v 0.234983 1.706513 -0.294793
v 0.318636 1.705384 -0.235149
v 0.389326 1.703798 -0.165419
v -0.224012 1.705616 -0.320915
v -0.118985 1.708897 -0.307698
v -0.009408 1.711224 -0.281067
v 0.100239 1.712058 -0.241999
v 0.205397 1.711224 -0.192092
v 0.301710 1.708897 -0.133440
v 0.385321 1.705616 -0.068521
v -0.282316 1.707084 -0.234200
v -0.176538 1.711683 -0.206577
v -0.063551 1.715026 -0.169806
v 0.051924 1.716245 -0.125357
v 0.165008 1.715026 -0.075134
v 0.270903 1.711683 -0.021241
v 0.365232 1.707084 0.034023
v -0.330207 1.707465 -0.136776
v -0.228247 1.712675 -0.094543
v -0.116596 1.716453 -0.048296
v 0.000000 1.717574 -0.000000
v 0.116596 1.716453 0.048295
v 0.228247 1.712675 0.094543
v 0.330207 1.707465 0.136776
v -0.365232 1.707084 -0.034024
v -0.270903 1.711683 0.021240
v -0.165008 1.715026 0.075133
v -0.051924 1.716245 0.125356
v 0.063551 1.715026 0.169806
v 0.176538 1.711683 0.206576
v 0.282316 1.707084 0.234199
v -0.385321 1.705616 0.068520
v -0.301710 1.708897 0.133440
v -0.205397 1.711224 0.192091
v -0.100239 1.712058 0.241998
v 0.009408 1.711224 0.281066
v 0.118985 1.708897 0.307698
v 0.224012 1.705616 0.320914
v -0.389325 1.703798 0.165419
v -0.318636 1.705384 0.235149
v -0.234983 1.706513 0.294792
v -0.141613 1.706786 0.341884
v -0.042291 1.706513 0.374608
v 0.059034 1.705384 0.391585
v 0.158326 1.703798 0.392263
v 0.103852 0.355536 -0.522101
v 0.203714 0.355536 -0.491809
v 0.295747 0.355536 -0.442616
v 0.376414 0.355536 -0.376414
v 0.442616 0.355536 -0.295747
v 0.491809 0.355536 -0.203714
v 0.522101 0.355536 -0.103852
v 0.532330 0.355536 -0.000000
v 0.522101 0.355536 0.103852
v 0.491809 0.355536 0.203714
v 0.442616 0.355536 0.295747
v 0.376414 0.355536 0.376414
v 0.295747 0.355536 0.442616
v 0.203714 0.355536 0.491809
v 0.103852 0.355536 0.522101
v -0.000000 0.355536 0.532330
v -0.103852 0.355536 0.522101
v -0.203714 0.355536 0.491809
v -0.295747 0.355536 0.442616
v -0.376414 0.355536 0.376414
v -0.442616 0.355536 0.295747
v -0.491809 0.355536 0.203714
v -0.522101 0.355536 0.103852
v -0.532330 0.355536 -0.000000
v -0.522101 0.355536 -0.103853
v -0.491809 0.355536 -0.203714
v -0.442616 0.355536 -0.295747
v -0.376414 0.355536 -0.376414
v -0.295747 0.355536 -0.442616
v -0.203714 0.355536 -0.491809
v -0.103852 0.355536 -0.522101
v 0.000000 0.355536 -0.532330
v 0.100673 0.382054 -0.506119
v 0.197478 0.382054 -0.476753
v 0.286693 0.382054 -0.429067
v 0.364891 0.382054 -0.364891
v 0.429067 0.382054 -0.286693
v 0.476753 0.382054 -0.197478
v 0.506119 0.382054 -0.100673
v 0.516034 0.382054 -0.000000
v 0.506119 0.382054 0.100673
v 0.476753 0.382054 0.197478
v 0.429067 0.382054 0.286693
v 0.364891 0.382054 0.364891
v 0.286693 0.382054 0.429067
v 0.197478 0.382054 0.476753
v 0.100673 0.382054 0.506119
v -0.000000 0.382054 0.516034
v -0.100673 0.382054 0.506119
v -0.197478 0.382054 0.476753
v -0.286693 0.382054 0.429067
v -0.364891 0.382054 0.364891
v -0.429067 0.382054 0.286693
v -0.476753 0.382054 0.197478
v -0.506119 0.382054 0.100673
v -0.516034 0.382054 -0.000000
v -0.506119 0.382054 -0.100673
v -0.476753 0.382054 -0.197478
v -0.429067 0.382054 -0.286693
v -0.364891 0.382054 -0.364891
v -0.286693 0.382054 -0.429067
v -0.197478 0.382054 -0.476753
v -0.100673 0.382054 -0.506119
v -0.000000 0.382054 -0.516034
v -0.000000 2.452180 -0.341457
v 0.066615 2.452180 -0.334896
v 0.130670 2.452180 -0.315465
v 0.189703 2.452180 -0.283911
v 0.241446 2.452180 -0.241447
v 0.283911 2.452180 -0.189704
v 0.315465 2.452180 -0.130670
v 0.334896 2.452180 -0.066615
v 0.341457 2.452180 -0.000000
v 0.334896 2.452180 0.066615
v 0.315465 2.452180 0.130669
v 0.283911 2.452180 0.189703
v 0.241446 2.452180 0.241446
v 0.189703 2.452180 0.283911
v 0.130670 2.452180 0.315464
v 0.066615 2.452180 0.334895
v -0.000000 2.452180 0.341456
v -0.066615 2.452180 0.334895
v -0.130670 2.452180 0.315464
v -0.189703 2.452180 0.283910
v -0.241446 2.452180 0.241446
v -0.283911 2.452180 0.189703
v -0.315469 2.451416 0.130671
v -0.334896 2.452180 0.066615
v -0.341457 2.452180 -0.000000
v -0.334896 2.452180 -0.066615
v -0.315465 2.452180 -0.130670
v -0.283911 2.452180 -0.189704
v -0.241446 2.452180 -0.241447
v -0.189703 2.452180 -0.283911
v -0.130670 2.452180 -0.315465
v -0.066615 2.452180 -0.334896
v -0.000000 1.587993 -0.234714
v 0.045790 1.587993 -0.230204
v 0.089821 1.587993 -0.216848
v 0.130400 1.587993 -0.195158
v 0.165968 1.587993 -0.165968
v 0.195157 1.587993 -0.130400
v 0.216847 1.587993 -0.089821
v 0.230204 1.587993 -0.045791
v 0.234714 1.587993 -0.000000
v 0.230204 1.587993 0.045790
v 0.216847 1.587993 0.089821
v 0.195157 1.587993 0.130400
v 0.165968 1.587993 0.165968
v 0.130400 1.587993 0.195157
v 0.089821 1.587993 0.216847
v 0.045790 1.587993 0.230204
v -0.000000 1.587993 0.234714
v -0.045790 1.587993 0.230204
v -0.089821 1.587993 0.216847
v -0.130400 1.587993 0.195157
v -0.165968 1.587993 0.165968
v -0.195157 1.587993 0.130400
v -0.216847 1.587993 0.089821
v -0.230204 1.587993 0.045790
v -0.234714 1.587993 -0.000000
v -0.230204 1.587993 -0.045791
v -0.216847 1.587993 -0.089821
v -0.195157 1.587993 -0.130400
v -0.165968 1.587993 -0.165968
v -0.130400 1.587993 -0.195158
v -0.089821 1.587993 -0.216848
v -0.045790 1.587993 -0.230204
v -0.000000 1.816117 -0.235195
v 0.045884 1.816125 -0.230676
v 0.090005 1.816138 -0.217292
v 0.130667 1.816125 -0.195558
v 0.166308 1.816117 -0.166308
v 0.195557 1.816116 -0.130667
v 0.217292 1.816140 -0.090005
v 0.230676 1.816123 -0.045885
v 0.235195 1.816128 -0.000000
v 0.230676 1.816125 0.045884
v 0.217292 1.816143 0.090005
v 0.195557 1.816125 0.130667
v 0.166308 1.816128 0.166308
v 0.130667 1.816123 0.195557
v 0.090005 1.816140 0.217291
v 0.045884 1.816116 0.230675
v -0.000000 1.816117 0.235194
v -0.045884 1.816125 0.230675
v -0.090005 1.816138 0.217291
v -0.130667 1.816125 0.195557
v -0.166308 1.816117 0.166308
v -0.195557 1.816116 0.130667
v -0.217292 1.816140 0.090005
v -0.230676 1.816123 0.045884
v -0.235195 1.816128 -0.000000
v -0.230676 1.816125 -0.045885
v -0.217292 1.816143 -0.090005
v -0.195557 1.816125 -0.130667
v -0.166308 1.816128 -0.166308
v -0.130667 1.816123 -0.195558
v -0.090005 1.816140 -0.217292
v -0.045884 1.816116 -0.230676
v -0.000000 1.834705 -0.196322
v 0.038301 1.834650 -0.192550
v 0.075129 1.834696 -0.181378
v 0.109071 1.834650 -0.163236
v 0.138821 1.834705 -0.138821
v 0.163236 1.834672 -0.109071
v 0.181378 1.834680 -0.075129
v 0.192550 1.834685 -0.038301
v 0.196322 1.834695 -0.000000
v 0.192550 1.834637 0.038300
v 0.181378 1.834680 0.075129
v 0.163236 1.834637 0.109070
v 0.138821 1.834695 0.138820
v 0.109071 1.834685 0.163236
v 0.075129 1.834680 0.181378
v 0.038301 1.834672 0.192549
v -0.000000 1.834705 0.196322
v -0.038301 1.834650 0.192549
v -0.075129 1.834696 0.181378
v -0.109071 1.834650 0.163236
v -0.138821 1.834705 0.138820
v -0.163236 1.834672 0.109070
v -0.181378 1.834680 0.075129
v -0.192550 1.834685 0.038300
v -0.196322 1.834695 -0.000000
v -0.192550 1.834637 -0.038301
v -0.181378 1.834680 -0.075130
v -0.163236 1.834637 -0.109071
v -0.138821 1.834695 -0.138821
v -0.109071 1.834685 -0.163236
v -0.075129 1.834680 -0.181378
v -0.038301 1.834672 -0.192550
v 0.000000 1.879058 -0.198269
v 0.038680 1.878959 -0.194460
v 0.075874 1.879040 -0.183177
v 0.110152 1.878959 -0.164855
v 0.140197 1.879058 -0.140198
v 0.164855 1.879001 -0.110153
v 0.183177 1.879023 -0.075875
v 0.194459 1.879023 -0.038681
v 0.198269 1.879040 -0.000000
v 0.194459 1.878934 0.038680
v 0.183177 1.879010 0.075874
v 0.164855 1.878934 0.110152
v 0.140197 1.879040 0.140197
v 0.110152 1.879023 0.164854
v 0.075874 1.879023 0.183176
v 0.038680 1.879001 0.194459
v -0.000000 1.879058 0.198269
v -0.038680 1.878959 0.194459
v -0.075874 1.879040 0.183176
v -0.110152 1.878959 0.164854
v -0.140197 1.879058 0.140197
v -0.164855 1.879001 0.110152
v -0.183177 1.879023 0.075874
v -0.194459 1.879023 0.038680
v -0.198269 1.879040 -0.000000
v -0.194459 1.878934 -0.038681
v -0.183177 1.879010 -0.075875
v -0.164855 1.878934 -0.110153
v -0.140197 1.879040 -0.140198
v -0.110152 1.879023 -0.164855
v -0.075874 1.879023 -0.183177
v -0.038680 1.879001 -0.194460
v 0.000000 1.926861 -0.139977
v 0.027308 1.926865 -0.137287
v 0.053567 1.926947 -0.129322
v 0.077767 1.926865 -0.116387
v 0.098978 1.926861 -0.098979
v 0.116386 1.927011 -0.077767
v 0.129322 1.927048 -0.053567
v 0.137287 1.926971 -0.027308
v 0.139977 1.926887 -0.000000
v 0.137287 1.926927 0.027308
v 0.129322 1.927005 0.053566
v 0.116386 1.926927 0.077767
v 0.098978 1.926887 0.098978
v 0.077767 1.926971 0.116386
v 0.053567 1.927048 0.129321
v 0.027308 1.927011 0.137287
v -0.000000 1.926861 0.139976
v -0.027308 1.926865 0.137287
v -0.053567 1.926947 0.129321
v -0.077767 1.926865 0.116386
v -0.098978 1.926861 0.098978
v -0.116386 1.927011 0.077767
v -0.129322 1.927048 0.053566
v -0.137287 1.926971 0.027308
v -0.139977 1.926887 -0.000000
v -0.137287 1.926927 -0.027308
v -0.129322 1.927005 -0.053567
v -0.116386 1.926927 -0.077767
v -0.098978 1.926887 -0.098979
v -0.077767 1.926971 -0.116387
v -0.053567 1.927048 -0.129322
v -0.027308 1.927011 -0.137287
v 0.000000 1.965557 -0.176903
v 0.034512 1.965453 -0.173504
v 0.067698 1.965583 -0.163437
v 0.098282 1.965453 -0.147090
v 0.125089 1.965557 -0.125090
v 0.147089 1.965465 -0.098282
v 0.163437 1.965342 -0.067698
v 0.173504 1.965527 -0.034512
v 0.176903 1.965555 -0.000000
v 0.173504 1.965452 0.034512
v 0.163437 1.965575 0.067697
v 0.147089 1.965452 0.098282
v 0.125089 1.965555 0.125089
v 0.098282 1.965527 0.147089
v 0.067698 1.965342 0.163437
v 0.034512 1.965465 0.173503
v -0.000000 1.965557 0.176903
v -0.034512 1.965453 0.173503
v -0.067698 1.965583 0.163437
v -0.098282 1.965453 0.147089
v -0.125089 1.965557 0.125089
v -0.147089 1.965465 0.098282
v -0.163437 1.965342 0.067698
v -0.173504 1.965527 0.034512
v -0.176903 1.965555 -0.000000
v -0.173504 1.965452 -0.034512
v -0.163437 1.965575 -0.067698
v -0.147089 1.965452 -0.098282
v -0.125089 1.965555 -0.125090
v -0.098282 1.965527 -0.147090
v -0.067698 1.965342 -0.163437
v -0.034512 1.965465 -0.173504
v 0.000000 2.028411 -0.217010
v 0.042336 2.028248 -0.212840
v 0.083046 2.028350 -0.200491
v 0.120564 2.028248 -0.180437
v 0.153449 2.028411 -0.153449
v 0.180437 2.028300 -0.120564
v 0.200491 2.028501 -0.083046
v 0.212840 2.028286 -0.042337
v 0.217010 2.028330 -0.000000
v 0.212840 2.028288 0.042336
v 0.200491 2.028420 0.083046
v 0.180437 2.028288 0.120564
v 0.153449 2.028330 0.153449
v 0.120564 2.028286 0.180437
v 0.083046 2.028501 0.200491
v 0.042336 2.028300 0.212840
v -0.000000 2.028411 0.217009
v -0.042336 2.028248 0.212840
v -0.083046 2.028350 0.200491
v -0.120564 2.028248 0.180437
v -0.153449 2.028411 0.153449
v -0.180437 2.028300 0.120564
v -0.200491 2.028501 0.083046
v -0.212840 2.028286 0.042336
v -0.217010 2.028330 -0.000000
v -0.212840 2.028288 -0.042337
v -0.200491 2.028420 -0.083046
v -0.180437 2.028288 -0.120564
v -0.153449 2.028330 -0.153449
v -0.120564 2.028286 -0.180437
v -0.083046 2.028501 -0.200491
v -0.042336 2.028300 -0.212840
v 0.000000 2.058785 -0.232870
v 0.045431 2.058838 -0.228395
v 0.089115 2.058933 -0.215144
v 0.129375 2.058838 -0.193624
v 0.164663 2.058785 -0.164664
v 0.193624 2.058768 -0.129376
v 0.215143 2.058967 -0.089116
v 0.228395 2.058818 -0.045431
v 0.232869 2.058866 -0.000000
v 0.228395 2.058847 0.045430
v 0.215143 2.058970 0.089115
v 0.193624 2.058847 0.129375
v 0.164663 2.058866 0.164663
v 0.129375 2.058818 0.193623
v 0.089115 2.058967 0.215143
v 0.045431 2.058768 0.228394
v -0.000000 2.058785 0.232869
v -0.045431 2.058838 0.228394
v -0.089115 2.058933 0.215143
v -0.129375 2.058838 0.193623
v -0.164663 2.058785 0.164663
v -0.193624 2.058768 0.129375
v -0.215143 2.058967 0.089115
v -0.228395 2.058818 0.045430
v -0.232869 2.058866 -0.000000
v -0.228395 2.058847 -0.045431
v -0.215143 2.058970 -0.089116
v -0.193624 2.058847 -0.129376
v -0.164663 2.058866 -0.164664
v -0.129375 2.058818 -0.193624
v -0.089115 2.058967 -0.215144
v -0.045431 2.058768 -0.228395
v 0.000000 2.130596 -0.216011
v 0.042142 2.130346 -0.211860
v 0.082664 2.130488 -0.199568
v 0.120009 2.130346 -0.179607
v 0.152743 2.130596 -0.152743
v 0.179606 2.130430 -0.120009
v 0.199568 2.130708 -0.082664
v 0.211860 2.130425 -0.042142
v 0.216011 2.130486 -0.000000
v 0.211860 2.130404 0.042141
v 0.199568 2.130589 0.082663
v 0.179606 2.130404 0.120009
v 0.152743 2.130486 0.152742
v 0.120009 2.130425 0.179606
v 0.082664 2.130708 0.199568
v 0.042142 2.130430 0.211860
v -0.000000 2.130596 0.216010
v -0.042142 2.130346 0.211860
v -0.082664 2.130488 0.199568
v -0.120009 2.130346 0.179606
v -0.152743 2.130596 0.152742
v -0.179606 2.130430 0.120009
v -0.199568 2.130708 0.082663
v -0.211860 2.130425 0.042141
v -0.216011 2.130486 -0.000000
v -0.211860 2.130404 -0.042142
v -0.199568 2.130589 -0.082664
v -0.179606 2.130404 -0.120009
v -0.152743 2.130486 -0.152743
v -0.120009 2.130425 -0.179607
v -0.082664 2.130708 -0.199568
v -0.042142 2.130430 -0.211860
v 0.000000 2.157637 -0.219442
v 0.042811 2.157459 -0.215226
v 0.083977 2.157607 -0.202738
v 0.121915 2.157459 -0.182460
v 0.155169 2.157637 -0.155169
v 0.182459 2.157502 -0.121916
v 0.202738 2.157805 -0.083977
v 0.215225 2.157442 -0.042811
v 0.219442 2.157536 -0.000000
v 0.215225 2.157512 0.042811
v 0.202738 2.157703 0.083976
v 0.182459 2.157512 0.121915
v 0.155169 2.157536 0.155169
v 0.121915 2.157442 0.182459
v 0.083977 2.157805 0.202738
v 0.042811 2.157502 0.215225
v -0.000000 2.157637 0.219442
v -0.042811 2.157459 0.215225
v -0.083977 2.157607 0.202738
v -0.121915 2.157459 0.182459
v -0.155169 2.157637 0.155169
v -0.182459 2.157502 0.121915
v -0.202738 2.157805 0.083977
v -0.215225 2.157442 0.042811
v -0.219442 2.157536 -0.000000
v -0.215225 2.157512 -0.042811
v -0.202738 2.157703 -0.083977
v -0.182459 2.157512 -0.121916
v -0.155169 2.157536 -0.155169
v -0.121915 2.157442 -0.182460
v -0.083977 2.157805 -0.202738
v -0.042811 2.157502 -0.215226
v -0.000000 2.179817 -0.181560
v 0.035421 2.179566 -0.178071
v 0.069480 2.179844 -0.167740
v 0.100869 2.179566 -0.150962
v 0.128382 2.179817 -0.128382
v 0.150961 2.179620 -0.100869
v 0.167739 2.179440 -0.069480
v 0.178071 2.179739 -0.035421
v 0.181560 2.179798 -0.000000
v 0.178071 2.179544 0.035420
v 0.167739 2.179806 0.069480
v 0.150961 2.179544 0.100869
v 0.128382 2.179798 0.128382
v 0.100869 2.179739 0.150961
v 0.069480 2.179440 0.167739
v 0.035421 2.179620 0.178071
v -0.000000 2.179817 0.181559
v -0.035421 2.179566 0.178071
v -0.069480 2.179844 0.167739
v -0.100869 2.179566 0.150961
v -0.128382 2.179817 0.128382
v -0.150961 2.179620 0.100869
v -0.167739 2.179440 0.069480
v -0.178071 2.179739 0.035420
v -0.181560 2.179798 -0.000000
v -0.178071 2.179544 -0.035421
v -0.167739 2.179806 -0.069480
v -0.150961 2.179544 -0.100869
v -0.128382 2.179798 -0.128382
v -0.100869 2.179739 -0.150962
v -0.069480 2.179440 -0.167740
v -0.035421 2.179620 -0.178071
v -0.000000 2.213249 -0.155758
v 0.030387 2.213182 -0.152765
v 0.059606 2.213439 -0.143901
v 0.086534 2.213182 -0.129508
v 0.110137 2.213249 -0.110137
v 0.129508 2.213187 -0.086535
v 0.143901 2.213302 -0.059606
v 0.152765 2.213260 -0.030387
v 0.155757 2.213315 -0.000000
v 0.152765 2.213281 0.030386
v 0.143901 2.213524 0.059605
v 0.129508 2.213281 0.086534
v 0.110137 2.213315 0.110137
v 0.086534 2.213260 0.129507
v 0.059606 2.213302 0.143901
v 0.030387 2.213187 0.152764
v -0.000000 2.213249 0.155757
v -0.030387 2.213182 0.152764
v -0.059606 2.213439 0.143901
v -0.086534 2.213182 0.129507
v -0.110137 2.213249 0.110137
v -0.129508 2.213187 0.086534
v -0.143901 2.213302 0.059605
v -0.152765 2.213260 0.030386
v -0.155757 2.213315 -0.000000
v -0.152765 2.213281 -0.030387
v -0.143901 2.213524 -0.059606
v -0.129508 2.213281 -0.086535
v -0.110137 2.213315 -0.110137
v -0.086534 2.213260 -0.129508
v -0.059606 2.213302 -0.143901
v -0.030387 2.213187 -0.152765
v -0.000000 2.249778 -0.131804
v 0.025714 2.249804 -0.129271
v 0.050439 2.249925 -0.121771
v 0.073226 2.249804 -0.109591
v 0.093199 2.249778 -0.093200
v 0.109591 2.250205 -0.073227
v 0.121771 2.250310 -0.050439
v 0.129271 2.250090 -0.025714
v 0.131804 2.249564 -0.000000
v 0.129271 2.249768 0.025713
v 0.121771 2.249990 0.050439
v 0.109591 2.249768 0.073226
v 0.093199 2.249564 0.093199
v 0.073226 2.250090 0.109590
v 0.050439 2.250310 0.121770
v 0.025714 2.250205 0.129271
v -0.000000 2.249778 0.131803
v -0.025714 2.249804 0.129271
v -0.050439 2.249925 0.121770
v -0.073226 2.249804 0.109590
v -0.093199 2.249778 0.093199
v -0.109591 2.250205 0.073226
v -0.121771 2.250310 0.050439
v -0.129271 2.250090 0.025713
v -0.131804 2.249564 -0.000000
v -0.129271 2.249768 -0.025714
v -0.121771 2.249990 -0.050439
v -0.109591 2.249768 -0.073226
v -0.093199 2.249564 -0.093200
v -0.073226 2.250090 -0.109591
v -0.050439 2.250310 -0.121771
v -0.025714 2.250205 -0.129271
v -0.000000 2.287226 -0.124543
v 0.024297 2.287356 -0.122150
v 0.047660 2.287480 -0.115063
v 0.069192 2.287356 -0.103554
v 0.088065 2.287226 -0.088065
v 0.103553 2.287661 -0.069192
v 0.115062 2.287769 -0.047661
v 0.122149 2.287544 -0.024297
v 0.124543 2.286999 -0.000000
v 0.122149 2.287236 0.024297
v 0.115062 2.287351 0.047660
v 0.103553 2.287236 0.069192
v 0.088065 2.286999 0.088065
v 0.069192 2.287544 0.103553
v 0.047660 2.287769 0.115062
v 0.024297 2.287661 0.122149
v -0.000000 2.287226 0.124542
v -0.024297 2.287356 0.122149
v -0.047660 2.287480 0.115062
v -0.069192 2.287356 0.103553
v -0.088065 2.287226 0.088065
v -0.103553 2.287661 0.069192
v -0.115062 2.287769 0.047660
v -0.122149 2.287544 0.024297
v -0.124543 2.286999 -0.000000
v -0.122149 2.287236 -0.024297
v -0.115062 2.287351 -0.047661
v -0.103553 2.287236 -0.069192
v -0.088065 2.286999 -0.088065
v -0.069192 2.287544 -0.103554
v -0.047660 2.287769 -0.115063
v -0.024297 2.287661 -0.122150
v -0.000000 2.322453 -0.126051
v 0.024591 2.322569 -0.123629
v 0.048237 2.322703 -0.116456
v 0.070030 2.322569 -0.104808
v 0.089131 2.322453 -0.089132
v 0.104807 2.322923 -0.070030
v 0.116456 2.323040 -0.048238
v 0.123628 2.322797 -0.024592
v 0.126051 2.322208 -0.000000
v 0.123628 2.322435 0.024591
v 0.116456 2.322559 0.048237
v 0.104807 2.322435 0.070030
v 0.089131 2.322208 0.089131
v 0.070030 2.322797 0.104807
v 0.048237 2.323040 0.116455
v 0.024591 2.322923 0.123628
v -0.000000 2.322453 0.126050
v -0.024591 2.322569 0.123628
v -0.048237 2.322703 0.116455
v -0.070030 2.322569 0.104807
v -0.089131 2.322453 0.089131
v -0.104807 2.322923 0.070030
v -0.116456 2.323040 0.048237
v -0.123629 2.322797 0.024591
v -0.126051 2.322208 -0.000000
v -0.123629 2.322435 -0.024592
v -0.116455 2.322559 -0.048238
v -0.104807 2.322435 -0.070030
v -0.089131 2.322208 -0.089132
v -0.070030 2.322797 -0.104808
v -0.048237 2.323040 -0.116456
v -0.024591 2.322923 -0.123629
v -0.000000 2.336641 -0.125702
v 0.024523 2.336765 -0.123287
v 0.048104 2.336902 -0.116134
v 0.069836 2.336765 -0.104517
v 0.088884 2.336641 -0.088885
v 0.104517 2.337122 -0.069836
v 0.116133 2.337242 -0.048104
v 0.123286 2.336993 -0.024524
v 0.125702 2.336391 -0.000000
v 0.123286 2.336629 0.024523
v 0.116133 2.336756 0.048104
v 0.104517 2.336629 0.069836
v 0.088884 2.336391 0.088884
v 0.069836 2.336993 0.104517
v 0.048104 2.337242 0.116133
v 0.024523 2.337122 0.123286
v -0.000000 2.336641 0.125701
v -0.024523 2.336765 0.123286
v -0.048104 2.336902 0.116133
v -0.069836 2.336765 0.104517
v -0.088884 2.336641 0.088884
v -0.104517 2.337122 0.069836
v -0.116133 2.337242 0.048104
v -0.123286 2.336993 0.024523
v -0.125702 2.336391 -0.000000
v -0.123286 2.336629 -0.024524
v -0.116133 2.336756 -0.048104
v -0.104517 2.336629 -0.069836
v -0.088884 2.336391 -0.088885
v -0.069836 2.336993 -0.104517
v -0.048104 2.337242 -0.116134
v -0.024523 2.337122 -0.123287
v 0.026381 2.336641 -0.132627
v 0.026454 2.322566 -0.132995
v 0.051748 2.336788 -0.124932
v 0.051892 2.322730 -0.125279
v 0.075127 2.336641 -0.112435
v 0.075335 2.322566 -0.112748
v 0.095618 2.336663 -0.095619
v 0.095884 2.322593 -0.095884
v 0.112435 2.337179 -0.075127
v 0.112747 2.323098 -0.075336
v 0.124931 2.337308 -0.051749
v 0.125278 2.323224 -0.051892
v 0.132626 2.337040 -0.026381
v 0.132995 2.322963 -0.026455
v 0.135224 2.336555 -0.000000
v 0.135600 2.322503 -0.000000
v 0.132626 2.336755 0.026381
v 0.132995 2.322694 0.026454
v 0.124931 2.337023 0.051748
v 0.125278 2.322957 0.051892
v 0.112435 2.336755 0.075126
v 0.112747 2.322694 0.075335
v 0.095618 2.336555 0.095618
v 0.095884 2.322503 0.095883
v 0.075127 2.337040 0.112435
v 0.075335 2.322963 0.112747
v 0.051748 2.337308 0.124931
v 0.051892 2.323224 0.125278
v 0.026381 2.337179 0.132626
v 0.026454 2.323098 0.132994
v -0.000000 2.336663 0.135224
v -0.000000 2.322593 0.135600
v -0.026381 2.336641 0.132626
v -0.026454 2.322566 0.132994
v -0.051748 2.336788 0.124931
v -0.051892 2.322730 0.125278
v -0.075127 2.336641 0.112435
v -0.075335 2.322566 0.112747
v -0.095618 2.336663 0.095618
v -0.095884 2.322593 0.095883
v -0.112435 2.337179 0.075126
v -0.112747 2.323098 0.075335
v -0.124931 2.337308 0.051748
v -0.125278 2.323224 0.051892
v -0.132626 2.337040 0.026381
v -0.132995 2.322963 0.026454
v -0.135224 2.336555 -0.000000
v -0.135600 2.322503 -0.000000
v -0.132626 2.336755 -0.026381
v -0.132995 2.322694 -0.026455
v -0.124931 2.337023 -0.051749
v -0.125278 2.322957 -0.051892
v -0.112435 2.336755 -0.075127
v -0.112747 2.322694 -0.075336
v -0.095618 2.336555 -0.095619
v -0.095884 2.322503 -0.095884
v -0.075127 2.337040 -0.112435
v -0.075335 2.322963 -0.112748
v -0.051748 2.337308 -0.124932
v -0.051892 2.323224 -0.125279
v -0.026381 2.337179 -0.132627
v -0.026454 2.323098 -0.132995
v -0.000000 2.322593 -0.135601
v -0.000000 2.336663 -0.135225
v -0.000000 2.360439 -0.125863
v 0.024555 2.360565 -0.123445
v 0.048166 2.360708 -0.116282
v 0.069926 2.360565 -0.104651
v 0.088998 2.360439 -0.088999
v 0.104651 2.360940 -0.069926
v 0.116282 2.361065 -0.048166
v 0.123444 2.360805 -0.024555
v 0.125863 2.360178 -0.000000
v 0.123444 2.360423 0.024554
v 0.116282 2.360555 0.048165
v 0.104651 2.360423 0.069925
v 0.088998 2.360178 0.088998
v 0.069926 2.360805 0.104651
v 0.048166 2.361065 0.116282
v 0.024555 2.360940 0.123444
v -0.000000 2.360439 0.125862
v -0.024555 2.360565 0.123444
v -0.048166 2.360708 0.116282
v -0.069926 2.360565 0.104651
v -0.088998 2.360439 0.088998
v -0.104651 2.360940 0.069925
v -0.116282 2.361065 0.048165
v -0.123444 2.360805 0.024554
v -0.125863 2.360178 -0.000000
v -0.123444 2.360423 -0.024555
v -0.116282 2.360555 -0.048166
v -0.104651 2.360423 -0.069926
v -0.088998 2.360178 -0.088999
v -0.069926 2.360805 -0.104651
v -0.048166 2.361065 -0.116282
v -0.024555 2.360940 -0.123445
v -0.000000 2.361520 -0.159693
v 0.031154 2.361389 -0.156624
v 0.061111 2.361741 -0.147537
v 0.088720 2.361389 -0.132780
v 0.112919 2.361520 -0.112920
v 0.132780 2.361272 -0.088721
v 0.147537 2.361418 -0.061112
v 0.156624 2.361516 -0.031155
v 0.159692 2.361590 -0.000000
v 0.156624 2.361496 0.031154
v 0.147536 2.361829 0.061111
v 0.132779 2.361496 0.088720
v 0.112919 2.361590 0.112919
v 0.088720 2.361516 0.132779
v 0.061112 2.361418 0.147536
v 0.031154 2.361272 0.156624
v -0.000000 2.361520 0.159692
v -0.031154 2.361389 0.156624
v -0.061111 2.361741 0.147536
v -0.088720 2.361389 0.132779
v -0.112919 2.361520 0.112919
v -0.132779 2.361272 0.088720
v -0.147536 2.361418 0.061111
v -0.156624 2.361516 0.031154
v -0.159692 2.361590 -0.000000
v -0.156624 2.361496 -0.031155
v -0.147536 2.361829 -0.061112
v -0.132779 2.361496 -0.088721
v -0.112919 2.361590 -0.112920
v -0.088720 2.361516 -0.132780
v -0.061112 2.361418 -0.147537
v -0.031154 2.361272 -0.156625
v -0.000000 2.377554 -0.159164
v 0.031051 2.377425 -0.156106
v 0.060909 2.377786 -0.147048
v 0.088427 2.377425 -0.132340
v 0.112546 2.377554 -0.112546
v 0.132340 2.377312 -0.088427
v 0.147048 2.377472 -0.060910
v 0.156105 2.377552 -0.031052
v 0.159164 2.377628 -0.000000
v 0.156105 2.377538 0.031051
v 0.147048 2.377879 0.060909
v 0.132340 2.377538 0.088426
v 0.112546 2.377628 0.112545
v 0.088427 2.377552 0.132339
v 0.060909 2.377472 0.147048
v 0.031051 2.377312 0.156105
v -0.000000 2.377554 0.159163
v -0.031051 2.377425 0.156105
v -0.060909 2.377786 0.147047
v -0.088427 2.377425 0.132340
v -0.112546 2.377554 0.112545
v -0.132340 2.377312 0.088426
v -0.147047 2.377472 0.060909
v -0.156105 2.377552 0.031051
v -0.159164 2.377628 -0.000000
v -0.156105 2.377538 -0.031052
v -0.147047 2.377879 -0.060909
v -0.132340 2.377538 -0.088427
v -0.112546 2.377628 -0.112546
v -0.088427 2.377552 -0.132340
v -0.060909 2.377472 -0.147049
v -0.031051 2.377312 -0.156106
v -0.000000 2.391171 -0.175811
v 0.034299 2.390853 -0.172434
v 0.067280 2.391261 -0.162428
v 0.097676 2.390853 -0.146183
v 0.124317 2.391171 -0.124318
v 0.146182 2.390882 -0.097676
v 0.162431 2.390480 -0.067281
v 0.172433 2.391082 -0.034299
v 0.175811 2.391169 -0.000000
v 0.172434 2.390857 0.034299
v 0.162428 2.391242 0.067279
v 0.146183 2.390857 0.097676
v 0.124317 2.391169 0.124317
v 0.097676 2.391082 0.146181
v 0.067281 2.390480 0.162430
v 0.034299 2.390882 0.172434
v -0.000000 2.391171 0.175811
v -0.034299 2.390853 0.172434
v -0.067280 2.391261 0.162428
v -0.097676 2.390853 0.146182
v -0.124317 2.391171 0.124317
v -0.146182 2.390882 0.097676
v -0.162428 2.390480 0.067280
v -0.172433 2.391082 0.034299
v -0.175811 2.391169 -0.000000
v -0.172434 2.390857 -0.034300
v -0.162428 2.391242 -0.067280
v -0.146183 2.390857 -0.097676
v -0.124317 2.391169 -0.124318
v -0.097676 2.391082 -0.146182
v -0.067281 2.390480 -0.162431
v -0.034299 2.390882 -0.172434
v -0.000000 2.408300 -0.213096
v 0.041574 2.407776 -0.209006
v 0.081549 2.408051 -0.196877
v 0.118392 2.407776 -0.177187
v 0.150681 2.408300 -0.150682
v 0.177185 2.407969 -0.118392
v 0.196874 2.408454 -0.081548
v 0.209004 2.408010 -0.041574
v 0.213097 2.408116 -0.000000
v 0.209005 2.407888 0.041573
v 0.196876 2.408218 0.081548
v 0.177186 2.407888 0.118391
v 0.150683 2.408116 0.150682
v 0.118391 2.408010 0.177184
v 0.081548 2.408454 0.196873
v 0.041573 2.407969 0.209004
v -0.000000 2.408300 0.213095
v -0.041574 2.407776 0.209005
v -0.081549 2.408051 0.196876
v -0.118392 2.407776 0.177186
v -0.150681 2.408300 0.150681
v -0.177185 2.407969 0.118391
v -0.196869 2.408454 0.081545
v -0.209004 2.408010 0.041573
v -0.213097 2.408116 -0.000000
v -0.209005 2.407888 -0.041574
v -0.196875 2.408218 -0.081549
v -0.177186 2.407888 -0.118392
v -0.150683 2.408116 -0.150683
v -0.118391 2.408010 -0.177185
v -0.081548 2.408454 -0.196874
v -0.041573 2.407969 -0.209004
v -0.000000 2.427291 -0.266360
v 0.051964 2.427427 -0.261240
v 0.101930 2.427547 -0.246080
v 0.147980 2.427427 -0.221468
v 0.188345 2.427291 -0.188345
v 0.221465 2.427618 -0.147979
v 0.246079 2.427582 -0.101930
v 0.261235 2.427657 -0.051963
v 0.266359 2.427309 -0.000000
v 0.261242 2.427259 0.051964
v 0.246082 2.427408 0.101930
v 0.221470 2.427259 0.147981
v 0.188344 2.427309 0.188344
v 0.147978 2.427657 0.221464
v 0.101929 2.427582 0.246079
v 0.051963 2.427618 0.261236
v -0.000000 2.427291 0.266359
v -0.051964 2.427427 0.261239
v -0.101930 2.427547 0.246080
v -0.147980 2.427427 0.221467
v -0.188345 2.427291 0.188344
v -0.221465 2.427618 0.147978
v -0.246069 2.427582 0.101925
v -0.261235 2.427657 0.051963
v -0.266359 2.427309 -0.000000
v -0.261242 2.427259 -0.051965
v -0.246082 2.427408 -0.101931
v -0.221470 2.427259 -0.147982
v -0.188344 2.427309 -0.188345
v -0.147978 2.427657 -0.221465
v -0.101929 2.427582 -0.246080
v -0.051963 2.427618 -0.261236
v 0.000000 2.490662 -0.435821
v 0.085024 2.490662 -0.427447
v 0.166781 2.490662 -0.402646
v 0.242129 2.490662 -0.362372
v 0.308172 2.490662 -0.308172
v 0.362371 2.490662 -0.242129
v 0.402646 2.490662 -0.166782
v 0.427446 2.490662 -0.085025
v 0.435821 2.490662 -0.000000
v 0.427446 2.490662 0.085024
v 0.402646 2.490662 0.166781
v 0.362371 2.490662 0.242129
v 0.308172 2.490662 0.308171
v 0.242129 2.490662 0.362371
v 0.166781 2.490662 0.402645
v 0.085024 2.490662 0.427446
v -0.000000 2.490662 0.435820
v -0.085024 2.490662 0.427446
v -0.166781 2.490662 0.402645
v -0.242129 2.490662 0.362371
v -0.308172 2.490662 0.308171
v -0.362371 2.490662 0.242129
v -0.402678 2.489146 0.166794
v -0.427446 2.490662 0.085024
v -0.435821 2.490662 -0.000000
v -0.427446 2.490662 -0.085025
v -0.402646 2.490662 -0.166782
v -0.362372 2.490662 -0.242129
v -0.308172 2.490662 -0.308172
v -0.242129 2.490662 -0.362372
v -0.166781 2.490662 -0.402646
v -0.085024 2.490662 -0.427447
v 0.000000 2.527114 -0.495828
v 0.096731 2.527114 -0.486301
v 0.189745 2.527114 -0.458085
v 0.275467 2.527114 -0.412266
v 0.350603 2.527114 -0.350603
v 0.412266 2.527114 -0.275467
v 0.458085 2.527114 -0.189745
v 0.486300 2.527114 -0.096732
v 0.495828 2.527114 -0.000000
v 0.486300 2.527114 0.096731
v 0.458085 2.527114 0.189745
v 0.412266 2.527114 0.275467
v 0.350603 2.527114 0.350603
v 0.275467 2.527114 0.412265
v 0.189745 2.527114 0.458085
v 0.096731 2.527114 0.486300
v -0.000000 2.527114 0.495827
v -0.096731 2.527114 0.486300
v -0.189745 2.527114 0.458085
v -0.275467 2.527114 0.412265
v -0.350603 2.527114 0.350603
v -0.412266 2.527114 0.275467
v -0.458095 2.525652 0.189749
v -0.486300 2.527114 0.096731
v -0.495828 2.527114 -0.000000
v -0.486300 2.527114 -0.096732
v -0.458085 2.527114 -0.189745
v -0.412266 2.527114 -0.275467
v -0.350603 2.527114 -0.350603
v -0.275467 2.527114 -0.412266
v -0.189745 2.527114 -0.458085
v -0.096731 2.527114 -0.486301
v 0.000000 2.567647 -0.541412
v 0.105624 2.567647 -0.531009
v 0.207189 2.567647 -0.500199
v 0.300792 2.567647 -0.450167
v 0.382835 2.567647 -0.382836
v 0.450167 2.567647 -0.300792
v 0.500199 2.567647 -0.207189
v 0.531008 2.567647 -0.105624
v 0.541411 2.567647 -0.000000
v 0.531008 2.567647 0.105624
v 0.500199 2.567647 0.207189
v 0.450167 2.567647 0.300791
v 0.382835 2.567647 0.382835
v 0.300792 2.567647 0.450166
v 0.207189 2.567647 0.500198
v 0.105624 2.567647 0.531008
v -0.000000 2.567647 0.541411
v -0.105624 2.567647 0.531008
v -0.207189 2.567647 0.500198
v -0.300792 2.567647 0.450166
v -0.382835 2.567647 0.382835
v -0.450167 2.567647 0.300792
v -0.500215 2.566296 0.207196
v -0.531008 2.567647 0.105624
v -0.541411 2.567647 -0.000000
v -0.531008 2.567647 -0.105625
v -0.500199 2.567647 -0.207190
v -0.450167 2.567647 -0.300792
v -0.382835 2.567647 -0.382836
v -0.300792 2.567647 -0.450167
v -0.207189 2.567647 -0.500199
v -0.105624 2.567647 -0.531008
v 0.000000 2.593299 -0.576942
v 0.112556 2.593299 -0.565856
v 0.220786 2.593299 -0.533024
v 0.320531 2.593299 -0.479709
v 0.407959 2.593299 -0.407959
v 0.479709 2.593299 -0.320532
v 0.533024 2.593299 -0.220786
v 0.565855 2.593299 -0.112556
v 0.576941 2.593299 -0.000000
v 0.565855 2.593299 0.112555
v 0.533024 2.593299 0.220785
v 0.479709 2.593299 0.320531
v 0.407959 2.593299 0.407959
v 0.320531 2.593299 0.479709
v 0.220786 2.593299 0.533024
v 0.112556 2.593299 0.565855
v -0.000000 2.593299 0.576941
v -0.112556 2.593299 0.565855
v -0.220786 2.593299 0.533024
v -0.320531 2.593299 0.479709
v -0.407959 2.593299 0.407959
v -0.479709 2.593299 0.320531
v -0.533041 2.592059 0.220793
v -0.565855 2.593299 0.112555
v -0.576941 2.593299 -0.000000
v -0.565855 2.593299 -0.112556
v -0.533024 2.593299 -0.220786
v -0.479709 2.593299 -0.320532
v -0.407959 2.593299 -0.407959
v -0.320531 2.593299 -0.479709
v -0.220786 2.593299 -0.533024
v -0.112556 2.593299 -0.565856
v 0.000000 2.619728 -0.633311
v 0.123553 2.619728 -0.621142
v 0.242358 2.619728 -0.585103
v 0.351849 2.619728 -0.526579
v 0.447818 2.619728 -0.447819
v 0.526579 2.619728 -0.351849
v 0.585103 2.619728 -0.242358
v 0.621142 2.619728 -0.123553
v 0.633311 2.619728 -0.000000
v 0.621142 2.619728 0.123552
v 0.585103 2.619728 0.242357
v 0.526579 2.619728 0.351848
v 0.447818 2.619728 0.447818
v 0.351849 2.619728 0.526578
v 0.242358 2.619728 0.585103
v 0.123553 2.619728 0.621142
v -0.000000 2.619728 0.633310
v -0.123553 2.619728 0.621142
v -0.242358 2.619728 0.585103
v -0.351849 2.619728 0.526578
v -0.447818 2.619728 0.447818
v -0.526579 2.619728 0.351848
v -0.585087 2.618740 0.242351
v -0.621142 2.619728 0.123552
v -0.633311 2.619728 -0.000000
v -0.621142 2.619728 -0.123553
v -0.585103 2.619728 -0.242358
v -0.526579 2.619728 -0.351849
v -0.447818 2.619728 -0.447819
v -0.351849 2.619728 -0.526579
v -0.242358 2.619728 -0.585104
v -0.123553 2.619728 -0.621143
v 0.000000 2.628312 -0.681063
v 0.132869 2.628312 -0.667977
v 0.260632 2.628312 -0.629220
v 0.378378 2.628312 -0.566284
v 0.481584 2.628312 -0.481584
v 0.566283 2.628312 -0.378379
v 0.629220 2.628312 -0.260632
v 0.667976 2.628312 -0.132869
v 0.681063 2.628312 -0.000000
v 0.667976 2.628312 0.132868
v 0.629220 2.628312 0.260631
v 0.566283 2.628312 0.378378
v 0.481584 2.628312 0.481584
v 0.378378 2.628312 0.566283
v 0.260632 2.628312 0.629220
v 0.132869 2.628312 0.667976
v -0.000000 2.628312 0.681062
v -0.132869 2.628312 0.667976
v -0.260632 2.628312 0.629220
v -0.378378 2.628312 0.566283
v -0.481584 2.628312 0.481584
v -0.566283 2.628312 0.378378
v -0.629200 2.627598 0.260623
v -0.667976 2.628312 0.132868
v -0.681063 2.628312 -0.000000
v -0.667976 2.628312 -0.132869
v -0.629220 2.628312 -0.260632
v -0.566283 2.628312 -0.378379
v -0.481584 2.628312 -0.481584
v -0.378378 2.628312 -0.566284
v -0.260632 2.628312 -0.629220
v -0.132869 2.628312 -0.667977
v 0.134957 2.638622 -0.678476
v 0.000000 2.638622 -0.691768
v 0.264728 2.638622 -0.639110
v 0.384325 2.638622 -0.575184
v 0.489153 2.638622 -0.489154
v 0.575184 2.638622 -0.384326
v 0.639110 2.638622 -0.264728
v 0.678475 2.638622 -0.134958
v 0.691767 2.638622 -0.000000
v 0.678475 2.638622 0.134957
v 0.639110 2.638622 0.264727
v 0.575184 2.638622 0.384325
v 0.489153 2.638622 0.489153
v 0.384325 2.638622 0.575183
v 0.264728 2.638622 0.639109
v 0.134957 2.638622 0.678475
v -0.000000 2.638622 0.691767
v -0.134957 2.638622 0.678475
v -0.264728 2.638622 0.639109
v -0.384325 2.638622 0.575183
v -0.489153 2.638622 0.489153
v -0.575183 2.638622 0.384325
v -0.639094 2.637993 0.264721
v -0.678475 2.638622 0.134957
v -0.691767 2.638622 -0.000000
v -0.678475 2.638622 -0.134958
v -0.639110 2.638622 -0.264728
v -0.575184 2.638622 -0.384326
v -0.489153 2.638622 -0.489154
v -0.384325 2.638622 -0.575184
v -0.264728 2.638622 -0.639110
v -0.134957 2.638622 -0.678476
v 0.134913 2.647166 -0.678254
v 0.000000 2.647166 -0.691542
v 0.264642 2.647166 -0.638902
v 0.384200 2.647166 -0.574996
v 0.488994 2.647166 -0.488994
v 0.574996 2.647166 -0.384200
v 0.638901 2.647166 -0.264642
v 0.678254 2.647166 -0.134914
v 0.691542 2.647166 -0.000000
v 0.678254 2.647166 0.134913
v 0.638901 2.647166 0.264641
v 0.574996 2.647166 0.384200
v 0.488994 2.647166 0.488993
v 0.384200 2.647166 0.574996
v 0.264642 2.647166 0.638901
v 0.134913 2.647166 0.678254
v -0.000000 2.647166 0.691541
v -0.134913 2.647166 0.678254
v -0.264642 2.647166 0.638901
v -0.384200 2.647166 0.574996
v -0.488994 2.647166 0.488993
v -0.574996 2.647166 0.384200
v -0.638885 2.646560 0.264635
v -0.678254 2.647166 0.134913
v -0.691542 2.647166 -0.000000
v -0.678254 2.647166 -0.134914
v -0.638901 2.647166 -0.264642
v -0.574996 2.647166 -0.384200
v -0.488994 2.647166 -0.488994
v -0.384200 2.647166 -0.574996
v -0.264642 2.647166 -0.638902
v -0.134913 2.647166 -0.678254
v 0.132052 2.658320 -0.663871
v 0.000000 2.658320 -0.676877
v 0.259030 2.658320 -0.625353
v 0.376053 2.658320 -0.562803
v 0.478624 2.658320 -0.478624
v 0.562802 2.658320 -0.376053
v 0.625353 2.658320 -0.259030
v 0.663871 2.658320 -0.132053
v 0.676877 2.658320 -0.000000
v 0.663871 2.658320 0.132052
v 0.625353 2.658320 0.259029
v 0.562802 2.658320 0.376052
v 0.478624 2.658320 0.478624
v 0.376053 2.658320 0.562802
v 0.259030 2.658320 0.625352
v 0.132052 2.658320 0.663870
v -0.000000 2.658320 0.676876
v -0.132052 2.658320 0.663870
v -0.259030 2.658320 0.625352
v -0.376053 2.658320 0.562802
v -0.478624 2.658320 0.478624
v -0.562802 2.658320 0.376052
v -0.625318 2.657676 0.259015
v -0.663871 2.658320 0.132052
v -0.676877 2.658320 -0.000000
v -0.663871 2.658320 -0.132053
v -0.625353 2.658320 -0.259030
v -0.562802 2.658320 -0.376053
v -0.478624 2.658320 -0.478624
v -0.376053 2.658320 -0.562803
v -0.259030 2.658320 -0.625353
v -0.132052 2.658320 -0.663871
v 0.128720 2.659992 -0.647120
v 0.000000 2.659992 -0.659798
v 0.252493 2.659992 -0.609573
v 0.366564 2.659992 -0.548602
v 0.466547 2.659992 -0.466547
v 0.548601 2.659992 -0.366564
v 0.609573 2.659992 -0.252494
v 0.647119 2.659992 -0.128720
v 0.659797 2.659992 -0.000000
v 0.647119 2.659992 0.128720
v 0.609573 2.659992 0.252493
v 0.548601 2.659992 0.366563
v 0.466547 2.659992 0.466546
v 0.366564 2.659992 0.548601
v 0.252493 2.659992 0.609573
v 0.128720 2.659992 0.647119
v -0.000000 2.659992 0.659797
v -0.128720 2.659992 0.647119
v -0.252493 2.659992 0.609573
v -0.366564 2.659992 0.548601
v -0.466547 2.659992 0.466547
v -0.548601 2.659992 0.366563
v -0.609519 2.659269 0.252471
v -0.647119 2.659992 0.128720
v -0.659797 2.659992 -0.000000
v -0.647119 2.659992 -0.128720
v -0.609573 2.659992 -0.252494
v -0.548601 2.659992 -0.366564
v -0.466547 2.659992 -0.466547
v -0.366564 2.659992 -0.548602
v -0.252493 2.659992 -0.609573
v -0.128720 2.659992 -0.647120
v 0.124172 2.642271 -0.624254
v 0.000000 2.642271 -0.636484
v 0.243572 2.642271 -0.588034
v 0.353611 2.642271 -0.529217
v 0.450062 2.642271 -0.450062
v 0.529217 2.642271 -0.353612
v 0.588034 2.642271 -0.243572
v 0.624253 2.642271 -0.124172
v 0.636483 2.642271 -0.000000
v 0.624253 2.642271 0.124171
v 0.588034 2.642271 0.243571
v 0.529217 2.642271 0.353611
v 0.450062 2.642271 0.450061
v 0.353611 2.642271 0.529216
v 0.243572 2.642271 0.588033
v 0.124172 2.642271 0.624253
v -0.000000 2.642271 0.636483
v -0.124172 2.642271 0.624253
v -0.243572 2.642271 0.588033
v -0.353611 2.642271 0.529216
v -0.450062 2.642271 0.450061
v -0.529217 2.642271 0.353611
v -0.587986 2.641372 0.243552
v -0.624253 2.642271 0.124171
v -0.636483 2.642271 -0.000000
v -0.624253 2.642271 -0.124172
v -0.588034 2.642271 -0.243572
v -0.529217 2.642271 -0.353612
v -0.450062 2.642271 -0.450062
v -0.353611 2.642271 -0.529217
v -0.243572 2.642271 -0.588034
v -0.124172 2.642271 -0.624254
v 0.119116 2.621384 -0.598838
v 0.000000 2.621384 -0.610570
v 0.233655 2.621384 -0.564093
v 0.339215 2.621384 -0.507671
v 0.431738 2.621384 -0.431739
v 0.507670 2.621384 -0.339215
v 0.564093 2.621384 -0.233655
v 0.598838 2.621384 -0.119117
v 0.610570 2.621384 -0.000000
v 0.598838 2.621384 0.119116
v 0.564093 2.621384 0.233655
v 0.507670 2.621384 0.339214
v 0.431738 2.621384 0.431738
v 0.339215 2.621384 0.507670
v 0.233655 2.621384 0.564093
v 0.119116 2.621384 0.598838
v -0.000000 2.621384 0.610570
v -0.119116 2.621384 0.598838
v -0.233655 2.621384 0.564093
v -0.339215 2.621384 0.507670
v -0.431738 2.621384 0.431738
v -0.507670 2.621384 0.339214
v -0.564080 2.620311 0.233649
v -0.598838 2.621384 0.119116
v -0.610570 2.621384 -0.000000
v -0.598838 2.621384 -0.119117
v -0.564093 2.621384 -0.233656
v -0.507670 2.621384 -0.339215
v -0.431738 2.621384 -0.431739
v -0.339215 2.621384 -0.507671
v -0.233655 2.621384 -0.564093
v -0.119116 2.621384 -0.598838
v 0.111136 2.593626 -0.558717
v 0.000000 2.593626 -0.569663
v 0.218001 2.593626 -0.526300
v 0.316488 2.593626 -0.473658
v 0.402812 2.593626 -0.402813
v 0.473657 2.593626 -0.316488
v 0.526300 2.593626 -0.218001
v 0.558717 2.593626 -0.111136
v 0.569663 2.593626 -0.000000
v 0.558717 2.593626 0.111135
v 0.526300 2.593626 0.218000
v 0.473657 2.593626 0.316487
v 0.402812 2.593626 0.402812
v 0.316488 2.593626 0.473657
v 0.218001 2.593626 0.526299
v 0.111136 2.593626 0.558716
v -0.000000 2.593626 0.569662
v -0.111136 2.593626 0.558716
v -0.218000 2.593626 0.526299
v -0.316488 2.593626 0.473657
v -0.402812 2.593626 0.402812
v -0.473657 2.593626 0.316487
v -0.526317 2.592374 0.218007
v -0.558717 2.593626 0.111135
v -0.569663 2.593626 -0.000000
v -0.558717 2.593626 -0.111136
v -0.526300 2.593626 -0.218001
v -0.473657 2.593626 -0.316488
v -0.402812 2.593626 -0.402813
v -0.316488 2.593626 -0.473658
v -0.218000 2.593626 -0.526300
v -0.111136 2.593626 -0.558717
v 0.092101 2.532198 -0.463021
v 0.000000 2.532198 -0.472092
v 0.180662 2.532198 -0.436157
v 0.262280 2.532198 -0.392531
v 0.333819 2.532198 -0.333820
v 0.392530 2.532198 -0.262281
v 0.436156 2.532198 -0.180662
v 0.463021 2.532198 -0.092101
v 0.472092 2.532198 -0.000000
v 0.463021 2.532198 0.092100
v 0.436156 2.532198 0.180661
v 0.392530 2.532198 0.262280
v 0.333819 2.532198 0.333819
v 0.262280 2.532198 0.392530
v 0.180662 2.532198 0.436156
v 0.092101 2.532198 0.463020
v -0.000000 2.532198 0.472092
v -0.092101 2.532198 0.463020
v -0.180662 2.532198 0.436156
v -0.262280 2.532198 0.392530
v -0.333819 2.532198 0.333819
v -0.392530 2.532198 0.262280
v -0.436168 2.530735 0.180667
v -0.463021 2.532198 0.092100
v -0.472092 2.532198 -0.000000
v -0.463021 2.532198 -0.092101
v -0.436156 2.532198 -0.180662
v -0.392530 2.532198 -0.262281
v -0.333820 2.532198 -0.333820
v -0.262280 2.532198 -0.392531
v -0.180662 2.532198 -0.436157
v -0.092101 2.532198 -0.463021
v 0.058357 2.453059 -0.293381
v 0.000000 2.453059 -0.299129
v 0.114472 2.453059 -0.276359
v 0.166187 2.453059 -0.248717
v 0.211516 2.453059 -0.211516
v 0.248716 2.453059 -0.166187
v 0.276359 2.453059 -0.114472
v 0.293381 2.453059 -0.058357
v 0.299129 2.453059 -0.000000
v 0.293381 2.453059 0.058357
v 0.276359 2.453059 0.114471
v 0.248716 2.453059 0.166187
v 0.211516 2.453059 0.211515
v 0.166187 2.453059 0.248716
v 0.114472 2.453059 0.276358
v 0.058357 2.453059 0.293381
v -0.000000 2.453059 0.299128
v -0.058357 2.453059 0.293381
v -0.114472 2.453059 0.276358
v -0.166187 2.453059 0.248716
v -0.211516 2.453059 0.211516
v -0.248716 2.453059 0.166187
v -0.276349 2.452914 0.114467
v -0.293381 2.453059 0.058357
v -0.299129 2.453059 -0.000000
v -0.293381 2.453059 -0.058358
v -0.276359 2.453059 -0.114472
v -0.248716 2.453059 -0.166187
v -0.211516 2.453059 -0.211516
v -0.166187 2.453059 -0.248717
v -0.114472 2.453059 -0.276359
v -0.058357 2.453059 -0.293381
v -0.105144 2.453059 -0.260502
v -0.039396 2.453059 -0.261319
v 0.028312 2.453059 -0.250780
v 0.094903 2.453059 -0.229118
v 0.157308 2.453059 -0.197348
v 0.212637 2.453059 -0.156923
v 0.258551 2.453059 -0.109855
v -0.149607 2.453059 -0.214325
v -0.080190 2.453059 -0.207374
v -0.006374 2.453059 -0.190411
v 0.068011 2.453059 -0.164193
v 0.139148 2.453059 -0.130134
v 0.203338 2.453059 -0.089933
v 0.257338 2.453059 -0.045762
v -0.189294 2.453059 -0.157032
v -0.119687 2.453059 -0.140053
v -0.043232 2.453059 -0.115515
v 0.035287 2.453059 -0.085191
v 0.112251 2.453059 -0.051112
v 0.183663 2.453059 -0.014401
v 0.244889 2.453059 0.022813
v -0.221712 2.453059 -0.091837
v -0.155009 2.453059 -0.064207
v -0.079211 2.453059 -0.032811
v 0.000000 2.453059 -0.000000
v 0.079211 2.453059 0.032810
v 0.155009 2.453059 0.064206
v 0.221712 2.453059 0.091836
v -0.244889 2.453059 -0.022813
v -0.183663 2.453059 0.014400
v -0.112250 2.453059 0.051111
v -0.035287 2.453059 0.085190
v 0.043232 2.453059 0.115514
v 0.119687 2.453059 0.140052
v 0.189294 2.453059 0.157031
v -0.257338 2.453059 0.045761
v -0.203333 2.453059 0.089930
v -0.139148 2.453059 0.130134
v -0.068011 2.453059 0.164193
v 0.006374 2.453059 0.190410
v 0.080190 2.453059 0.207373
v 0.149607 2.453059 0.214324
v -0.258540 2.453059 0.109850
v -0.212637 2.453059 0.156923
v -0.157308 2.453059 0.197347
v -0.094903 2.453059 0.229117
v -0.028312 2.453059 0.250779
v 0.039396 2.453059 0.261318
v 0.105144 2.453059 0.260502
v 0.041634 2.120324 -0.209309
v 0.081668 2.120443 -0.197165
v 0.118564 2.120324 -0.177444
v 0.150903 2.120423 -0.150903
v 0.177443 2.120332 -0.118564
v 0.197164 2.120570 -0.081668
v 0.209309 2.120354 -0.041634
v 0.213409 2.120409 -0.000000
v 0.209309 2.120358 0.041634
v 0.197164 2.120512 0.081668
v 0.177443 2.120358 0.118563
v 0.150903 2.120409 0.150903
v 0.118564 2.120354 0.177443
v 0.081668 2.120570 0.197164
v 0.041634 2.120332 0.209308
v -0.000000 2.120423 0.213409
v -0.041634 2.120324 0.209308
v -0.081668 2.120443 0.197164
v -0.118564 2.120324 0.177443
v -0.150903 2.120423 0.150903
v -0.177443 2.120332 0.118563
v -0.197164 2.120570 0.081668
v -0.209309 2.120354 0.041634
v -0.213409 2.120409 -0.000000
v -0.209309 2.120358 -0.041634
v -0.197164 2.120512 -0.081668
v -0.177443 2.120358 -0.118564
v -0.150903 2.120409 -0.150903
v -0.118564 2.120354 -0.177444
v -0.081668 2.120570 -0.197165
v -0.041634 2.120332 -0.209309
v 0.000000 2.120423 -0.213409
v 0.000000 -0.039556 -2.414704
v 0.471085 -0.039556 -2.368306
v 0.924067 -0.039556 -2.230895
v 1.341537 -0.039556 -2.007753
v 1.707453 -0.039556 -1.707453
v -0.000000 0.184725 -2.408600
v 0.469895 0.184725 -2.362320
v 0.921731 0.184725 -2.225257
v 1.338147 0.184725 -2.002678
v 1.703138 0.184725 -1.703138
v -0.000000 0.397124 -2.337247
v 0.455974 0.397124 -2.292338
v 0.894426 0.397124 -2.159335
v 1.298505 0.397124 -1.943350
v 1.652683 0.397124 -1.652683
v 0.459846 0.048999 -2.311799
v 0.902019 0.048999 -2.177667
v 1.309529 0.048999 -1.959849
v 1.666714 0.048999 -1.666714
v -0.000000 0.048999 -2.357090
v 0.471085 0.004722 -2.368306
v 0.924067 0.004722 -2.230895
v 1.341537 0.004722 -2.007753
v 1.707453 0.004722 -1.707453
v 0.000000 0.004722 -2.414704
v -0.000000 0.495103 -2.211706
v 0.431482 0.495103 -2.169209
v 0.846383 0.495103 -2.043350
v 1.228758 0.495103 -1.838967
v 1.563912 0.495103 -1.563912
v -0.000000 0.008077 -2.211706
v 0.431482 0.008077 -2.169209
v 0.846383 0.008077 -2.043350
v 1.228758 0.008077 -1.838966
v 1.563912 0.008077 -1.563912
v 0.000000 0.473737 -2.385832
v -0.000000 0.495103 -2.365046
v 0.461398 0.495103 -2.319602
v 0.465453 0.473737 -2.339989
v 0.905064 0.495103 -2.185018
v 0.913019 0.473737 -2.204221
v 1.313949 0.495103 -1.966464
v 1.325497 0.473737 -1.983747
v 1.672340 0.495103 -1.672340
v 1.687038 0.473737 -1.687038
v 0.470743 0.107331 -2.366584
v 0.467823 0.081014 -2.351903
v 0.923395 0.107331 -2.229273
v 0.917667 0.081014 -2.215444
v 1.340562 0.107331 -2.006293
v 1.332246 0.081014 -1.993847
v 1.706212 0.107331 -1.706212
v 1.695627 0.081014 -1.695627
v -0.000000 0.081014 -2.397979
v -0.000000 0.107331 -2.412947
v 0.466348 0.247455 -2.344491
v 0.914775 0.247455 -2.208462
v 1.328047 0.247455 -1.987563
v 1.690284 0.247455 -1.690284
v 0.000000 0.247455 -2.390422
v 1.707453 -0.039556 -1.707453
v 2.007753 -0.039556 -1.341537
v 2.230895 -0.039556 -0.924067
v 2.368306 -0.039556 -0.471085
v 2.414704 -0.039555 0.000000
v 1.703138 0.184725 -1.703138
v 2.002678 0.184726 -1.338147
v 2.225257 0.184726 -0.921731
v 2.362320 0.184726 -0.469895
v 2.408600 0.184726 0.000000
v 1.652683 0.397124 -1.652683
v 1.943350 0.397124 -1.298505
v 2.159335 0.397124 -0.894426
v 2.292338 0.397125 -0.455974
v 2.337247 0.397125 0.000000
v 1.666714 0.048999 -1.666714
v 1.959849 0.048999 -1.309529
v 2.177667 0.049000 -0.902019
v 2.311799 0.049000 -0.459846
v 2.357090 0.049000 0.000000
v 1.707453 0.004722 -1.707453
v 2.007753 0.004722 -1.341537
v 2.230895 0.004722 -0.924067
v 2.368306 0.004722 -0.471085
v 2.414704 0.004722 0.000000
v 1.563912 0.495103 -1.563912
v 1.838966 0.495103 -1.228758
v 2.043350 0.495103 -0.846383
v 2.169209 0.495103 -0.431483
v 2.211706 0.495103 0.000000
v 1.563912 0.008077 -1.563912
v 1.838966 0.008077 -1.228758
v 2.043350 0.008077 -0.846383
v 2.169209 0.008077 -0.431482
v 2.211706 0.008077 0.000000
v 1.672340 0.495103 -1.672340
v 1.687038 0.473737 -1.687038
v 1.966464 0.495103 -1.313949
v 1.983747 0.473737 -1.325498
v 2.185018 0.495103 -0.905064
v 2.204221 0.473737 -0.913019
v 2.319602 0.495103 -0.461398
v 2.339989 0.473737 -0.465453
v 2.365046 0.495103 0.000000
v 2.385832 0.473737 0.000000
v 1.706212 0.107331 -1.706212
v 1.695627 0.081014 -1.695627
v 2.006293 0.107331 -1.340562
v 1.993847 0.081014 -1.332246
v 2.229273 0.107331 -0.923395
v 2.215444 0.081014 -0.917667
v 2.366584 0.107331 -0.470743
v 2.351903 0.081014 -0.467823
v 2.412947 0.107331 0.000000
v 2.397979 0.081015 0.000000
v 1.690284 0.247455 -1.690284
v 1.987563 0.247455 -1.328047
v 2.208462 0.247455 -0.914775
v 2.344491 0.247455 -0.466348
v 2.390422 0.247455 0.000000
v 2.414704 -0.039555 0.000000
v 2.368306 -0.039555 0.471085
v 2.230895 -0.039555 0.924067
v 2.007753 -0.039555 1.341537
v 1.707453 -0.039555 1.707453
v 2.408600 0.184726 0.000000
v 2.362320 0.184726 0.469895
v 2.225257 0.184726 0.921731
v 2.002678 0.184726 1.338147
v 1.703138 0.184726 1.703138
v 2.337247 0.397125 0.000000
v 2.292338 0.397125 0.455974
v 2.159335 0.397125 0.894426
v 1.943350 0.397125 1.298505
v 1.652683 0.397125 1.652683
v 2.357090 0.049000 0.000000
v 2.311799 0.049000 0.459846
v 2.177667 0.049000 0.902019
v 1.959849 0.049000 1.309529
v 1.666714 0.049000 1.666714
v 2.414704 0.004722 0.000000
v 2.368306 0.004722 0.471085
v 2.230895 0.004722 0.924067
v 2.007753 0.004722 1.341537
v 1.707453 0.004722 1.707453
v 2.211706 0.495103 0.000000
v 2.169209 0.495103 0.431482
v 2.043350 0.495103 0.846383
v 1.838966 0.495103 1.228758
v 1.563912 0.495103 1.563912
v 2.211706 0.008077 0.000000
v 2.169209 0.008077 0.431482
v 2.043350 0.008077 0.846383
v 1.838966 0.008077 1.228758
v 1.563912 0.008077 1.563912
v 2.365046 0.495103 0.000000
v 2.385832 0.473737 0.000000
v 2.319602 0.495103 0.461398
v 2.339989 0.473737 0.465453
v 2.185018 0.495103 0.905064
v 2.204221 0.473737 0.913018
v 1.966464 0.495103 1.313949
v 1.983747 0.473737 1.325497
v 1.672340 0.495103 1.672340
v 1.687038 0.473737 1.687038
v 2.412947 0.107331 0.000000
v 2.397979 0.081015 0.000000
v 2.366584 0.107332 0.470743
v 2.351903 0.081015 0.467823
v 2.229273 0.107332 0.923395
v 2.215444 0.081015 0.917667
v 2.006293 0.107332 1.340562
v 1.993847 0.081015 1.332246
v 1.706212 0.107332 1.706212
v 1.695627 0.081015 1.695627
v 2.390422 0.247455 0.000000
v 2.344491 0.247455 0.466348
v 2.208462 0.247455 0.914775
v 1.987563 0.247455 1.328047
v 1.690284 0.247455 1.690284
v 1.707453 -0.039555 1.707453
v 1.341537 -0.039555 2.007753
v 0.924067 -0.039555 2.230895
v 0.471085 -0.039555 2.368306
v -0.000000 -0.039555 2.414704
v 1.703138 0.184726 1.703138
v 1.338147 0.184726 2.002678
v 0.921732 0.184726 2.225257
v 0.469895 0.184726 2.362320
v -0.000000 0.184726 2.408600
v 1.652683 0.397125 1.652683
v 1.298505 0.397125 1.943350
v 0.894426 0.397125 2.159335
v 0.455974 0.397125 2.292338
v -0.000000 0.397125 2.337247
v 1.666714 0.049000 1.666714
v 1.309529 0.049000 1.959849
v 0.902020 0.049000 2.177667
v 0.459845 0.049000 2.311800
v -0.000000 0.049000 2.357090
v 1.707453 0.004722 1.707453
v 1.341537 0.004722 2.007753
v 0.924067 0.004722 2.230895
v 0.471085 0.004722 2.368306
v -0.000000 0.004722 2.414704
v 1.563912 0.495103 1.563912
v 1.228758 0.495103 1.838966
v 0.846383 0.495103 2.043350
v 0.431482 0.495103 2.169209
v -0.000000 0.495103 2.211706
v 1.563912 0.008077 1.563912
v 1.228758 0.008077 1.838966
v 0.846383 0.008077 2.043350
v 0.431482 0.008077 2.169209
v -0.000000 0.008077 2.211706
v 1.672340 0.495103 1.672340
v 1.687038 0.473737 1.687038
v 1.313949 0.495103 1.966464
v 1.325497 0.473738 1.983747
v 0.905064 0.495103 2.185018
v 0.913019 0.473738 2.204221
v 0.461398 0.495103 2.319602
v 0.465453 0.473738 2.339989
v -0.000000 0.495103 2.365046
v -0.000000 0.473738 2.385832
v 1.706212 0.107332 1.706212
v 1.695627 0.081015 1.695627
v 1.340562 0.107332 2.006293
v 1.332246 0.081015 1.993847
v 0.923395 0.107332 2.229273
v 0.917667 0.081015 2.215444
v 0.470743 0.107332 2.366584
v 0.467823 0.081015 2.351903
v -0.000000 0.107332 2.412947
v -0.000000 0.081015 2.397979
v 1.690284 0.247455 1.690284
v 1.328047 0.247455 1.987563
v 0.914775 0.247455 2.208462
v 0.466348 0.247456 2.344491
v -0.000000 0.247456 2.390422
v -0.000000 -0.039555 2.414704
v -0.471085 -0.039555 2.368306
v -0.924067 -0.039555 2.230895
v -1.341538 -0.039555 2.007753
v -1.707453 -0.039555 1.707453
v -0.000000 0.184726 2.408600
v -0.469894 0.184726 2.362320
v -0.921731 0.184726 2.225257
v -1.338147 0.184726 2.002678
v -1.703137 0.184726 1.703138
v -0.000000 0.397125 2.337247
v -0.455974 0.397125 2.292338
v -0.894426 0.397125 2.159335
v -1.298505 0.397125 1.943350
v -1.652683 0.397125 1.652683
v -0.000000 0.049000 2.357090
v -0.459845 0.049000 2.311800
v -0.902019 0.049000 2.177667
v -1.309529 0.049000 1.959849
v -1.666714 0.049000 1.666715
v -0.000000 0.004722 2.414704
v -0.471085 0.004722 2.368306
v -0.924067 0.004722 2.230895
v -1.341538 0.004722 2.007753
v -1.707453 0.004722 1.707453
v -0.000000 0.495103 2.211706
v -0.431482 0.495103 2.169209
v -0.846383 0.495103 2.043350
v -1.228758 0.495103 1.838966
v -1.563912 0.495103 1.563912
v -0.000000 0.008077 2.211706
v -0.431482 0.008077 2.169209
v -0.846383 0.008077 2.043350
v -1.228758 0.008077 1.838966
v -1.563912 0.008077 1.563913
v -0.000000 0.495103 2.365046
v -0.000000 0.473738 2.385832
v -0.461397 0.495103 2.319602
v -0.465453 0.473738 2.339989
v -0.905064 0.495103 2.185018
v -0.913019 0.473738 2.204221
v -1.313949 0.495103 1.966464
v -1.325498 0.473738 1.983747
v -1.672340 0.495103 1.672340
v -1.687038 0.473737 1.687038
v -0.000000 0.107332 2.412947
v -0.000000 0.081015 2.397979
v -0.470743 0.107332 2.366584
v -0.467822 0.081015 2.351903
v -0.923395 0.107332 2.229273
v -0.917667 0.081015 2.215444
v -1.340562 0.107332 2.006292
v -1.332246 0.081015 1.993847
v -1.706211 0.107332 1.706212
v -1.695627 0.081015 1.695627
v -0.000000 0.247456 2.390422
v -0.466348 0.247456 2.344491
v -0.914775 0.247455 2.208462
v -1.328048 0.247455 1.987563
v -1.690283 0.247455 1.690284
v -1.707453 -0.039555 1.707453
v -2.007752 -0.039555 1.341538
v -2.230895 -0.039555 0.924067
v -2.368306 -0.039555 0.471086
v -2.414704 -0.039555 -0.000000
v -1.703137 0.184726 1.703138
v -2.002678 0.184726 1.338147
v -2.225257 0.184726 0.921732
v -2.362320 0.184726 0.469895
v -2.408600 0.184726 -0.000000
v -1.652683 0.397125 1.652683
v -1.943350 0.397125 1.298505
v -2.159335 0.397125 0.894426
v -2.292338 0.397125 0.455974
v -2.337247 0.397125 -0.000000
v -1.666714 0.049000 1.666715
v -1.959849 0.049000 1.309530
v -2.177667 0.049000 0.902020
v -2.311799 0.049000 0.459846
v -2.357090 0.049000 -0.000000
v -1.707453 0.004722 1.707453
v -2.007752 0.004722 1.341538
v -2.230895 0.004722 0.924067
v -2.368306 0.004722 0.471085
v -2.414704 0.004722 -0.000000
v -1.563912 0.495103 1.563912
v -1.838966 0.495103 1.228758
v -2.043350 0.495103 0.846384
v -2.169209 0.495103 0.431483
v -2.211706 0.495103 -0.000000
v -1.563912 0.008077 1.563913
v -1.838966 0.008077 1.228758
v -2.043350 0.008077 0.846384
v -2.169209 0.008077 0.431483
v -2.211706 0.008077 -0.000000
v -1.672340 0.495103 1.672340
v -1.687038 0.473737 1.687038
v -1.966464 0.495103 1.313950
v -1.983747 0.473737 1.325498
v -2.185018 0.495103 0.905064
v -2.204221 0.473737 0.913019
v -2.319602 0.495103 0.461398
v -2.339989 0.473737 0.465453
v -2.365046 0.495103 -0.000000
v -2.385832 0.473737 -0.000000
v -1.706211 0.107332 1.706212
v -1.695627 0.081015 1.695627
v -2.006292 0.107332 1.340562
v -1.993847 0.081015 1.332246
v -2.229273 0.107332 0.923395
v -2.215444 0.081015 0.917667
v -2.366584 0.107332 0.470743
v -2.351903 0.081015 0.467823
v -2.412947 0.107331 -0.000000
v -2.397979 0.081015 -0.000000
v -1.690283 0.247455 1.690284
v -1.987563 0.247455 1.328048
v -2.208462 0.247455 0.914775
v -2.344491 0.247455 0.466348
v -2.390422 0.247455 -0.000000
v -2.414704 -0.039555 -0.000000
v -2.368306 -0.039556 -0.471085
v -2.230895 -0.039556 -0.924068
v -2.007753 -0.039556 -1.341537
v -1.707454 -0.039556 -1.707453
v -2.408600 0.184726 -0.000000
v -2.362320 0.184726 -0.469895
v -2.225256 0.184726 -0.921732
v -2.002678 0.184726 -1.338146
v -1.703138 0.184725 -1.703137
v -2.337247 0.397125 -0.000000
v -2.292338 0.397125 -0.455975
v -2.159335 0.397124 -0.894426
v -1.943350 0.397124 -1.298504
v -1.652684 0.397124 -1.652683
v -2.357090 0.049000 -0.000000
v -2.311799 0.049000 -0.459846
v -2.177667 0.049000 -0.902020
v -1.959849 0.048999 -1.309529
v -1.666715 0.048999 -1.666714
v -2.414704 0.004722 -0.000000
v -2.368306 0.004722 -0.471086
v -2.230895 0.004722 -0.924068
v -2.007753 0.004722 -1.341537
v -1.707454 0.004722 -1.707453
v -2.211706 0.495103 -0.000000
v -2.169209 0.495103 -0.431483
v -2.043350 0.495103 -0.846384
v -1.838967 0.495103 -1.228758
v -1.563913 0.495103 -1.563912
v -2.211706 0.008077 -0.000000
v -2.169209 0.008077 -0.431483
v -2.043350 0.008077 -0.846384
v -1.838967 0.008077 -1.228758
v -1.563913 0.008077 -1.563912
v -2.365046 0.495103 -0.000000
v -2.385832 0.473737 -0.000000
v -2.319602 0.495103 -0.461398
v -2.339989 0.473737 -0.465453
v -2.185017 0.495103 -0.905064
v -2.204221 0.473737 -0.913019
v -1.966464 0.495103 -1.313949
v -1.983747 0.473737 -1.325497
v -1.672340 0.495103 -1.672340
v -1.687038 0.473737 -1.687038
v -2.412947 0.107331 -0.000000
v -2.397979 0.081015 -0.000000
v -2.366584 0.107331 -0.470743
v -2.351903 0.081014 -0.467823
v -2.229273 0.107331 -0.923396
v -2.215444 0.081014 -0.917667
v -2.006293 0.107331 -1.340561
v -1.993847 0.081014 -1.332246
v -1.706212 0.107331 -1.706211
v -1.695628 0.081014 -1.695627
v -2.390422 0.247455 -0.000000
v -2.344491 0.247455 -0.466348
v -2.208462 0.247455 -0.914775
v -1.987563 0.247455 -1.328047
v -1.690284 0.247455 -1.690283
v 0.000000 -0.039556 -2.414704
v -1.707454 -0.039556 -1.707453
v -1.341538 -0.039556 -2.007753
v -0.924067 -0.039556 -2.230895
v -0.471085 -0.039556 -2.368306
v -0.000000 0.184725 -2.408600
v -1.703138 0.184725 -1.703137
v -1.338147 0.184725 -2.002678
v -0.921731 0.184725 -2.225257
v -0.469894 0.184725 -2.362320
v -0.000000 0.397124 -2.337247
v -1.652684 0.397124 -1.652683
v -1.298505 0.397124 -1.943350
v -0.894426 0.397124 -2.159335
v -0.455974 0.397124 -2.292338
v -1.666715 0.048999 -1.666714
v -1.309529 0.048999 -1.959849
v -0.902019 0.048999 -2.177667
v -0.459845 0.048999 -2.311800
v -0.000000 0.048999 -2.357090
v -1.707454 0.004722 -1.707453
v -1.341538 0.004722 -2.007753
v -0.924067 0.004722 -2.230895
v -0.471085 0.004722 -2.368306
v 0.000000 0.004722 -2.414704
v -0.000000 0.495103 -2.211706
v -1.563913 0.495103 -1.563912
v -1.228758 0.495103 -1.838967
v -0.846383 0.495103 -2.043350
v -0.431482 0.495103 -2.169209
v -0.000000 0.008077 -2.211706
v -1.563913 0.008077 -1.563912
v -1.228758 0.008077 -1.838966
v -0.846383 0.008077 -2.043350
v -0.431482 0.008077 -2.169209
v 0.000000 0.473737 -2.385832
v -0.000000 0.495103 -2.365046
v -1.672340 0.495103 -1.672340
v -1.687038 0.473737 -1.687038
v -1.313949 0.495103 -1.966464
v -1.325498 0.473737 -1.983747
v -0.905064 0.495103 -2.185018
v -0.913019 0.473737 -2.204221
v -0.461397 0.495103 -2.319602
v -0.465453 0.473737 -2.339989
v -1.706212 0.107331 -1.706211
v -1.695628 0.081014 -1.695627
v -1.340562 0.107331 -2.006293
v -1.332246 0.081014 -1.993847
v -0.923395 0.107331 -2.229273
v -0.917667 0.081014 -2.215444
v -0.470743 0.107331 -2.366584
v -0.467822 0.081014 -2.351903
v -0.000000 0.081014 -2.397979
v -0.000000 0.107331 -2.412947
v -1.690284 0.247455 -1.690283
v -1.328048 0.247455 -1.987563
v -0.914775 0.247455 -2.208462
v -0.466348 0.247455 -2.344491
v 0.000000 0.247455 -2.390422
vn 0.9495 -0.2654 -0.1674
vn 0.6953 0.5962 -0.4014
vn 0.8350 -0.2654 -0.4821
vn -0.0000 -0.1241 -0.9923
vn 0.3161 -0.3820 -0.8684
vn -0.0000 -0.3820 -0.9241
vn -0.0000 0.1560 -0.9878
vn 0.2998 0.4812 -0.8237
vn 0.3378 0.1560 -0.9282
vn -0.0000 0.8131 -0.5821
vn -0.0000 1.0000 -0.0000
vn 0.1991 0.8131 -0.5470
vn -0.0000 -0.2654 -0.9641
vn 0.3298 -0.2654 -0.9060
vn 0.3394 -0.1241 -0.9324
vn -0.0000 0.4812 -0.8766
vn 0.5635 0.4812 -0.6715
vn 0.9495 -0.2654 0.1674
vn 0.7906 0.5962 -0.1394
vn 0.5940 -0.3820 -0.7079
vn 0.6349 0.1560 -0.7567
vn 0.3742 0.8131 -0.4459
vn 0.6197 -0.2654 -0.7386
vn 0.6378 -0.1241 -0.7601
vn -0.0000 -0.2654 0.9641
vn 0.2746 0.5962 0.7544
vn 0.3298 -0.2654 0.9060
vn 0.8003 -0.3820 -0.4621
vn 0.7592 0.4812 -0.4383
vn 0.8554 0.1560 -0.4939
vn 0.5041 0.8131 -0.2910
vn 0.8593 -0.1241 -0.4961
vn 0.9101 -0.3820 -0.1605
vn 0.9728 0.1560 -0.1715
vn 0.5732 0.8131 -0.1011
vn 0.9772 -0.1241 -0.1723
vn 0.8633 0.4812 -0.1522
vn -0.6197 -0.2654 0.7386
vn -0.2746 0.5962 0.7544
vn -0.3297 -0.2654 0.9060
vn 0.5732 0.8131 0.1011
vn 0.9772 -0.1241 0.1723
vn 0.8633 0.4812 0.1522
vn 0.5161 0.5962 -0.6150
vn 0.9101 -0.3820 0.1605
vn 0.9728 0.1560 0.1715
vn 0.8350 -0.2654 0.4821
vn 0.8593 -0.1241 0.4961
vn 0.7592 0.4812 0.4383
vn -0.2746 0.5962 -0.7544
vn -0.3298 -0.2654 -0.9060
vn 0.8003 -0.3820 0.4621
vn 0.8554 0.1560 0.4939
vn 0.5041 0.8131 0.2910
vn 0.6378 -0.1241 0.7601
vn 0.5635 0.4812 0.6715
vn -0.0000 0.5962 0.8028
vn 0.5940 -0.3820 0.7079
vn 0.6349 0.1560 0.7567
vn 0.3742 0.8131 0.4459
vn 0.6197 -0.2654 0.7386
vn -0.5161 0.5962 -0.6150
vn -0.6197 -0.2654 -0.7386
vn 0.3161 -0.3820 0.8684
vn 0.3378 0.1560 0.9282
vn 0.1991 0.8131 0.5470
vn 0.3394 -0.1241 0.9324
vn 0.2998 0.4812 0.8237
vn 0.2746 0.5962 -0.7544
vn -0.0000 -0.3820 0.9241
vn -0.0000 0.1560 0.9878
vn -0.0000 0.8131 0.5821
vn -0.0000 -0.1241 0.9923
vn -0.0000 0.4812 0.8766
vn -0.3378 0.1560 0.9282
vn -0.1991 0.8131 0.5470
vn -0.3394 -0.1241 0.9324
vn -0.2998 0.4812 0.8237
vn -0.0000 0.5962 -0.8028
vn -0.3161 -0.3820 0.8684
vn -0.6378 -0.1241 0.7601
vn -0.5635 0.4812 0.6715
vn -0.8350 -0.2654 -0.4821
vn -0.7906 0.5962 -0.1394
vn -0.9495 -0.2654 -0.1674
vn -0.5940 -0.3820 0.7079
vn -0.6349 0.1560 0.7567
vn -0.3742 0.8131 0.4459
vn -0.8003 -0.3820 0.4621
vn -0.8350 -0.2654 0.4821
vn -0.8593 -0.1241 0.4961
vn -0.7592 0.4812 0.4383
vn -0.6953 0.5962 -0.4014
vn -0.8554 0.1560 0.4939
vn -0.5041 0.8131 0.2910
vn -0.8633 0.4812 0.1522
vn -0.5161 0.5962 0.6150
vn -0.9772 -0.1241 0.1723
vn -0.9101 -0.3820 0.1605
vn -0.9728 0.1560 0.1715
vn -0.5732 0.8131 0.1011
vn -0.9495 -0.2654 0.1674
vn -0.7907 0.5962 0.1394
vn -0.9101 -0.3820 -0.1605
vn -0.9728 0.1560 -0.1715
vn -0.5732 0.8131 -0.1011
vn -0.9772 -0.1241 -0.1723
vn -0.8633 0.4812 -0.1522
vn -0.8003 -0.3820 -0.4621
vn -0.8554 0.1560 -0.4939
vn -0.5041 0.8131 -0.2910
vn -0.8593 -0.1241 -0.4961
vn -0.7592 0.4812 -0.4383
vn 0.6953 0.5962 0.4014
vn -0.3742 0.8131 -0.4459
vn -0.6378 -0.1241 -0.7601
vn -0.5635 0.4812 -0.6715
vn 0.7906 0.5962 0.1394
vn -0.5940 -0.3820 -0.7079
vn -0.6349 0.1560 -0.7567
vn -0.3394 -0.1241 -0.9324
vn -0.2998 0.4812 -0.8237
vn 0.5161 0.5962 0.6150
vn -0.3161 -0.3820 -0.8684
vn -0.3378 0.1560 -0.9282
vn -0.1991 0.8131 -0.5470
vn -0.6953 0.5962 0.4014
vn -0.0000 0.5108 0.8597
vn -0.8467 0.5107 0.1493
vn 0.8467 0.5108 0.1493
vn 0.2940 0.5108 -0.8079
vn -0.2940 0.5108 -0.8079
vn -0.5526 0.5108 -0.6586
vn 0.2940 0.5107 0.8079
vn -0.7445 0.5108 0.4299
vn 0.8467 0.5108 -0.1493
vn -0.7445 0.5108 -0.4299
vn 0.5526 0.5108 0.6586
vn -0.5526 0.5107 0.6586
vn 0.7445 0.5108 -0.4299
vn -0.8467 0.5108 -0.1493
vn 0.7445 0.5108 0.4299
vn -0.2940 0.5108 0.8079
vn 0.5526 0.5108 -0.6586
vn -0.0000 0.5108 -0.8597
vn -0.0000 0.3918 0.9200
vn -0.5914 0.3918 -0.7048
vn 0.3147 0.3918 -0.8646
vn 0.3147 0.3918 0.8646
vn -0.7968 0.3918 -0.4600
vn 0.5914 0.3918 0.7048
vn -0.9061 0.3918 -0.1598
vn 0.7968 0.3918 0.4600
vn -0.9061 0.3918 0.1598
vn 0.9061 0.3918 0.1598
vn -0.7968 0.3918 0.4600
vn 0.9061 0.3918 -0.1598
vn -0.5914 0.3918 0.7048
vn -0.0000 0.3918 -0.9200
vn 0.7968 0.3918 -0.4600
vn -0.3147 0.3918 0.8646
vn -0.3147 0.3918 -0.8646
vn 0.5914 0.3918 -0.7048
vn 0.3205 0.3491 0.8806
vn -0.8116 0.3491 -0.4686
vn 0.6024 0.3491 0.7179
vn -0.9229 0.3491 -0.1627
vn 0.8116 0.3491 0.4686
vn -0.9229 0.3491 0.1627
vn 0.9229 0.3491 0.1627
vn -0.8116 0.3491 0.4685
vn 0.9229 0.3491 -0.1627
vn -0.6024 0.3491 0.7179
vn -0.0000 0.3491 -0.9371
vn 0.8116 0.3491 -0.4685
vn -0.3205 0.3491 0.8806
vn -0.3205 0.3491 -0.8806
vn 0.6024 0.3491 -0.7179
vn -0.0000 0.3491 0.9371
vn -0.6024 0.3491 -0.7179
vn 0.3205 0.3491 -0.8806
vn -0.7906 0.5962 0.1394
vn -0.5160 0.5962 0.6150
vn 0.5160 0.5962 -0.6150
vn -0.8467 0.5108 0.1493
vn -0.5526 0.5108 0.6586
vn 0.2940 0.5108 0.8079
vn 0.9848 -0.0000 0.1736
vn -0.8660 -0.0000 0.5000
vn 0.9848 -0.0000 -0.1736
vn -0.6428 -0.0000 0.7660
vn -0.0000 -0.0000 -1.0000
vn 0.8660 -0.0000 -0.5000
vn -0.3420 -0.0000 0.9397
vn -0.3420 -0.0000 -0.9397
vn 0.6428 -0.0000 -0.7660
vn -0.0000 -0.0000 1.0000
vn -0.6428 -0.0000 -0.7660
vn 0.3420 -0.0000 -0.9397
vn 0.3420 -0.0000 0.9397
vn -0.8660 -0.0000 -0.5000
vn 0.6428 -0.0000 0.7660
vn -0.9848 -0.0000 -0.1736
vn 0.8660 -0.0000 0.5000
vn -0.9848 -0.0000 0.1736
vn -0.0000 -0.9349 -0.3549
vn 0.0717 -0.9301 -0.3603
vn -0.0000 -0.9301 -0.3674
vn 0.0692 -0.9349 -0.3481
vn 0.1406 -0.9301 -0.3394
vn 0.1972 -0.9349 -0.2951
vn 0.2041 -0.9301 -0.3055
vn 0.2510 -0.9349 -0.2510
vn 0.2598 -0.9301 -0.2598
vn 0.3055 -0.9301 -0.2041
vn 0.2951 -0.9349 -0.1972
vn 0.3394 -0.9301 -0.1406
vn 0.3481 -0.9349 -0.0692
vn 0.3603 -0.9301 -0.0717
vn 0.3549 -0.9349 -0.0000
vn 0.3674 -0.9301 -0.0000
vn 0.3603 -0.9301 0.0717
vn 0.3481 -0.9349 0.0692
vn 0.3394 -0.9301 0.1406
vn 0.2951 -0.9349 0.1972
vn 0.3055 -0.9301 0.2041
vn 0.2510 -0.9349 0.2510
vn 0.2598 -0.9301 0.2598
vn 0.2041 -0.9301 0.3055
vn 0.1972 -0.9349 0.2951
vn 0.1406 -0.9301 0.3394
vn 0.0692 -0.9349 0.3481
vn 0.0717 -0.9301 0.3603
vn -0.0000 -0.9301 0.3674
vn -0.0000 -0.9349 0.3549
vn -0.0717 -0.9301 0.3603
vn -0.0692 -0.9349 0.3481
vn -0.1406 -0.9301 0.3394
vn -0.1972 -0.9349 0.2951
vn -0.2041 -0.9301 0.3055
vn -0.2598 -0.9301 0.2598
vn -0.2510 -0.9349 0.2510
vn -0.3055 -0.9301 0.2041
vn -0.2951 -0.9349 0.1972
vn -0.3394 -0.9301 0.1406
vn -0.3279 -0.9349 0.1358
vn -0.3603 -0.9301 0.0717
vn -0.3481 -0.9349 0.0692
vn -0.3674 -0.9301 -0.0000
vn -0.3549 -0.9349 -0.0000
vn -0.3603 -0.9301 -0.0717
vn -0.3481 -0.9349 -0.0692
vn -0.3394 -0.9301 -0.1406
vn -0.2951 -0.9349 -0.1972
vn -0.3055 -0.9301 -0.2041
vn -0.2598 -0.9301 -0.2598
vn -0.1972 -0.9349 -0.2951
vn -0.2041 -0.9301 -0.3055
vn -0.1358 -0.9349 -0.3279
vn -0.1406 -0.9301 -0.3394
vn 0.4767 -0.8566 0.1974
vn 0.3279 -0.9349 0.1358
vn -0.0692 -0.9349 -0.3481
vn -0.0717 -0.9301 -0.3603
vn -0.1648 0.5355 -0.8283
vn -0.0000 0.1654 -0.9862
vn -0.1924 0.1654 -0.9673
vn -0.3774 0.1654 -0.9112
vn -0.4692 0.5355 -0.7022
vn -0.5479 0.1654 -0.8200
vn -0.5972 0.5355 -0.5972
vn -0.6974 0.1654 -0.6974
vn -0.8200 0.1654 -0.5479
vn -0.7802 0.5355 -0.3232
vn -0.9112 0.1654 -0.3774
vn -0.8283 0.5355 -0.1648
vn -0.9673 0.1654 -0.1924
vn -0.8445 0.5355 -0.0000
vn -0.9862 0.1654 -0.0000
vn -0.8283 0.5355 0.1648
vn -0.9673 0.1654 0.1924
vn -0.7802 0.5355 0.3232
vn -0.9112 0.1654 0.3774
vn -0.7022 0.5355 0.4692
vn -0.8200 0.1654 0.5479
vn -0.6974 0.1654 0.6974
vn -0.5479 0.1654 0.8200
vn -0.5972 0.5355 0.5972
vn -0.3774 0.1654 0.9112
vn -0.4692 0.5355 0.7022
vn -0.1648 0.5355 0.8283
vn -0.1924 0.1654 0.9673
vn -0.0000 0.1654 0.9862
vn 0.1648 0.5355 0.8283
vn 0.1924 0.1654 0.9673
vn 0.3774 0.1654 0.9112
vn 0.4692 0.5355 0.7022
vn 0.5479 0.1654 0.8200
vn 0.5972 0.5355 0.5972
vn 0.6974 0.1654 0.6974
vn 0.8200 0.1654 0.5479
vn 0.7802 0.5355 0.3232
vn 0.9112 0.1654 0.3774
vn 0.8283 0.5355 0.1648
vn 0.9673 0.1654 0.1924
vn 0.9862 0.1654 -0.0000
vn 0.8283 0.5355 -0.1648
vn 0.9673 0.1654 -0.1924
vn 0.9112 0.1654 -0.3774
vn 0.7022 0.5355 -0.4692
vn 0.8200 0.1654 -0.5479
vn 0.5972 0.5355 -0.5972
vn 0.6974 0.1654 -0.6974
vn 0.5479 0.1654 -0.8200
vn 0.3232 0.5355 -0.7802
vn 0.3774 0.1654 -0.9112
vn 0.1648 0.5355 -0.8283
vn 0.1924 0.1654 -0.9673
vn -0.0000 0.5355 -0.8445
vn -0.1783 0.4056 -0.8965
vn -0.0000 0.8203 -0.5720
vn -0.1116 0.8203 -0.5610
vn -0.2189 0.8203 -0.5284
vn -0.3178 0.8203 -0.4756
vn -0.3498 0.4056 -0.8445
vn -0.6463 0.4056 -0.6463
vn -0.4044 0.8203 -0.4044
vn -0.4756 0.8203 -0.3178
vn -0.8445 0.4056 -0.3498
vn -0.5284 0.8203 -0.2189
vn -0.8965 0.4056 -0.1783
vn -0.5610 0.8203 -0.1116
vn -0.9140 0.4056 -0.0000
vn -0.5720 0.8203 -0.0000
vn -0.5610 0.8203 0.1116
vn -0.8445 0.4056 0.3498
vn -0.5284 0.8203 0.2189
vn -0.4756 0.8203 0.3178
vn -0.4044 0.8203 0.4044
vn -0.7600 0.4056 0.5078
vn -0.3178 0.8203 0.4756
vn -0.6463 0.4056 0.6463
vn -0.3498 0.4056 0.8445
vn -0.2189 0.8203 0.5284
vn -0.1783 0.4056 0.8965
vn -0.1116 0.8203 0.5610
vn -0.0000 0.8203 0.5720
vn 0.1783 0.4056 0.8965
vn 0.1116 0.8203 0.5610
vn 0.2189 0.8203 0.5284
vn 0.5078 0.4056 0.7600
vn 0.3178 0.8203 0.4756
vn 0.6463 0.4056 0.6463
vn 0.4044 0.8203 0.4044
vn 0.4756 0.8203 0.3178
vn 0.8445 0.4056 0.3498
vn 0.5284 0.8203 0.2189
vn 0.5610 0.8203 0.1116
vn 0.9140 0.4056 -0.0000
vn 0.5720 0.8203 -0.0000
vn 0.5610 0.8203 -0.1116
vn 0.8445 0.4056 -0.3498
vn 0.5284 0.8203 -0.2189
vn 0.7600 0.4056 -0.5078
vn 0.4756 0.8203 -0.3178
vn 0.6463 0.4056 -0.6463
vn 0.4044 0.8203 -0.4044
vn 0.3178 0.8203 -0.4756
vn 0.2189 0.8203 -0.5284
vn 0.5078 0.4056 -0.7600
vn 0.1783 0.4056 -0.8965
vn 0.1116 0.8203 -0.5610
vn -0.0000 0.4056 -0.9140
vn -0.1717 0.4748 -0.8632
vn -0.3368 0.4748 -0.8131
vn -0.4890 0.4748 -0.7318
vn -0.5078 0.4056 -0.7600
vn -0.6223 0.4748 -0.6223
vn -0.7600 0.4056 -0.5078
vn -0.7318 0.4748 -0.4890
vn -0.8131 0.4748 -0.3368
vn -0.8801 0.4748 -0.0000
vn -0.8632 0.4748 0.1717
vn -0.8965 0.4056 0.1783
vn -0.8131 0.4748 0.3368
vn -0.7318 0.4747 0.4890
vn -0.5078 0.4056 0.7600
vn -0.6223 0.4748 0.6223
vn -0.4890 0.4748 0.7318
vn -0.3368 0.4748 0.8131
vn -0.0000 0.4747 0.8801
vn -0.0000 0.4056 0.9141
vn 0.1717 0.4748 0.8632
vn 0.3368 0.4748 0.8131
vn 0.3498 0.4056 0.8445
vn 0.4890 0.4748 0.7318
vn 0.6223 0.4748 0.6223
vn 0.7318 0.4748 0.4890
vn 0.7600 0.4056 0.5078
vn 0.8632 0.4747 0.1717
vn 0.8965 0.4056 0.1783
vn 0.8801 0.4748 -0.0000
vn 0.8632 0.4747 -0.1717
vn 0.8965 0.4056 -0.1783
vn 0.8131 0.4748 -0.3368
vn 0.7318 0.4747 -0.4890
vn 0.6223 0.4748 -0.6223
vn 0.4890 0.4748 -0.7318
vn 0.3498 0.4056 -0.8445
vn 0.1717 0.4747 -0.8632
vn -0.0000 0.4748 -0.8801
vn -0.1623 0.5546 -0.8161
vn -0.3184 0.5546 -0.7688
vn -0.4623 0.5546 -0.6919
vn -0.5884 0.5546 -0.5884
vn -0.6919 0.5546 -0.4623
vn -0.7688 0.5546 -0.3184
vn -0.8632 0.4747 -0.1717
vn -0.8321 0.5546 -0.0000
vn -0.7688 0.5546 0.3184
vn -0.5884 0.5546 0.5884
vn -0.4623 0.5546 0.6919
vn -0.3184 0.5546 0.7688
vn -0.1623 0.5546 0.8161
vn -0.1717 0.4748 0.8632
vn 0.1623 0.5546 0.8161
vn 0.3184 0.5546 0.7688
vn 0.4623 0.5546 0.6919
vn 0.5884 0.5546 0.5884
vn 0.6919 0.5546 0.4623
vn 0.7688 0.5546 0.3184
vn 0.8131 0.4748 0.3368
vn 0.8321 0.5546 -0.0000
vn 0.7688 0.5546 -0.3184
vn 0.5884 0.5546 -0.5884
vn 0.3184 0.5546 -0.7687
vn 0.3368 0.4748 -0.8131
vn -0.0000 0.5546 -0.8321
vn -0.1672 0.5152 -0.8406
vn -0.3280 0.5152 -0.7919
vn -0.4762 0.5151 -0.7127
vn -0.7126 0.5152 -0.4762
vn -0.7919 0.5152 -0.3280
vn -0.8406 0.5152 -0.1672
vn -0.8161 0.5546 -0.1623
vn -0.8571 0.5152 -0.0000
vn -0.8406 0.5152 0.1672
vn -0.8161 0.5546 0.1623
vn -0.7127 0.5152 0.4762
vn -0.6919 0.5546 0.4623
vn -0.6061 0.5152 0.6061
vn -0.4762 0.5152 0.7126
vn -0.3280 0.5152 0.7919
vn -0.1672 0.5151 0.8406
vn -0.0000 0.5546 0.8321
vn 0.1672 0.5152 0.8406
vn 0.3280 0.5151 0.7919
vn 0.6061 0.5152 0.6061
vn 0.7126 0.5152 0.4762
vn 0.7919 0.5152 0.3280
vn 0.8406 0.5152 0.1672
vn 0.8161 0.5546 0.1623
vn 0.8571 0.5152 -0.0000
vn 0.8406 0.5152 -0.1672
vn 0.8161 0.5546 -0.1623
vn 0.7126 0.5152 -0.4762
vn 0.6919 0.5546 -0.4623
vn 0.6061 0.5152 -0.6061
vn 0.4762 0.5152 -0.7126
vn 0.4623 0.5546 -0.6919
vn 0.3280 0.5151 -0.7919
vn 0.1623 0.5546 -0.8161
vn 0.1672 0.5152 -0.8406
vn -0.1677 0.5106 -0.8433
vn -0.0000 0.5152 -0.8571
vn -0.3290 0.5106 -0.7944
vn -0.4777 0.5106 -0.7149
vn -0.6080 0.5106 -0.6080
vn -0.6061 0.5152 -0.6061
vn -0.7149 0.5106 -0.4777
vn -0.7944 0.5106 -0.3290
vn -0.8598 0.5106 -0.0000
vn -0.7944 0.5106 0.3290
vn -0.7918 0.5152 0.3280
vn -0.7149 0.5106 0.4777
vn -0.6080 0.5106 0.6080
vn -0.3290 0.5106 0.7944
vn -0.1677 0.5106 0.8433
vn -0.0000 0.5106 0.8598
vn -0.0000 0.5152 0.8571
vn 0.1677 0.5106 0.8433
vn 0.3290 0.5106 0.7944
vn 0.4777 0.5106 0.7149
vn 0.4762 0.5152 0.7126
vn 0.6080 0.5106 0.6080
vn 0.7944 0.5106 0.3290
vn 0.8598 0.5106 -0.0000
vn 0.7944 0.5106 -0.3290
vn 0.7918 0.5152 -0.3280
vn 0.7149 0.5106 -0.4777
vn 0.6080 0.5106 -0.6080
vn 0.4777 0.5106 -0.7149
vn 0.3290 0.5106 -0.7944
vn 0.1677 0.5106 -0.8433
vn -0.1809 0.3738 -0.9097
vn -0.0000 0.5106 -0.8598
vn -0.3549 0.3738 -0.8569
vn -0.6558 0.3738 -0.6558
vn -0.7712 0.3738 -0.5153
vn -0.8569 0.3738 -0.3549
vn -0.9097 0.3738 -0.1809
vn -0.8433 0.5106 -0.1677
vn -0.9275 0.3738 -0.0000
vn -0.9097 0.3738 0.1809
vn -0.8433 0.5106 0.1677
vn -0.8569 0.3738 0.3549
vn -0.7712 0.3738 0.5153
vn -0.5153 0.3738 0.7712
vn -0.4777 0.5106 0.7149
vn -0.3549 0.3738 0.8569
vn -0.1809 0.3738 0.9097
vn 0.1809 0.3738 0.9097
vn 0.3549 0.3738 0.8569
vn 0.5153 0.3738 0.7712
vn 0.7149 0.5106 0.4777
vn 0.6558 0.3738 0.6558
vn 0.7712 0.3738 0.5153
vn 0.9097 0.3738 0.1809
vn 0.8433 0.5106 0.1677
vn 0.8433 0.5106 -0.1677
vn 0.9275 0.3738 -0.0000
vn 0.9097 0.3738 -0.1809
vn 0.7712 0.3738 -0.5153
vn 0.6558 0.3738 -0.6558
vn 0.5153 0.3738 -0.7712
vn 0.3549 0.3738 -0.8569
vn 0.1809 0.3738 -0.9097
vn -0.1946 0.0701 -0.9784
vn -0.0000 0.3738 -0.9275
vn -0.3817 0.0701 -0.9216
vn -0.5542 0.0701 -0.8294
vn -0.5153 0.3738 -0.7712
vn -0.7054 0.0701 -0.7054
vn -0.8294 0.0701 -0.5542
vn -0.9784 0.0701 -0.1946
vn -0.9975 0.0701 -0.0000
vn -0.9784 0.0701 0.1946
vn -0.9216 0.0701 0.3817
vn -0.7054 0.0701 0.7054
vn -0.6559 0.3738 0.6558
vn -0.5542 0.0701 0.8294
vn -0.3817 0.0701 0.9216
vn -0.0000 0.0701 0.9975
vn -0.0000 0.3738 0.9275
vn 0.1946 0.0701 0.9784
vn 0.3817 0.0701 0.9216
vn 0.5542 0.0701 0.8294
vn 0.7054 0.0701 0.7054
vn 0.9216 0.0701 0.3817
vn 0.8569 0.3738 0.3549
vn 0.9975 0.0701 -0.0000
vn 0.9216 0.0701 -0.3817
vn 0.8569 0.3738 -0.3549
vn 0.8294 0.0701 -0.5542
vn 0.7054 0.0701 -0.7054
vn 0.3817 0.0701 -0.9216
vn -0.0000 0.0701 -0.9975
vn -0.1452 -0.6680 -0.7299
vn -0.4135 -0.6680 -0.6188
vn -0.5262 -0.6680 -0.5262
vn -0.6188 -0.6680 -0.4134
vn -0.6875 -0.6680 -0.2848
vn -0.9216 0.0701 -0.3817
vn -0.7299 -0.6680 -0.1452
vn -0.7299 -0.6680 0.1452
vn -0.6188 -0.6680 0.4134
vn -0.8294 0.0701 0.5542
vn -0.5262 -0.6680 0.5262
vn -0.4134 -0.6680 0.6188
vn -0.2848 -0.6680 0.6875
vn -0.1452 -0.6680 0.7299
vn -0.1946 0.0701 0.9784
vn -0.0000 -0.6680 0.7442
vn 0.1452 -0.6680 0.7299
vn 0.2848 -0.6680 0.6875
vn 0.5262 -0.6680 0.5262
vn 0.6188 -0.6680 0.4135
vn 0.8294 0.0701 0.5542
vn 0.6875 -0.6680 0.2848
vn 0.7299 -0.6680 0.1452
vn 0.9784 0.0701 0.1946
vn 0.7299 -0.6680 -0.1452
vn 0.9784 0.0701 -0.1946
vn 0.6875 -0.6680 -0.2848
vn 0.6188 -0.6680 -0.4135
vn 0.4134 -0.6680 -0.6188
vn 0.5542 0.0701 -0.8294
vn 0.1452 -0.6680 -0.7299
vn 0.1946 0.0701 -0.9784
vn -0.1695 -0.4948 -0.8523
vn -0.0000 -0.6680 -0.7442
vn -0.2848 -0.6680 -0.6875
vn -0.4828 -0.4948 -0.7226
vn -0.6145 -0.4948 -0.6145
vn -0.7226 -0.4948 -0.4828
vn -0.8029 -0.4948 -0.3326
vn -0.8523 -0.4948 -0.1695
vn -0.7442 -0.6680 -0.0000
vn -0.8523 -0.4948 0.1695
vn -0.8029 -0.4948 0.3326
vn -0.6875 -0.6680 0.2848
vn -0.7226 -0.4948 0.4828
vn -0.4828 -0.4948 0.7226
vn -0.1695 -0.4948 0.8523
vn -0.0000 -0.4948 0.8690
vn 0.1695 -0.4948 0.8523
vn 0.3326 -0.4948 0.8029
vn 0.4828 -0.4948 0.7226
vn 0.4135 -0.6680 0.6188
vn 0.6145 -0.4948 0.6145
vn 0.8029 -0.4948 0.3326
vn 0.8523 -0.4948 0.1695
vn 0.7442 -0.6680 -0.0000
vn 0.8523 -0.4948 -0.1695
vn 0.8029 -0.4948 -0.3326
vn 0.7226 -0.4948 -0.4828
vn 0.6145 -0.4948 -0.6145
vn 0.5262 -0.6680 -0.5262
vn 0.4828 -0.4948 -0.7226
vn 0.2848 -0.6680 -0.6875
vn 0.3326 -0.4948 -0.8029
vn -0.0000 -0.4948 -0.8690
vn -0.1941 -0.0994 -0.9759
vn -0.3326 -0.4948 -0.8029
vn -0.5528 -0.0994 -0.8274
vn -0.7036 -0.0994 -0.7036
vn -0.8274 -0.0994 -0.5528
vn -0.9193 -0.0993 -0.3808
vn -0.8690 -0.4948 -0.0000
vn -0.9759 -0.0994 -0.1941
vn -0.9759 -0.0994 0.1941
vn -0.8274 -0.0993 0.5528
vn -0.7036 -0.0994 0.7036
vn -0.6145 -0.4948 0.6145
vn -0.3326 -0.4948 0.8029
vn -0.5528 -0.0993 0.8274
vn -0.1941 -0.0993 0.9759
vn -0.0000 -0.0994 0.9951
vn 0.1941 -0.0993 0.9759
vn 0.3808 -0.0994 0.9193
vn 0.5528 -0.0994 0.8274
vn 0.7036 -0.0993 0.7036
vn 0.7226 -0.4948 0.4828
vn 0.8274 -0.0994 0.5528
vn 0.9759 -0.0994 0.1941
vn 0.8690 -0.4948 -0.0000
vn 0.9759 -0.0994 -0.1941
vn 0.9193 -0.0994 -0.3808
vn 0.7036 -0.0994 -0.7036
vn 0.5528 -0.0993 -0.8274
vn 0.3808 -0.0994 -0.9193
vn 0.1941 -0.0994 -0.9759
vn 0.1695 -0.4948 -0.8523
vn -0.1949 0.0475 -0.9797
vn -0.0000 -0.0994 -0.9951
vn -0.3823 0.0475 -0.9228
vn -0.3808 -0.0994 -0.9193
vn -0.5549 0.0475 -0.8305
vn -0.7063 0.0475 -0.7063
vn -0.8305 0.0475 -0.5549
vn -0.9797 0.0475 -0.1949
vn -0.9989 0.0475 -0.0000
vn -0.9951 -0.0994 -0.0000
vn -0.9797 0.0475 0.1949
vn -0.9228 0.0475 0.3823
vn -0.9193 -0.0994 0.3808
vn -0.7063 0.0475 0.7063
vn -0.3823 0.0475 0.9228
vn -0.3808 -0.0994 0.9193
vn -0.0000 0.0475 0.9989
vn 0.3822 0.0475 0.9228
vn 0.5549 0.0475 0.8305
vn 0.7063 0.0475 0.7063
vn 0.8305 0.0475 0.5549
vn 0.9228 0.0475 0.3823
vn 0.9193 -0.0994 0.3808
vn 0.9797 0.0475 0.1949
vn 0.9951 -0.0994 -0.0000
vn 0.9797 0.0475 -0.1949
vn 0.9228 0.0475 -0.3822
vn 0.8305 0.0475 -0.5549
vn 0.8274 -0.0994 -0.5528
vn 0.7063 0.0475 -0.7063
vn 0.3823 0.0475 -0.9228
vn 0.1949 0.0475 -0.9797
vn -0.1839 0.3343 -0.9244
vn -0.0000 0.0475 -0.9989
vn -0.3607 0.3343 -0.8707
vn -0.5236 0.3343 -0.7836
vn -0.7836 0.3343 -0.5236
vn -0.8707 0.3343 -0.3607
vn -0.9228 0.0475 -0.3823
vn -0.9244 0.3343 -0.1839
vn -0.9244 0.3343 0.1839
vn -0.7836 0.3343 0.5236
vn -0.8305 0.0475 0.5549
vn -0.6664 0.3343 0.6664
vn -0.5236 0.3343 0.7836
vn -0.5549 0.0475 0.8305
vn -0.3607 0.3343 0.8707
vn -0.1839 0.3343 0.9244
vn -0.1949 0.0475 0.9797
vn 0.1839 0.3343 0.9244
vn 0.1949 0.0475 0.9797
vn 0.3607 0.3343 0.8707
vn 0.5236 0.3343 0.7836
vn 0.6664 0.3343 0.6664
vn 0.8707 0.3343 0.3607
vn 0.9989 0.0475 -0.0000
vn 0.9244 0.3343 0.1839
vn 0.9244 0.3343 -0.1839
vn 0.7836 0.3343 -0.5236
vn 0.6664 0.3343 -0.6664
vn 0.5236 0.3343 -0.7836
vn 0.5549 0.0475 -0.8305
vn 0.3607 0.3343 -0.8707
vn 0.1839 0.3343 -0.9244
vn -0.0000 0.7843 -0.6204
vn -0.0000 0.3343 -0.9425
vn -0.2374 0.7843 -0.5731
vn -0.4387 0.7843 -0.4387
vn -0.6664 0.3343 -0.6664
vn -0.5158 0.7843 -0.3447
vn -0.5731 0.7843 -0.2374
vn -0.6204 0.7843 -0.0000
vn -0.9425 0.3343 -0.0000
vn -0.6084 0.7843 0.1210
vn -0.5731 0.7843 0.2374
vn -0.8707 0.3343 0.3607
vn -0.4387 0.7843 0.4387
vn -0.3447 0.7843 0.5158
vn -0.2374 0.7843 0.5731
vn -0.1210 0.7843 0.6084
vn -0.0000 0.7843 0.6204
vn -0.0000 0.3343 0.9425
vn 0.1210 0.7843 0.6084
vn 0.2374 0.7843 0.5731
vn 0.3447 0.7843 0.5158
vn 0.4387 0.7843 0.4387
vn 0.5158 0.7843 0.3447
vn 0.7836 0.3343 0.5236
vn 0.5731 0.7843 0.2374
vn 0.6084 0.7843 0.1210
vn 0.6204 0.7843 -0.0000
vn 0.9425 0.3343 -0.0000
vn 0.6084 0.7843 -0.1210
vn 0.8707 0.3343 -0.3607
vn 0.5731 0.7843 -0.2374
vn 0.5158 0.7843 -0.3447
vn 0.4387 0.7843 -0.4387
vn 0.3447 0.7843 -0.5158
vn 0.2374 0.7843 -0.5731
vn -0.1454 0.6669 -0.7308
vn -0.1210 0.7843 -0.6084
vn -0.2852 0.6669 -0.6884
vn -0.4140 0.6669 -0.6196
vn -0.3447 0.7843 -0.5158
vn -0.5269 0.6669 -0.5269
vn -0.6884 0.6669 -0.2852
vn -0.7308 0.6669 -0.1454
vn -0.6084 0.7843 -0.1210
vn -0.7451 0.6669 -0.0000
vn -0.6884 0.6669 0.2852
vn -0.6196 0.6669 0.4140
vn -0.5158 0.7843 0.3447
vn -0.5269 0.6669 0.5269
vn -0.4140 0.6669 0.6196
vn -0.2852 0.6669 0.6884
vn -0.0000 0.6669 0.7451
vn 0.1454 0.6669 0.7308
vn 0.4140 0.6669 0.6196
vn 0.5269 0.6669 0.5269
vn 0.6196 0.6669 0.4140
vn 0.6884 0.6669 0.2852
vn 0.7308 0.6669 0.1454
vn 0.7451 0.6669 -0.0000
vn 0.7308 0.6669 -0.1454
vn 0.6884 0.6669 -0.2852
vn 0.6196 0.6669 -0.4140
vn 0.5269 0.6669 -0.5269
vn 0.2852 0.6669 -0.6884
vn 0.1454 0.6669 -0.7308
vn 0.1210 0.7843 -0.6084
vn -0.1777 0.4132 -0.8932
vn -0.0000 0.6669 -0.7451
vn -0.3485 0.4132 -0.8413
vn -0.5059 0.4132 -0.7572
vn -0.6196 0.6669 -0.4140
vn -0.6439 0.4132 -0.6439
vn -0.7572 0.4132 -0.5059
vn -0.8932 0.4132 -0.1777
vn -0.9106 0.4132 -0.0000
vn -0.7308 0.6669 0.1454
vn -0.8413 0.4132 0.3485
vn -0.7572 0.4132 0.5059
vn -0.5059 0.4132 0.7572
vn -0.3485 0.4132 0.8413
vn -0.1777 0.4132 0.8931
vn -0.1454 0.6669 0.7308
vn -0.0000 0.4132 0.9106
vn 0.1777 0.4132 0.8931
vn 0.3485 0.4132 0.8413
vn 0.2852 0.6669 0.6884
vn 0.5059 0.4132 0.7572
vn 0.6439 0.4132 0.6439
vn 0.7572 0.4132 0.5059
vn 0.8413 0.4132 0.3485
vn 0.9106 0.4132 -0.0000
vn 0.8931 0.4132 -0.1777
vn 0.8413 0.4132 -0.3485
vn 0.7572 0.4132 -0.5059
vn 0.4140 0.6669 -0.6196
vn 0.6439 0.4132 -0.6439
vn 0.3485 0.4132 -0.8413
vn 0.1777 0.4132 -0.8931
vn -0.1946 0.0699 -0.9784
vn -0.0000 0.4132 -0.9107
vn -0.3817 0.0699 -0.9216
vn -0.5542 0.0699 -0.8294
vn -0.8294 0.0699 -0.5542
vn -0.8413 0.4132 -0.3485
vn -0.9216 0.0699 -0.3817
vn -0.9784 0.0699 -0.1946
vn -0.9784 0.0699 0.1946
vn -0.8932 0.4132 0.1777
vn -0.9216 0.0699 0.3817
vn -0.8294 0.0699 0.5542
vn -0.7054 0.0699 0.7054
vn -0.6439 0.4132 0.6439
vn -0.5542 0.0699 0.8294
vn -0.1946 0.0699 0.9784
vn 0.1946 0.0699 0.9784
vn 0.3817 0.0699 0.9216
vn 0.7054 0.0699 0.7054
vn 0.8294 0.0699 0.5542
vn 0.9216 0.0699 0.3817
vn 0.8932 0.4132 0.1777
vn 0.9976 0.0699 -0.0000
vn 0.9784 0.0699 -0.1946
vn 0.9216 0.0699 -0.3817
vn 0.7054 0.0699 -0.7054
vn 0.5542 0.0699 -0.8294
vn 0.5059 0.4132 -0.7572
vn 0.3817 0.0699 -0.9216
vn 0.1946 0.0699 -0.9784
vn -0.0000 -0.6032 -0.7976
vn -0.0000 0.0699 -0.9976
vn -0.3052 -0.6032 -0.7369
vn -0.4431 -0.6032 -0.6632
vn -0.5640 -0.6032 -0.5640
vn -0.7054 0.0699 -0.7054
vn -0.6632 -0.6032 -0.4431
vn -0.7369 -0.6032 -0.3052
vn -0.7822 -0.6032 -0.1556
vn -0.7976 -0.6032 -0.0000
vn -0.9976 0.0699 -0.0000
vn -0.7822 -0.6032 0.1556
vn -0.7369 -0.6032 0.3052
vn -0.6632 -0.6032 0.4431
vn -0.5640 -0.6032 0.5640
vn -0.4431 -0.6032 0.6632
vn -0.3052 -0.6032 0.7369
vn -0.3817 0.0699 0.9216
vn -0.1556 -0.6032 0.7822
vn -0.0000 -0.6032 0.7976
vn -0.0000 0.0699 0.9976
vn 0.1556 -0.6032 0.7822
vn 0.3052 -0.6032 0.7369
vn 0.4431 -0.6032 0.6632
vn 0.5542 0.0699 0.8294
vn 0.5640 -0.6032 0.5640
vn 0.6632 -0.6032 0.4431
vn 0.9784 0.0699 0.1946
vn 0.7369 -0.6032 0.3052
vn 0.7976 -0.6032 -0.0000
vn 0.7822 -0.6032 -0.1556
vn 0.6632 -0.6032 -0.4431
vn 0.8294 0.0699 -0.5542
vn 0.5640 -0.6032 -0.5640
vn 0.4431 -0.6032 -0.6632
vn 0.1556 -0.6032 -0.7822
vn -0.4612 0.5575 -0.6903
vn -0.3264 0.5221 -0.7880
vn -0.4738 0.5221 -0.7091
vn 0.5870 0.5575 -0.5870
vn 0.4738 0.5221 -0.7091
vn 0.4612 0.5575 -0.6903
vn -0.4705 -0.5318 0.7041
vn -0.1620 0.5575 -0.8142
vn -0.3177 0.5575 -0.7670
vn 0.7091 0.5221 -0.4738
vn 0.6031 0.5221 -0.6031
vn -0.5988 -0.5318 0.5988
vn -0.0000 0.5221 -0.8529
vn -0.1664 0.5221 -0.8365
vn 0.6903 0.5575 -0.4612
vn 0.7880 0.5221 -0.3264
vn -0.7041 -0.5318 0.4705
vn 0.8142 0.5575 -0.1620
vn 0.7670 0.5575 -0.3177
vn -0.7824 -0.5319 0.3241
vn 0.8302 0.5575 -0.0000
vn 0.8365 0.5221 -0.1664
vn -0.8306 -0.5318 0.1652
vn 0.8142 0.5575 0.1620
vn 0.8529 0.5221 -0.0000
vn -0.8469 -0.5318 -0.0000
vn 0.7670 0.5575 0.3177
vn 0.8365 0.5221 0.1664
vn -0.8306 -0.5318 -0.1652
vn 0.6903 0.5575 0.4612
vn 0.7880 0.5221 0.3264
vn -0.7824 -0.5318 -0.3241
vn 0.6031 0.5221 0.6031
vn 0.7091 0.5221 0.4738
vn -0.7041 -0.5319 -0.4705
vn 0.1652 -0.5318 -0.8306
vn 0.5870 0.5575 0.5870
vn 0.4738 0.5221 0.7091
vn -0.5988 -0.5318 -0.5988
vn 0.3241 -0.5318 -0.7824
vn 0.3052 -0.6032 -0.7369
vn 0.4612 0.5575 0.6903
vn 0.3264 0.5221 0.7880
vn -0.4705 -0.5318 -0.7041
vn 0.4705 -0.5318 -0.7041
vn 0.1620 0.5575 0.8142
vn 0.3177 0.5575 0.7670
vn -0.3241 -0.5318 -0.7824
vn 0.5988 -0.5318 -0.5988
vn -0.0000 0.5221 0.8529
vn 0.1664 0.5221 0.8365
vn -0.0000 -0.5318 -0.8468
vn -0.1652 -0.5319 -0.8306
vn -0.6031 0.5221 -0.6031
vn -0.7091 0.5221 -0.4738
vn -0.7880 0.5221 -0.3264
vn -0.8365 0.5221 -0.1664
vn -0.8365 0.5221 0.1664
vn -0.7880 0.5221 0.3264
vn -0.6031 0.5221 0.6031
vn -0.4738 0.5221 0.7091
vn -0.3264 0.5221 0.7880
vn -0.3241 -0.5318 0.7824
vn -0.1664 0.5221 0.8365
vn -0.1652 -0.5319 0.8306
vn -0.0000 -0.5318 0.8469
vn 0.1652 -0.5319 0.8306
vn 0.3241 -0.5318 0.7824
vn 0.4705 -0.5319 0.7041
vn 0.5988 -0.5318 0.5988
vn 0.7041 -0.5318 0.4705
vn 0.7824 -0.5319 0.3241
vn 0.8306 -0.5318 0.1652
vn 0.8469 -0.5318 -0.0000
vn 0.8306 -0.5318 -0.1652
vn 0.7824 -0.5319 -0.3241
vn 0.7041 -0.5318 -0.4705
vn 0.3264 0.5221 -0.7880
vn 0.1664 0.5221 -0.8365
vn 0.3177 0.5575 -0.7670
vn -0.5870 0.5575 -0.5870
vn 0.1620 0.5575 -0.8142
vn -0.6903 0.5575 -0.4612
vn -0.0000 0.5575 -0.8302
vn -0.7670 0.5575 -0.3177
vn -0.8142 0.5575 -0.1620
vn -0.8529 0.5221 -0.0000
vn -0.8302 0.5575 -0.0000
vn -0.8142 0.5575 0.1620
vn -0.7670 0.5575 0.3177
vn -0.6903 0.5575 0.4612
vn -0.7091 0.5221 0.4738
vn -0.5870 0.5575 0.5870
vn 0.7822 -0.6032 0.1556
vn -0.4612 0.5575 0.6903
vn -0.3177 0.5575 0.7670
vn 0.7369 -0.6032 -0.3052
vn -0.1620 0.5575 0.8142
vn -0.1556 -0.6032 -0.7822
vn -0.0000 0.5575 0.8302
vn -0.1603 -0.5696 -0.8061
vn -0.3145 -0.5696 -0.7594
vn -0.4566 -0.5696 -0.6834
vn -0.5812 -0.5696 -0.5812
vn -0.6834 -0.5696 -0.4566
vn -0.7594 -0.5696 -0.3145
vn -0.8061 -0.5696 -0.1604
vn -0.8061 -0.5696 0.1603
vn -0.7594 -0.5696 0.3145
vn -0.6834 -0.5696 0.4567
vn -0.5812 -0.5696 0.5812
vn -0.3145 -0.5696 0.7594
vn -0.1604 -0.5696 0.8061
vn -0.0000 -0.5696 0.8219
vn 0.1603 -0.5696 0.8061
vn 0.3145 -0.5696 0.7594
vn 0.4566 -0.5696 0.6834
vn 0.5812 -0.5696 0.5812
vn 0.6834 -0.5696 0.4566
vn 0.7594 -0.5696 0.3145
vn 0.8219 -0.5696 -0.0000
vn 0.8061 -0.5696 -0.1603
vn 0.7594 -0.5696 -0.3145
vn 0.6834 -0.5696 -0.4566
vn 0.4566 -0.5696 -0.6834
vn 0.3145 -0.5696 -0.7594
vn 0.1604 -0.5696 -0.8061
vn -0.0000 -0.5696 -0.8219
vn -0.0000 -0.5199 -0.8542
vn -0.3269 -0.5199 -0.7892
vn -0.6040 -0.5199 -0.6040
vn -0.7103 -0.5199 -0.4746
vn -0.7892 -0.5199 -0.3269
vn -0.8542 -0.5199 -0.0000
vn -0.8219 -0.5696 -0.0000
vn -0.7892 -0.5199 0.3269
vn -0.7103 -0.5199 0.4746
vn -0.4746 -0.5199 0.7103
vn -0.4566 -0.5696 0.6834
vn -0.3269 -0.5199 0.7892
vn -0.0000 -0.5199 0.8542
vn 0.3269 -0.5199 0.7892
vn 0.4746 -0.5199 0.7103
vn 0.7103 -0.5199 0.4746
vn 0.8061 -0.5696 0.1603
vn 0.7892 -0.5199 0.3269
vn 0.8542 -0.5199 -0.0000
vn 0.7892 -0.5199 -0.3269
vn 0.6040 -0.5199 -0.6040
vn 0.5812 -0.5696 -0.5812
vn 0.4746 -0.5199 -0.7103
vn 0.3269 -0.5199 -0.7892
vn -0.1870 -0.2856 -0.9399
vn -0.1667 -0.5199 -0.8378
vn -0.3667 -0.2856 -0.8854
vn -0.5324 -0.2856 -0.7968
vn -0.4746 -0.5199 -0.7103
vn -0.6777 -0.2856 -0.6777
vn -0.7968 -0.2856 -0.5324
vn -0.9399 -0.2856 -0.1870
vn -0.8378 -0.5199 -0.1666
vn -0.9584 -0.2856 -0.0000
vn -0.9399 -0.2856 0.1870
vn -0.8378 -0.5199 0.1667
vn -0.8854 -0.2856 0.3667
vn -0.7968 -0.2856 0.5324
vn -0.6040 -0.5199 0.6040
vn -0.5324 -0.2856 0.7968
vn -0.1870 -0.2856 0.9399
vn -0.1666 -0.5199 0.8378
vn -0.0000 -0.2856 0.9584
vn 0.1870 -0.2856 0.9399
vn 0.1667 -0.5199 0.8378
vn 0.3667 -0.2856 0.8854
vn 0.6777 -0.2856 0.6777
vn 0.6040 -0.5199 0.6040
vn 0.7968 -0.2856 0.5324
vn 0.8854 -0.2856 0.3667
vn 0.9399 -0.2856 0.1870
vn 0.8378 -0.5199 0.1666
vn 0.9584 -0.2856 -0.0000
vn 0.9399 -0.2856 -0.1870
vn 0.8378 -0.5199 -0.1667
vn 0.8854 -0.2856 -0.3667
vn 0.7968 -0.2856 -0.5324
vn 0.7103 -0.5199 -0.4746
vn 0.5324 -0.2856 -0.7968
vn 0.3667 -0.2856 -0.8854
vn 0.1870 -0.2856 -0.9399
vn 0.1666 -0.5199 -0.8378
vn -0.0000 -0.2856 -0.9584
vn -0.1450 -0.6691 -0.7289
vn -0.4129 -0.6691 -0.6179
vn -0.6179 -0.6691 -0.4129
vn -0.6866 -0.6691 -0.2844
vn -0.8854 -0.2856 -0.3667
vn -0.7289 -0.6691 -0.1450
vn -0.7431 -0.6691 -0.0000
vn -0.7289 -0.6691 0.1450
vn -0.6179 -0.6691 0.4129
vn -0.6777 -0.2856 0.6777
vn -0.4129 -0.6691 0.6179
vn -0.3667 -0.2856 0.8854
vn -0.1450 -0.6691 0.7289
vn -0.0000 -0.6691 0.7431
vn 0.1450 -0.6691 0.7289
vn 0.2844 -0.6691 0.6866
vn 0.4129 -0.6691 0.6179
vn 0.5324 -0.2856 0.7968
vn 0.5255 -0.6691 0.5255
vn 0.6866 -0.6691 0.2844
vn 0.7431 -0.6691 -0.0000
vn 0.7289 -0.6691 -0.1450
vn 0.6179 -0.6691 -0.4129
vn 0.6777 -0.2856 -0.6777
vn 0.4129 -0.6691 -0.6179
vn 0.1450 -0.6691 -0.7289
vn -0.0000 -0.6691 -0.7431
vn -0.1047 -0.8438 -0.5263
vn -0.2844 -0.6691 -0.6866
vn -0.2982 -0.8438 -0.4462
vn -0.5255 -0.6691 -0.5255
vn -0.4462 -0.8438 -0.2982
vn -0.4958 -0.8438 -0.2054
vn -0.5263 -0.8438 -0.1047
vn -0.5367 -0.8438 -0.0000
vn -0.5263 -0.8438 0.1047
vn -0.6866 -0.6691 0.2844
vn -0.4462 -0.8438 0.2982
vn -0.5255 -0.6691 0.5255
vn -0.2982 -0.8438 0.4462
vn -0.2054 -0.8438 0.4958
vn -0.2844 -0.6691 0.6866
vn -0.1047 -0.8438 0.5263
vn -0.0000 -0.8438 0.5367
vn 0.1047 -0.8438 0.5263
vn 0.2054 -0.8438 0.4958
vn 0.3795 -0.8438 0.3795
vn 0.4462 -0.8438 0.2982
vn 0.6179 -0.6691 0.4129
vn 0.4958 -0.8438 0.2054
vn 0.5263 -0.8438 0.1047
vn 0.7289 -0.6691 0.1450
vn 0.5263 -0.8438 -0.1047
vn 0.6866 -0.6691 -0.2844
vn 0.4462 -0.8438 -0.2982
vn 0.5255 -0.6691 -0.5255
vn 0.2982 -0.8438 -0.4462
vn 0.2844 -0.6691 -0.6866
vn 0.1047 -0.8438 -0.5263
vn -0.0000 -0.8438 -0.5367
vn -0.2054 -0.8438 -0.4958
vn -0.3795 -0.8438 -0.3795
vn -0.4958 -0.8438 0.2054
vn -0.3795 -0.8438 0.3795
vn 0.2982 -0.8438 0.4462
vn 0.5367 -0.8438 -0.0000
vn 0.4958 -0.8438 -0.2054
vn 0.3795 -0.8438 -0.3795
vn 0.2054 -0.8438 -0.4958
vn 0.4290 -0.8566 0.2866
vn 0.5176 -0.6813 0.5176
vn 0.3648 -0.8566 0.3648
vn -0.1358 -0.9349 0.3279
vn -0.2866 -0.8566 0.4290
vn -0.3648 -0.8566 -0.3648
vn -0.2510 -0.9349 -0.2510
vn 0.4767 -0.8566 -0.1974
vn 0.3279 -0.9349 -0.1358
vn 0.1358 -0.9349 0.3279
vn 0.1007 -0.8566 0.5060
vn -0.5060 -0.8566 0.1007
vn -0.5159 -0.8566 -0.0000
vn 0.1358 -0.9349 -0.3279
vn 0.1007 -0.8566 -0.5060
vn 0.1974 -0.8566 -0.4767
vn -0.3648 -0.8566 0.3648
vn -0.2866 -0.8566 -0.4290
vn 0.5060 -0.8566 -0.1007
vn -0.0000 -0.8566 0.5159
vn -0.5060 -0.8566 -0.1007
vn 0.2866 -0.8566 -0.4290
vn -0.4290 -0.8566 0.2866
vn -0.1974 -0.8566 -0.4767
vn 0.5159 -0.8566 -0.0000
vn -0.1007 -0.8566 0.5060
vn -0.4767 -0.8566 -0.1974
vn -0.3279 -0.9349 -0.1358
vn 0.3648 -0.8566 -0.3648
vn 0.2866 -0.8566 0.4290
vn -0.4767 -0.8566 0.1974
vn -0.1007 -0.8566 -0.5060
vn 0.5060 -0.8566 0.1007
vn -0.1974 -0.8566 0.4767
vn -0.4290 -0.8566 -0.2866
vn 0.4290 -0.8566 -0.2866
vn 0.1974 -0.8566 0.4767
vn -0.0000 -0.8566 -0.5159
vn 0.1428 -0.6813 0.7179
vn 0.2958 -0.6346 0.7140
vn 0.1508 -0.6346 0.7580
vn -0.7179 -0.6813 -0.1428
vn -0.6763 -0.6813 -0.2801
vn 0.4067 -0.6813 0.6086
vn -0.6086 -0.6813 -0.4067
vn 0.2801 -0.6813 0.6763
vn 0.1428 -0.6813 -0.7180
vn -0.5176 -0.6813 -0.5176
vn 0.2801 -0.6813 -0.6763
vn -0.4067 -0.6813 -0.6086
vn -0.0000 -0.6813 0.7320
vn 0.4067 -0.6813 -0.6086
vn -0.2801 -0.6813 -0.6763
vn -0.1428 -0.6813 0.7180
vn 0.5176 -0.6813 -0.5176
vn -0.1428 -0.6813 -0.7179
vn -0.2801 -0.6813 0.6763
vn 0.6086 -0.6813 -0.4067
vn -0.0000 -0.6813 -0.7320
vn -0.4067 -0.6813 0.6086
vn 0.6763 -0.6813 -0.2801
vn -0.5176 -0.6813 0.5176
vn 0.7180 -0.6813 -0.1428
vn -0.6086 -0.6813 0.4067
vn 0.7320 -0.6813 -0.0000
vn -0.6763 -0.6813 0.2801
vn 0.7179 -0.6813 0.1428
vn -0.7179 -0.6813 0.1428
vn 0.6763 -0.6813 0.2801
vn -0.7320 -0.6813 -0.0000
vn 0.6086 -0.6813 0.4067
vn -0.1508 -0.6346 0.7580
vn -0.2366 -0.7861 0.5711
vn -0.2958 -0.6346 0.7140
vn 0.2958 -0.6346 -0.7140
vn -0.4294 -0.6346 -0.6426
vn -0.0000 -0.6346 0.7729
vn 0.4294 -0.6346 -0.6426
vn -0.2958 -0.6346 -0.7140
vn 0.5465 -0.6346 -0.5465
vn -0.1508 -0.6346 -0.7580
vn 0.6426 -0.6346 -0.4294
vn -0.0000 -0.6346 -0.7729
vn -0.4294 -0.6346 0.6426
vn 0.7140 -0.6346 -0.2958
vn -0.5465 -0.6346 0.5465
vn 0.7580 -0.6346 -0.1508
vn -0.6426 -0.6346 0.4294
vn 0.7729 -0.6346 -0.0000
vn -0.7140 -0.6346 0.2958
vn 0.7580 -0.6346 0.1508
vn -0.7580 -0.6346 0.1508
vn 0.7140 -0.6346 0.2958
vn -0.7729 -0.6346 -0.0000
vn 0.6426 -0.6346 0.4294
vn -0.7580 -0.6346 -0.1508
vn 0.5465 -0.6346 0.5465
vn -0.7140 -0.6346 -0.2958
vn 0.4294 -0.6346 0.6426
vn -0.6426 -0.6346 -0.4294
vn 0.1508 -0.6346 -0.7580
vn -0.5465 -0.6346 -0.5465
vn -0.4371 -0.7861 0.4371
vn -0.3104 -0.9277 0.2074
vn -0.5140 -0.7861 0.3434
vn 0.4371 -0.7861 -0.4371
vn 0.5140 -0.7861 -0.3434
vn -0.0000 -0.7861 -0.6181
vn -0.3434 -0.7861 0.5140
vn 0.5711 -0.7861 -0.2366
vn 0.6063 -0.7861 -0.1206
vn 0.6182 -0.7861 -0.0000
vn -0.5711 -0.7861 0.2366
vn 0.6063 -0.7861 0.1206
vn -0.6063 -0.7861 0.1206
vn 0.5711 -0.7861 0.2366
vn -0.6182 -0.7861 -0.0000
vn 0.5140 -0.7861 0.3434
vn -0.6063 -0.7861 -0.1206
vn 0.4371 -0.7861 0.4371
vn -0.5711 -0.7861 -0.2366
vn 0.3434 -0.7861 0.5140
vn -0.5140 -0.7861 -0.3434
vn 0.2366 -0.7861 0.5711
vn 0.1206 -0.7861 -0.6063
vn -0.4371 -0.7861 -0.4371
vn 0.1206 -0.7861 0.6063
vn 0.2366 -0.7861 -0.5711
vn -0.3434 -0.7861 -0.5140
vn -0.0000 -0.7861 0.6182
vn 0.3434 -0.7861 -0.5140
vn -0.2366 -0.7861 -0.5711
vn -0.1206 -0.7861 0.6063
vn -0.1206 -0.7861 -0.6063
vn -0.3734 -0.9277 -0.0000
vn -0.5315 -0.8404 0.1057
vn -0.5419 -0.8404 -0.0000
vn 0.3662 -0.9277 -0.0728
vn 0.3733 -0.9277 -0.0000
vn -0.3449 -0.9277 0.1429
vn 0.3662 -0.9277 0.0728
vn -0.3662 -0.9277 0.0728
vn 0.3449 -0.9277 0.1429
vn 0.3104 -0.9277 0.2074
vn -0.3662 -0.9277 -0.0728
vn 0.2640 -0.9277 0.2640
vn -0.3449 -0.9277 -0.1429
vn 0.2074 -0.9277 0.3104
vn -0.3104 -0.9277 -0.2074
vn 0.1429 -0.9277 0.3449
vn 0.0728 -0.9277 -0.3662
vn -0.2640 -0.9277 -0.2640
vn 0.0728 -0.9277 0.3662
vn 0.1429 -0.9277 -0.3449
vn -0.2074 -0.9277 -0.3104
vn -0.0000 -0.9277 0.3733
vn 0.2074 -0.9277 -0.3104
vn -0.1429 -0.9277 -0.3449
vn -0.0728 -0.9277 0.3662
vn 0.2640 -0.9277 -0.2640
vn -0.0728 -0.9277 -0.3662
vn -0.1429 -0.9277 0.3449
vn 0.3104 -0.9277 -0.2074
vn -0.0000 -0.9277 -0.3733
vn -0.2074 -0.9277 0.3104
vn 0.3449 -0.9277 -0.1429
vn -0.2640 -0.9277 0.2640
vn -0.5007 -0.8404 -0.2074
vn -0.7891 -0.3152 -0.5273
vn -0.4506 -0.8404 -0.3011
vn 0.4506 -0.8404 0.3011
vn -0.5315 -0.8404 -0.1057
vn 0.3832 -0.8404 0.3832
vn 0.3011 -0.8404 0.4506
vn 0.2074 -0.8404 0.5007
vn 0.1057 -0.8404 -0.5315
vn -0.3832 -0.8404 -0.3832
vn 0.1057 -0.8404 0.5315
vn 0.2074 -0.8404 -0.5007
vn -0.3011 -0.8404 -0.4506
vn -0.0000 -0.8404 0.5419
vn 0.3011 -0.8404 -0.4506
vn -0.2074 -0.8404 -0.5007
vn -0.1057 -0.8404 0.5315
vn 0.3832 -0.8404 -0.3832
vn -0.1057 -0.8404 -0.5315
vn -0.2074 -0.8404 0.5007
vn 0.4506 -0.8404 -0.3011
vn -0.0000 -0.8404 -0.5419
vn -0.3011 -0.8404 0.4506
vn 0.5007 -0.8404 -0.2074
vn -0.3832 -0.8404 0.3832
vn 0.5315 -0.8404 -0.1057
vn -0.4506 -0.8404 0.3011
vn 0.5419 -0.8404 -0.0000
vn -0.5007 -0.8404 0.2074
vn 0.5315 -0.8404 0.1057
vn 0.5007 -0.8404 0.2074
vn -0.3632 -0.3152 -0.8768
vn -0.5171 0.3658 -0.7738
vn -0.3562 0.3658 -0.8598
vn 0.5272 -0.3152 0.7891
vn 0.3632 -0.3152 0.8768
vn 0.1851 -0.3152 -0.9308
vn -0.6711 -0.3152 -0.6711
vn 0.1851 -0.3152 0.9308
vn 0.3632 -0.3152 -0.8768
vn -0.5273 -0.3152 -0.7891
vn -0.0000 -0.3152 0.9490
vn 0.5273 -0.3152 -0.7891
vn -0.1851 -0.3152 0.9308
vn 0.6711 -0.3152 -0.6711
vn -0.1851 -0.3152 -0.9308
vn -0.3632 -0.3152 0.8768
vn 0.7891 -0.3152 -0.5272
vn -0.0000 -0.3152 -0.9490
vn -0.5272 -0.3152 0.7891
vn 0.8768 -0.3152 -0.3632
vn -0.6711 -0.3152 0.6711
vn 0.9308 -0.3152 -0.1851
vn -0.7891 -0.3152 0.5272
vn 0.9490 -0.3152 -0.0000
vn -0.8768 -0.3152 0.3632
vn 0.9308 -0.3152 0.1851
vn -0.9308 -0.3152 0.1851
vn 0.8768 -0.3152 0.3632
vn -0.9490 -0.3152 -0.0000
vn 0.7891 -0.3152 0.5272
vn -0.9308 -0.3152 -0.1851
vn 0.6711 -0.3152 0.6711
vn -0.8768 -0.3152 -0.3632
vn -0.5171 0.3658 0.7738
vn -0.2550 0.9327 0.2550
vn -0.6581 0.3658 0.6581
vn -0.1816 0.3658 0.9128
vn 0.6581 0.3658 -0.6581
vn -0.1816 0.3658 -0.9128
vn -0.3562 0.3658 0.8598
vn 0.7738 0.3658 -0.5171
vn -0.0000 0.3658 -0.9307
vn 0.8598 0.3658 -0.3562
vn 0.9128 0.3658 -0.1816
vn -0.7738 0.3658 0.5171
vn 0.9307 0.3658 -0.0000
vn -0.8598 0.3658 0.3562
vn 0.9128 0.3658 0.1816
vn -0.9128 0.3658 0.1816
vn 0.8598 0.3658 0.3562
vn -0.9307 0.3658 -0.0000
vn 0.7738 0.3658 0.5171
vn -0.9128 0.3658 -0.1816
vn 0.6581 0.3658 0.6581
vn -0.8598 0.3658 -0.3562
vn 0.5171 0.3658 0.7738
vn -0.7738 0.3658 -0.5171
vn 0.3562 0.3658 0.8598
vn 0.1816 0.3658 -0.9128
vn -0.6581 0.3658 -0.6581
vn 0.1816 0.3658 0.9128
vn 0.3562 0.3658 -0.8598
vn -0.0000 0.3658 0.9307
vn 0.5171 0.3658 -0.7738
vn -0.3537 0.9327 0.0703
vn 0.2839 0.9516 -0.1176
vn 0.3014 0.9516 -0.0600
vn 0.3537 0.9327 -0.0703
vn -0.2998 0.9327 0.2003
vn 0.3606 0.9327 -0.0000
vn -0.3331 0.9327 0.1380
vn 0.3537 0.9327 0.0703
vn 0.3331 0.9327 0.1380
vn -0.3606 0.9327 -0.0000
vn 0.2998 0.9327 0.2003
vn -0.3537 0.9327 -0.0703
vn 0.2550 0.9327 0.2550
vn -0.3331 0.9327 -0.1380
vn 0.2003 0.9327 0.2998
vn -0.2998 0.9327 -0.2003
vn 0.1380 0.9327 0.3331
vn 0.0703 0.9327 -0.3537
vn -0.2550 0.9327 -0.2550
vn 0.0703 0.9327 0.3536
vn 0.1380 0.9327 -0.3331
vn -0.2003 0.9327 -0.2998
vn -0.0000 0.9327 0.3606
vn 0.2003 0.9327 -0.2998
vn -0.1380 0.9327 -0.3331
vn -0.0703 0.9327 0.3537
vn 0.2550 0.9327 -0.2550
vn -0.0703 0.9327 -0.3536
vn -0.1380 0.9327 0.3331
vn 0.2998 0.9327 -0.2003
vn -0.0000 0.9327 -0.3606
vn -0.2003 0.9327 0.2998
vn 0.3331 0.9327 -0.1380
vn 0.3014 0.9516 0.0600
vn 0.5586 0.7965 0.2314
vn 0.2839 0.9516 0.1176
vn -0.2839 0.9516 -0.1176
vn 0.3073 0.9516 -0.0000
vn -0.2555 0.9516 -0.1707
vn -0.2173 0.9516 -0.2173
vn -0.1707 0.9516 -0.2555
vn 0.2555 0.9516 0.1707
vn -0.1176 0.9516 -0.2839
vn -0.0600 0.9516 0.3014
vn 0.2173 0.9516 0.2173
vn -0.0600 0.9516 -0.3014
vn -0.1176 0.9516 0.2839
vn 0.1707 0.9516 0.2555
vn -0.0000 0.9516 -0.3073
vn -0.1707 0.9516 0.2555
vn 0.1176 0.9516 0.2839
vn 0.0600 0.9516 -0.3014
vn -0.2173 0.9516 0.2173
vn 0.0600 0.9516 0.3014
vn 0.1176 0.9516 -0.2839
vn -0.2555 0.9516 0.1707
vn -0.0000 0.9516 0.3073
vn 0.1707 0.9516 -0.2555
vn -0.2839 0.9516 0.1176
vn 0.2173 0.9516 -0.2173
vn -0.3014 0.9516 0.0600
vn 0.2555 0.9516 -0.1707
vn -0.3073 0.9516 -0.0000
vn -0.3014 0.9516 -0.0600
vn -0.1180 0.7965 0.5931
vn -0.2209 0.8166 0.5333
vn -0.2314 0.7965 0.5586
vn -0.3359 0.7965 -0.5028
vn 0.5028 0.7965 0.3359
vn -0.2314 0.7965 -0.5586
vn -0.0000 0.7965 0.6047
vn 0.4276 0.7965 0.4276
vn -0.1180 0.7965 -0.5931
vn 0.3359 0.7965 0.5028
vn -0.0000 0.7965 -0.6047
vn -0.3359 0.7965 0.5028
vn 0.2314 0.7965 0.5586
vn 0.1180 0.7965 -0.5931
vn -0.4276 0.7965 0.4276
vn 0.1180 0.7965 0.5931
vn 0.2314 0.7965 -0.5586
vn -0.5028 0.7965 0.3359
vn 0.3359 0.7965 -0.5028
vn -0.5586 0.7965 0.2314
vn 0.4276 0.7965 -0.4276
vn -0.5931 0.7965 0.1180
vn 0.5028 0.7965 -0.3359
vn -0.6047 0.7965 -0.0000
vn 0.5586 0.7965 -0.2314
vn -0.5931 0.7965 -0.1180
vn 0.5931 0.7965 -0.1180
vn -0.5586 0.7965 -0.2314
vn 0.6047 0.7965 -0.0000
vn -0.5028 0.7965 -0.3359
vn 0.5931 0.7965 0.1180
vn -0.4276 0.7965 -0.4276
vn -0.4082 0.8166 0.4082
vn -0.3863 0.8855 0.2581
vn -0.4800 0.8166 0.3207
vn 0.3207 0.8166 0.4800
vn -0.0000 0.8166 -0.5773
vn -0.3207 0.8166 0.4800
vn 0.2209 0.8166 0.5333
vn 0.1126 0.8166 -0.5662
vn 0.1126 0.8166 0.5662
vn 0.2209 0.8166 -0.5333
vn -0.0000 0.8166 0.5773
vn 0.3207 0.8166 -0.4800
vn -0.5333 0.8166 0.2209
vn 0.4082 0.8166 -0.4082
vn -0.5662 0.8166 0.1126
vn 0.4800 0.8166 -0.3207
vn -0.5773 0.8166 -0.0000
vn 0.5333 0.8166 -0.2209
vn -0.5662 0.8166 -0.1126
vn 0.5662 0.8166 -0.1126
vn -0.5333 0.8166 -0.2209
vn 0.5773 0.8166 -0.0000
vn -0.4800 0.8166 -0.3207
vn 0.5662 0.8166 0.1126
vn -0.4082 0.8166 -0.4082
vn 0.5333 0.8166 0.2209
vn -0.3207 0.8166 -0.4800
vn 0.4800 0.8166 0.3207
vn -0.2209 0.8166 -0.5333
vn -0.1126 0.8166 0.5662
vn 0.4082 0.8166 0.4082
vn -0.1126 0.8166 -0.5662
vn -0.4557 0.8855 0.0906
vn -0.2986 0.9544 -0.0000
vn -0.4646 0.8855 -0.0000
vn -0.0000 0.8855 0.4646
vn 0.2581 0.8855 -0.3863
vn -0.4292 0.8855 0.1778
vn 0.3285 0.8855 -0.3285
vn 0.3863 0.8855 -0.2581
vn 0.4292 0.8855 -0.1778
vn -0.4557 0.8855 -0.0906
vn 0.4557 0.8855 -0.0906
vn -0.4292 0.8855 -0.1778
vn 0.4646 0.8855 -0.0000
vn -0.3863 0.8855 -0.2581
vn 0.4557 0.8855 0.0906
vn -0.3285 0.8855 -0.3285
vn 0.4292 0.8855 0.1778
vn -0.2581 0.8855 -0.3863
vn 0.3863 0.8855 0.2581
vn -0.1778 0.8855 -0.4292
vn -0.0906 0.8855 0.4557
vn 0.3285 0.8855 0.3285
vn -0.0906 0.8855 -0.4557
vn -0.1778 0.8855 0.4292
vn 0.2581 0.8855 0.3863
vn -0.0000 0.8855 -0.4646
vn -0.2581 0.8855 0.3863
vn 0.1778 0.8855 0.4292
vn 0.0906 0.8855 -0.4557
vn -0.3285 0.8855 0.3285
vn 0.0906 0.8855 0.4557
vn 0.1778 0.8855 -0.4292
vn -0.2759 0.9544 -0.1143
vn -0.0662 0.9968 -0.0447
vn -0.2483 0.9544 -0.1659
vn 0.2759 0.9544 -0.1143
vn -0.2929 0.9544 -0.0583
vn 0.2929 0.9544 -0.0583
vn 0.2986 0.9544 -0.0000
vn 0.2929 0.9544 0.0583
vn -0.2112 0.9544 -0.2112
vn 0.2759 0.9544 0.1143
vn -0.1659 0.9544 -0.2483
vn 0.2483 0.9544 0.1659
vn -0.1143 0.9544 -0.2759
vn -0.0000 0.9544 0.2986
vn -0.0583 0.9544 0.2929
vn 0.2112 0.9544 0.2112
vn -0.0583 0.9544 -0.2929
vn -0.1143 0.9544 0.2759
vn 0.1659 0.9544 0.2483
vn -0.0000 0.9544 -0.2986
vn -0.1659 0.9544 0.2483
vn 0.1143 0.9544 0.2759
vn 0.0583 0.9544 -0.2929
vn -0.2112 0.9544 0.2112
vn 0.0583 0.9544 0.2929
vn 0.1143 0.9544 -0.2759
vn -0.2483 0.9544 0.1659
vn 0.1659 0.9544 -0.2483
vn -0.2759 0.9544 0.1143
vn 0.2112 0.9544 -0.2112
vn -0.2929 0.9544 0.0583
vn 0.2483 0.9544 -0.1659
vn 0.0301 0.9969 0.0731
vn -0.0214 0.9984 -0.0530
vn 0.0152 0.9969 0.0778
vn 0.0795 0.9968 0.0002
vn 0.0784 0.9968 0.0152
vn -0.0564 0.9968 -0.0561
vn 0.0741 0.9968 0.0307
vn -0.0443 0.9968 -0.0660
vn 0.0662 0.9968 0.0447
vn -0.0301 0.9969 -0.0732
vn -0.0001 0.9968 0.0793
vn -0.0151 0.9968 0.0781
vn 0.0564 0.9968 0.0561
vn -0.0152 0.9969 -0.0778
vn -0.0306 0.9968 0.0739
vn 0.0443 0.9968 0.0660
vn 0.0001 0.9968 -0.0793
vn -0.0446 0.9968 0.0660
vn 0.0151 0.9968 -0.0781
vn -0.0560 0.9968 0.0561
vn 0.0306 0.9968 -0.0739
vn -0.0658 0.9969 0.0443
vn 0.0446 0.9968 -0.0660
vn -0.0730 0.9969 0.0305
vn 0.0560 0.9968 -0.0561
vn -0.0780 0.9968 0.0154
vn 0.0658 0.9969 -0.0443
vn -0.0795 0.9968 -0.0002
vn 0.0730 0.9969 -0.0305
vn -0.0784 0.9968 -0.0152
vn 0.0780 0.9968 -0.0154
vn -0.0741 0.9968 -0.0307
vn -0.0311 0.9985 -0.0450
vn -0.0407 0.9986 -0.0332
vn -0.0479 0.9987 -0.0198
vn -0.0522 0.9986 -0.0053
vn -0.0538 0.9985 0.0098
vn -0.0526 0.9984 0.0223
vn -0.0084 0.9985 -0.0544
vn -0.0175 0.9988 -0.0452
vn -0.0270 0.9991 -0.0314
vn -0.0356 0.9993 -0.0147
vn -0.0413 0.9991 0.0032
vn -0.0443 0.9988 0.0196
vn -0.0444 0.9985 0.0325
vn 0.0064 0.9986 -0.0530
vn -0.0014 0.9991 -0.0424
vn -0.0100 0.9996 -0.0268
vn -0.0182 0.9998 -0.0075
vn -0.0260 0.9996 0.0119
vn -0.0310 0.9991 0.0290
vn -0.0329 0.9986 0.0420
vn 0.0203 0.9986 -0.0489
vn 0.0154 0.9992 -0.0372
vn 0.0081 0.9998 -0.0196
vn -0.0081 0.9998 0.0196
vn -0.0154 0.9992 0.0372
vn -0.0203 0.9986 0.0489
vn 0.0329 0.9986 -0.0420
vn 0.0310 0.9991 -0.0290
vn 0.0260 0.9996 -0.0119
vn 0.0100 0.9996 0.0268
vn 0.0182 0.9998 0.0075
vn 0.0014 0.9991 0.0424
vn -0.0064 0.9986 0.0530
vn 0.0444 0.9985 -0.0325
vn 0.0443 0.9988 -0.0196
vn 0.0413 0.9991 -0.0032
vn 0.0270 0.9991 0.0314
vn 0.0356 0.9993 0.0147
vn 0.0175 0.9988 0.0452
vn 0.0084 0.9985 0.0544
vn 0.0526 0.9984 -0.0223
vn 0.0538 0.9985 -0.0098
vn 0.0522 0.9986 0.0053
vn 0.0407 0.9986 0.0332
vn 0.0479 0.9987 0.0198
vn 0.0311 0.9985 0.0450
vn 0.0214 0.9984 0.0530
vn 0.1951 -0.0000 -0.9808
vn 0.3827 -0.0000 -0.9239
vn 0.5556 -0.0000 -0.8315
vn 0.7071 -0.0000 -0.7071
vn 0.8315 -0.0000 -0.5556
vn 0.9239 -0.0000 -0.3827
vn 0.9808 -0.0000 -0.1951
vn 1.0000 -0.0000 -0.0000
vn 0.9808 -0.0000 0.1951
vn 0.9239 -0.0000 0.3827
vn 0.8315 -0.0000 0.5556
vn 0.7071 -0.0000 0.7071
vn 0.5556 -0.0000 0.8315
vn 0.3827 -0.0000 0.9239
vn 0.1951 -0.0000 0.9808
vn -0.1951 -0.0000 0.9808
vn -0.3827 -0.0000 0.9239
vn -0.5556 -0.0000 0.8315
vn -0.7071 -0.0000 0.7071
vn -0.8315 -0.0000 0.5556
vn -0.9239 -0.0000 0.3827
vn -0.9808 -0.0000 0.1951
vn -1.0000 -0.0000 -0.0000
vn -0.9808 -0.0000 -0.1951
vn -0.9239 -0.0000 -0.3827
vn -0.8315 -0.0000 -0.5556
vn -0.7071 -0.0000 -0.7071
vn -0.5556 -0.0000 -0.8315
vn -0.3827 -0.0000 -0.9239
vn -0.1951 -0.0000 -0.9808
vn 0.4692 0.5355 -0.7022
vn 0.7802 0.5355 -0.3232
vn 0.8445 0.5355 -0.0000
vn 0.7022 0.5355 0.4692
vn 0.3232 0.5355 0.7802
vn -0.0000 0.5355 0.8445
vn -0.3232 0.5355 0.7802
vn -0.7022 0.5355 -0.4692
vn -0.3232 0.5355 -0.7802
vn -0.0003 -0.9376 -0.3477
vn 0.0649 -0.9449 -0.3207
vn -0.0017 -0.9458 -0.3246
vn 0.0680 -0.9377 -0.3408
vn 0.1253 -0.9449 -0.3024
vn 0.1929 -0.9377 -0.2890
vn 0.1809 -0.9449 -0.2727
vn 0.2460 -0.9376 -0.2456
vn 0.2308 -0.9458 -0.2283
vn 0.2720 -0.9454 -0.1796
vn 0.3203 -0.9380 -0.1326
vn 0.2994 -0.9461 -0.1236
vn 0.3202 -0.9450 -0.0666
vn 0.3478 -0.9376 -0.0005
vn 0.3269 -0.9450 -0.0027
vn 0.3415 -0.9374 0.0681
vn 0.3203 -0.9451 0.0647
vn 0.3012 -0.9454 0.1248
vn 0.2897 -0.9374 0.1934
vn 0.2722 -0.9451 0.1808
vn 0.2292 -0.9450 0.2331
vn 0.2455 -0.9376 0.2463
vn 0.1794 -0.9450 0.2735
vn 0.1327 -0.9380 0.3203
vn 0.1243 -0.9461 0.2991
vn 0.0653 -0.9454 0.3193
vn 0.0003 -0.9376 0.3477
vn 0.0017 -0.9458 0.3246
vn -0.0649 -0.9449 0.3207
vn -0.0680 -0.9377 0.3408
vn -0.1253 -0.9449 0.3024
vn -0.1929 -0.9377 0.2890
vn -0.1809 -0.9449 0.2727
vn -0.2460 -0.9376 0.2456
vn -0.2308 -0.9458 0.2283
vn -0.2701 -0.9458 0.1801
vn -0.3151 -0.9400 0.1305
vn -0.2951 -0.9477 0.1218
vn -0.3193 -0.9454 0.0650
vn -0.3478 -0.9376 0.0005
vn -0.3269 -0.9450 0.0027
vn -0.3415 -0.9374 -0.0681
vn -0.3203 -0.9451 -0.0647
vn -0.3012 -0.9454 -0.1248
vn -0.2897 -0.9374 -0.1934
vn -0.2722 -0.9451 -0.1808
vn -0.2292 -0.9450 -0.2331
vn -0.2455 -0.9376 -0.2463
vn -0.1794 -0.9450 -0.2735
vn -0.1327 -0.9380 -0.3203
vn -0.1243 -0.9461 -0.2991
vn 0.4208 -0.8903 0.1743
vn 0.3213 -0.9376 0.1331
vn -0.0653 -0.9454 -0.3193
vn -0.1771 0.4184 -0.8908
vn -0.0000 -0.0021 -1.0000
vn -0.1951 -0.0021 -0.9808
vn -0.3827 -0.0021 -0.9239
vn -0.5047 0.4184 -0.7552
vn -0.5556 -0.0021 -0.8315
vn -0.7071 -0.0021 -0.7071
vn -0.7551 0.4186 -0.5046
vn -0.8315 -0.0021 -0.5556
vn -0.9239 -0.0021 -0.3827
vn -0.8907 0.4186 -0.1771
vn -0.9808 -0.0021 -0.1951
vn -1.0000 -0.0021 -0.0000
vn -0.8908 0.4184 0.1771
vn -0.9808 -0.0021 0.1951
vn -0.9239 -0.0021 0.3827
vn -0.7551 0.4184 0.5047
vn -0.8315 -0.0021 0.5556
vn -0.7071 -0.0021 0.7071
vn -0.5556 -0.0021 0.8315
vn -0.6422 0.4184 0.6423
vn -0.3827 -0.0021 0.9239
vn -0.5046 0.4186 0.7551
vn -0.1771 0.4186 0.8908
vn -0.1951 -0.0021 0.9808
vn -0.0000 0.4184 0.9083
vn -0.0000 -0.0021 1.0000
vn 0.1771 0.4184 0.8908
vn 0.1951 -0.0021 0.9808
vn 0.3827 -0.0021 0.9239
vn 0.5047 0.4184 0.7552
vn 0.5556 -0.0021 0.8315
vn 0.7071 -0.0021 0.7071
vn 0.7551 0.4186 0.5046
vn 0.8315 -0.0021 0.5556
vn 0.9239 -0.0021 0.3827
vn 0.8907 0.4186 0.1771
vn 0.9808 -0.0021 0.1951
vn 1.0000 -0.0021 -0.0000
vn 0.8908 0.4184 -0.1771
vn 0.9808 -0.0021 -0.1951
vn 0.9239 -0.0021 -0.3827
vn 0.7551 0.4184 -0.5047
vn 0.8315 -0.0021 -0.5556
vn 0.7071 -0.0021 -0.7071
vn 0.5556 -0.0021 -0.8315
vn 0.6422 0.4184 -0.6423
vn 0.3827 -0.0021 -0.9239
vn 0.5046 0.4186 -0.7551
vn 0.1771 0.4186 -0.8908
vn 0.1951 -0.0021 -0.9808
vn -0.0000 0.4184 -0.9083
vn -0.1764 0.4274 -0.8867
vn -0.3475 0.4185 -0.8391
vn -0.5023 0.4273 -0.7517
vn -0.6423 0.4185 -0.6421
vn -0.7516 0.4276 -0.5022
vn -0.8390 0.4187 -0.3475
vn -0.8866 0.4276 -0.1763
vn -0.9082 0.4185 -0.0001
vn -0.8867 0.4273 0.1764
vn -0.8391 0.4185 0.3476
vn -0.7517 0.4274 0.5023
vn -0.5023 0.4275 0.7516
vn -0.3476 0.4185 0.8391
vn -0.1763 0.4275 0.8866
vn 0.1764 0.4274 0.8867
vn 0.3475 0.4185 0.8391
vn 0.5023 0.4273 0.7517
vn 0.6423 0.4185 0.6421
vn 0.7516 0.4276 0.5022
vn 0.8390 0.4187 0.3475
vn 0.8866 0.4276 0.1763
vn 0.9082 0.4185 0.0001
vn 0.8867 0.4273 -0.1764
vn 0.8391 0.4185 -0.3476
vn 0.7517 0.4274 -0.5023
vn 0.5023 0.4275 -0.7516
vn 0.3476 0.4185 -0.8391
vn 0.1763 0.4275 -0.8866
vn -0.1840 0.3300 -0.9259
vn 0.0001 0.4269 -0.9043
vn -0.3459 0.4274 -0.8353
vn -0.3612 0.3300 -0.8721
vn -0.6396 0.4271 -0.6392
vn -0.5245 0.3302 -0.7848
vn -0.7851 0.3296 -0.5244
vn -0.8353 0.4272 -0.3460
vn -0.9259 0.3296 -0.1843
vn -0.9042 0.4271 -0.0003
vn -0.9258 0.3302 0.1841
vn -0.8721 0.3300 0.3612
vn -0.8352 0.4274 0.3460
vn -0.7848 0.3300 0.5246
vn -0.6393 0.4269 0.6395
vn -0.5244 0.3299 0.7850
vn -0.3460 0.4271 0.8354
vn -0.1842 0.3299 0.9259
vn -0.0001 0.4269 0.9043
vn 0.1840 0.3300 0.9259
vn 0.3459 0.4274 0.8353
vn 0.3612 0.3300 0.8721
vn 0.6396 0.4271 0.6392
vn 0.5245 0.3302 0.7848
vn 0.7851 0.3296 0.5244
vn 0.8353 0.4272 0.3460
vn 0.9259 0.3296 0.1843
vn 0.9042 0.4271 0.0003
vn 0.9258 0.3302 -0.1841
vn 0.8721 0.3300 -0.3612
vn 0.8352 0.4274 -0.3460
vn 0.7848 0.3300 -0.5246
vn 0.6393 0.4269 -0.6395
vn 0.5244 0.3299 -0.7850
vn 0.3460 0.4271 -0.8354
vn 0.1842 0.3299 -0.9259
vn -0.0010 0.0382 -0.9993
vn 0.0001 0.3307 -0.9437
vn -0.1934 0.0358 -0.9805
vn -0.5562 0.0365 -0.8302
vn -0.7060 0.0379 -0.7072
vn -0.6675 0.3305 -0.6672
vn -0.8311 0.0369 -0.5548
vn -0.8720 0.3303 -0.3612
vn -0.9800 0.0369 -0.1954
vn -0.9438 0.3305 -0.0002
vn -0.9993 0.0379 0.0008
vn -0.9804 0.0365 0.1937
vn -0.8301 0.0358 0.5565
vn -0.7073 0.0382 0.7059
vn -0.6673 0.3307 0.6674
vn -0.5549 0.0376 0.8311
vn -0.3612 0.3306 0.8719
vn -0.1953 0.0376 0.9800
vn -0.0001 0.3307 0.9437
vn 0.0010 0.0382 0.9993
vn 0.1934 0.0358 0.9805
vn 0.5562 0.0365 0.8302
vn 0.7060 0.0379 0.7072
vn 0.6675 0.3305 0.6672
vn 0.8311 0.0369 0.5548
vn 0.8720 0.3303 0.3612
vn 0.9800 0.0369 0.1954
vn 0.9438 0.3305 0.0002
vn 0.9993 0.0379 -0.0008
vn 0.9804 0.0365 -0.1937
vn 0.8301 0.0358 -0.5565
vn 0.7073 0.0382 -0.7059
vn 0.6673 0.3307 -0.6674
vn 0.5549 0.0376 -0.8311
vn 0.3612 0.3306 -0.8719
vn 0.1953 0.0376 -0.9800
vn -0.0006 -0.6106 -0.7920
vn -0.3038 -0.6110 -0.7310
vn -0.3825 0.0350 -0.9233
vn -0.5594 -0.6107 -0.5604
vn -0.6584 -0.6110 -0.4395
vn -0.9233 0.0360 -0.3824
vn -0.7764 -0.6110 -0.1548
vn -0.7919 -0.6107 0.0007
vn -0.7317 -0.6110 0.3021
vn -0.9233 0.0350 0.3824
vn -0.5604 -0.6106 0.5596
vn -0.4396 -0.6109 0.6585
vn -0.3824 0.0365 0.9233
vn -0.1548 -0.6109 0.7764
vn 0.0006 -0.6106 0.7920
vn 0.3038 -0.6110 0.7310
vn 0.3825 0.0350 0.9233
vn 0.5594 -0.6107 0.5604
vn 0.6584 -0.6110 0.4395
vn 0.9233 0.0360 0.3824
vn 0.7764 -0.6110 0.1548
vn 0.7919 -0.6107 -0.0007
vn 0.7317 -0.6110 -0.3021
vn 0.9233 0.0350 -0.3824
vn 0.5604 -0.6106 -0.5596
vn 0.4396 -0.6109 -0.6585
vn 0.3824 0.0365 -0.9233
vn 0.1548 -0.6109 -0.7764
vn -0.1694 -0.4979 -0.8506
vn -0.1525 -0.6114 -0.7765
vn -0.4409 -0.6107 -0.6577
vn -0.3324 -0.4973 -0.8013
vn -0.4810 -0.4979 -0.7216
vn -0.7215 -0.4976 -0.4815
vn -0.7315 -0.6108 -0.3030
vn -0.8506 -0.4976 -0.1697
vn -0.8504 -0.4979 0.1702
vn -0.7768 -0.6107 0.1533
vn -0.8017 -0.4973 0.3316
vn -0.7212 -0.4979 0.4817
vn -0.6569 -0.6114 0.4412
vn -0.4822 -0.4975 0.7211
vn -0.3030 -0.6107 0.7316
vn -0.1690 -0.4975 0.8509
vn 0.1694 -0.4979 0.8506
vn 0.1525 -0.6114 0.7765
vn 0.4409 -0.6107 0.6577
vn 0.3324 -0.4973 0.8013
vn 0.4810 -0.4979 0.7216
vn 0.7215 -0.4976 0.4815
vn 0.7315 -0.6108 0.3030
vn 0.8506 -0.4976 0.1697
vn 0.8504 -0.4979 -0.1702
vn 0.7768 -0.6107 -0.1533
vn 0.8017 -0.4973 -0.3316
vn 0.7212 -0.4979 -0.4817
vn 0.6569 -0.6114 -0.4412
vn 0.4822 -0.4975 -0.7211
vn 0.3030 -0.6107 -0.7316
vn 0.1690 -0.4975 -0.8509
vn -0.1946 -0.0711 -0.9783
vn -0.0001 -0.4982 -0.8670
vn -0.5540 -0.0706 -0.8295
vn -0.6133 -0.4978 -0.6132
vn -0.8294 -0.0703 -0.5541
vn -0.8015 -0.4975 -0.3320
vn -0.9783 -0.0703 -0.1947
vn -0.8673 -0.4978 -0.0001
vn -0.9783 -0.0706 0.1948
vn -0.8294 -0.0711 0.5542
vn -0.6131 -0.4982 0.6130
vn -0.5544 -0.0701 0.8293
vn -0.3320 -0.4975 0.8014
vn -0.1944 -0.0701 0.9784
vn 0.0001 -0.4982 0.8670
vn 0.1946 -0.0711 0.9783
vn 0.5540 -0.0706 0.8295
vn 0.6133 -0.4978 0.6132
vn 0.8294 -0.0703 0.5541
vn 0.8014 -0.4975 0.3320
vn 0.9783 -0.0703 0.1947
vn 0.8673 -0.4978 0.0001
vn 0.9783 -0.0706 -0.1948
vn 0.8294 -0.0711 -0.5542
vn 0.6131 -0.4982 -0.6130
vn 0.5544 -0.0701 -0.8293
vn 0.3320 -0.4975 -0.8014
vn 0.1944 -0.0701 -0.9784
vn -0.1920 -0.1861 -0.9636
vn -0.0001 0.0255 -0.9997
vn -0.1950 0.0256 -0.9805
vn -0.3825 0.0249 -0.9236
vn -0.5455 -0.1865 -0.8171
vn -0.5554 0.0253 -0.8312
vn -0.7069 0.0248 -0.7069
vn -0.8170 -0.1866 -0.5456
vn -0.8312 0.0250 -0.5554
vn -0.9236 0.0246 -0.3826
vn -0.9635 -0.1866 -0.1919
vn -0.9805 0.0250 -0.1950
vn -0.9997 0.0248 -0.0000
vn -0.9635 -0.1865 0.1921
vn -0.9805 0.0253 0.1950
vn -0.9236 0.0249 0.3826
vn -0.8171 -0.1861 0.5456
vn -0.8312 0.0256 0.5554
vn -0.7070 0.0255 0.7068
vn -0.5459 -0.1868 0.8168
vn -0.5555 0.0247 0.8311
vn -0.3826 0.0244 0.9236
vn -0.1916 -0.1868 0.9635
vn -0.1949 0.0247 0.9805
vn 0.0001 0.0255 0.9997
vn 0.1920 -0.1861 0.9636
vn 0.1950 0.0256 0.9805
vn 0.3825 0.0249 0.9236
vn 0.5455 -0.1865 0.8171
vn 0.5554 0.0253 0.8312
vn 0.7069 0.0248 0.7069
vn 0.8170 -0.1866 0.5456
vn 0.8312 0.0250 0.5554
vn 0.9236 0.0246 0.3826
vn 0.9635 -0.1866 0.1919
vn 0.9805 0.0250 0.1950
vn 0.9997 0.0248 -0.0000
vn 0.9635 -0.1865 -0.1921
vn 0.9805 0.0253 -0.1950
vn 0.9236 0.0249 -0.3826
vn 0.8171 -0.1861 -0.5456
vn 0.8312 0.0256 -0.5554
vn 0.7070 0.0255 -0.7068
vn 0.5459 -0.1868 -0.8168
vn 0.5555 0.0247 -0.8312
vn 0.3826 0.0244 -0.9236
vn 0.1916 -0.1868 -0.9635
vn 0.1949 0.0247 -0.9805
vn -0.1836 0.3293 -0.9262
vn -0.0002 -0.1851 -0.9827
vn -0.3760 -0.1854 -0.9079
vn -0.5242 0.3290 -0.7854
vn -0.6947 -0.1863 -0.6947
vn -0.7845 0.3302 -0.5249
vn -0.9077 -0.1861 -0.3760
vn -0.9259 0.3302 -0.1835
vn -0.9825 -0.1863 -0.0000
vn -0.9261 0.3290 0.1847
vn -0.9078 -0.1854 0.3761
vn -0.7847 0.3293 0.5251
vn -0.6950 -0.1851 0.6948
vn -0.5245 0.3296 0.7850
vn -0.3760 -0.1864 0.9077
vn -0.1842 0.3296 0.9260
vn 0.0002 -0.1851 0.9827
vn 0.1836 0.3293 0.9262
vn 0.3760 -0.1854 0.9079
vn 0.5242 0.3290 0.7854
vn 0.6947 -0.1863 0.6947
vn 0.7845 0.3302 0.5249
vn 0.9077 -0.1861 0.3760
vn 0.9259 0.3302 0.1835
vn 0.9825 -0.1863 -0.0000
vn 0.9261 0.3290 -0.1847
vn 0.9078 -0.1854 -0.3761
vn 0.7847 0.3293 -0.5251
vn 0.6950 -0.1851 -0.6948
vn 0.5245 0.3296 -0.7850
vn 0.3760 -0.1864 -0.9077
vn 0.1842 0.3296 -0.9260
vn -0.1310 0.7484 -0.6501
vn 0.0002 0.3305 -0.9438
vn -0.3620 0.3333 -0.8706
vn -0.2544 0.7487 -0.6121
vn -0.6678 0.3298 -0.6673
vn -0.3668 0.7469 -0.5547
vn -0.5521 0.7474 -0.3695
vn -0.8717 0.3313 -0.3611
vn -0.6517 0.7474 -0.1291
vn -0.9440 0.3298 -0.0004
vn -0.6516 0.7469 0.1329
vn -0.6128 0.7487 0.2529
vn -0.8716 0.3333 0.3596
vn -0.5523 0.7484 0.3671
vn -0.6672 0.3305 0.6675
vn -0.3690 0.7478 0.5520
vn -0.1294 0.7478 0.6512
vn -0.0002 0.3305 0.9438
vn 0.1310 0.7484 0.6501
vn 0.3620 0.3333 0.8706
vn 0.2544 0.7487 0.6121
vn 0.6678 0.3298 0.6673
vn 0.3668 0.7469 0.5547
vn 0.5521 0.7474 0.3695
vn 0.8717 0.3313 0.3611
vn 0.6517 0.7474 0.1291
vn 0.9440 0.3298 0.0004
vn 0.6516 0.7469 -0.1329
vn 0.6128 0.7487 -0.2529
vn 0.8716 0.3333 -0.3596
vn 0.5523 0.7484 -0.3671
vn 0.6672 0.3305 -0.6675
vn 0.3690 0.7478 -0.5520
vn 0.1294 0.7478 -0.6512
vn -0.1580 0.5787 -0.8001
vn 0.0005 0.7480 -0.6637
vn -0.3121 0.5773 -0.7546
vn -0.4711 0.7472 -0.4688
vn -0.4535 0.5798 -0.6769
vn -0.6762 0.5801 -0.4541
vn -0.6139 0.7473 -0.2543
vn -0.7993 0.5801 -0.1571
vn -0.6646 0.7472 -0.0017
vn -0.7993 0.5798 0.1579
vn -0.7542 0.5773 0.3129
vn -0.4690 0.7480 0.4696
vn -0.6775 0.5787 0.4541
vn -0.4538 0.5797 0.6767
vn -0.2543 0.7472 0.6140
vn -0.1576 0.5797 0.7994
vn -0.0005 0.7480 0.6637
vn 0.1580 0.5787 0.8001
vn 0.3121 0.5773 0.7546
vn 0.4711 0.7472 0.4688
vn 0.4535 0.5798 0.6769
vn 0.6762 0.5801 0.4541
vn 0.6139 0.7473 0.2543
vn 0.7993 0.5801 0.1571
vn 0.6646 0.7472 0.0017
vn 0.7993 0.5798 -0.1579
vn 0.7542 0.5773 -0.3129
vn 0.4690 0.7480 -0.4696
vn 0.6775 0.5787 -0.4541
vn 0.4538 0.5797 -0.6767
vn 0.2543 0.7472 -0.6140
vn 0.1576 0.5797 -0.7994
vn 0.0017 0.3689 -0.9294
vn -0.0001 0.5809 -0.8140
vn -0.1777 0.3662 -0.9134
vn -0.5210 0.3669 -0.7707
vn -0.6579 0.3702 -0.6558
vn -0.5749 0.5819 -0.5752
vn -0.7529 0.5796 -0.3118
vn -0.7709 0.3694 -0.5189
vn -0.9120 0.3694 -0.1782
vn -0.9289 0.3702 -0.0015
vn -0.8132 0.5819 0.0002
vn -0.9133 0.3669 0.1766
vn -0.7715 0.3662 0.5202
vn -0.6560 0.3689 0.6584
vn -0.5757 0.5809 0.5755
vn -0.5174 0.3689 0.7721
vn -0.3118 0.5799 0.7527
vn -0.1801 0.3689 0.9118
vn 0.0001 0.5809 0.8140
vn -0.0017 0.3689 0.9294
vn 0.1777 0.3662 0.9134
vn 0.5210 0.3669 0.7707
vn 0.6579 0.3702 0.6558
vn 0.5749 0.5819 0.5752
vn 0.7529 0.5796 0.3118
vn 0.7709 0.3694 0.5189
vn 0.9120 0.3694 0.1782
vn 0.9289 0.3702 0.0015
vn 0.8132 0.5819 -0.0002
vn 0.9133 0.3669 -0.1766
vn 0.7715 0.3662 -0.5202
vn 0.6560 0.3689 -0.6584
vn 0.5757 0.5809 -0.5755
vn 0.5174 0.3689 -0.7721
vn 0.3118 0.5799 -0.7527
vn 0.1801 0.3689 -0.9118
vn 0.0005 0.0743 -0.9972
vn -0.3569 0.3663 -0.8593
vn -0.1938 0.0735 -0.9783
vn -0.5550 0.0735 -0.8286
vn -0.7055 0.0746 -0.7048
vn -0.8587 0.3690 -0.3557
vn -0.8289 0.0737 -0.5546
vn -0.9782 0.0737 -0.1939
vn -0.9972 0.0746 -0.0005
vn -0.8600 0.3663 0.3553
vn -0.9784 0.0735 0.1934
vn -0.8288 0.0735 0.5547
vn -0.7048 0.0743 0.7055
vn -0.3557 0.3688 0.8587
vn -0.5544 0.0736 0.8290
vn -0.1942 0.0736 0.9782
vn -0.0005 0.0743 0.9972
vn 0.3569 0.3663 0.8593
vn 0.1938 0.0735 0.9783
vn 0.5550 0.0735 0.8286
vn 0.7055 0.0746 0.7048
vn 0.8587 0.3690 0.3557
vn 0.8289 0.0737 0.5546
vn 0.9782 0.0737 0.1939
vn 0.9972 0.0746 0.0005
vn 0.8600 0.3663 -0.3553
vn 0.9784 0.0735 -0.1934
vn 0.8288 0.0735 -0.5547
vn 0.7048 0.0743 -0.7055
vn 0.3557 0.3688 -0.8587
vn 0.5544 0.0736 -0.8290
vn 0.1942 0.0736 -0.9782
vn -0.0045 -0.5941 -0.8044
vn -0.3818 0.0735 -0.9213
vn -0.1640 -0.5959 -0.7861
vn -0.4387 -0.5957 -0.6729
vn -0.5682 -0.5890 -0.5746
vn -0.9214 0.0738 -0.3816
vn -0.6719 -0.5927 -0.4441
vn -0.7892 -0.5927 -0.1610
vn -0.8081 -0.5890 0.0046
vn -0.9214 0.0735 0.3815
vn -0.7860 -0.5957 0.1656
vn -0.6718 -0.5959 0.4399
vn -0.5720 -0.5941 0.5656
vn -0.3817 0.0733 0.9214
vn -0.4431 -0.5995 0.6665
vn -0.1579 -0.5995 0.7847
vn 0.0045 -0.5941 0.8044
vn 0.3818 0.0735 0.9213
vn 0.1640 -0.5959 0.7861
vn 0.4387 -0.5957 0.6729
vn 0.5682 -0.5890 0.5746
vn 0.9214 0.0738 0.3816
vn 0.6719 -0.5927 0.4441
vn 0.7892 -0.5927 0.1610
vn 0.8081 -0.5890 -0.0046
vn 0.9214 0.0735 -0.3815
vn 0.7860 -0.5957 -0.1656
vn 0.6718 -0.5960 -0.4399
vn 0.5720 -0.5941 -0.5656
vn 0.3817 0.0733 -0.9214
vn 0.4431 -0.5995 -0.6665
vn 0.1579 -0.5995 -0.7847
vn -0.3155 0.5717 -0.7574
vn -0.4721 0.5442 -0.6935
vn -0.4633 0.5716 -0.6772
vn 0.5753 0.5731 -0.5836
vn 0.4697 0.5393 -0.6989
vn 0.4601 0.5675 -0.6828
vn -0.3061 -0.6001 0.7390
vn -0.4763 -0.5122 0.7147
vn -0.1574 0.5450 -0.8235
vn -0.3220 0.5452 -0.7740
vn 0.6782 0.5714 -0.4621
vn 0.5908 0.5415 -0.5981
vn -0.6108 -0.5100 0.6056
vn -0.1528 0.5714 -0.8063
vn 0.0052 0.5415 -0.8407
vn 0.7586 0.5717 -0.3125
vn 0.6937 0.5450 -0.4710
vn -0.7202 -0.5061 0.4745
vn 0.8242 0.5442 -0.1565
vn 0.7750 0.5452 -0.3195
vn -0.7414 -0.5957 0.3088
vn -0.7965 -0.5059 0.3312
vn 0.8065 0.5716 -0.1512
vn 0.8391 0.5439 0.0035
vn -0.8442 -0.5069 0.1745
vn 0.8036 0.5744 0.1558
vn 0.8157 0.5784 0.0045
vn -0.8620 -0.5069 0.0032
vn 0.7546 0.5769 0.3126
vn 0.8225 0.5458 0.1599
vn -0.8459 -0.5051 -0.1715
vn 0.6947 0.5458 0.4685
vn 0.7712 0.5507 0.3194
vn -0.7458 -0.5902 -0.3089
vn -0.8000 -0.5002 -0.3314
vn 0.6784 0.5744 0.4581
vn 0.5958 0.5439 0.5909
vn -0.7194 -0.5051 -0.4769
vn -0.0037 -0.5100 -0.8602
vn 0.1686 -0.5122 -0.8421
vn 0.4633 0.5716 0.6772
vn 0.5800 0.5784 0.5736
vn -0.6072 -0.5069 -0.6118
vn 0.3061 -0.6001 -0.7390
vn 0.3292 -0.5100 -0.7947
vn 0.3155 0.5717 0.7574
vn 0.4721 0.5442 0.6935
vn -0.4735 -0.5069 -0.7203
vn 0.4763 -0.5122 -0.7147
vn 0.1574 0.5450 0.8235
vn 0.3220 0.5452 0.7740
vn -0.3059 -0.5957 -0.7427
vn -0.3290 -0.5059 -0.7974
vn 0.6108 -0.5100 -0.6056
vn 0.1528 0.5714 0.8063
vn -0.0052 0.5415 0.8407
vn -0.1738 -0.5061 -0.8448
vn -0.5958 0.5439 -0.5909
vn -0.6947 0.5458 -0.4685
vn -0.8225 0.5458 -0.1599
vn -0.8391 0.5439 -0.0035
vn -0.8242 0.5442 0.1565
vn -0.6937 0.5450 0.4710
vn -0.5908 0.5415 0.5981
vn -0.4697 0.5393 0.6989
vn -0.3292 -0.5100 0.7947
vn -0.1621 0.5393 0.8264
vn -0.1686 -0.5122 0.8421
vn 0.0037 -0.5100 0.8602
vn 0.1738 -0.5061 0.8448
vn 0.3290 -0.5059 0.7974
vn 0.4735 -0.5069 0.7203
vn 0.6072 -0.5069 0.6118
vn 0.7194 -0.5051 0.4769
vn 0.8000 -0.5002 0.3314
vn 0.8459 -0.5051 0.1715
vn 0.8620 -0.5069 -0.0032
vn 0.8442 -0.5069 -0.1745
vn 0.7965 -0.5059 -0.3312
vn 0.7202 -0.5061 -0.4745
vn 0.1621 0.5393 -0.8264
vn 0.3220 0.5404 -0.7773
vn 0.3153 0.5668 -0.7611
vn -0.5800 0.5784 -0.5736
vn 0.1575 0.5675 -0.8082
vn -0.6784 0.5744 -0.4581
vn 0.0058 0.5731 -0.8195
vn -0.7546 0.5769 -0.3126
vn -0.7712 0.5507 -0.3194
vn 0.3059 -0.5957 0.7427
vn -0.8036 0.5744 -0.1558
vn -0.8157 0.5784 -0.0045
vn -0.8065 0.5716 0.1512
vn -0.7586 0.5717 0.3125
vn -0.7750 0.5452 0.3196
vn 0.7458 -0.5902 0.3089
vn -0.6782 0.5714 0.4621
vn -0.5753 0.5731 0.5836
vn -0.4601 0.5675 0.6828
vn -0.3220 0.5404 0.7773
vn -0.3153 0.5668 0.7611
vn 0.7414 -0.5957 -0.3088
vn -0.1575 0.5675 0.8082
vn -0.0058 0.5731 0.8195
vn -0.0046 -0.5682 -0.8229
vn -0.1630 -0.5756 -0.8013
vn -0.4498 -0.5726 -0.6855
vn -0.5802 -0.5648 -0.5868
vn -0.6848 -0.5698 -0.4543
vn -0.8054 -0.5698 -0.1630
vn -0.8252 -0.5648 0.0046
vn -0.8028 -0.5726 0.1666
vn -0.6819 -0.5756 0.4514
vn -0.5851 -0.5682 0.5786
vn -0.4542 -0.5717 0.6833
vn -0.1620 -0.5717 0.8043
vn 0.0046 -0.5682 0.8229
vn 0.1630 -0.5756 0.8013
vn 0.4498 -0.5726 0.6855
vn 0.5802 -0.5648 0.5868
vn 0.6848 -0.5698 0.4543
vn 0.8054 -0.5698 0.1630
vn 0.8252 -0.5648 -0.0046
vn 0.8028 -0.5726 -0.1666
vn 0.6819 -0.5756 -0.4514
vn 0.5851 -0.5682 -0.5786
vn 0.4542 -0.5717 -0.6833
vn 0.1620 -0.5717 -0.8043
vn -0.0009 -0.5015 -0.8652
vn -0.3130 -0.5764 -0.7548
vn -0.1675 -0.5068 -0.8456
vn -0.4799 -0.5037 -0.7183
vn -0.6113 -0.4999 -0.6135
vn -0.7589 -0.5703 -0.3143
vn -0.7201 -0.5015 -0.4796
vn -0.8483 -0.5015 -0.1701
vn -0.8661 -0.4999 0.0016
vn -0.7551 -0.5764 0.3124
vn -0.8472 -0.5037 0.1686
vn -0.7164 -0.5068 0.4795
vn -0.6124 -0.5015 0.6111
vn -0.3138 -0.5723 0.7576
vn -0.4791 -0.5033 0.7191
vn -0.1697 -0.5033 0.8473
vn 0.0009 -0.5015 0.8652
vn 0.3130 -0.5764 0.7548
vn 0.1675 -0.5068 0.8456
vn 0.4799 -0.5037 0.7183
vn 0.6113 -0.4999 0.6135
vn 0.7589 -0.5703 0.3144
vn 0.7201 -0.5015 0.4796
vn 0.8483 -0.5015 0.1701
vn 0.8661 -0.4999 -0.0016
vn 0.7551 -0.5764 -0.3124
vn 0.8472 -0.5037 -0.1685
vn 0.7164 -0.5068 -0.4795
vn 0.6124 -0.5015 -0.6111
vn 0.3138 -0.5723 -0.7576
vn 0.4791 -0.5033 -0.7191
vn 0.1697 -0.5033 -0.8473
vn -0.1791 -0.3609 -0.9152
vn -0.3319 -0.5055 -0.7965
vn -0.3573 -0.3676 -0.8586
vn -0.5204 -0.3622 -0.7733
vn -0.7757 -0.3627 -0.5164
vn -0.8014 -0.4975 -0.3320
vn -0.9137 -0.3627 -0.1833
vn -0.9148 -0.3622 0.1788
vn -0.8598 -0.3676 0.3545
vn -0.7979 -0.5055 0.3285
vn -0.7738 -0.3609 0.5205
vn -0.5169 -0.3613 0.7761
vn -0.3316 -0.4990 0.8006
vn -0.1833 -0.3613 0.9143
vn 0.1791 -0.3609 0.9152
vn 0.3319 -0.5055 0.7965
vn 0.3573 -0.3676 0.8586
vn 0.5204 -0.3622 0.7733
vn 0.7757 -0.3627 0.5164
vn 0.9137 -0.3627 0.1833
vn 0.9148 -0.3622 -0.1788
vn 0.8598 -0.3676 -0.3545
vn 0.7979 -0.5055 -0.3285
vn 0.7738 -0.3609 -0.5205
vn 0.5169 -0.3613 -0.7761
vn 0.3316 -0.4990 -0.8006
vn 0.1833 -0.3613 -0.9143
vn -0.0978 -0.8489 -0.5195
vn 0.0001 -0.3614 -0.9324
vn -0.2048 -0.8488 -0.4874
vn -0.6585 -0.3619 -0.6599
vn -0.2966 -0.8500 -0.4353
vn -0.4354 -0.8526 -0.2890
vn -0.8602 -0.3648 -0.3563
vn -0.5122 -0.8526 -0.1035
vn -0.9322 -0.3619 0.0009
vn -0.5175 -0.8500 0.0981
vn -0.4895 -0.8488 0.1998
vn -0.6593 -0.3614 0.6594
vn -0.4365 -0.8489 0.2981
vn -0.2893 -0.8522 0.4360
vn -0.3565 -0.3636 0.8607
vn -0.1037 -0.8522 0.5128
vn -0.0001 -0.3614 0.9324
vn 0.0978 -0.8489 0.5195
vn 0.2048 -0.8488 0.4874
vn 0.6585 -0.3619 0.6599
vn 0.2966 -0.8500 0.4353
vn 0.4354 -0.8526 0.2890
vn 0.8602 -0.3648 0.3563
vn 0.5122 -0.8526 0.1035
vn 0.9322 -0.3619 -0.0010
vn 0.5176 -0.8500 -0.0981
vn 0.4894 -0.8488 -0.1998
vn 0.6593 -0.3614 -0.6594
vn 0.4365 -0.8489 -0.2981
vn 0.2893 -0.8522 -0.4360
vn 0.3565 -0.3636 -0.8607
vn 0.1037 -0.8522 -0.5128
vn -0.0757 -0.9251 -0.3722
vn -0.0009 -0.8498 -0.5271
vn -0.1471 -0.9241 -0.3528
vn -0.3695 -0.8512 -0.3727
vn -0.2054 -0.9261 -0.3165
vn -0.3136 -0.9264 -0.2082
vn -0.4827 -0.8527 -0.1999
vn -0.3690 -0.9264 -0.0745
vn -0.5248 -0.8512 0.0023
vn -0.3690 -0.9261 0.0785
vn -0.3535 -0.9241 0.1455
vn -0.3733 -0.8498 0.3721
vn -0.3167 -0.9251 0.2096
vn -0.2117 -0.9258 0.3132
vn -0.2001 -0.8524 0.4831
vn -0.0718 -0.9258 0.3712
vn 0.0009 -0.8498 0.5271
vn 0.0757 -0.9251 0.3722
vn 0.1471 -0.9241 0.3528
vn 0.3695 -0.8512 0.3728
vn 0.2054 -0.9261 0.3165
vn 0.3136 -0.9264 0.2082
vn 0.4827 -0.8527 0.1999
vn 0.3690 -0.9264 0.0745
vn 0.5248 -0.8512 -0.0023
vn 0.3690 -0.9261 -0.0785
vn 0.3535 -0.9241 -0.1455
vn 0.3733 -0.8498 -0.3721
vn 0.3167 -0.9251 -0.2096
vn 0.2117 -0.9258 -0.3132
vn 0.2001 -0.8524 -0.4831
vn 0.0718 -0.9258 -0.3712
vn -0.0020 -0.9258 -0.3781
vn -0.2648 -0.9269 -0.2659
vn -0.3475 -0.9266 -0.1439
vn -0.3752 -0.9269 0.0008
vn -0.2688 -0.9258 0.2659
vn -0.1441 -0.9264 0.3479
vn 0.0020 -0.9258 0.3781
vn 0.2648 -0.9269 0.2659
vn 0.3475 -0.9266 0.1439
vn 0.3752 -0.9269 -0.0008
vn 0.2688 -0.9258 -0.2659
vn 0.1441 -0.9264 -0.3479
vn 0.3220 -0.8903 0.3220
vn 0.4993 -0.7996 0.3336
vn 0.4246 -0.7996 0.4246
vn -0.1328 -0.9378 0.3207
vn -0.2530 -0.8903 0.3787
vn -0.3787 -0.8903 -0.2530
vn -0.3220 -0.8903 -0.3220
vn 0.3787 -0.8903 -0.2530
vn 0.4208 -0.8903 -0.1743
vn 0.0888 -0.8903 0.4467
vn 0.0676 -0.9380 0.3400
vn -0.4485 -0.8900 0.0815
vn -0.4554 -0.8903 -0.0000
vn 0.1743 -0.8903 -0.4208
vn 0.1328 -0.9378 -0.3207
vn 0.3787 -0.8903 0.2530
vn -0.3220 -0.8903 0.3220
vn -0.2530 -0.8903 -0.3787
vn -0.1925 -0.9381 -0.2881
vn 0.4467 -0.8903 -0.0889
vn 0.3398 -0.9381 -0.0676
vn -0.0000 -0.8903 0.4554
vn -0.4467 -0.8903 -0.0889
vn 0.2530 -0.8903 -0.3787
vn -0.3748 -0.8900 0.2595
vn -0.2843 -0.9382 0.1974
vn -0.1743 -0.8903 -0.4208
vn 0.4554 -0.8903 -0.0000
vn -0.0889 -0.8903 0.4467
vn -0.4208 -0.8903 -0.1743
vn -0.3213 -0.9376 -0.1331
vn 0.3220 -0.8903 -0.3220
vn 0.1925 -0.9381 0.2881
vn 0.2530 -0.8903 0.3787
vn -0.4193 -0.8911 0.1737
vn -0.0889 -0.8903 -0.4467
vn -0.0676 -0.9380 -0.3400
vn 0.4467 -0.8903 0.0889
vn -0.1743 -0.8903 0.4208
vn 0.2883 -0.9380 -0.1926
vn 0.1743 -0.8903 0.4208
vn 0.0888 -0.8903 -0.4467
vn -0.3404 -0.9383 0.0614
vn -0.0000 -0.8903 -0.4554
vn 0.2298 -0.7996 0.5548
vn 0.1218 -0.7812 0.6123
vn 0.1172 -0.7996 0.5890
vn -0.5890 -0.7996 -0.1172
vn -0.5548 -0.7996 -0.2298
vn 0.3336 -0.7996 0.4993
vn -0.4993 -0.7996 -0.3336
vn 0.1172 -0.7996 -0.5890
vn -0.4246 -0.7996 -0.4246
vn 0.2298 -0.7996 -0.5548
vn -0.3336 -0.7996 -0.4993
vn -0.0000 -0.7996 0.6005
vn 0.3336 -0.7996 -0.4993
vn -0.2298 -0.7996 -0.5548
vn -0.1172 -0.7996 0.5890
vn 0.4246 -0.7996 -0.4246
vn -0.1172 -0.7996 -0.5890
vn -0.2298 -0.7996 0.5548
vn 0.4993 -0.7996 -0.3336
vn -0.0000 -0.7996 -0.6005
vn -0.3336 -0.7996 0.4993
vn 0.5548 -0.7996 -0.2298
vn -0.4246 -0.7996 0.4246
vn 0.5890 -0.7996 -0.1172
vn -0.4964 -0.7994 0.3385
vn 0.6005 -0.7996 -0.0000
vn -0.5550 -0.7994 0.2299
vn 0.5890 -0.7996 0.1172
vn -0.5904 -0.7994 0.1116
vn 0.5548 -0.7996 0.2298
vn -0.6005 -0.7996 -0.0000
vn -0.1218 -0.7812 0.6123
vn -0.1931 -0.8633 0.4662
vn -0.2389 -0.7812 0.5767
vn 0.1218 -0.7812 -0.6123
vn 0.2389 -0.7812 -0.5767
vn -0.4414 -0.7812 -0.4414
vn -0.3468 -0.7812 -0.5190
vn -0.0000 -0.7812 0.6243
vn 0.3468 -0.7812 -0.5190
vn -0.2389 -0.7812 -0.5767
vn 0.4414 -0.7812 -0.4414
vn -0.1218 -0.7812 -0.6123
vn 0.5190 -0.7812 -0.3468
vn -0.0000 -0.7812 -0.6243
vn -0.3468 -0.7812 0.5190
vn 0.5767 -0.7812 -0.2389
vn -0.4414 -0.7812 0.4414
vn 0.6123 -0.7812 -0.1218
vn -0.5165 -0.7811 0.3508
vn 0.6243 -0.7812 -0.0000
vn -0.5777 -0.7804 0.2393
vn 0.6123 -0.7812 0.1218
vn -0.6133 -0.7811 0.1172
vn 0.5767 -0.7812 0.2389
vn -0.6243 -0.7812 -0.0000
vn 0.5190 -0.7812 0.3468
vn -0.6123 -0.7812 -0.1218
vn 0.4414 -0.7812 0.4414
vn -0.5767 -0.7812 -0.2389
vn 0.3468 -0.7812 0.5190
vn -0.5190 -0.7812 -0.3468
vn 0.2389 -0.7812 0.5767
vn -0.3568 -0.8633 0.3568
vn -0.2466 -0.9543 0.1687
vn -0.4175 -0.8632 0.2840
vn 0.4196 -0.8633 -0.2804
vn -0.0984 -0.8633 -0.4949
vn -0.0000 -0.8633 -0.5046
vn -0.2804 -0.8633 0.4196
vn 0.4662 -0.8633 -0.1931
vn 0.4949 -0.8633 -0.0984
vn 0.5046 -0.8633 -0.0000
vn -0.4684 -0.8620 0.1940
vn 0.4949 -0.8633 0.0984
vn -0.4960 -0.8632 0.0944
vn 0.4662 -0.8633 0.1931
vn -0.5046 -0.8633 -0.0000
vn 0.4196 -0.8633 0.2804
vn -0.4949 -0.8633 -0.0984
vn 0.3568 -0.8633 0.3568
vn -0.4662 -0.8633 -0.1931
vn 0.2804 -0.8633 0.4196
vn -0.4196 -0.8633 -0.2804
vn 0.1931 -0.8633 0.4662
vn 0.0984 -0.8633 -0.4949
vn -0.3568 -0.8633 -0.3568
vn 0.0984 -0.8633 0.4949
vn 0.1931 -0.8633 -0.4662
vn -0.2804 -0.8633 -0.4196
vn -0.0000 -0.8633 0.5046
vn 0.2804 -0.8633 -0.4196
vn -0.1931 -0.8633 -0.4662
vn -0.0984 -0.8633 0.4949
vn 0.3568 -0.8633 -0.3568
vn -0.2985 -0.9544 -0.0000
vn -0.4812 -0.8716 0.0935
vn -0.4900 -0.8717 -0.0000
vn 0.2927 -0.9544 -0.0582
vn 0.2985 -0.9544 -0.0000
vn -0.2794 -0.9532 0.1157
vn 0.2927 -0.9544 0.0582
vn -0.2937 -0.9543 0.0551
vn 0.2758 -0.9544 0.1142
vn 0.2482 -0.9544 0.1658
vn -0.2927 -0.9544 -0.0582
vn 0.2111 -0.9544 0.2111
vn -0.2758 -0.9544 -0.1142
vn 0.1658 -0.9544 0.2482
vn -0.2482 -0.9544 -0.1658
vn 0.1142 -0.9544 0.2758
vn 0.0582 -0.9544 -0.2927
vn -0.2111 -0.9544 -0.2111
vn 0.0582 -0.9544 0.2927
vn 0.1142 -0.9544 -0.2758
vn -0.1658 -0.9544 -0.2482
vn -0.0000 -0.9544 0.2985
vn 0.1658 -0.9544 -0.2482
vn -0.1142 -0.9544 -0.2757
vn -0.0582 -0.9544 0.2927
vn 0.2111 -0.9544 -0.2111
vn -0.0582 -0.9544 -0.2927
vn -0.1142 -0.9544 0.2758
vn 0.2482 -0.9544 -0.1658
vn -0.0000 -0.9544 -0.2985
vn -0.1658 -0.9544 0.2482
vn 0.2757 -0.9544 -0.1142
vn -0.2111 -0.9544 0.2111
vn -0.4074 -0.8717 -0.2722
vn -0.8764 -0.3163 -0.3630
vn -0.7888 -0.3163 -0.5270
vn 0.4074 -0.8717 0.2722
vn -0.4806 -0.8717 -0.0956
vn 0.3465 -0.8717 0.3465
vn -0.4527 -0.8717 -0.1875
vn 0.2722 -0.8717 0.4074
vn 0.1875 -0.8717 0.4527
vn -0.0000 -0.8717 -0.4900
vn 0.0956 -0.8717 -0.4806
vn -0.3465 -0.8717 -0.3465
vn 0.0956 -0.8717 0.4806
vn 0.1875 -0.8717 -0.4527
vn -0.2722 -0.8717 -0.4074
vn -0.0000 -0.8717 0.4900
vn 0.2722 -0.8717 -0.4074
vn -0.1875 -0.8717 -0.4527
vn -0.0956 -0.8717 0.4806
vn 0.3465 -0.8717 -0.3465
vn -0.0956 -0.8717 -0.4806
vn -0.1875 -0.8717 0.4527
vn 0.4074 -0.8717 -0.2722
vn -0.2722 -0.8717 0.4074
vn 0.4527 -0.8717 -0.1875
vn -0.3465 -0.8717 0.3465
vn 0.4806 -0.8717 -0.0956
vn -0.4064 -0.8716 0.2741
vn 0.4900 -0.8717 -0.0000
vn -0.4558 -0.8698 0.1888
vn 0.4806 -0.8717 0.0956
vn 0.4527 -0.8717 0.1875
vn -0.5270 -0.3163 -0.7888
vn -0.3541 0.3791 -0.8549
vn -0.3630 -0.3163 -0.8764
vn 0.3630 -0.3163 0.8764
vn 0.1851 -0.3163 -0.9304
vn -0.6708 -0.3163 -0.6708
vn 0.1851 -0.3163 0.9304
vn 0.3630 -0.3163 -0.8764
vn -0.0000 -0.3163 0.9486
vn 0.5270 -0.3163 -0.7888
vn -0.1851 -0.3163 0.9304
vn 0.6708 -0.3163 -0.6708
vn -0.1851 -0.3163 -0.9304
vn -0.3630 -0.3163 0.8764
vn 0.7888 -0.3163 -0.5270
vn -0.0000 -0.3163 -0.9486
vn -0.5270 -0.3163 0.7888
vn 0.8764 -0.3163 -0.3630
vn -0.6708 -0.3163 0.6708
vn 0.9304 -0.3163 -0.1851
vn -0.7885 -0.3160 0.5276
vn 0.9486 -0.3163 -0.0000
vn -0.8766 -0.3159 0.3631
vn 0.9304 -0.3163 0.1851
vn -0.9306 -0.3160 0.1845
vn 0.8764 -0.3163 0.3630
vn -0.9486 -0.3164 -0.0000
vn 0.7888 -0.3163 0.5270
vn -0.9304 -0.3163 -0.1851
vn 0.6708 -0.3163 0.6708
vn 0.5270 -0.3163 0.7888
vn -0.6543 0.3791 0.6543
vn -0.2197 0.9185 0.3288
vn -0.2796 0.9185 0.2796
vn -0.1805 0.3791 0.9076
vn 0.5141 0.3791 -0.7694
vn 0.6543 0.3792 -0.6543
vn -0.1805 0.3791 -0.9076
vn -0.3541 0.3791 0.8549
vn 0.7694 0.3791 -0.5141
vn -0.0000 0.3791 -0.9253
vn -0.5141 0.3791 0.7694
vn 0.8549 0.3791 -0.3541
vn 0.9076 0.3791 -0.1805
vn -0.7698 0.3794 0.5132
vn 0.9253 0.3791 -0.0000
vn -0.8549 0.3792 0.3541
vn 0.9076 0.3791 0.1805
vn -0.9073 0.3794 0.1814
vn 0.8549 0.3791 0.3541
vn -0.9253 0.3791 -0.0000
vn 0.7694 0.3791 0.5141
vn -0.9076 0.3791 -0.1805
vn 0.6543 0.3791 0.6543
vn -0.8549 0.3791 -0.3541
vn 0.5141 0.3791 0.7694
vn -0.7694 0.3791 -0.5141
vn 0.3541 0.3791 0.8549
vn 0.1805 0.3791 -0.9076
vn -0.6543 0.3791 -0.6543
vn 0.1805 0.3791 0.9076
vn 0.3541 0.3791 -0.8549
vn -0.5141 0.3791 -0.7694
vn -0.0000 0.3791 0.9253
vn -0.3628 0.9196 0.1503
vn 0.2669 0.9624 -0.0506
vn -0.3874 0.9185 0.0794
vn 0.3879 0.9185 -0.0772
vn -0.3301 0.9185 0.2178
vn 0.3955 0.9185 -0.0000
vn 0.3879 0.9185 0.0772
vn 0.3654 0.9185 0.1513
vn -0.3955 0.9185 -0.0000
vn 0.3288 0.9185 0.2197
vn -0.3879 0.9185 -0.0772
vn 0.2796 0.9185 0.2796
vn -0.3654 0.9185 -0.1513
vn 0.2197 0.9185 0.3288
vn -0.3288 0.9185 -0.2197
vn 0.1513 0.9185 0.3654
vn 0.0772 0.9185 -0.3879
vn -0.2796 0.9185 -0.2796
vn 0.0772 0.9185 0.3879
vn 0.1513 0.9185 -0.3654
vn -0.2197 0.9185 -0.3288
vn -0.0000 0.9185 0.3955
vn 0.2197 0.9185 -0.3288
vn -0.1513 0.9185 -0.3654
vn -0.0772 0.9185 0.3879
vn 0.2796 0.9185 -0.2796
vn -0.0772 0.9185 -0.3879
vn -0.1513 0.9185 0.3654
vn 0.3288 0.9185 -0.2197
vn -0.0000 0.9185 -0.3955
vn 0.3654 0.9185 -0.1513
vn 0.2510 0.9624 0.1040
vn 0.6040 0.7879 0.1201
vn 0.5690 0.7879 0.2357
vn -0.2510 0.9624 -0.1040
vn 0.2717 0.9624 -0.0000
vn -0.2259 0.9624 -0.1509
vn 0.2665 0.9624 0.0530
vn -0.1921 0.9624 -0.1921
vn -0.1509 0.9624 -0.2259
vn 0.2259 0.9624 0.1509
vn -0.1040 0.9624 -0.2510
vn -0.0530 0.9624 0.2665
vn 0.1921 0.9624 0.1921
vn -0.0530 0.9624 -0.2665
vn -0.1040 0.9624 0.2510
vn 0.1509 0.9624 0.2259
vn -0.0000 0.9624 -0.2717
vn -0.1509 0.9624 0.2259
vn 0.1040 0.9624 0.2510
vn 0.0530 0.9624 -0.2665
vn -0.1921 0.9624 0.1921
vn 0.0530 0.9624 0.2665
vn 0.1040 0.9624 -0.2510
vn -0.2259 0.9624 0.1509
vn -0.0000 0.9624 0.2717
vn 0.1509 0.9624 -0.2259
vn -0.2510 0.9624 0.1040
vn 0.1921 0.9624 -0.1921
vn -0.2665 0.9624 0.0530
vn 0.2245 0.9624 -0.1530
vn -0.2717 0.9624 -0.0000
vn 0.2555 0.9610 -0.1058
vn -0.2665 0.9624 -0.0530
vn -0.2357 0.7879 0.5690
vn -0.1165 0.8020 0.5859
vn -0.2286 0.8020 0.5519
vn -0.3421 0.7879 -0.5121
vn 0.5121 0.7879 0.3421
vn -0.2357 0.7879 -0.5690
vn -0.0000 0.7879 0.6158
vn -0.1201 0.7879 0.6040
vn 0.4355 0.7879 0.4355
vn -0.1201 0.7879 -0.6040
vn 0.3421 0.7879 0.5121
vn -0.0000 0.7879 -0.6158
vn -0.3421 0.7879 0.5121
vn 0.2357 0.7879 0.5690
vn 0.1201 0.7879 -0.6040
vn -0.4355 0.7879 0.4355
vn 0.1201 0.7879 0.6040
vn 0.2357 0.7879 -0.5690
vn -0.5121 0.7879 0.3421
vn 0.3421 0.7879 -0.5121
vn -0.5690 0.7879 0.2357
vn 0.4355 0.7879 -0.4355
vn -0.6040 0.7879 0.1201
vn 0.5108 0.7878 -0.3442
vn -0.6158 0.7879 -0.0000
vn 0.5722 0.7851 -0.2370
vn -0.6040 0.7879 -0.1201
vn 0.6046 0.7878 -0.1178
vn -0.5690 0.7879 -0.2357
vn 0.6158 0.7879 -0.0000
vn -0.5121 0.7879 -0.3421
vn -0.4355 0.7879 -0.4355
vn -0.4224 0.8020 0.4224
vn -0.4557 0.8364 0.3045
vn -0.4967 0.8020 0.3319
vn 0.4224 0.8020 0.4224
vn 0.3319 0.8020 0.4967
vn -0.0000 0.8020 -0.5973
vn -0.3319 0.8020 0.4967
vn 0.2286 0.8020 0.5519
vn 0.1165 0.8020 -0.5859
vn 0.1165 0.8020 0.5859
vn 0.2286 0.8020 -0.5519
vn -0.0000 0.8020 0.5973
vn 0.3319 0.8020 -0.4967
vn -0.5519 0.8020 0.2286
vn 0.4224 0.8020 -0.4224
vn -0.5859 0.8020 0.1165
vn 0.4951 0.8018 -0.3346
vn -0.5973 0.8020 -0.0000
vn 0.5545 0.7999 -0.2297
vn -0.5859 0.8020 -0.1165
vn 0.5867 0.8018 -0.1135
vn -0.5519 0.8020 -0.2286
vn 0.5973 0.8020 -0.0000
vn -0.4967 0.8020 -0.3319
vn 0.5859 0.8020 0.1165
vn -0.4224 0.8020 -0.4224
vn 0.5519 0.8020 0.2286
vn -0.3319 0.8020 -0.4967
vn 0.4967 0.8020 0.3319
vn -0.2286 0.8020 -0.5519
vn -0.1165 0.8020 -0.5859
vn -0.5376 0.8364 0.1069
vn -0.4799 0.8773 -0.0000
vn -0.5481 0.8364 -0.0000
vn -0.0000 0.8364 0.5481
vn 0.2098 0.8364 -0.5064
vn 0.3045 0.8364 -0.4557
vn -0.5064 0.8364 0.2098
vn 0.3876 0.8364 -0.3876
vn 0.4536 0.8362 -0.3082
vn 0.5077 0.8355 -0.2103
vn -0.5376 0.8364 -0.1069
vn 0.5387 0.8362 -0.1028
vn -0.5064 0.8364 -0.2098
vn 0.5481 0.8364 -0.0000
vn -0.4557 0.8364 -0.3045
vn 0.5376 0.8364 0.1069
vn -0.3876 0.8364 -0.3876
vn 0.5064 0.8364 0.2098
vn -0.3045 0.8364 -0.4557
vn 0.4557 0.8364 0.3045
vn -0.2098 0.8364 -0.5064
vn -0.1069 0.8364 0.5376
vn 0.3876 0.8364 0.3876
vn -0.1069 0.8364 -0.5376
vn -0.2098 0.8364 0.5064
vn 0.3045 0.8364 0.4557
vn -0.0000 0.8364 -0.5481
vn -0.3045 0.8364 0.4557
vn 0.2098 0.8364 0.5064
vn 0.1069 0.8364 -0.5376
vn -0.3876 0.8364 0.3876
vn 0.1069 0.8364 0.5376
vn -0.4434 0.8773 -0.1837
vn -0.1923 0.9729 -0.1285
vn -0.3991 0.8773 -0.2666
vn 0.3959 0.8770 -0.2722
vn 0.4427 0.8777 -0.1834
vn -0.4707 0.8773 -0.0936
vn 0.4724 0.8770 -0.0875
vn 0.4799 0.8773 -0.0000
vn 0.4707 0.8773 0.0936
vn -0.3394 0.8773 -0.3394
vn 0.4434 0.8773 0.1837
vn -0.2666 0.8773 -0.3991
vn 0.3991 0.8773 0.2666
vn -0.1837 0.8773 -0.4434
vn -0.0000 0.8773 0.4799
vn -0.0936 0.8773 0.4707
vn 0.3394 0.8773 0.3394
vn -0.0936 0.8773 -0.4707
vn -0.1837 0.8773 0.4434
vn 0.2666 0.8773 0.3991
vn -0.0000 0.8773 -0.4799
vn -0.2666 0.8773 0.3991
vn 0.1837 0.8773 0.4434
vn 0.0936 0.8773 -0.4707
vn -0.3394 0.8773 0.3394
vn 0.0936 0.8773 0.4707
vn 0.1837 0.8773 -0.4434
vn -0.3991 0.8773 0.2666
vn 0.2666 0.8773 -0.3991
vn -0.4434 0.8773 0.1837
vn 0.3394 0.8773 -0.3394
vn -0.4707 0.8773 0.0936
vn 0.0885 0.9729 0.2137
vn 0.0451 0.9729 0.2269
vn 0.2313 0.9729 -0.0000
vn 0.2269 0.9729 0.0451
vn -0.1636 0.9729 -0.1636
vn 0.2137 0.9729 0.0885
vn -0.1285 0.9729 -0.1923
vn 0.1923 0.9729 0.1285
vn -0.0885 0.9729 -0.2137
vn -0.0000 0.9729 0.2313
vn -0.0451 0.9729 0.2269
vn 0.1636 0.9729 0.1636
vn -0.0451 0.9729 -0.2269
vn -0.0885 0.9729 0.2137
vn 0.1285 0.9729 0.1923
vn -0.0000 0.9729 -0.2313
vn -0.1285 0.9729 0.1923
vn 0.0451 0.9729 -0.2269
vn -0.1636 0.9729 0.1636
vn 0.0885 0.9729 -0.2137
vn -0.1923 0.9729 0.1285
vn 0.1285 0.9729 -0.1923
vn -0.2137 0.9729 0.0885
vn 0.1636 0.9729 -0.1636
vn -0.2269 0.9729 0.0451
vn 0.1901 0.9732 -0.1293
vn -0.2313 0.9729 -0.0000
vn 0.2072 0.9745 -0.0857
vn -0.2269 0.9729 -0.0451
vn 0.2258 0.9732 -0.0430
vn -0.2137 0.9729 -0.0885
vn -0.0032 1.0000 0.0012
vn 0.0001 -0.0712 -0.9975
vn 0.3818 -0.0696 -0.9216
vn 0.7052 -0.0712 -0.7054
vn 0.9216 -0.0701 -0.3817
vn 0.9975 -0.0701 -0.0000
vn 0.9216 -0.0698 0.3818
vn 0.7054 -0.0701 0.7053
vn 0.3818 -0.0701 0.9216
vn -0.0001 -0.0712 0.9975
vn -0.3818 -0.0696 0.9216
vn -0.7052 -0.0712 0.7054
vn -0.9216 -0.0701 0.3817
vn -0.9975 -0.0701 -0.0000
vn -0.9216 -0.0698 -0.3817
vn -0.7054 -0.0701 -0.7053
vn -0.3818 -0.0701 -0.9216
vn 0.1697 0.8963 -0.4097
vn -0.4546 0.5749 0.6803
vn 0.2463 0.8963 -0.3687
vn 0.2824 0.8955 -0.3441
vn -0.5199 0.5731 0.6335
vn 0.4296 -0.6342 -0.6429
vn 0.6344 0.0026 -0.7730
vn 0.5556 0.0027 -0.8315
vn 0.3827 0.0026 -0.9239
vn 0.3746 -0.2039 -0.9045
vn 0.5480 0.1640 -0.8202
vn 0.5439 -0.2039 -0.8140
vn 0.1951 0.0026 -0.9808
vn 0.2959 -0.6342 -0.7143
vn 0.1910 -0.2039 -0.9602
vn 0.3775 0.1640 -0.9114
vn 0.0759 -0.6324 -0.7709
vn 0.0980 0.0026 -0.9952
vn 0.6259 0.1633 -0.7626
vn 0.6212 -0.2030 -0.7569
vn 0.5290 0.3056 -0.7917
vn 0.6317 -0.0927 -0.7697
vn 0.6043 0.3043 -0.7364
vn 0.3644 0.3056 -0.8797
vn 0.5532 -0.0932 -0.8279
vn 0.1942 -0.0931 -0.9765
vn 0.1858 0.3056 -0.9339
vn 0.0934 0.3043 -0.9480
vn 0.5914 0.3617 -0.7207
vn 0.5176 0.3633 -0.7747
vn 0.3565 0.3633 -0.8608
vn 0.1818 0.3633 -0.9138
vn 0.0914 0.3617 -0.9278
vn 0.0980 -0.0000 -0.9952
vn 0.6344 -0.0000 -0.7730
vn 0.0976 -0.0927 -0.9909
vn 0.1947 0.0659 -0.9787
vn -0.1596 0.5749 0.8025
vn -0.3131 0.5749 0.7559
vn 0.3810 -0.0932 -0.9199
vn 0.3819 0.0659 -0.9219
vn 0.5544 0.0659 -0.8297
vn -0.0803 0.5731 0.8156
vn -0.6344 -0.0000 0.7730
vn 0.0978 0.0655 -0.9930
vn 0.0865 0.8963 -0.4349
vn 0.6330 0.0655 -0.7713
vn 0.0960 -0.2030 -0.9745
vn 0.1508 -0.6342 -0.7583
vn 0.0967 0.1632 -0.9818
vn 0.1924 0.1640 -0.9675
vn 0.3441 0.8955 -0.2824
vn -0.6803 0.5749 0.4546
vn 0.3687 0.8963 -0.2463
vn 0.4097 0.8963 -0.1697
vn -0.7559 0.5749 0.3131
vn -0.8025 0.5749 0.1596
vn 0.4349 0.8963 -0.0865
vn -0.8155 0.5731 0.0803
vn 0.4430 0.8955 -0.0436
vn 0.7697 -0.0927 -0.6317
vn 0.8297 0.0659 -0.5544
vn 0.8279 -0.0932 -0.5532
vn 0.9808 0.0026 -0.1951
vn 0.7709 -0.6324 -0.0759
vn 0.9952 0.0026 -0.0980
vn 0.7143 -0.6342 -0.2959
vn 0.9239 0.0026 -0.3827
vn 0.6429 -0.6342 -0.4296
vn 0.8315 0.0026 -0.5556
vn 0.5988 -0.6324 -0.4914
vn 0.7730 0.0026 -0.6344
vn 0.7626 0.1633 -0.6259
vn 0.8140 -0.2039 -0.5439
vn 0.7569 -0.2030 -0.6212
vn 0.8202 0.1640 -0.5480
vn 0.9045 -0.2039 -0.3746
vn 0.9114 0.1640 -0.3775
vn 0.9602 -0.2039 -0.1910
vn 0.9675 0.1640 -0.1924
vn 0.9745 -0.2030 -0.0960
vn 0.9765 -0.0931 -0.1942
vn 0.9480 0.3043 -0.0934
vn 0.9339 0.3056 -0.1858
vn 0.9199 -0.0932 -0.3810
vn 0.8797 0.3056 -0.3644
vn 0.7917 0.3056 -0.5290
vn 0.7364 0.3043 -0.6043
vn 0.9278 0.3617 -0.0914
vn 0.9138 0.3633 -0.1818
vn 0.8608 0.3633 -0.3565
vn 0.7747 0.3633 -0.5176
vn 0.7207 0.3617 -0.5914
vn 0.7730 -0.0000 -0.6344
vn 0.9952 -0.0000 -0.0980
vn 0.9219 0.0659 -0.3819
vn 0.9787 0.0659 -0.1947
vn 0.9909 -0.0927 -0.0976
vn -0.6335 0.5731 0.5199
vn -0.9952 -0.0000 0.0980
vn 0.9930 0.0655 -0.0978
vn 0.7583 -0.6342 -0.1508
vn 0.9818 0.1633 -0.0967
vn 0.4349 0.8963 0.0865
vn -0.8156 0.5731 -0.0803
vn -0.8025 0.5749 -0.1596
vn -0.7559 0.5749 -0.3131
vn 0.4096 0.8963 0.1697
vn -0.6803 0.5749 -0.4546
vn 0.3687 0.8963 0.2463
vn -0.6335 0.5731 -0.5199
vn 0.3441 0.8955 0.2824
vn 0.6429 -0.6342 0.4296
vn 0.7730 0.0026 0.6344
vn 0.8315 0.0026 0.5556
vn 0.7143 -0.6342 0.2959
vn 0.9239 0.0026 0.3827
vn 0.7583 -0.6342 0.1508
vn 0.9808 0.0026 0.1951
vn 0.7709 -0.6324 0.0759
vn 0.9952 0.0026 0.0980
vn 0.9818 0.1633 0.0967
vn 0.9602 -0.2039 0.1910
vn 0.9745 -0.2030 0.0960
vn 0.9114 0.1640 0.3775
vn 0.9045 -0.2039 0.3746
vn 0.8140 -0.2039 0.5439
vn 0.8202 0.1640 0.5480
vn 0.7569 -0.2030 0.6212
vn 0.8279 -0.0932 0.5532
vn 0.7364 0.3043 0.6043
vn 0.7917 0.3056 0.5290
vn 0.8797 0.3056 0.3644
vn 0.9339 0.3056 0.1858
vn 0.9199 -0.0932 0.3810
vn 0.9909 -0.0927 0.0976
vn 0.9480 0.3043 0.0934
vn 0.7207 0.3617 0.5914
vn 0.7747 0.3633 0.5176
vn 0.8608 0.3633 0.3565
vn 0.9138 0.3633 0.1818
vn 0.9278 0.3617 0.0914
vn 0.9952 -0.0000 0.0980
vn 0.7730 -0.0000 0.6344
vn 0.9787 0.0659 0.1947
vn 0.9765 -0.0932 0.1942
vn 0.9219 0.0659 0.3819
vn 0.8297 0.0659 0.5544
vn 0.7697 -0.0927 0.6317
vn 0.9930 0.0655 0.0978
vn -0.7730 -0.0000 -0.6344
vn 0.7713 0.0655 0.6330
vn 0.9675 0.1640 0.1924
vn 0.7626 0.1633 0.6259
vn 0.2824 0.8955 0.3441
vn -0.4546 0.5749 -0.6803
vn 0.2463 0.8963 0.3687
vn -0.3131 0.5749 -0.7559
vn 0.1697 0.8963 0.4097
vn -0.1596 0.5749 -0.8025
vn 0.0865 0.8963 0.4349
vn -0.0803 0.5731 -0.8155
vn 0.0436 0.8955 0.4430
vn 0.1951 0.0026 0.9808
vn 0.0759 -0.6324 0.7709
vn 0.0980 0.0026 0.9952
vn 0.2959 -0.6342 0.7143
vn 0.3827 0.0026 0.9239
vn 0.4296 -0.6342 0.6429
vn 0.5556 0.0026 0.8315
vn 0.4914 -0.6324 0.5988
vn 0.6344 0.0026 0.7730
vn 0.6259 0.1633 0.7626
vn 0.5439 -0.2039 0.8140
vn 0.6212 -0.2030 0.7569
vn 0.5480 0.1640 0.8202
vn 0.3746 -0.2039 0.9045
vn 0.3775 0.1640 0.9114
vn 0.1910 -0.2039 0.9602
vn 0.1924 0.1640 0.9675
vn 0.0960 -0.2030 0.9745
vn 0.1942 -0.0932 0.9765
vn 0.0934 0.3043 0.9480
vn 0.1858 0.3056 0.9339
vn 0.3810 -0.0931 0.9199
vn 0.3644 0.3056 0.8797
vn 0.5532 -0.0932 0.8279
vn 0.5290 0.3056 0.7917
vn 0.6317 -0.0927 0.7697
vn 0.6043 0.3043 0.7364
vn 0.0914 0.3617 0.9278
vn 0.1818 0.3633 0.9138
vn 0.3565 0.3633 0.8608
vn 0.5176 0.3633 0.7747
vn 0.5914 0.3617 0.7207
vn 0.6344 -0.0000 0.7730
vn 0.0980 -0.0000 0.9952
vn 0.3819 0.0659 0.9219
vn 0.1947 0.0659 0.9787
vn 0.0976 -0.0927 0.9909
vn 0.5544 0.0659 0.8297
vn -0.0980 -0.0000 -0.9952
vn -0.5199 0.5731 -0.6335
vn 0.0978 0.0655 0.9930
vn 0.1508 -0.6342 0.7583
vn 0.0967 0.1632 0.9818
vn -0.0436 0.8955 0.4430
vn 0.1596 0.5749 -0.8025
vn -0.0865 0.8963 0.4349
vn -0.1697 0.8963 0.4097
vn 0.3131 0.5749 -0.7559
vn 0.4546 0.5749 -0.6803
vn -0.2463 0.8963 0.3687
vn 0.5199 0.5731 -0.6335
vn -0.2824 0.8955 0.3441
vn -0.4296 -0.6342 0.6429
vn -0.6344 0.0026 0.7730
vn -0.5556 0.0026 0.8315
vn -0.2959 -0.6342 0.7143
vn -0.3827 0.0026 0.9239
vn -0.1508 -0.6342 0.7583
vn -0.1951 0.0026 0.9808
vn -0.0759 -0.6324 0.7709
vn -0.0980 0.0026 0.9952
vn -0.0967 0.1633 0.9818
vn -0.1910 -0.2039 0.9602
vn -0.0960 -0.2030 0.9745
vn -0.3775 0.1640 0.9114
vn -0.3746 -0.2039 0.9045
vn -0.5480 0.1640 0.8202
vn -0.5439 -0.2039 0.8140
vn -0.6212 -0.2030 0.7569
vn -0.5290 0.3056 0.7917
vn -0.6317 -0.0927 0.7697
vn -0.6043 0.3043 0.7364
vn -0.3810 -0.0932 0.9199
vn -0.3644 0.3056 0.8797
vn -0.1942 -0.0931 0.9765
vn -0.1858 0.3056 0.9339
vn -0.0934 0.3043 0.9480
vn -0.5176 0.3633 0.7747
vn -0.5914 0.3618 0.7207
vn -0.3565 0.3633 0.8608
vn -0.1818 0.3633 0.9138
vn -0.0914 0.3617 0.9278
vn -0.0980 -0.0000 0.9952
vn -0.3819 0.0659 0.9219
vn -0.5532 -0.0932 0.8279
vn -0.5544 0.0659 0.8297
vn -0.0978 0.0655 0.9930
vn -0.0976 -0.0927 0.9909
vn -0.1947 0.0659 0.9787
vn 0.0803 0.5731 -0.8156
vn -0.6330 0.0655 0.7713
vn -0.1924 0.1640 0.9675
vn -0.6259 0.1633 0.7626
vn -0.3441 0.8955 0.2824
vn 0.6803 0.5749 -0.4546
vn -0.3687 0.8963 0.2463
vn 0.7559 0.5749 -0.3131
vn -0.4096 0.8963 0.1697
vn 0.8025 0.5749 -0.1596
vn -0.4349 0.8963 0.0865
vn 0.8155 0.5731 -0.0803
vn -0.4430 0.8955 0.0436
vn -0.9808 0.0026 0.1951
vn -0.7709 -0.6324 0.0759
vn -0.9952 0.0026 0.0980
vn -0.9239 0.0026 0.3827
vn -0.7583 -0.6342 0.1508
vn -0.8315 0.0026 0.5556
vn -0.7143 -0.6342 0.2959
vn -0.7730 0.0026 0.6344
vn -0.6429 -0.6342 0.4296
vn -0.7626 0.1633 0.6259
vn -0.8140 -0.2039 0.5439
vn -0.7569 -0.2030 0.6212
vn -0.9114 0.1640 0.3775
vn -0.9045 -0.2039 0.3746
vn -0.9675 0.1640 0.1924
vn -0.9602 -0.2039 0.1910
vn -0.9745 -0.2030 0.0960
vn -0.9765 -0.0932 0.1942
vn -0.9480 0.3043 0.0934
vn -0.9339 0.3056 0.1858
vn -0.9199 -0.0932 0.3810
vn -0.8797 0.3056 0.3644
vn -0.8279 -0.0932 0.5532
vn -0.7917 0.3056 0.5290
vn -0.7697 -0.0927 0.6317
vn -0.7364 0.3043 0.6043
vn -0.9278 0.3617 0.0914
vn -0.9138 0.3633 0.1818
vn -0.8608 0.3633 0.3565
vn -0.7747 0.3633 0.5176
vn -0.7207 0.3617 0.5914
vn -0.7730 -0.0000 0.6344
vn -0.9787 0.0659 0.1947
vn -0.9930 0.0656 0.0978
vn -0.9909 -0.0927 0.0976
vn -0.8297 0.0659 0.5544
vn -0.9219 0.0659 0.3819
vn 0.6335 0.5731 -0.5199
vn -0.5988 -0.6324 0.4914
vn -0.8202 0.1640 0.5480
vn -0.9818 0.1633 0.0967
vn -0.4349 0.8963 -0.0865
vn 0.8156 0.5731 0.0803
vn 0.8025 0.5749 0.1596
vn 0.7559 0.5749 0.3131
vn -0.4096 0.8963 -0.1697
vn -0.3687 0.8963 -0.2463
vn 0.6803 0.5749 0.4546
vn 0.6335 0.5731 0.5199
vn -0.3441 0.8955 -0.2824
vn -0.6429 -0.6342 -0.4296
vn -0.7730 0.0026 -0.6344
vn -0.8315 0.0026 -0.5556
vn -0.7143 -0.6342 -0.2959
vn -0.9239 0.0026 -0.3827
vn -0.7583 -0.6342 -0.1508
vn -0.9808 0.0026 -0.1951
vn -0.7709 -0.6324 -0.0759
vn -0.9952 0.0026 -0.0980
vn -0.9818 0.1633 -0.0967
vn -0.9602 -0.2039 -0.1910
vn -0.9745 -0.2030 -0.0960
vn -0.9675 0.1640 -0.1924
vn -0.9045 -0.2039 -0.3746
vn -0.9114 0.1640 -0.3775
vn -0.8140 -0.2039 -0.5439
vn -0.8202 0.1640 -0.5480
vn -0.7569 -0.2030 -0.6212
vn -0.8279 -0.0931 -0.5532
vn -0.7364 0.3043 -0.6043
vn -0.7917 0.3056 -0.5290
vn -0.8797 0.3056 -0.3644
vn -0.9339 0.3056 -0.1858
vn -0.9199 -0.0932 -0.3810
vn -0.9480 0.3043 -0.0934
vn -0.9765 -0.0932 -0.1942
vn -0.7747 0.3633 -0.5176
vn -0.7207 0.3618 -0.5914
vn -0.8608 0.3633 -0.3565
vn -0.9138 0.3633 -0.1818
vn -0.9278 0.3617 -0.0914
vn -0.9952 -0.0000 -0.0980
vn -0.8297 0.0659 -0.5544
vn -0.7697 -0.0927 -0.6317
vn -0.9930 0.0655 -0.0978
vn -0.9909 -0.0927 -0.0976
vn -0.9787 0.0659 -0.1947
vn -0.9219 0.0659 -0.3819
vn -0.7713 0.0655 -0.6330
vn -0.7626 0.1633 -0.6259
vn -0.1947 0.0659 -0.9787
vn -0.0976 -0.0927 -0.9909
vn -0.1942 -0.0931 -0.9765
vn -0.2824 0.8955 -0.3441
vn 0.4546 0.5749 0.6803
vn -0.2463 0.8963 -0.3687
vn -0.1697 0.8963 -0.4096
vn 0.3131 0.5749 0.7559
vn -0.0865 0.8963 -0.4349
vn 0.1596 0.5749 0.8025
vn 0.0803 0.5731 0.8155
vn -0.0436 0.8955 -0.4430
vn -0.1508 -0.6342 -0.7583
vn -0.0980 0.0026 -0.9952
vn -0.1951 0.0026 -0.9808
vn -0.2959 -0.6342 -0.7143
vn -0.3827 0.0026 -0.9239
vn -0.5556 0.0026 -0.8315
vn -0.4914 -0.6324 -0.5988
vn -0.6344 0.0026 -0.7730
vn -0.6259 0.1632 -0.7626
vn -0.5439 -0.2039 -0.8140
vn -0.6212 -0.2030 -0.7569
vn -0.3775 0.1640 -0.9114
vn -0.3746 -0.2039 -0.9045
vn -0.1910 -0.2039 -0.9602
vn -0.1924 0.1640 -0.9675
vn -0.0960 -0.2030 -0.9745
vn -0.1858 0.3056 -0.9339
vn -0.0934 0.3043 -0.9480
vn -0.3810 -0.0932 -0.9199
vn -0.3644 0.3056 -0.8797
vn -0.5532 -0.0932 -0.8279
vn -0.5290 0.3056 -0.7917
vn -0.6317 -0.0927 -0.7697
vn -0.6043 0.3043 -0.7364
vn -0.1818 0.3633 -0.9138
vn -0.0914 0.3618 -0.9278
vn -0.3565 0.3633 -0.8608
vn -0.5176 0.3633 -0.7747
vn -0.5914 0.3617 -0.7207
vn -0.6344 -0.0000 -0.7730
vn -0.6330 0.0656 -0.7713
vn -0.3819 0.0659 -0.9219
vn 0.5199 0.5731 0.6335
vn -0.5544 0.0658 -0.8297
vn -0.0978 0.0655 -0.9930
vn -0.4296 -0.6342 -0.6429
vn -0.5480 0.1640 -0.8202
vn -0.0967 0.1632 -0.9818
vn 0.4914 -0.6324 -0.5988
vn 0.0436 0.8955 -0.4430
vn 0.7713 0.0655 -0.6330
vn 0.4430 0.8955 0.0436
vn 0.5988 -0.6324 0.4914
vn 0.6330 0.0655 0.7713
vn -0.4914 -0.6324 0.5988
vn -0.7713 0.0655 0.6330
vn -0.4430 0.8955 -0.0436
vn -0.5988 -0.6324 -0.4914
vn -0.0759 -0.6324 -0.7709
vt 0.287907 0.723832
vt 0.297196 0.727366
vt 0.290939 0.729886
vt 0.279678 0.750130
vt 0.285365 0.744664
vt 0.285863 0.749890
vt 0.275055 0.750347
vt 0.270366 0.748032
vt 0.274469 0.746893
vt 0.266432 0.751365
vt 0.259686 0.752560
vt 0.265962 0.749702
vt 0.295250 0.749292
vt 0.294702 0.742715
vt 0.279136 0.745872
vt 0.270954 0.750688
vt 0.269210 0.745438
vt 0.284336 0.718123
vt 0.293819 0.720658
vt 0.284087 0.739437
vt 0.273230 0.743456
vt 0.265087 0.748137
vt 0.293243 0.736210
vt 0.277880 0.741603
vt 0.262827 0.793865
vt 0.258505 0.801836
vt 0.256947 0.796017
vt 0.282056 0.734255
vt 0.267446 0.742981
vt 0.271296 0.740087
vt 0.263800 0.746752
vt 0.275894 0.737359
vt 0.279314 0.729122
vt 0.268593 0.736822
vt 0.262095 0.745652
vt 0.273144 0.733133
vt 0.265010 0.740752
vt 0.274359 0.787823
vt 0.271589 0.797041
vt 0.268715 0.791163
vt 0.259982 0.744975
vt 0.269552 0.728846
vt 0.261796 0.738882
vt 0.299740 0.734490
vt 0.275926 0.723960
vt 0.264974 0.733684
vt 0.280541 0.712825
vt 0.264934 0.724269
vt 0.257625 0.737593
vt 0.301367 0.756872
vt 0.294856 0.755827
vt 0.271992 0.718520
vt 0.260128 0.730675
vt 0.257507 0.744912
vt 0.258892 0.718798
vt 0.252252 0.737322
vt 0.265030 0.799871
vt 0.267693 0.712113
vt 0.253391 0.727763
vt 0.254825 0.745714
vt 0.277099 0.708026
vt 0.299785 0.764176
vt 0.293517 0.762200
vt 0.243290 0.782568
vt 0.253010 0.787943
vt 0.247228 0.790644
vt 0.243872 0.763660
vt 0.248665 0.773190
vt 0.241622 0.773303
vt 0.250581 0.755903
vt 0.252872 0.758253
vt 0.251480 0.797833
vt 0.250049 0.780536
vt 0.249335 0.765667
vt 0.301326 0.741880
vt 0.258600 0.785552
vt 0.254212 0.772562
vt 0.255268 0.759582
vt 0.255782 0.778748
vt 0.253862 0.766356
vt 0.258837 0.771485
vt 0.257576 0.760144
vt 0.260784 0.776844
vt 0.257705 0.766206
vt 0.301880 0.749390
vt 0.263864 0.783064
vt 0.265187 0.774649
vt 0.261005 0.765445
vt 0.291258 0.768292
vt 0.293565 0.777683
vt 0.288129 0.773991
vt 0.268721 0.780259
vt 0.262789 0.769975
vt 0.259703 0.760117
vt 0.273099 0.777038
vt 0.279570 0.783827
vt 0.269038 0.772092
vt 0.263826 0.764198
vt 0.297164 0.771159
vt 0.266175 0.768055
vt 0.261597 0.759627
vt 0.266193 0.762553
vt 0.277921 0.793369
vt 0.272337 0.769157
vt 0.276928 0.773374
vt 0.269029 0.765759
vt 0.263220 0.758768
vt 0.284201 0.779197
vt 0.289074 0.783625
vt 0.280143 0.769287
vt 0.271357 0.763128
vt 0.264546 0.757617
vt 0.275065 0.765864
vt 0.268107 0.760581
vt 0.282686 0.764824
vt 0.273144 0.760212
vt 0.265550 0.756239
vt 0.277191 0.762256
vt 0.269557 0.758346
vt 0.285393 0.709153
vt 0.266211 0.754697
vt 0.278687 0.758388
vt 0.270528 0.755910
vt 0.289798 0.714524
vt 0.284508 0.760050
vt 0.274371 0.757069
vt 0.279523 0.754323
vt 0.271000 0.753336
vt 0.252536 0.802714
vt 0.285575 0.755045
vt 0.275015 0.753759
vt 0.266511 0.753051
vt 0.283809 0.788881
vt 0.269564 0.821045
vt 0.305827 0.799502
vt 0.307044 0.700518
vt 0.324258 0.739448
vt 0.324025 0.760953
vt 0.321621 0.771474
vt 0.259012 0.822259
vt 0.298055 0.806974
vt 0.313463 0.709244
vt 0.317733 0.781548
vt 0.248008 0.821491
vt 0.289287 0.813184
vt 0.318493 0.718765
vt 0.312433 0.790960
vt 0.289455 0.685511
vt 0.299207 0.692707
vt 0.279719 0.817941
vt 0.322106 0.728899
vt 0.324906 0.750205
vt 0.270755 0.826479
vt 0.326941 0.773059
vt 0.329747 0.738687
vt 0.259170 0.827978
vt 0.322772 0.783881
vt 0.247455 0.827315
vt 0.317085 0.793995
vt 0.302865 0.688412
vt 0.309989 0.803179
vt 0.311258 0.696818
vt 0.301629 0.811220
vt 0.318150 0.706245
vt 0.292174 0.817914
vt 0.330450 0.750226
vt 0.323550 0.716491
vt 0.281816 0.823066
vt 0.329513 0.761762
vt 0.327432 0.727370
vt 0.259289 0.836388
vt 0.330230 0.787525
vt 0.245383 0.835624
vt 0.323944 0.798684
vt 0.297882 0.673175
vt 0.308680 0.681909
vt 0.316096 0.808821
vt 0.317735 0.691445
vt 0.306840 0.817705
vt 0.325250 0.701935
vt 0.296349 0.825120
vt 0.338720 0.750425
vt 0.331160 0.713260
vt 0.284811 0.830861
vt 0.337680 0.763137
vt 0.335414 0.725253
vt 0.272407 0.834716
vt 0.334837 0.775591
vt 0.337953 0.737715
vt 0.244936 0.843384
vt 0.329681 0.802461
vt 0.313411 0.676780
vt 0.321231 0.813399
vt 0.323082 0.687007
vt 0.311252 0.823000
vt 0.331090 0.698323
vt 0.299928 0.831040
vt 0.345545 0.750471
vt 0.337405 0.710513
vt 0.287448 0.837311
vt 0.344442 0.764154
vt 0.341970 0.723405
vt 0.273983 0.841623
vt 0.341394 0.777568
vt 0.344706 0.736801
vt 0.259653 0.843789
vt 0.336445 0.790429
vt 0.310083 0.654568
vt 0.323446 0.666395
vt 0.331234 0.822860
vt 0.334068 0.678580
vt 0.319789 0.833862
vt 0.342911 0.691571
vt 0.306791 0.843110
vt 0.359139 0.750942
vt 0.349960 0.705449
vt 0.292446 0.850389
vt 0.357867 0.766564
vt 0.355096 0.720112
vt 0.276912 0.855504
vt 0.354367 0.781889
vt 0.358190 0.735362
vt 0.260198 0.858205
vt 0.348686 0.796589
vt 0.241578 0.858248
vt 0.340927 0.810345
vt 0.354913 0.662386
vt 0.337746 0.854767
vt 0.365497 0.677861
vt 0.321650 0.866534
vt 0.386135 0.750753
vt 0.374200 0.694668
vt 0.303943 0.875957
vt 0.384723 0.770269
vt 0.380690 0.712617
vt 0.284934 0.882900
vt 0.380493 0.789448
vt 0.384724 0.731424
vt 0.265019 0.887345
vt 0.373519 0.807868
vt 0.244403 0.889769
vt 0.363935 0.825133
vt 0.342896 0.648244
vt 0.351932 0.840874
vt 0.395607 0.472028
vt 0.406406 0.479677
vt 0.381387 0.506468
vt 0.416503 0.441208
vt 0.439060 0.455451
vt 0.442988 0.415084
vt 0.477599 0.435053
vt 0.474020 0.394528
vt 0.520058 0.419314
vt 0.544816 0.373254
vt 0.508329 0.380263
vt 0.582033 0.373302
vt 0.564162 0.409038
vt 0.618517 0.380491
vt 0.607551 0.404809
vt 0.652934 0.394676
vt 0.648141 0.407007
vt 0.402690 0.521094
vt 0.374138 0.542959
vt 0.440397 0.499832
vt 0.484872 0.480362
vt 0.533406 0.463721
vt 0.583069 0.450849
vt 0.630904 0.442566
vt 0.683789 0.415567
vt 0.674086 0.439511
vt 0.405623 0.563867
vt 0.374051 0.580202
vt 0.447020 0.546394
vt 0.495494 0.528718
vt 0.547893 0.511920
vt 0.600869 0.497044
vt 0.651056 0.485063
vt 0.709964 0.442016
vt 0.695223 0.476813
vt 0.415087 0.606503
vt 0.381057 0.616727
vt 0.458662 0.593399
vt 0.509061 0.578251
vt 0.562961 0.562049
vt 0.616861 0.545848
vt 0.667260 0.530699
vt 0.730569 0.473037
vt 0.710835 0.517595
vt 0.395353 0.651061
vt 0.430699 0.647286
vt 0.474867 0.639036
vt 0.525053 0.627054
vt 0.630428 0.595381
vt 0.578029 0.612179
vt 0.678902 0.577705
vt 0.720300 0.560232
vt 0.751872 0.543896
vt 0.415958 0.682082
vt 0.451836 0.684587
vt 0.495018 0.681533
vt 0.542853 0.673250
vt 0.641050 0.643737
vt 0.592516 0.660378
vt 0.685525 0.624267
vt 0.723233 0.603005
vt 0.751785 0.581140
vt 0.442133 0.708532
vt 0.477780 0.717092
vt 0.518371 0.719290
vt 0.561760 0.715061
vt 0.648323 0.689046
vt 0.605864 0.704785
vt 0.686862 0.668648
vt 0.719516 0.644423
vt 0.744536 0.617631
vt 0.472988 0.729423
vt 0.507405 0.743607
vt 0.543889 0.750796
vt 0.581106 0.750845
vt 0.651902 0.729571
vt 0.617592 0.743836
vt 0.682934 0.709015
vt 0.709420 0.682891
vt 0.730315 0.652071
vt 0.251564 0.163949
vt 0.255117 0.181405
vt 0.247243 0.178137
vt 0.262118 0.168328
vt 0.262207 0.186141
vt 0.279695 0.182756
vt 0.268238 0.192164
vt 0.286042 0.192249
vt 0.272980 0.199241
vt 0.276250 0.207099
vt 0.290414 0.202791
vt 0.277923 0.215436
vt 0.292646 0.225376
vt 0.277935 0.223931
vt 0.290422 0.236548
vt 0.276287 0.232256
vt 0.273042 0.240092
vt 0.286057 0.247065
vt 0.268325 0.247136
vt 0.271657 0.264557
vt 0.262317 0.253118
vt 0.262177 0.270860
vt 0.255251 0.257808
vt 0.247396 0.261028
vt 0.251644 0.275193
vt 0.239055 0.262654
vt 0.229063 0.277367
vt 0.230548 0.262627
vt 0.222200 0.260948
vt 0.217879 0.275129
vt 0.214331 0.257684
vt 0.207339 0.270760
vt 0.207241 0.252959
vt 0.189770 0.256373
vt 0.201204 0.246955
vt 0.196453 0.239899
vt 0.183415 0.246905
vt 0.193171 0.232061
vt 0.179029 0.236385
vt 0.191486 0.223744
vt 0.176781 0.225218
vt 0.191461 0.215260
vt 0.176759 0.213829
vt 0.193102 0.206938
vt 0.178966 0.202656
vt 0.196344 0.199100
vt 0.183316 0.192131
vt 0.201061 0.192045
vt 0.197707 0.174600
vt 0.207073 0.186046
vt 0.214147 0.181335
vt 0.217740 0.163914
vt 0.222012 0.178093
vt 0.228939 0.161699
vt 0.230366 0.176448
vt 0.296256 0.270079
vt 0.279721 0.256522
vt 0.240361 0.161711
vt 0.238885 0.176463
vt 0.627809 0.057013
vt 0.610959 0.058744
vt 0.627342 0.054826
vt 0.643984 0.051629
vt 0.661117 0.051401
vt 0.660843 0.049158
vt 0.678053 0.049687
vt 0.677877 0.047424
vt 0.695044 0.046435
vt 0.712279 0.048489
vt 0.712303 0.046202
vt 0.729485 0.049024
vt 0.729611 0.046734
vt 0.746695 0.050330
vt 0.746924 0.048042
vt 0.763863 0.052417
vt 0.764196 0.050138
vt 0.780942 0.055295
vt 0.781381 0.053031
vt 0.797882 0.058975
vt 0.798429 0.056733
vt 0.815288 0.061253
vt 0.831901 0.066601
vt 0.814631 0.063466
vt 0.848214 0.072785
vt 0.831135 0.068777
vt 0.863178 0.081894
vt 0.864167 0.079813
vt 0.879703 0.087693
vt 0.893552 0.098389
vt 0.894769 0.096433
vt 0.909323 0.106049
vt 0.921886 0.118394
vt 0.923348 0.116578
vt 0.935255 0.129857
vt 0.936863 0.128110
vt 0.949923 0.140852
vt 0.960564 0.156948
vt 0.962585 0.155349
vt 0.483499 0.128519
vt 0.470278 0.139339
vt 0.481979 0.126950
vt 0.494252 0.116040
vt 0.508337 0.107916
vt 0.507094 0.106181
vt 0.520489 0.097193
vt 0.535455 0.090865
vt 0.534422 0.088986
vt 0.549805 0.083460
vt 0.548868 0.081516
vt 0.563787 0.074761
vt 0.579887 0.070773
vt 0.579138 0.068715
vt 0.595532 0.065482
vt 0.594876 0.063376
vt 0.611520 0.060894
vt 0.631562 0.073646
vt 0.611984 0.062663
vt 0.628195 0.058812
vt 0.644662 0.055671
vt 0.661344 0.053248
vt 0.647389 0.070731
vt 0.679619 0.066944
vt 0.678200 0.051550
vt 0.695186 0.050589
vt 0.712334 0.065943
vt 0.712262 0.050372
vt 0.728769 0.066510
vt 0.729384 0.050910
vt 0.745196 0.067801
vt 0.746509 0.052214
vt 0.763591 0.054294
vt 0.777846 0.072590
vt 0.780582 0.057160
vt 0.797434 0.060821
vt 0.814094 0.065288
vt 0.793973 0.076104
vt 0.830508 0.070569
vt 0.809899 0.080373
vt 0.840935 0.091205
vt 0.846619 0.076673
vt 0.855928 0.097780
vt 0.862368 0.083607
vt 0.877698 0.091378
vt 0.884570 0.113287
vt 0.892554 0.099998
vt 0.906892 0.109486
vt 0.911018 0.132098
vt 0.920685 0.119885
vt 0.923251 0.142902
vt 0.933933 0.131291
vt 0.946656 0.143902
vt 0.945052 0.167704
vt 0.958855 0.158185
vt 0.484754 0.129799
vt 0.484936 0.150554
vt 0.473464 0.141948
vt 0.506012 0.129839
vt 0.496748 0.119057
vt 0.509361 0.109340
vt 0.530312 0.112546
vt 0.522555 0.100488
vt 0.543413 0.105006
vt 0.536306 0.092409
vt 0.557057 0.098141
vt 0.550576 0.085058
vt 0.565324 0.078414
vt 0.580504 0.072467
vt 0.571187 0.091935
vt 0.600699 0.081478
vt 0.596073 0.067216
vt 0.615985 0.077231
vt 0.632526 0.078351
vt 0.648152 0.075504
vt 0.663980 0.073322
vt 0.663422 0.068494
vt 0.679970 0.071815
vt 0.695937 0.066091
vt 0.696079 0.070991
vt 0.712264 0.070861
vt 0.744693 0.072713
vt 0.760847 0.074714
vt 0.761570 0.069825
vt 0.776900 0.077441
vt 0.792802 0.080902
vt 0.825572 0.085405
vt 0.808502 0.085102
vt 0.823947 0.090048
vt 0.839079 0.095746
vt 0.868170 0.109415
vt 0.870493 0.105136
vt 0.882006 0.117408
vt 0.895284 0.126201
vt 0.898099 0.122258
vt 0.907933 0.135840
vt 0.919866 0.146405
vt 0.930959 0.157989
vt 0.934622 0.154797
vt 0.498123 0.142954
vt 0.494979 0.139766
vt 0.508835 0.133245
vt 0.520387 0.124432
vt 0.517817 0.120800
vt 0.532658 0.116375
vt 0.545554 0.109009
vt 0.559000 0.102300
vt 0.572935 0.096233
vt 0.585750 0.086381
vt 0.602058 0.086007
vt 0.617147 0.081855
vt 0.637595 0.102258
vt 0.652224 0.099773
vt 0.667040 0.097883
vt 0.682000 0.096601
vt 0.697064 0.095934
vt 0.712188 0.095893
vt 0.728483 0.071432
vt 0.742456 0.097714
vt 0.772455 0.102118
vt 0.801815 0.109136
vt 0.816128 0.113630
vt 0.830124 0.118780
vt 0.843744 0.124585
vt 0.853840 0.102199
vt 0.869590 0.138159
vt 0.881665 0.145932
vt 0.893048 0.154374
vt 0.903608 0.163487
vt 0.913152 0.173230
vt 0.921440 0.183293
vt 0.941310 0.170830
vt 0.504254 0.165675
vt 0.488230 0.153676
vt 0.522380 0.149695
vt 0.544298 0.135435
vt 0.568803 0.123244
vt 0.595258 0.113184
vt 0.587305 0.090801
vt 0.623194 0.105330
vt 0.640769 0.119350
vt 0.654716 0.117106
vt 0.668835 0.115410
vt 0.697431 0.113697
vt 0.711827 0.113700
vt 0.726234 0.114285
vt 0.727333 0.096484
vt 0.740612 0.115459
vt 0.754917 0.117226
vt 0.757511 0.099591
vt 0.783135 0.122549
vt 0.787239 0.105299
vt 0.796953 0.126104
vt 0.810512 0.130252
vt 0.823756 0.134988
vt 0.836628 0.140305
vt 0.856923 0.131044
vt 0.860989 0.152643
vt 0.872327 0.159640
vt 0.892888 0.175233
vt 0.901968 0.183809
vt 0.910341 0.193166
vt 0.521805 0.168557
vt 0.512685 0.157547
vt 0.531021 0.161670
vt 0.541056 0.155200
vt 0.532966 0.142312
vt 0.563218 0.143490
vt 0.556272 0.129078
vt 0.575159 0.138277
vt 0.587571 0.133516
vt 0.581818 0.117944
vt 0.600390 0.129226
vt 0.609066 0.108975
vt 0.613562 0.125424
vt 0.643129 0.131955
vt 0.627037 0.122127
vt 0.656593 0.129890
vt 0.670218 0.128333
vt 0.683966 0.127298
vt 0.683087 0.114270
vt 0.697796 0.126792
vt 0.711672 0.126825
vt 0.739399 0.128533
vt 0.766825 0.132455
vt 0.769107 0.119589
vt 0.780318 0.135247
vt 0.793604 0.138591
vt 0.819358 0.146905
vt 0.831717 0.151856
vt 0.843652 0.157315
vt 0.849063 0.146194
vt 0.855090 0.163263
vt 0.865952 0.169678
vt 0.876147 0.176539
vt 0.882990 0.167175
vt 0.885567 0.183832
vt 0.901628 0.199601
vt 0.519955 0.182521
vt 0.513286 0.175966
vt 0.536917 0.170382
vt 0.557087 0.159217
vt 0.551822 0.149137
vt 0.568133 0.154109
vt 0.579698 0.149360
vt 0.591712 0.145000
vt 0.604112 0.141058
vt 0.616846 0.137556
vt 0.643934 0.136665
vt 0.629866 0.134516
vt 0.657222 0.134663
vt 0.684230 0.132156
vt 0.697873 0.131673
vt 0.711559 0.131715
vt 0.725248 0.132288
vt 0.725552 0.127404
vt 0.738901 0.133398
vt 0.752478 0.135047
vt 0.753170 0.130216
vt 0.765938 0.137236
vt 0.779238 0.139963
vt 0.805174 0.147015
vt 0.806634 0.142480
vt 0.817712 0.151323
vt 0.829892 0.156135
vt 0.852926 0.167193
vt 0.863631 0.173390
vt 0.873675 0.179995
vt 0.894065 0.191563
vt 0.882950 0.186988
vt 0.891340 0.194355
vt 0.530116 0.179420
vt 0.527965 0.176374
vt 0.546649 0.164651
vt 0.538952 0.173680
vt 0.548585 0.168211
vt 0.569847 0.158097
vt 0.581284 0.153518
vt 0.593158 0.149305
vt 0.605410 0.145488
vt 0.617986 0.142095
vt 0.648360 0.161104
vt 0.630842 0.139148
vt 0.660782 0.159426
vt 0.673335 0.158173
vt 0.670667 0.133156
vt 0.685984 0.157358
vt 0.698695 0.156990
vt 0.724166 0.157624
vt 0.736856 0.158634
vt 0.749467 0.160110
vt 0.761965 0.162050
vt 0.786462 0.167298
vt 0.792332 0.143225
vt 0.798383 0.170590
vt 0.810029 0.174307
vt 0.832311 0.182921
vt 0.841653 0.161433
vt 0.842840 0.187748
vt 0.852876 0.192849
vt 0.862332 0.198139
vt 0.871085 0.203491
vt 0.885736 0.213441
vt 0.898985 0.202229
vt 0.531948 0.197880
vt 0.522062 0.185423
vt 0.548467 0.190838
vt 0.568024 0.182864
vt 0.558918 0.163007
vt 0.578524 0.178938
vt 0.589420 0.175196
vt 0.612219 0.168519
vt 0.636102 0.163192
vt 0.651243 0.177912
vt 0.675102 0.175348
vt 0.687167 0.174649
vt 0.699280 0.174353
vt 0.711412 0.174465
vt 0.711434 0.157076
vt 0.723530 0.174992
vt 0.747597 0.177296
vt 0.771218 0.181252
vt 0.774309 0.164448
vt 0.782778 0.183835
vt 0.794125 0.186804
vt 0.805226 0.190143
vt 0.816046 0.193828
vt 0.821355 0.178427
vt 0.826552 0.197825
vt 0.836715 0.202088
vt 0.846504 0.206549
vt 0.864900 0.215602
vt 0.873514 0.219769
vt 0.878961 0.208708
vt 0.881770 0.223168
vt 0.543965 0.207185
vt 0.539647 0.194566
vt 0.563471 0.200596
vt 0.557976 0.186876
vt 0.573552 0.197083
vt 0.583906 0.193634
vt 0.605432 0.187264
vt 0.600665 0.171707
vt 0.627944 0.181938
vt 0.624043 0.165671
vt 0.653671 0.194949
vt 0.639509 0.179751
vt 0.663118 0.176439
vt 0.676472 0.192691
vt 0.687982 0.192083
vt 0.699530 0.191834
vt 0.711087 0.191951
vt 0.722624 0.192438
vt 0.735602 0.175936
vt 0.745529 0.194525
vt 0.756838 0.196122
vt 0.759479 0.179070
vt 0.768013 0.198081
vt 0.789848 0.203046
vt 0.810826 0.209301
vt 0.820942 0.212854
vt 0.830799 0.216645
vt 0.840406 0.220624
vt 0.849804 0.224723
vt 0.855902 0.211107
vt 0.859083 0.228843
vt 0.878151 0.236364
vt 0.548028 0.222141
vt 0.534175 0.209648
vt 0.553635 0.204036
vt 0.568453 0.215402
vt 0.578525 0.212112
vt 0.588717 0.208961
vt 0.599083 0.205994
vt 0.594536 0.190340
vt 0.609644 0.203244
vt 0.616576 0.184452
vt 0.620399 0.200742
vt 0.642433 0.196575
vt 0.654523 0.201883
vt 0.665026 0.193650
vt 0.676912 0.199731
vt 0.688208 0.199152
vt 0.699536 0.198915
vt 0.710871 0.199028
vt 0.734115 0.193296
vt 0.722185 0.199493
vt 0.744642 0.201485
vt 0.766690 0.204876
vt 0.777493 0.207080
vt 0.779025 0.200393
vt 0.800456 0.206022
vt 0.788115 0.209609
vt 0.808728 0.215578
vt 0.818688 0.218975
vt 0.828411 0.222612
vt 0.837916 0.226453
vt 0.847255 0.230456
vt 0.856540 0.234563
vt 0.868416 0.232829
vt 0.865995 0.238688
vt 0.550127 0.228728
vt 0.536880 0.225295
vt 0.558374 0.218775
vt 0.570473 0.221612
vt 0.580459 0.218356
vt 0.600783 0.212434
vt 0.611201 0.209799
vt 0.621798 0.207408
vt 0.632563 0.205280
vt 0.631335 0.198512
vt 0.656125 0.215305
vt 0.643478 0.203433
vt 0.666903 0.214174
vt 0.665675 0.200645
vt 0.677754 0.213338
vt 0.688652 0.212807
vt 0.699575 0.212588
vt 0.721397 0.213106
vt 0.732248 0.213849
vt 0.733451 0.200312
vt 0.743026 0.214914
vt 0.753707 0.216297
vt 0.755730 0.203008
vt 0.774683 0.219997
vt 0.794994 0.224882
vt 0.798533 0.212448
vt 0.814503 0.230855
vt 0.833186 0.237826
vt 0.842282 0.241684
vt 0.851325 0.245834
vt 0.860465 0.250375
vt 0.869998 0.255390
vt 0.876194 0.242809
vt 0.555071 0.241159
vt 0.538835 0.232660
vt 0.560454 0.225060
vt 0.574487 0.233676
vt 0.584189 0.230517
vt 0.594009 0.227625
vt 0.590543 0.215292
vt 0.603982 0.224969
vt 0.624416 0.220352
vt 0.634864 0.218406
vt 0.656686 0.220260
vt 0.645439 0.216720
vt 0.667332 0.219164
vt 0.678046 0.218355
vt 0.699582 0.217625
vt 0.710359 0.217717
vt 0.710498 0.212687
vt 0.721112 0.218120
vt 0.742448 0.219859
vt 0.763404 0.222827
vt 0.764267 0.217994
vt 0.773681 0.224759
vt 0.783797 0.226977
vt 0.784932 0.222297
vt 0.793732 0.229472
vt 0.803470 0.232234
vt 0.804855 0.227739
vt 0.822324 0.238519
vt 0.823941 0.234219
vt 0.831450 0.242040
vt 0.840415 0.245839
vt 0.849294 0.249974
vt 0.867688 0.259929
vt 0.547347 0.250677
vt 0.545050 0.245841
vt 0.564830 0.237173
vt 0.557108 0.245690
vt 0.575999 0.238126
vt 0.595257 0.232193
vt 0.605122 0.229613
vt 0.615152 0.227263
vt 0.614119 0.222543
vt 0.625341 0.225143
vt 0.635674 0.223260
vt 0.647663 0.232511
vt 0.646128 0.221629
vt 0.668307 0.230212
vt 0.689186 0.228968
vt 0.688803 0.217839
vt 0.699659 0.228760
vt 0.710125 0.228836
vt 0.730954 0.229849
vt 0.731816 0.218834
vt 0.741274 0.230788
vt 0.751502 0.232010
vt 0.752985 0.221192
vt 0.771601 0.235291
vt 0.781431 0.237334
vt 0.791090 0.239635
vt 0.800559 0.242187
vt 0.809825 0.244984
vt 0.813002 0.235251
vt 0.818878 0.248028
vt 0.827713 0.251332
vt 0.836331 0.254935
vt 0.844741 0.258917
vt 0.852952 0.263452
vt 0.858238 0.254563
vt 0.860946 0.268898
vt 0.561639 0.254848
vt 0.570327 0.251059
vt 0.566546 0.241615
vt 0.579316 0.247805
vt 0.585555 0.235017
vt 0.588545 0.244913
vt 0.597985 0.242294
vt 0.607614 0.239906
vt 0.617414 0.237732
vt 0.627371 0.235768
vt 0.659089 0.241001
vt 0.657945 0.231234
vt 0.669213 0.240037
vt 0.679389 0.239321
vt 0.678729 0.229454
vt 0.689593 0.238858
vt 0.710009 0.238713
vt 0.720181 0.239040
vt 0.720564 0.229199
vt 0.730305 0.239636
vt 0.750326 0.241630
vt 0.760185 0.243020
vt 0.761619 0.233514
vt 0.769916 0.244666
vt 0.779502 0.246559
vt 0.788922 0.248693
vt 0.807192 0.253657
vt 0.816003 0.256487
vt 0.832866 0.262912
vt 0.840845 0.266606
vt 0.848423 0.270760
vt 0.855446 0.275600
vt 0.565426 0.262502
vt 0.553483 0.259465
vt 0.573559 0.259206
vt 0.582177 0.256300
vt 0.591135 0.253679
vt 0.600356 0.251284
vt 0.609788 0.249085
vt 0.629163 0.245247
vt 0.639061 0.243596
vt 0.637466 0.234019
vt 0.660335 0.251897
vt 0.649052 0.242219
vt 0.670223 0.251016
vt 0.680142 0.250345
vt 0.699806 0.238653
vt 0.690079 0.249901
vt 0.700017 0.249696
vt 0.719828 0.250020
vt 0.729667 0.250554
vt 0.740360 0.240501
vt 0.749126 0.252364
vt 0.758712 0.253633
vt 0.777504 0.256866
vt 0.786672 0.258816
vt 0.795663 0.260977
vt 0.798158 0.251060
vt 0.804451 0.263343
vt 0.813011 0.265913
vt 0.821306 0.268689
vt 0.824571 0.259561
vt 0.829287 0.271684
vt 0.836874 0.274919
vt 0.843935 0.278423
vt 0.562025 0.273430
vt 0.558053 0.266344
vt 0.576756 0.268137
vt 0.585102 0.265736
vt 0.593838 0.263483
vt 0.602863 0.261371
vt 0.619399 0.247074
vt 0.612107 0.259401
vt 0.631082 0.255933
vt 0.640745 0.254491
vt 0.661366 0.261543
vt 0.650481 0.252952
vt 0.671056 0.260690
vt 0.680763 0.260039
vt 0.700183 0.259388
vt 0.709938 0.249734
vt 0.709869 0.259402
vt 0.719521 0.259648
vt 0.738658 0.260839
vt 0.739439 0.251337
vt 0.748113 0.261779
vt 0.757472 0.262943
vt 0.766717 0.264324
vt 0.768177 0.255136
vt 0.775831 0.265915
vt 0.793588 0.269686
vt 0.810557 0.274180
vt 0.818663 0.276675
vt 0.833835 0.282118
vt 0.840711 0.285014
vt 0.846937 0.287896
vt 0.850244 0.282195
vt 0.568965 0.270696
vt 0.564242 0.279870
vt 0.579042 0.276086
vt 0.587304 0.274125
vt 0.595941 0.272195
vt 0.613978 0.268545
vt 0.623258 0.266872
vt 0.621525 0.257582
vt 0.632658 0.265333
vt 0.642146 0.263945
vt 0.653387 0.275572
vt 0.651699 0.262585
vt 0.672205 0.273725
vt 0.681635 0.273085
vt 0.691061 0.272644
vt 0.690476 0.259602
vt 0.700471 0.272410
vt 0.709856 0.272386
vt 0.719203 0.272577
vt 0.728500 0.272982
vt 0.729122 0.260128
vt 0.737735 0.273600
vt 0.746894 0.274427
vt 0.755965 0.275458
vt 0.764934 0.276685
vt 0.773784 0.278098
vt 0.782500 0.279685
vt 0.784795 0.267705
vt 0.791062 0.281434
vt 0.799445 0.283327
vt 0.802185 0.271847
vt 0.807622 0.285347
vt 0.815554 0.287470
vt 0.823197 0.289669
vt 0.826448 0.279326
vt 0.830494 0.291906
vt 0.837404 0.294113
vt 0.571295 0.278031
vt 0.565768 0.289360
vt 0.581414 0.287168
vt 0.589784 0.285705
vt 0.607309 0.282571
vt 0.604856 0.270326
vt 0.616340 0.281004
vt 0.625489 0.279492
vt 0.644028 0.276755
vt 0.682275 0.285884
vt 0.672845 0.283109
vt 0.682084 0.282464
vt 0.618260 0.293503
vt 0.626831 0.288706
vt 0.627334 0.292095
vt 0.773223 0.281358
vt 0.663929 0.287359
vt 0.673106 0.286533
vt 0.608729 0.291589
vt 0.617741 0.290135
vt 0.764438 0.279991
vt 0.654374 0.284929
vt 0.663605 0.283935
vt 0.609245 0.294926
vt 0.599826 0.293013
vt 0.755540 0.278805
vt 0.591516 0.297573
vt 0.600316 0.296307
vt 0.746542 0.277810
vt 0.582910 0.298646
vt 0.591078 0.294343
vt 0.737458 0.277013
vt 0.574599 0.299480
vt 0.582548 0.295505
vt 0.728301 0.276421
vt 0.566813 0.300236
vt 0.574293 0.296430
vt 0.719083 0.276037
vt 0.834646 0.303389
vt 0.842075 0.302897
vt 0.841151 0.305181
vt 0.709815 0.275863
vt 0.828368 0.299040
vt 0.835328 0.300899
vt 0.700509 0.275899
vt 0.644477 0.280225
vt 0.827686 0.301696
vt 0.821059 0.297153
vt 0.691175 0.276142
vt 0.635219 0.281517
vt 0.634726 0.278068
vt 0.820362 0.299932
vt 0.813445 0.295252
vt 0.681824 0.276587
vt 0.626019 0.282916
vt 0.804895 0.296343
vt 0.812748 0.298132
vt 0.672467 0.277227
vt 0.616894 0.284392
vt 0.797496 0.291573
vt 0.805578 0.293380
vt 0.653780 0.279060
vt 0.663114 0.278055
vt 0.691310 0.282008
vt 0.700517 0.281748
vt 0.709694 0.281689
vt 0.718832 0.281833
vt 0.736950 0.282729
vt 0.745910 0.283475
vt 0.763574 0.285532
vt 0.772253 0.286823
vt 0.780811 0.288272
vt 0.781878 0.282892
vt 0.789232 0.289862
vt 0.790385 0.284580
vt 0.798720 0.286403
vt 0.806857 0.288340
vt 0.814760 0.290365
vt 0.822384 0.292448
vt 0.829681 0.294554
vt 0.836621 0.296656
vt 0.843398 0.298641
vt 0.565772 0.292192
vt 0.573782 0.291384
vt 0.581892 0.290234
vt 0.590315 0.288890
vt 0.598997 0.287429
vt 0.607874 0.285911
vt 0.635975 0.287341
vt 0.645160 0.286073
vt 0.636449 0.290744
vt 0.691431 0.285421
vt 0.645593 0.289487
vt 0.700564 0.285152
vt 0.654756 0.288350
vt 0.709667 0.285080
vt 0.718730 0.285207
vt 0.727921 0.282181
vt 0.727744 0.285534
vt 0.736701 0.286059
vt 0.745589 0.286778
vt 0.843892 0.296082
vt 0.754399 0.287682
vt 0.754789 0.284412
vt 0.763119 0.288766
vt 0.573409 0.288470
vt 0.771738 0.290016
vt 0.780242 0.291418
vt 0.598439 0.284155
vt 0.788616 0.292956
vt 0.662784 0.274557
vt 0.796841 0.294606
vt 0.665128 0.297665
vt 0.674115 0.296829
vt 0.683082 0.296164
vt 0.692027 0.295679
vt 0.700942 0.295379
vt 0.709824 0.295269
vt 0.718665 0.295350
vt 0.736198 0.296080
vt 0.744876 0.296722
vt 0.753485 0.297541
vt 0.762015 0.298527
vt 0.778809 0.300945
vt 0.787052 0.302342
vt 0.795178 0.303833
vt 0.803169 0.305385
vt 0.811007 0.306959
vt 0.818660 0.308503
vt 0.826077 0.309949
vt 0.833157 0.311206
vt 0.567035 0.308718
vt 0.583983 0.308518
vt 0.592923 0.307643
vt 0.601936 0.306478
vt 0.610973 0.305154
vt 0.629053 0.302376
vt 0.638086 0.301040
vt 0.647111 0.299790
vt 0.656126 0.298658
vt 0.657720 0.309871
vt 0.675321 0.307992
vt 0.692789 0.306781
vt 0.701471 0.306444
vt 0.710117 0.306291
vt 0.727281 0.306536
vt 0.727459 0.295621
vt 0.744247 0.307498
vt 0.752644 0.308234
vt 0.769244 0.310166
vt 0.770460 0.299666
vt 0.777439 0.311333
vt 0.793597 0.313958
vt 0.809427 0.316747
vt 0.817211 0.318070
vt 0.832489 0.320066
vt 0.839656 0.312073
vt 0.575248 0.308929
vt 0.564991 0.319565
vt 0.584882 0.320123
vt 0.603740 0.317946
vt 0.622015 0.315109
vt 0.620015 0.303764
vt 0.631022 0.313678
vt 0.639968 0.312307
vt 0.236812 0.197073
vt 0.240394 0.200550
vt 0.236515 0.199757
vt 0.232335 0.197044
vt 0.232564 0.199730
vt 0.227943 0.197885
vt 0.228691 0.200470
vt 0.225048 0.201948
vt 0.221774 0.204101
vt 0.223816 0.199568
vt 0.218992 0.206848
vt 0.220105 0.202011
vt 0.214473 0.208803
vt 0.216810 0.210083
vt 0.212773 0.212883
vt 0.215312 0.213674
vt 0.211916 0.217213
vt 0.214558 0.217483
vt 0.211936 0.221625
vt 0.214581 0.221362
vt 0.212838 0.225953
vt 0.215384 0.225164
vt 0.216940 0.228743
vt 0.217122 0.233703
vt 0.219193 0.231967
vt 0.222064 0.234721
vt 0.224104 0.239337
vt 0.225405 0.236938
vt 0.228270 0.241081
vt 0.229097 0.238484
vt 0.232676 0.242005
vt 0.232997 0.239314
vt 0.236948 0.239390
vt 0.240806 0.238692
vt 0.237151 0.242071
vt 0.245642 0.239620
vt 0.244428 0.237250
vt 0.249336 0.237197
vt 0.247678 0.235123
vt 0.252467 0.234094
vt 0.250431 0.232393
vt 0.254917 0.230429
vt 0.252579 0.229168
vt 0.256591 0.226343
vt 0.254038 0.225571
vt 0.257432 0.221993
vt 0.254771 0.221734
vt 0.257403 0.217550
vt 0.254735 0.217818
vt 0.256503 0.213185
vt 0.253930 0.213971
vt 0.252391 0.210340
vt 0.252263 0.205357
vt 0.250172 0.207069
vt 0.249081 0.202195
vt 0.247355 0.204282
vt 0.245347 0.199700
vt 0.244053 0.202080
vt 0.241205 0.197970
vt 0.237180 0.193364
vt 0.226881 0.194320
vt 0.217765 0.199150
vt 0.214097 0.202788
vt 0.216949 0.205131
vt 0.211221 0.207070
vt 0.209247 0.211828
vt 0.208256 0.216876
vt 0.209320 0.227072
vt 0.214588 0.230029
vt 0.214277 0.236112
vt 0.220341 0.236841
vt 0.222351 0.242656
vt 0.227177 0.244667
vt 0.232288 0.245720
vt 0.237487 0.245771
vt 0.242577 0.244812
vt 0.241529 0.241266
vt 0.247364 0.242879
vt 0.255313 0.236420
vt 0.260128 0.227384
vt 0.261113 0.222320
vt 0.260046 0.212071
vt 0.254769 0.209068
vt 0.255126 0.202969
vt 0.247097 0.196401
vt 0.242285 0.194398
vt 0.237899 0.186286
vt 0.231978 0.193339
vt 0.224850 0.187530
vt 0.222088 0.196299
vt 0.213297 0.193663
vt 0.208648 0.198290
vt 0.205001 0.203733
vt 0.202495 0.209781
vt 0.201226 0.216202
vt 0.208272 0.222023
vt 0.202572 0.229168
vt 0.211347 0.231827
vt 0.208808 0.240664
vt 0.213492 0.245304
vt 0.217995 0.239766
vt 0.218988 0.248960
vt 0.225085 0.251493
vt 0.231548 0.252804
vt 0.238131 0.252841
vt 0.250654 0.249126
vt 0.256113 0.245513
vt 0.251664 0.240045
vt 0.260751 0.240900
vt 0.264389 0.235465
vt 0.258170 0.232145
vt 0.268151 0.222987
vt 0.261086 0.217149
vt 0.266828 0.209983
vt 0.258035 0.207283
vt 0.260616 0.198440
vt 0.251433 0.199295
vt 0.250458 0.190118
vt 0.244364 0.187587
vt 0.231310 0.186267
vt 0.218767 0.190030
vt 0.201265 0.222747
vt 0.205120 0.235216
vt 0.244582 0.251600
vt 0.266887 0.229416
vt 0.268131 0.216424
vt 0.264290 0.203910
vt 0.255945 0.193783
vt 0.285226 0.281086
vt 0.278447 0.301248
vt 0.272258 0.289726
vt 0.197848 0.264427
vt 0.173256 0.270003
vt 0.197076 0.149392
vt 0.207193 0.168271
vt 0.313946 0.211844
vt 0.292644 0.213977
vt 0.240464 0.277389
vt 0.226971 0.298681
vt 0.155469 0.211797
vt 0.158482 0.196502
vt 0.271617 0.174679
vt 0.272208 0.149401
vt 0.285200 0.158083
vt 0.164570 0.257055
vt 0.211501 0.143414
vt 0.313944 0.227442
vt 0.211679 0.295633
vt 0.164427 0.182088
vt 0.296248 0.169131
vt 0.158575 0.242665
vt 0.226820 0.140366
vt 0.310898 0.242733
vt 0.197271 0.289668
vt 0.173077 0.169110
vt 0.189644 0.182657
vt 0.304926 0.182116
vt 0.257853 0.295671
vt 0.155501 0.227384
vt 0.242444 0.140368
vt 0.304925 0.257129
vt 0.184297 0.281014
vt 0.184101 0.158069
vt 0.310901 0.196539
vt 0.242562 0.298694
vt 0.257770 0.143419
vt 0.225723 0.311705
vt 0.244875 0.321660
vt 0.224768 0.321660
vt 0.152857 0.175972
vt 0.162922 0.160848
vt 0.261675 0.308180
vt 0.175754 0.147978
vt 0.243873 0.311710
vt 0.278353 0.137818
vt 0.190858 0.137860
vt 0.293486 0.147923
vt 0.207654 0.130886
vt 0.207920 0.308166
vt 0.306353 0.160784
vt 0.225493 0.127325
vt 0.191144 0.301231
vt 0.316461 0.175903
vt 0.243689 0.127316
vt 0.176038 0.291164
vt 0.323422 0.192698
vt 0.261538 0.130859
vt 0.163180 0.278350
vt 0.326970 0.210521
vt 0.153064 0.263279
vt 0.326972 0.228686
vt 0.146077 0.246527
vt 0.323427 0.246495
vt 0.142490 0.228734
vt 0.316476 0.263265
vt 0.142444 0.210582
vt 0.306385 0.278352
vt 0.145943 0.192766
vt 0.293543 0.291177
vt 0.186460 0.310068
vt 0.164629 0.305149
vt 0.169724 0.298920
vt 0.299823 0.140156
vt 0.204712 0.121305
vt 0.205045 0.317745
vt 0.314083 0.154404
vt 0.224479 0.117352
vt 0.325284 0.171156
vt 0.244641 0.117335
vt 0.332998 0.189765
vt 0.264420 0.121256
vt 0.155478 0.284729
vt 0.336930 0.209514
vt 0.144266 0.268036
vt 0.336933 0.229641
vt 0.136522 0.249478
vt 0.333007 0.249376
vt 0.132542 0.229765
vt 0.325308 0.267961
vt 0.132483 0.209652
vt 0.314128 0.284680
vt 0.136354 0.189909
vt 0.299902 0.298895
vt 0.144008 0.171294
vt 0.283177 0.310058
vt 0.155155 0.154529
vt 0.264597 0.317743
vt 0.169369 0.140261
vt 0.283054 0.128962
vt 0.186103 0.129041
vt 0.137178 0.271846
vt 0.114128 0.256327
vt 0.128826 0.251835
vt 0.332395 0.167354
vt 0.340711 0.187425
vt 0.266759 0.113532
vt 0.149267 0.289847
vt 0.344948 0.208724
vt 0.344949 0.230430
vt 0.340712 0.251714
vt 0.124534 0.230577
vt 0.332407 0.271757
vt 0.124468 0.208886
vt 0.320348 0.289789
vt 0.128642 0.187592
vt 0.305004 0.305119
vt 0.136893 0.167514
vt 0.286966 0.317157
vt 0.148915 0.149429
vt 0.266929 0.325445
vt 0.164244 0.134037
vt 0.245662 0.329668
vt 0.286855 0.121844
vt 0.182291 0.121934
vt 0.223981 0.329668
vt 0.304940 0.133917
vt 0.202361 0.113588
vt 0.202714 0.325447
vt 0.320317 0.149285
vt 0.223681 0.109323
vt 0.182674 0.317169
vt 0.245426 0.109304
vt 0.113915 0.183162
vt 0.095403 0.206105
vt 0.100643 0.179183
vt 0.360261 0.231950
vt 0.355421 0.256189
vt 0.109239 0.232117
vt 0.345966 0.279021
vt 0.109158 0.207415
vt 0.332220 0.299552
vt 0.314742 0.317015
vt 0.123306 0.160284
vt 0.294195 0.330722
vt 0.136997 0.139681
vt 0.271374 0.340157
vt 0.154458 0.122145
vt 0.247155 0.344963
vt 0.294124 0.108252
vt 0.175016 0.108354
vt 0.222467 0.344960
vt 0.314721 0.122008
vt 0.197879 0.098845
vt 0.198253 0.340152
vt 0.332231 0.139517
vt 0.222164 0.093985
vt 0.175437 0.330725
vt 0.345982 0.160102
vt 0.246935 0.093963
vt 0.154892 0.317037
vt 0.355446 0.182966
vt 0.271234 0.098781
vt 0.137402 0.299613
vt 0.360264 0.207227
vt 0.123638 0.279115
vt 0.126262 0.130928
vt 0.143517 0.108892
vt 0.145637 0.111459
vt 0.323517 0.327708
vt 0.111069 0.153799
vt 0.300712 0.342915
vt 0.275389 0.353383
vt 0.248516 0.358715
vt 0.300647 0.096016
vt 0.168452 0.096148
vt 0.221125 0.358713
vt 0.323506 0.111284
vt 0.193825 0.085588
vt 0.194260 0.353380
vt 0.342939 0.130717
vt 0.220779 0.080189
vt 0.168947 0.342923
vt 0.358197 0.153564
vt 0.248272 0.080161
vt 0.146152 0.327740
vt 0.368696 0.178940
vt 0.275242 0.085506
vt 0.126745 0.308410
vt 0.374036 0.205866
vt 0.111470 0.285670
vt 0.374017 0.233309
vt 0.100915 0.260386
vt 0.368671 0.260213
vt 0.095488 0.233524
vt 0.358153 0.285542
vt 0.342920 0.308342
vt 0.220445 0.076874
vt 0.192419 0.080998
vt 0.220298 0.075412
vt 0.276354 0.356560
vt 0.248844 0.362018
vt 0.302213 0.093075
vt 0.166873 0.093215
vt 0.220804 0.362017
vt 0.325616 0.108706
vt 0.192850 0.082402
vt 0.193302 0.356558
vt 0.345511 0.128602
vt 0.167389 0.345854
vt 0.361132 0.151993
vt 0.248593 0.076844
vt 0.144053 0.330312
vt 0.371880 0.177972
vt 0.276204 0.082316
vt 0.124186 0.310525
vt 0.377346 0.205538
vt 0.108548 0.287246
vt 0.377327 0.233632
vt 0.097741 0.261363
vt 0.371852 0.261175
vt 0.092183 0.233863
vt 0.361086 0.287107
vt 0.092093 0.205795
vt 0.345490 0.310448
vt 0.097457 0.178232
vt 0.325625 0.330276
vt 0.108128 0.152242
vt 0.302279 0.345844
vt 0.123681 0.128826
vt 0.123058 0.311457
vt 0.103819 0.289800
vt 0.107260 0.287941
vt 0.166703 0.347146
vt 0.362426 0.151299
vt 0.248733 0.075382
vt 0.143128 0.331446
vt 0.373284 0.177545
vt 0.276628 0.080909
vt 0.378805 0.205393
vt 0.378786 0.233774
vt 0.096342 0.261794
vt 0.373255 0.261599
vt 0.090727 0.234014
vt 0.362379 0.287796
vt 0.090634 0.205659
vt 0.346623 0.311376
vt 0.096052 0.177814
vt 0.326555 0.331407
vt 0.106832 0.151557
vt 0.302970 0.347135
vt 0.122543 0.127899
vt 0.276780 0.357960
vt 0.142581 0.107761
vt 0.248990 0.363475
vt 0.302904 0.091778
vt 0.166177 0.091922
vt 0.220663 0.363473
vt 0.326546 0.107569
vt 0.192880 0.357959
vt 0.346645 0.127669
vt 0.086736 0.205297
vt 0.082176 0.234881
vt 0.082073 0.204846
vt 0.382685 0.234152
vt 0.092604 0.262948
vt 0.377004 0.262730
vt 0.086834 0.234417
vt 0.365835 0.289637
vt 0.349652 0.313855
vt 0.092298 0.176697
vt 0.329041 0.334430
vt 0.103366 0.149726
vt 0.304818 0.350584
vt 0.119500 0.125426
vt 0.277920 0.361702
vt 0.140080 0.104739
vt 0.249379 0.367366
vt 0.304746 0.088313
vt 0.164314 0.088469
vt 0.220287 0.367365
vt 0.329030 0.104531
vt 0.191267 0.077246
vt 0.191755 0.361703
vt 0.349673 0.125175
vt 0.219901 0.071507
vt 0.164870 0.350600
vt 0.365881 0.149445
vt 0.249107 0.071474
vt 0.140659 0.334477
vt 0.377033 0.176402
vt 0.277758 0.077149
vt 0.120045 0.313950
vt 0.382704 0.205005
vt 0.134428 0.757293
vt 0.162045 0.748973
vt 0.162869 0.757289
vt 0.353265 0.316836
vt 0.087810 0.175344
vt 0.332001 0.338059
vt 0.099228 0.147519
vt 0.307013 0.354719
vt 0.115871 0.122451
vt 0.279267 0.366184
vt 0.137101 0.101112
vt 0.249827 0.372023
vt 0.306968 0.084175
vt 0.162101 0.084328
vt 0.219820 0.372019
vt 0.332016 0.100907
vt 0.189906 0.072752
vt 0.190391 0.366178
vt 0.353309 0.122205
vt 0.219444 0.066832
vt 0.162662 0.354723
vt 0.370025 0.147243
vt 0.249573 0.066800
vt 0.137690 0.338092
vt 0.381525 0.175052
vt 0.279128 0.072657
vt 0.116430 0.316919
vt 0.387371 0.204558
vt 0.099694 0.292009
vt 0.387348 0.234622
vt 0.088126 0.264311
vt 0.381484 0.264101
vt 0.369961 0.291856
vt 0.284674 0.626306
vt 0.275303 0.600445
vt 0.284675 0.599517
vt 0.080220 0.484985
vt 0.061878 0.507250
vt 0.056572 0.500793
vt 0.190760 0.751735
vt 0.188330 0.743740
vt 0.042929 0.526209
vt 0.036465 0.520912
vt 0.292987 0.627121
vt 0.279451 0.652585
vt 0.217032 0.740845
vt 0.213088 0.733478
vt 0.028044 0.548500
vt 0.020671 0.544566
vt 0.292987 0.598696
vt 0.235371 0.718583
vt 0.240676 0.725039
vt 0.017796 0.573265
vt 0.009798 0.570845
vt 0.287447 0.570818
vt 0.279454 0.573244
vt 0.260781 0.704924
vt 0.254319 0.699627
vt 0.012576 0.599551
vt 0.004261 0.598738
vt 0.276575 0.544542
vt 0.269205 0.548483
vt 0.269201 0.677342
vt 0.276572 0.681276
vt 0.004271 0.627173
vt 0.012585 0.626348
vt 0.254316 0.526189
vt 0.260775 0.520885
vt 0.287446 0.655005
vt 0.009828 0.655057
vt 0.017820 0.652627
vt 0.240662 0.500769
vt 0.235363 0.507232
vt 0.020714 0.681319
vt 0.028078 0.677378
vt 0.213073 0.492339
vt 0.217009 0.484966
vt 0.042963 0.699652
vt 0.036509 0.704953
vt 0.188305 0.482081
vt 0.190727 0.474082
vt 0.061904 0.718595
vt 0.056606 0.725054
vt 0.162828 0.468536
vt 0.162013 0.476854
vt 0.080247 0.740858
vt 0.084184 0.733487
vt 0.135211 0.476857
vt 0.134387 0.468541
vt 0.108952 0.743748
vt 0.106529 0.751747
vt 0.106495 0.474095
vt 0.108925 0.482090
vt 0.135244 0.748976
vt 0.084164 0.492353
vt 0.260898 0.552930
vt 0.238269 0.539372
vt 0.247033 0.532171
vt 0.229387 0.711305
vt 0.026815 0.575990
vt 0.270441 0.575984
vt 0.247030 0.693657
vt 0.021953 0.600464
vt 0.260889 0.672909
vt 0.021959 0.625415
vt 0.270434 0.649858
vt 0.026832 0.649884
vt 0.229389 0.514521
vt 0.036381 0.672931
vt 0.208637 0.500654
vt 0.050240 0.693672
vt 0.185576 0.491101
vt 0.067874 0.711309
vt 0.161097 0.486232
vt 0.088619 0.725174
vt 0.136142 0.486233
vt 0.111682 0.734727
vt 0.111669 0.491104
vt 0.136160 0.739598
vt 0.088615 0.500659
vt 0.161114 0.739597
vt 0.067864 0.514530
vt 0.185586 0.734727
vt 0.050219 0.532180
vt 0.275300 0.625390
vt 0.208639 0.725173
vt 0.036359 0.552933
vt 0.203300 0.510663
vt 0.176720 0.520372
vt 0.182293 0.501958
vt 0.259581 0.646578
vt 0.037677 0.646581
vt 0.222203 0.523294
vt 0.046374 0.667577
vt 0.058997 0.686475
vt 0.075058 0.702552
vt 0.159997 0.497520
vt 0.093970 0.715160
vt 0.137265 0.497518
vt 0.114967 0.723871
vt 0.114974 0.501951
vt 0.137261 0.728310
vt 0.093974 0.510655
vt 0.159992 0.728313
vt 0.075068 0.523289
vt 0.182281 0.723880
vt 0.058994 0.539365
vt 0.264017 0.624289
vt 0.203281 0.715177
vt 0.046366 0.558267
vt 0.264023 0.601564
vt 0.222184 0.702546
vt 0.037670 0.579269
vt 0.259603 0.579272
vt 0.238256 0.686473
vt 0.033239 0.601562
vt 0.250886 0.558282
vt 0.250884 0.667575
vt 0.033242 0.624291
vt 0.139163 0.516658
vt 0.132330 0.559132
vt 0.120562 0.520349
vt 0.087255 0.687681
vt 0.158125 0.516665
vt 0.103032 0.698194
vt 0.120540 0.705460
vt 0.139133 0.709166
vt 0.103053 0.527626
vt 0.158094 0.709173
vt 0.087285 0.538151
vt 0.176694 0.705483
vt 0.073875 0.551554
vt 0.241173 0.641011
vt 0.244877 0.622418
vt 0.194204 0.698208
vt 0.063340 0.567318
vt 0.244886 0.603458
vt 0.209969 0.687686
vt 0.056082 0.584833
vt 0.241200 0.584859
vt 0.223378 0.674285
vt 0.052382 0.603428
vt 0.233923 0.567352
vt 0.233914 0.658524
vt 0.052380 0.622386
vt 0.223403 0.551579
vt 0.056076 0.640981
vt 0.210005 0.538159
vt 0.063327 0.658498
vt 0.194229 0.527639
vt 0.073855 0.674265
vt 0.192056 0.648587
vt 0.189471 0.645848
vt 0.198179 0.639430
vt 0.132294 0.666690
vt 0.143098 0.668843
vt 0.122153 0.563351
vt 0.154115 0.668848
vt 0.112992 0.569466
vt 0.164921 0.666703
vt 0.105200 0.577253
vt 0.202400 0.629254
vt 0.204554 0.618449
vt 0.175100 0.662490
vt 0.099076 0.586410
vt 0.204560 0.607432
vt 0.184262 0.656374
vt 0.094856 0.596586
vt 0.202414 0.596623
vt 0.092703 0.607390
vt 0.198197 0.586446
vt 0.092699 0.618407
vt 0.192082 0.577285
vt 0.094844 0.629212
vt 0.184296 0.569491
vt 0.099056 0.639391
vt 0.175138 0.563366
vt 0.105173 0.648554
vt 0.164962 0.559146
vt 0.112960 0.656347
vt 0.154157 0.556992
vt 0.122118 0.662471
vt 0.143139 0.556987
vt 0.178635 0.651069
vt 0.166242 0.654860
vt 0.152955 0.657031
vt 0.139500 0.657484
vt 0.126608 0.656174
vt 0.114962 0.653158
vt 0.192968 0.634040
vt 0.180849 0.638127
vt 0.166774 0.641309
vt 0.151619 0.643405
vt 0.136345 0.644294
vt 0.121920 0.643908
vt 0.109237 0.642254
vt 0.194605 0.621404
vt 0.181636 0.624165
vt 0.166482 0.626577
vt 0.150155 0.628490
vt 0.133769 0.629786
vt 0.118435 0.630365
vt 0.105177 0.630177
vt 0.194302 0.608438
vt 0.180952 0.609748
vt 0.165369 0.611276
vt 0.148628 0.612919
vt 0.131886 0.614562
vt 0.116304 0.616091
vt 0.102955 0.617400
vt 0.192079 0.595660
vt 0.178821 0.595472
vt 0.163487 0.596051
vt 0.130774 0.599261
vt 0.147100 0.597348
vt 0.115619 0.601674
vt 0.102651 0.604435
vt 0.188018 0.583584
vt 0.175335 0.581929
vt 0.160910 0.581543
vt 0.130481 0.584530
vt 0.145636 0.582432
vt 0.116406 0.587712
vt 0.104287 0.591800
vt 0.182293 0.572679
vt 0.170648 0.569663
vt 0.157754 0.568353
vt 0.131012 0.570978
vt 0.144299 0.568805
vt 0.118620 0.574770
vt 0.107784 0.579991
vt 0.582607 0.024731
vt 0.600440 0.019350
vt 0.565126 0.030914
vt 0.548038 0.037894
vt 0.531382 0.045671
vt 0.515195 0.054243
vt 0.499513 0.063606
vt 0.484365 0.073753
vt 0.469768 0.084656
vt 0.455703 0.096248
vt 0.442062 0.108388
vt 0.979856 0.109163
vt 0.993973 0.122758
vt 0.965244 0.095748
vt 0.950001 0.083002
vt 0.934076 0.071106
vt 0.917504 0.060156
vt 0.900351 0.050197
vt 0.882699 0.041248
vt 0.864625 0.033307
vt 0.846205 0.026364
vt 0.827506 0.020404
vt 0.808592 0.015408
vt 0.789521 0.011358
vt 0.770344 0.008236
vt 0.751112 0.006024
vt 0.731871 0.004705
vt 0.712665 0.004264
vt 0.693535 0.004686
vt 0.674523 0.005959
vt 0.655668 0.008072
vt 0.637010 0.011014
vt 0.618588 0.014776
vt 0.564629 0.076766
vt 0.521622 0.099002
vt 0.495621 0.117699
vt 0.472010 0.140809
vt 0.948135 0.142528
vt 0.907988 0.107935
vt 0.878601 0.089714
vt 0.847337 0.074918
vt 0.695121 0.048713
vt 0.644355 0.053846
vt 0.860027 0.808502
vt 0.852777 0.793915
vt 0.861348 0.795665
vt 0.848972 0.806258
vt 0.844705 0.790518
vt 0.829180 0.795586
vt 0.837434 0.785600
vt 0.821198 0.787564
vt 0.831244 0.779359
vt 0.826357 0.772042
vt 0.810593 0.767681
vt 0.822992 0.763912
vt 0.821259 0.755300
vt 0.808368 0.745286
vt 0.821246 0.746527
vt 0.810554 0.734204
vt 0.822933 0.737930
vt 0.826255 0.729833
vt 0.821116 0.714382
vt 0.831100 0.722557
vt 0.837264 0.716375
vt 0.829087 0.706408
vt 0.844513 0.711518
vt 0.848877 0.695860
vt 0.852584 0.708198
vt 0.861156 0.706514
vt 0.871215 0.693730
vt 0.869893 0.706572
vt 0.878467 0.708323
vt 0.882276 0.695976
vt 0.886540 0.711723
vt 0.902072 0.706657
vt 0.893812 0.716644
vt 0.910053 0.714685
vt 0.900001 0.722888
vt 0.904886 0.730207
vt 0.920625 0.734581
vt 0.908248 0.738339
vt 0.909981 0.746952
vt 0.922870 0.756972
vt 0.909991 0.755725
vt 0.920676 0.768052
vt 0.908301 0.764320
vt 0.904976 0.772416
vt 0.910108 0.787863
vt 0.900130 0.779688
vt 0.893967 0.785867
vt 0.902138 0.795832
vt 0.886719 0.790721
vt 0.882356 0.806372
vt 0.878651 0.794039
vt 0.800264 0.716005
vt 0.814861 0.723768
vt 0.870081 0.795722
vt 0.866661 0.464902
vt 0.840618 0.475923
vt 0.839764 0.467335
vt 0.839037 0.458721
vt 0.865497 0.448651
vt 0.838488 0.450093
vt 0.838070 0.441436
vt 0.864915 0.432287
vt 0.837840 0.432771
vt 0.837745 0.424095
vt 0.864915 0.415903
vt 0.837840 0.415420
vt 0.838070 0.406754
vt 0.865497 0.399539
vt 0.838488 0.398097
vt 0.839037 0.389469
vt 0.866661 0.383288
vt 0.839764 0.380855
vt 0.840618 0.372267
vt 0.841626 0.363669
vt 0.867571 0.375190
vt 0.842806 0.355067
vt 0.868441 0.367088
vt 0.870785 0.351079
vt 0.844204 0.346496
vt 0.872272 0.343136
vt 0.845778 0.337988
vt 0.873743 0.335215
vt 0.847518 0.329545
vt 0.849401 0.321123
vt 0.877458 0.319628
vt 0.851505 0.312746
vt 0.853765 0.304378
vt 0.882244 0.304118
vt 0.856239 0.296053
vt 0.858843 0.287731
vt 0.882244 0.544072
vt 0.858844 0.560459
vt 0.856239 0.552137
vt 0.853766 0.543812
vt 0.877458 0.528562
vt 0.851505 0.535444
vt 0.849401 0.527067
vt 0.873743 0.512975
vt 0.847518 0.518645
vt 0.845778 0.510202
vt 0.844204 0.501695
vt 0.872272 0.505055
vt 0.842806 0.493124
vt 0.870785 0.497111
vt 0.868441 0.481103
vt 0.841626 0.484521
vt 0.867571 0.473001
vt 0.874675 0.464185
vt 0.866155 0.456780
vt 0.873520 0.448234
vt 0.865262 0.440470
vt 0.872984 0.432150
vt 0.864979 0.424095
vt 0.872984 0.416041
vt 0.865262 0.407720
vt 0.873520 0.399957
vt 0.866155 0.391410
vt 0.874674 0.384006
vt 0.876360 0.368102
vt 0.869669 0.359083
vt 0.878618 0.352355
vt 0.881477 0.336838
vt 0.875638 0.327436
vt 0.884992 0.321673
vt 0.879795 0.311917
vt 0.889570 0.306855
vt 0.885374 0.296254
vt 0.889570 0.541335
vt 0.885374 0.551936
vt 0.879795 0.536273
vt 0.884992 0.526517
vt 0.875638 0.520755
vt 0.881478 0.511353
vt 0.878618 0.495835
vt 0.869669 0.489107
vt 0.876360 0.480089
vt 0.880527 0.463666
vt 0.875243 0.472171
vt 0.873891 0.456228
vt 0.879961 0.455819
vt 0.872993 0.440207
vt 0.879505 0.447917
vt 0.878898 0.432054
vt 0.872736 0.424095
vt 0.878898 0.416137
vt 0.872993 0.407983
vt 0.879505 0.400272
vt 0.879961 0.392372
vt 0.873891 0.391962
vt 0.880527 0.384524
vt 0.875243 0.376019
vt 0.882167 0.368828
vt 0.877245 0.360181
vt 0.884357 0.353271
vt 0.879771 0.344524
vt 0.887105 0.337989
vt 0.883012 0.329182
vt 0.888752 0.330534
vt 0.886962 0.314158
vt 0.890568 0.323149
vt 0.894865 0.308757
vt 0.892281 0.299827
vt 0.894865 0.539434
vt 0.892281 0.548363
vt 0.886962 0.534032
vt 0.890568 0.525041
vt 0.888752 0.517656
vt 0.883012 0.519008
vt 0.887105 0.510201
vt 0.879771 0.503666
vt 0.884357 0.494919
vt 0.877245 0.488009
vt 0.882167 0.479362
vt 0.897623 0.469899
vt 0.881332 0.471519
vt 0.896662 0.462352
vt 0.895669 0.447062
vt 0.895649 0.439415
vt 0.879170 0.439995
vt 0.895794 0.431768
vt 0.878935 0.424095
vt 0.895794 0.416422
vt 0.879170 0.408196
vt 0.895649 0.408776
vt 0.895669 0.401127
vt 0.896662 0.385838
vt 0.897623 0.378291
vt 0.881332 0.376671
vt 0.898748 0.370794
vt 0.883300 0.361042
vt 0.900710 0.355807
vt 0.885712 0.345593
vt 0.901544 0.348375
vt 0.902537 0.341018
vt 0.905341 0.326696
vt 0.907034 0.319912
vt 0.892605 0.315894
vt 0.908658 0.313485
vt 0.897635 0.301845
vt 0.908659 0.534705
vt 0.897635 0.546346
vt 0.892605 0.532297
vt 0.907034 0.528278
vt 0.905341 0.521494
vt 0.902537 0.507172
vt 0.901544 0.499815
vt 0.885712 0.502598
vt 0.900710 0.492384
vt 0.883300 0.487149
vt 0.898748 0.477396
vt 0.908756 0.468877
vt 0.907483 0.453992
vt 0.896169 0.454716
vt 0.906892 0.439010
vt 0.906824 0.431553
vt 0.895268 0.424095
vt 0.906824 0.416637
vt 0.906892 0.409180
vt 0.907484 0.394198
vt 0.896169 0.393474
vt 0.908756 0.379313
vt 0.909609 0.371970
vt 0.899221 0.363216
vt 0.911429 0.357379
vt 0.912389 0.350135
vt 0.914663 0.335733
vt 0.903963 0.333782
vt 0.917196 0.321636
vt 0.918233 0.314771
vt 0.909822 0.307601
vt 0.918233 0.533419
vt 0.909822 0.540589
vt 0.917196 0.526554
vt 0.914663 0.512458
vt 0.903963 0.514408
vt 0.912389 0.498055
vt 0.911429 0.490811
vt 0.899221 0.484975
vt 0.909609 0.476220
vt 0.919354 0.460566
vt 0.908205 0.461436
vt 0.907279 0.446505
vt 0.918890 0.453294
vt 0.918480 0.446006
vt 0.918059 0.431399
vt 0.906710 0.424095
vt 0.918059 0.416792
vt 0.918480 0.402183
vt 0.907279 0.401685
vt 0.918890 0.394896
vt 0.919354 0.387625
vt 0.908205 0.386754
vt 0.920664 0.373170
vt 0.910413 0.364646
vt 0.922375 0.358851
vt 0.924456 0.344635
vt 0.913628 0.342913
vt 0.916078 0.328652
vt 0.925646 0.337546
vt 0.926830 0.330435
vt 0.929191 0.315812
vt 0.918747 0.307809
vt 0.929191 0.532378
vt 0.918747 0.540381
vt 0.926830 0.517755
vt 0.916078 0.519538
vt 0.925646 0.510644
vt 0.924456 0.503556
vt 0.913628 0.505278
vt 0.922375 0.489340
vt 0.910413 0.483544
vt 0.920664 0.475021
vt 0.923514 0.460254
vt 0.919984 0.467810
vt 0.922668 0.445822
vt 0.918234 0.438700
vt 0.922255 0.431339
vt 0.918036 0.424095
vt 0.922255 0.416851
vt 0.918234 0.409490
vt 0.922668 0.402368
vt 0.923514 0.387936
vt 0.919984 0.380380
vt 0.924800 0.373603
vt 0.921498 0.365997
vt 0.926476 0.359392
vt 0.923398 0.351737
vt 0.928525 0.345279
vt 0.930944 0.331148
vt 0.928074 0.323217
vt 0.933625 0.316455
vt 0.930076 0.307815
vt 0.933625 0.531735
vt 0.930076 0.540376
vt 0.928074 0.524973
vt 0.930945 0.517042
vt 0.928525 0.502912
vt 0.923398 0.496452
vt 0.926476 0.488798
vt 0.921498 0.482193
vt 0.924800 0.474587
vt 0.932128 0.459626
vt 0.931489 0.466786
vt 0.930960 0.459710
vt 0.930482 0.452615
vt 0.931323 0.445449
vt 0.930151 0.445498
vt 0.929864 0.438369
vt 0.930919 0.431216
vt 0.929748 0.431232
vt 0.929671 0.424095
vt 0.930919 0.416974
vt 0.929748 0.416958
vt 0.929864 0.409821
vt 0.931323 0.402741
vt 0.930151 0.402692
vt 0.930482 0.395575
vt 0.932128 0.388564
vt 0.930960 0.388480
vt 0.931489 0.381404
vt 0.933331 0.374475
vt 0.932179 0.374358
vt 0.932908 0.367336
vt 0.934936 0.360498
vt 0.933793 0.360350
vt 0.934719 0.353383
vt 0.936957 0.346628
vt 0.935813 0.346444
vt 0.936968 0.339500
vt 0.939459 0.332759
vt 0.938305 0.332528
vt 0.939742 0.325434
vt 0.942736 0.318434
vt 0.941499 0.318125
vt 0.943439 0.310508
vt 0.942736 0.529756
vt 0.943440 0.537682
vt 0.941499 0.530065
vt 0.939742 0.522756
vt 0.939459 0.515432
vt 0.938305 0.515662
vt 0.936969 0.508690
vt 0.936957 0.501562
vt 0.935813 0.501746
vt 0.934719 0.494807
vt 0.934936 0.487693
vt 0.933793 0.487841
vt 0.932908 0.480854
vt 0.933331 0.473715
vt 0.932179 0.473832
vt 0.935109 0.459413
vt 0.932704 0.466681
vt 0.931701 0.452546
vt 0.934314 0.445324
vt 0.931081 0.438335
vt 0.933923 0.431173
vt 0.930889 0.424095
vt 0.933923 0.417017
vt 0.931081 0.409855
vt 0.934314 0.402866
vt 0.931701 0.395645
vt 0.935109 0.388777
vt 0.932704 0.381509
vt 0.936293 0.374770
vt 0.934101 0.367474
vt 0.937873 0.360877
vt 0.935916 0.353556
vt 0.939872 0.347099
vt 0.938161 0.339714
vt 0.942388 0.333358
vt 0.940967 0.325710
vt 0.945832 0.319272
vt 0.944766 0.310798
vt 0.945832 0.528918
vt 0.944766 0.537392
vt 0.940967 0.522480
vt 0.942388 0.514832
vt 0.938161 0.508476
vt 0.939872 0.501091
vt 0.935916 0.494634
vt 0.937873 0.487314
vt 0.934101 0.480717
vt 0.936293 0.473420
vt 0.942523 0.458902
vt 0.935778 0.466417
vt 0.934798 0.452371
vt 0.941981 0.451975
vt 0.934189 0.438248
vt 0.941775 0.445011
vt 0.941371 0.431070
vt 0.934006 0.424095
vt 0.941371 0.417120
vt 0.934189 0.409942
vt 0.941775 0.403180
vt 0.941981 0.396215
vt 0.934798 0.395819
vt 0.942523 0.389288
vt 0.935778 0.381773
vt 0.943631 0.375487
vt 0.937159 0.367823
vt 0.945142 0.361802
vt 0.938941 0.353993
vt 0.947084 0.348275
vt 0.941183 0.340264
vt 0.948129 0.341545
vt 0.944061 0.326443
vt 0.949561 0.334888
vt 0.953015 0.321608
vt 0.948237 0.311708
vt 0.953015 0.526582
vt 0.948238 0.536482
vt 0.944061 0.521747
vt 0.949561 0.513302
vt 0.948129 0.506645
vt 0.941183 0.507926
vt 0.947085 0.499915
vt 0.938941 0.494197
vt 0.945142 0.486388
vt 0.937159 0.480367
vt 0.943631 0.472702
vt 0.949632 0.458396
vt 0.942973 0.465816
vt 0.949308 0.451582
vt 0.941460 0.438046
vt 0.948920 0.444758
vt 0.948589 0.430969
vt 0.941277 0.424095
vt 0.948589 0.417221
vt 0.941460 0.410144
vt 0.948920 0.403432
vt 0.949308 0.396608
vt 0.942973 0.382375
vt 0.949632 0.389795
vt 0.950716 0.376155
vt 0.944293 0.368623
vt 0.952151 0.362668
vt 0.946004 0.355007
vt 0.953968 0.349339
vt 0.955111 0.342831
vt 0.951053 0.328231
vt 0.956279 0.336364
vt 0.959475 0.323842
vt 0.955515 0.315133
vt 0.959475 0.524348
vt 0.955515 0.533057
vt 0.951053 0.519960
vt 0.956279 0.511826
vt 0.955111 0.505359
vt 0.946004 0.493184
vt 0.953968 0.498851
vt 0.952151 0.485521
vt 0.944293 0.479567
vt 0.950716 0.472035
vt 0.958386 0.464653
vt 0.950056 0.465231
vt 0.957940 0.457927
vt 0.957266 0.444397
vt 0.957056 0.437647
vt 0.948608 0.437866
vt 0.948497 0.424095
vt 0.956882 0.430890
vt 0.956882 0.417300
vt 0.957056 0.410543
vt 0.948608 0.410324
vt 0.957266 0.403793
vt 0.957940 0.390263
vt 0.958386 0.383537
vt 0.950056 0.382959
vt 0.958980 0.376883
vt 0.951354 0.369391
vt 0.960312 0.363655
vt 0.952939 0.355960
vt 0.961054 0.357104
vt 0.961949 0.350599
vt 0.963979 0.337865
vt 0.965151 0.331775
vt 0.957672 0.329968
vt 0.961654 0.318059
vt 0.966445 0.325990
vt 0.966445 0.522200
vt 0.961654 0.530131
vt 0.965151 0.516415
vt 0.957672 0.518222
vt 0.963979 0.510324
vt 0.961949 0.497592
vt 0.961054 0.491086
vt 0.952939 0.492230
vt 0.960312 0.484536
vt 0.951354 0.478799
vt 0.958980 0.471307
vt 0.965253 0.464130
vt 0.957500 0.451171
vt 0.964795 0.457503
vt 0.964143 0.444153
vt 0.963948 0.437482
vt 0.956769 0.424095
vt 0.963780 0.430803
vt 0.963780 0.417387
vt 0.963948 0.410708
vt 0.957500 0.397019
vt 0.964143 0.404038
vt 0.964795 0.390687
vt 0.965253 0.384060
vt 0.959507 0.370238
vt 0.965732 0.377468
vt 0.966988 0.364390
vt 0.967758 0.357919
vt 0.962861 0.344161
vt 0.968539 0.351496
vt 0.970286 0.338932
vt 0.971218 0.332935
vt 0.967948 0.320691
vt 0.972140 0.327225
vt 0.972140 0.520965
vt 0.967948 0.527499
vt 0.971218 0.515255
vt 0.962861 0.504030
vt 0.970286 0.509258
vt 0.968539 0.496694
vt 0.967758 0.490271
vt 0.959507 0.477952
vt 0.966988 0.483800
vt 0.965732 0.470722
vt 0.971517 0.463685
vt 0.964367 0.450838
vt 0.971045 0.457152
vt 0.970418 0.443916
vt 0.970278 0.437340
vt 0.963668 0.424095
vt 0.970069 0.430755
vt 0.970069 0.417435
vt 0.970278 0.410851
vt 0.964367 0.397352
vt 0.970418 0.404274
vt 0.971045 0.391039
vt 0.971517 0.384505
vt 0.966266 0.370904
vt 0.971907 0.377993
vt 0.973100 0.365014
vt 0.973882 0.358623
vt 0.969334 0.345139
vt 0.974561 0.352259
vt 0.976081 0.339714
vt 0.976853 0.333734
vt 0.973034 0.321946
vt 0.977428 0.327952
vt 0.977428 0.520239
vt 0.973034 0.526244
vt 0.976853 0.514456
vt 0.969334 0.503051
vt 0.976081 0.508476
vt 0.974561 0.495931
vt 0.973882 0.489567
vt 0.966266 0.477286
vt 0.973100 0.483177
vt 0.971907 0.470197
vt 0.977940 0.450204
vt 0.975216 0.443780
vt 0.977645 0.443700
vt 0.980872 0.488831
vt 0.977778 0.482685
vt 0.980155 0.482447
vt 0.972400 0.371480
vt 0.974324 0.378179
vt 0.975822 0.456842
vt 0.975465 0.450320
vt 0.981556 0.495195
vt 0.978478 0.489078
vt 0.973868 0.384654
vt 0.978246 0.456696
vt 0.976202 0.463356
vt 0.982252 0.501485
vt 0.979194 0.495440
vt 0.973494 0.391176
vt 0.980550 0.507943
vt 0.979869 0.501742
vt 0.970603 0.397645
vt 0.973142 0.397765
vt 0.982843 0.507708
vt 0.981148 0.514013
vt 0.972876 0.404368
vt 0.983768 0.519771
vt 0.983333 0.513840
vt 0.972653 0.410913
vt 0.984124 0.525319
vt 0.981603 0.519914
vt 0.972536 0.417465
vt 0.984124 0.322872
vt 0.981603 0.328276
vt 0.982038 0.322495
vt 0.969930 0.424095
vt 0.972489 0.424095
vt 0.983768 0.328419
vt 0.981148 0.334177
vt 0.972536 0.430725
vt 0.973868 0.463536
vt 0.974324 0.470011
vt 0.982843 0.340482
vt 0.983333 0.334349
vt 0.972653 0.437277
vt 0.972400 0.476710
vt 0.974904 0.476482
vt 0.982252 0.346705
vt 0.980550 0.340247
vt 0.972876 0.443822
vt 0.975492 0.482927
vt 0.979194 0.352750
vt 0.979869 0.346448
vt 0.970603 0.450545
vt 0.973142 0.450425
vt 0.976184 0.489302
vt 0.981556 0.352995
vt 0.978478 0.359111
vt 0.973494 0.457014
vt 0.975026 0.437223
vt 0.974877 0.430659
vt 0.974877 0.417531
vt 0.975026 0.410967
vt 0.975216 0.404410
vt 0.975822 0.391348
vt 0.976202 0.384835
vt 0.976633 0.378349
vt 0.974904 0.371708
vt 0.977778 0.365505
vt 0.975492 0.365263
vt 0.976184 0.358888
vt 0.976929 0.352536
vt 0.977650 0.346199
vt 0.978366 0.339975
vt 0.978992 0.333963
vt 0.979573 0.328145
vt 0.979977 0.322350
vt 0.979977 0.525840
vt 0.979573 0.520045
vt 0.978992 0.514227
vt 0.978366 0.508215
vt 0.977650 0.501991
vt 0.976929 0.495654
vt 0.976633 0.469842
vt 0.977197 0.476276
vt 0.979479 0.476074
vt 0.977409 0.437162
vt 0.979030 0.469660
vt 0.977311 0.430619
vt 0.978637 0.463191
vt 0.977300 0.424095
vt 0.974819 0.424095
vt 0.975236 0.345915
vt 0.977311 0.417571
vt 0.977409 0.411028
vt 0.977645 0.404490
vt 0.977940 0.397985
vt 0.975465 0.397870
vt 0.977838 0.322420
vt 0.978246 0.391494
vt 0.977838 0.525770
vt 0.978637 0.384999
vt 0.979030 0.378529
vt 0.977196 0.371914
vt 0.979479 0.372116
vt 0.975236 0.502275
vt 0.980155 0.365743
vt 0.980872 0.359360
vt 0.982760 0.462923
vt 0.982307 0.456482
vt 0.981723 0.443563
vt 0.981600 0.437077
vt 0.981396 0.430586
vt 0.981396 0.417605
vt 0.981600 0.411113
vt 0.981723 0.404627
vt 0.982307 0.391708
vt 0.982760 0.385267
vt 0.983056 0.378837
vt 0.984155 0.366129
vt 0.984940 0.359780
vt 0.985531 0.353422
vt 0.986750 0.340832
vt 0.987260 0.334635
vt 0.987449 0.328583
vt 0.987449 0.519607
vt 0.987260 0.513555
vt 0.986750 0.507358
vt 0.985531 0.494768
vt 0.984940 0.488410
vt 0.984155 0.482061
vt 0.983056 0.469353
vt 0.990509 0.462468
vt 0.981922 0.450032
vt 0.990317 0.456234
vt 0.989761 0.443127
vt 0.989441 0.436888
vt 0.981291 0.424095
vt 0.989459 0.430649
vt 0.989459 0.417541
vt 0.989441 0.411302
vt 0.981922 0.398158
vt 0.989761 0.405063
vt 0.990317 0.391956
vt 0.990510 0.385722
vt 0.983453 0.372463
vt 0.990995 0.379552
vt 0.992083 0.366756
vt 0.992630 0.360587
vt 0.986113 0.347098
vt 0.993425 0.354381
vt 0.994660 0.341293
vt 0.994963 0.334952
vt 0.987406 0.322949
vt 0.995179 0.328493
vt 0.995179 0.519697
vt 0.987406 0.525241
vt 0.994963 0.513238
vt 0.986113 0.501092
vt 0.994660 0.506897
vt 0.993425 0.493808
vt 0.992630 0.487603
vt 0.983453 0.475727
vt 0.992083 0.481433
vt 0.990995 0.468638
vt 0.868348 0.777246
vt 0.863496 0.775511
vt 0.868193 0.775544
vt 0.872842 0.774664
vt 0.877200 0.772870
vt 0.873330 0.776266
vt 0.881108 0.770260
vt 0.877990 0.774322
vt 0.885728 0.767956
vt 0.884389 0.766879
vt 0.887043 0.762929
vt 0.890431 0.758992
vt 0.888772 0.758505
vt 0.889714 0.753821
vt 0.891312 0.748895
vt 0.889640 0.749066
vt 0.890284 0.743860
vt 0.888652 0.744363
vt 0.888268 0.739076
vt 0.886720 0.739912
vt 0.884083 0.735846
vt 0.881763 0.731093
vt 0.880633 0.732436
vt 0.876711 0.729646
vt 0.872889 0.726104
vt 0.872360 0.727735
vt 0.867743 0.726732
vt 0.862890 0.724996
vt 0.863045 0.726699
vt 0.858395 0.727579
vt 0.854037 0.729373
vt 0.857907 0.725977
vt 0.850128 0.731984
vt 0.853246 0.727921
vt 0.845508 0.734289
vt 0.846847 0.735365
vt 0.844193 0.739317
vt 0.840805 0.743254
vt 0.842464 0.743741
vt 0.841524 0.748425
vt 0.839926 0.753352
vt 0.841598 0.753180
vt 0.840955 0.758386
vt 0.842587 0.757883
vt 0.842972 0.763169
vt 0.844520 0.762334
vt 0.847158 0.766398
vt 0.849478 0.771151
vt 0.850608 0.769808
vt 0.854530 0.772597
vt 0.858351 0.776138
vt 0.858880 0.774508
vt 0.868634 0.780268
vt 0.863315 0.777119
vt 0.874196 0.779155
vt 0.882131 0.771497
vt 0.879417 0.777018
vt 0.888082 0.769861
vt 0.888480 0.763684
vt 0.893352 0.759854
vt 0.891328 0.753968
vt 0.894387 0.748553
vt 0.893214 0.742949
vt 0.885361 0.734805
vt 0.891015 0.737615
vt 0.883753 0.728724
vt 0.877515 0.728214
vt 0.873814 0.723212
vt 0.867924 0.725123
vt 0.862604 0.721974
vt 0.857041 0.723087
vt 0.849104 0.730747
vt 0.851819 0.725224
vt 0.843153 0.732383
vt 0.842755 0.738561
vt 0.837884 0.742392
vt 0.839910 0.748278
vt 0.836852 0.753694
vt 0.838025 0.759298
vt 0.845880 0.767440
vt 0.840226 0.764631
vt 0.847489 0.773520
vt 0.853726 0.774030
vt 0.857427 0.779030
vt 0.869229 0.786644
vt 0.862977 0.780197
vt 0.876041 0.785328
vt 0.884093 0.773870
vt 0.882434 0.782673
vt 0.893064 0.773915
vt 0.891210 0.765122
vt 0.899534 0.761694
vt 0.894421 0.754252
vt 0.900836 0.747881
vt 0.899461 0.741021
vt 0.887804 0.732818
vt 0.896757 0.734544
vt 0.887928 0.723727
vt 0.879032 0.725483
vt 0.875748 0.717069
vt 0.868262 0.722045
vt 0.862009 0.715596
vt 0.855195 0.716912
vt 0.847142 0.728373
vt 0.848800 0.719568
vt 0.838169 0.728330
vt 0.840025 0.737124
vt 0.831701 0.740554
vt 0.836816 0.747995
vt 0.830403 0.754368
vt 0.831779 0.761228
vt 0.843438 0.769427
vt 0.834484 0.767703
vt 0.843315 0.778517
vt 0.852209 0.776760
vt 0.855494 0.785172
vt 0.862294 0.786600
vt 0.888179 0.778825
vt 0.896908 0.768133
vt 0.900865 0.754857
vt 0.892870 0.728698
vt 0.882154 0.719793
vt 0.868946 0.715640
vt 0.843054 0.723418
vt 0.834326 0.734113
vt 0.830373 0.747392
vt 0.838373 0.773547
vt 0.849089 0.782450
vt 0.818598 0.693647
vt 0.799770 0.696926
vt 0.811577 0.685115
vt 0.892691 0.700340
vt 0.912610 0.693865
vt 0.922887 0.798325
vt 0.912618 0.808588
vt 0.800303 0.785952
vt 0.794741 0.772501
vt 0.858343 0.677249
vt 0.859937 0.693691
vt 0.939356 0.744035
vt 0.939344 0.758577
vt 0.830730 0.816483
vt 0.838559 0.801898
vt 0.808327 0.703919
vt 0.922885 0.704184
vt 0.900542 0.816639
vt 0.892768 0.802080
vt 0.791903 0.758235
vt 0.808381 0.756587
vt 0.872864 0.677283
vt 0.936508 0.772829
vt 0.818652 0.808377
vt 0.930953 0.716312
vt 0.916324 0.724113
vt 0.887129 0.822170
vt 0.791894 0.743695
vt 0.887108 0.680153
vt 0.930952 0.786251
vt 0.916366 0.778483
vt 0.808377 0.798068
vt 0.838460 0.700155
vt 0.830679 0.685589
vt 0.936447 0.729787
vt 0.872895 0.824972
vt 0.871301 0.808540
vt 0.794715 0.729437
vt 0.900529 0.685751
vt 0.814921 0.778141
vt 0.844100 0.680053
vt 0.844144 0.822074
vt 0.922865 0.745668
vt 0.858381 0.824940
vt 0.840897 0.669484
vt 0.856372 0.657163
vt 0.857264 0.666258
vt 0.947086 0.776019
vt 0.940704 0.791440
vt 0.825470 0.675849
vt 0.931435 0.805318
vt 0.840934 0.832648
vt 0.919632 0.817117
vt 0.825515 0.826235
vt 0.905747 0.826374
vt 0.873951 0.666288
vt 0.811631 0.816932
vt 0.890329 0.832732
vt 0.890322 0.669573
vt 0.799820 0.805094
vt 0.873973 0.835957
vt 0.905750 0.675994
vt 0.790543 0.791174
vt 0.857296 0.835929
vt 0.919639 0.685307
vt 0.784155 0.775724
vt 0.931451 0.697160
vt 0.780897 0.759339
vt 0.940726 0.711095
vt 0.780887 0.742637
vt 0.947027 0.726586
vt 0.784129 0.726255
vt 0.950368 0.742952
vt 0.790503 0.710819
vt 0.950345 0.759648
vt 0.892979 0.660819
vt 0.913315 0.661853
vt 0.910066 0.667919
vt 0.838282 0.841396
vt 0.821204 0.834305
vt 0.925436 0.824178
vt 0.910052 0.834433
vt 0.874849 0.657190
vt 0.805825 0.824012
vt 0.892975 0.841475
vt 0.792741 0.810908
vt 0.874865 0.845046
vt 0.782467 0.795492
vt 0.856400 0.845020
vt 0.925452 0.678225
vt 0.775397 0.778386
vt 0.938539 0.691346
vt 0.771794 0.760249
vt 0.948812 0.706776
vt 0.771783 0.741761
vt 0.955818 0.723932
vt 0.775370 0.723622
vt 0.959450 0.742068
vt 0.782426 0.706527
vt 0.959438 0.760538
vt 0.792688 0.691136
vt 0.955835 0.778659
vt 0.805766 0.678050
vt 0.948772 0.795734
vt 0.821160 0.667785
vt 0.938510 0.811107
vt 0.838249 0.660736
vt 0.943872 0.686981
vt 0.964069 0.698668
vt 0.954894 0.703539
vt 0.776394 0.798728
vt 0.875529 0.851877
vt 0.855720 0.851853
vt 0.929827 0.672905
vt 0.768813 0.780377
vt 0.764954 0.760925
vt 0.764942 0.741094
vt 0.962420 0.721944
vt 0.768789 0.721635
vt 0.966283 0.741405
vt 0.776357 0.703293
vt 0.966272 0.761213
vt 0.787367 0.686778
vt 0.962409 0.780650
vt 0.801402 0.672731
vt 0.954833 0.798970
vt 0.817929 0.661717
vt 0.943824 0.815465
vt 0.836268 0.654157
vt 0.836282 0.847970
vt 0.929795 0.829493
vt 0.855708 0.650327
vt 0.817959 0.840368
vt 0.913280 0.840496
vt 0.875529 0.650353
vt 0.801456 0.829330
vt 0.894955 0.848049
vt 0.894980 0.654241
vt 0.787415 0.815273
vt 0.976574 0.762232
vt 0.985041 0.739587
vt 0.985002 0.763059
vt 0.754644 0.761941
vt 0.754632 0.740088
vt 0.972363 0.718961
vt 0.758867 0.718638
vt 0.976588 0.740406
vt 0.767206 0.698416
vt 0.779339 0.680201
vt 0.972317 0.783653
vt 0.794822 0.664713
vt 0.963971 0.803848
vt 0.813064 0.652562
vt 0.951838 0.822037
vt 0.833284 0.644229
vt 0.833269 0.857881
vt 0.936368 0.837510
vt 0.854706 0.640026
vt 0.813067 0.849509
vt 0.918139 0.849644
vt 0.876554 0.640047
vt 0.794870 0.837348
vt 0.897932 0.857967
vt 0.897998 0.644324
vt 0.779383 0.821856
vt 0.876528 0.862174
vt 0.918214 0.652706
vt 0.767236 0.803599
vt 0.854697 0.862152
vt 0.936423 0.664883
vt 0.758881 0.783367
vt 0.951914 0.680399
vt 0.958404 0.827412
vt 0.973461 0.808902
vt 0.960165 0.828854
vt 0.772765 0.674824
vt 0.980427 0.786103
vt 0.789425 0.658145
vt 0.971454 0.807834
vt 0.809079 0.645068
vt 0.830846 0.636105
vt 0.853868 0.870580
vt 0.830812 0.865994
vt 0.941758 0.844072
vt 0.853881 0.631597
vt 0.809071 0.856995
vt 0.922119 0.857134
vt 0.877384 0.631613
vt 0.789486 0.843916
vt 0.900368 0.866086
vt 0.900459 0.636204
vt 0.772818 0.827240
vt 0.877353 0.870595
vt 0.922215 0.645215
vt 0.759725 0.807588
vt 0.941815 0.658311
vt 0.750751 0.785815
vt 0.958493 0.675004
vt 0.746215 0.762777
vt 0.971586 0.694679
vt 0.746196 0.739272
vt 0.980479 0.716535
vt 0.750746 0.716194
vt 0.759712 0.694430
vt 0.923188 0.859143
vt 0.901320 0.869248
vt 0.901022 0.868262
vt 0.830192 0.633928
vt 0.830153 0.868170
vt 0.943204 0.845834
vt 0.853660 0.629337
vt 0.808000 0.859003
vt 0.877607 0.629351
vt 0.788041 0.845678
vt 0.901118 0.634026
vt 0.771054 0.828688
vt 0.877574 0.872852
vt 0.923288 0.643205
vt 0.757713 0.808659
vt 0.853646 0.872840
vt 0.943261 0.656548
vt 0.748574 0.786471
vt 0.960259 0.673556
vt 0.743955 0.763000
vt 0.973603 0.693607
vt 0.743934 0.739053
vt 0.982643 0.715888
vt 0.748568 0.715539
vt 0.987325 0.739368
vt 0.757702 0.693362
vt 0.987260 0.763281
vt 0.771001 0.673382
vt 0.982602 0.786759
vt 0.787977 0.656382
vt 0.808009 0.643056
vt 0.961059 0.672899
vt 0.945846 0.653387
vt 0.963418 0.670959
vt 0.901416 0.633039
vt 0.787387 0.846477
vt 0.770254 0.829345
vt 0.877674 0.873876
vt 0.923773 0.642294
vt 0.756802 0.809146
vt 0.853546 0.873865
vt 0.943916 0.655748
vt 0.747587 0.786770
vt 0.742931 0.763103
vt 0.974517 0.693120
vt 0.742908 0.738955
vt 0.983636 0.715591
vt 0.747580 0.715242
vt 0.988348 0.739270
vt 0.756790 0.692878
vt 0.988284 0.763381
vt 0.770201 0.672728
vt 0.983589 0.787056
vt 0.787320 0.655583
vt 0.974372 0.809386
vt 0.807522 0.642144
vt 0.960965 0.829507
vt 0.829894 0.632941
vt 0.829855 0.869158
vt 0.943860 0.846632
vt 0.853560 0.628313
vt 0.807515 0.859914
vt 0.923674 0.860054
vt 0.877707 0.628325
vt 0.986612 0.714705
vt 0.994572 0.738677
vt 0.991308 0.738986
vt 0.739912 0.763406
vt 0.977214 0.691685
vt 0.739883 0.738667
vt 0.744666 0.714370
vt 0.754100 0.691453
vt 0.991304 0.763673
vt 0.767840 0.670803
vt 0.986498 0.787930
vt 0.785380 0.653227
vt 0.977057 0.810811
vt 0.806066 0.639399
vt 0.963322 0.831431
vt 0.829040 0.630087
vt 0.828979 0.872068
vt 0.945798 0.848986
vt 0.853260 0.625294
vt 0.806086 0.862601
vt 0.925129 0.862798
vt 0.878000 0.625300
vt 0.785459 0.848836
vt 0.902173 0.872099
vt 0.902294 0.630126
vt 0.767898 0.831285
vt 0.877974 0.876892
vt 0.925204 0.639605
vt 0.754056 0.810604
vt 0.853254 0.876888
vt 0.744733 0.787626
vt 0.101158 0.762190
vt 0.107595 0.771922
vt 0.099671 0.764005
vt 0.751196 0.689903
vt 0.994568 0.763999
vt 0.765293 0.668712
vt 0.989640 0.788885
vt 0.783289 0.650672
vt 0.979957 0.812362
vt 0.804526 0.636482
vt 0.965866 0.833521
vt 0.828105 0.626939
vt 0.828021 0.875213
vt 0.947886 0.851539
vt 0.852947 0.622028
vt 0.804531 0.865501
vt 0.926667 0.865712
vt 0.878327 0.622030
vt 0.783366 0.851380
vt 0.903108 0.875245
vt 0.903253 0.626978
vt 0.765343 0.833376
vt 0.878287 0.880155
vt 0.926760 0.636702
vt 0.751140 0.812146
vt 0.852927 0.880155
vt 0.947941 0.650842
vt 0.741585 0.788564
vt 0.965975 0.668868
vt 0.736647 0.763723
vt 0.980170 0.690121
vt 0.736613 0.738344
vt 0.989733 0.713778
vt 0.741518 0.713417
vt 0.019320 0.771918
vt 0.028901 0.766041
vt 0.021350 0.773584
vt 0.046143 0.865077
vt 0.057820 0.865021
vt 0.057590 0.867359
vt 0.091460 0.755719
vt 0.090356 0.757789
vt 0.069029 0.865022
vt 0.069260 0.867359
vt 0.025749 0.762200
vt 0.036539 0.757801
vt 0.027235 0.764012
vt 0.080690 0.751266
vt 0.080011 0.753511
vt 0.080019 0.862834
vt 0.080701 0.865080
vt 0.017509 0.770431
vt 0.069033 0.751333
vt 0.069261 0.749000
vt 0.090367 0.858544
vt 0.091474 0.860613
vt 0.011032 0.780109
vt 0.013099 0.781216
vt 0.057612 0.749005
vt 0.057843 0.751338
vt 0.099675 0.852319
vt 0.101165 0.854131
vt 0.006564 0.790867
vt 0.008807 0.791549
vt 0.046192 0.751280
vt 0.046872 0.753522
vt 0.109402 0.845887
vt 0.107589 0.844400
vt 0.006613 0.802524
vt 0.004280 0.802292
vt 0.035435 0.755735
vt 0.113805 0.835094
vt 0.115873 0.836198
vt 0.006602 0.813715
vt 0.004268 0.813942
vt 0.118088 0.824759
vt 0.120330 0.825439
vt 0.008770 0.824695
vt 0.006525 0.825373
vt 0.120277 0.813791
vt 0.122609 0.814024
vt 0.013040 0.835042
vt 0.010969 0.836146
vt 0.122609 0.802366
vt 0.120266 0.802594
vt 0.017432 0.845852
vt 0.019248 0.844365
vt 0.118113 0.791592
vt 0.120361 0.790910
vt 0.025672 0.854112
vt 0.027163 0.852298
vt 0.113823 0.781237
vt 0.115894 0.780129
vt 0.035366 0.860602
vt 0.036474 0.858532
vt 0.109409 0.770432
vt 0.046826 0.862830
vt 0.011320 0.792313
vt 0.013195 0.803175
vt 0.009227 0.802783
vt 0.079251 0.756026
vt 0.068777 0.753948
vt 0.089125 0.856226
vt 0.015415 0.782454
vt 0.058103 0.753951
vt 0.098007 0.850289
vt 0.047636 0.756034
vt 0.105557 0.842735
vt 0.037778 0.760117
vt 0.111488 0.833857
vt 0.009216 0.813459
vt 0.115575 0.823997
vt 0.011285 0.823934
vt 0.117667 0.813531
vt 0.015359 0.833805
vt 0.117644 0.802850
vt 0.021282 0.842699
vt 0.115595 0.792356
vt 0.028833 0.850266
vt 0.111504 0.782478
vt 0.037715 0.856212
vt 0.105564 0.773592
vt 0.047589 0.860313
vt 0.098005 0.766039
vt 0.058077 0.862403
vt 0.089120 0.760108
vt 0.068770 0.862404
vt 0.079253 0.860318
vt 0.015101 0.822780
vt 0.027068 0.827562
vt 0.018877 0.831930
vt 0.039658 0.763631
vt 0.102472 0.840208
vt 0.107971 0.831979
vt 0.013185 0.813070
vt 0.111761 0.822840
vt 0.113700 0.813138
vt 0.113671 0.803240
vt 0.024372 0.840168
vt 0.111774 0.793516
vt 0.031367 0.847182
vt 0.107985 0.784362
vt 0.039597 0.852691
vt 0.102482 0.776127
vt 0.048747 0.856492
vt 0.095477 0.769126
vt 0.058467 0.858429
vt 0.087244 0.763628
vt 0.068376 0.858432
vt 0.031430 0.769121
vt 0.078097 0.759843
vt 0.078092 0.856500
vt 0.024431 0.776113
vt 0.068391 0.757915
vt 0.087241 0.852709
vt 0.018931 0.784334
vt 0.058497 0.757917
vt 0.095473 0.847208
vt 0.015134 0.793470
vt 0.048795 0.759847
vt 0.037265 0.840001
vt 0.051329 0.830758
vt 0.043977 0.844505
vt 0.104463 0.812229
vt 0.104419 0.804152
vt 0.031563 0.834275
vt 0.102881 0.796221
vt 0.099794 0.788752
vt 0.095307 0.782031
vt 0.051448 0.847587
vt 0.089595 0.776316
vt 0.059373 0.849176
vt 0.082878 0.771826
vt 0.067456 0.849183
vt 0.044029 0.771806
vt 0.037323 0.776304
vt 0.075415 0.768733
vt 0.075384 0.847611
vt 0.031605 0.782001
vt 0.067494 0.767156
vt 0.082852 0.844522
vt 0.027107 0.788708
vt 0.059417 0.767153
vt 0.089572 0.840035
vt 0.024026 0.796172
vt 0.051495 0.768724
vt 0.095287 0.834325
vt 0.022434 0.804090
vt 0.099779 0.827611
vt 0.022415 0.812169
vt 0.102877 0.820150
vt 0.023998 0.820091
vt 0.060958 0.782653
vt 0.060892 0.784229
vt 0.056029 0.783628
vt 0.086056 0.796108
vt 0.083270 0.791927
vt 0.055974 0.832677
vt 0.079722 0.788370
vt 0.060896 0.833666
vt 0.075547 0.785574
vt 0.065920 0.833675
vt 0.051385 0.785545
vt 0.047204 0.788331
vt 0.070908 0.783646
vt 0.070850 0.832701
vt 0.043645 0.791878
vt 0.065982 0.782660
vt 0.075495 0.830784
vt 0.040846 0.796053
vt 0.079677 0.827997
vt 0.038927 0.800696
vt 0.083236 0.824450
vt 0.037938 0.805618
vt 0.086032 0.820274
vt 0.037927 0.810642
vt 0.087962 0.815633
vt 0.038900 0.815573
vt 0.088950 0.810703
vt 0.040816 0.820221
vt 0.088946 0.805678
vt 0.043610 0.824398
vt 0.087973 0.800751
vt 0.047154 0.827957
vt 0.066114 0.785929
vt 0.071423 0.788661
vt 0.076502 0.792284
vt 0.081036 0.796569
vt 0.084740 0.801252
vt 0.087413 0.806048
vt 0.055887 0.786817
vt 0.061146 0.789252
vt 0.066845 0.792750
vt 0.072572 0.797061
vt 0.077907 0.801850
vt 0.082438 0.806768
vt 0.085846 0.811459
vt 0.051193 0.790342
vt 0.056248 0.793509
vt 0.062053 0.797687
vt 0.068106 0.802490
vt 0.073987 0.807504
vt 0.079207 0.812396
vt 0.083290 0.816746
vt 0.047030 0.794663
vt 0.051680 0.798489
vt 0.057338 0.803144
vt 0.063440 0.808163
vt 0.069541 0.813183
vt 0.075200 0.817838
vt 0.079851 0.821664
vt 0.043592 0.799580
vt 0.047674 0.803931
vt 0.052892 0.808822
vt 0.064826 0.818640
vt 0.058772 0.813836
vt 0.070632 0.822818
vt 0.075688 0.825986
vt 0.041040 0.804866
vt 0.044440 0.809557
vt 0.048971 0.814476
vt 0.060034 0.823576
vt 0.054306 0.819265
vt 0.065734 0.827075
vt 0.070992 0.829511
vt 0.039462 0.810274
vt 0.042135 0.815074
vt 0.045841 0.819757
vt 0.055455 0.827666
vt 0.050376 0.824043
vt 0.060765 0.830397
vt 0.065987 0.832098
vt 0.924252 0.467423
vt 0.925745 0.481689
vt 0.927597 0.495842
vt 0.929851 0.509933
vt 0.932410 0.524227
vt 0.935085 0.539959
vt 0.935085 0.308231
vt 0.932410 0.323963
vt 0.929851 0.338257
vt 0.927597 0.352348
vt 0.925745 0.366501
vt 0.924252 0.380767
vt 0.923199 0.395152
vt 0.922561 0.409613
vt 0.922364 0.424095
vt 0.922561 0.438578
vt 0.923199 0.453038
vt 0.385763 0.359124
vt 0.395713 0.321902
vt 0.406720 0.327787
vt 0.421160 0.292962
vt 0.409216 0.289338
vt 0.431821 0.341180
vt 0.452442 0.302404
vt 0.435558 0.343151
vt 0.411049 0.379820
vt 0.406124 0.375805
vt 0.425822 0.337959
vt 0.429945 0.340174
vt 0.379855 0.411001
vt 0.407768 0.377157
vt 0.375808 0.406103
vt 0.402512 0.372828
vt 0.341165 0.431783
vt 0.343178 0.435499
vt 0.441879 0.299212
vt 0.446355 0.300580
vt 0.422275 0.336059
vt 0.428828 0.295283
vt 0.438030 0.298040
vt 0.399405 0.370272
vt 0.413788 0.331559
vt 0.364179 0.391960
vt 0.370298 0.399365
vt 0.336074 0.422222
vt 0.458287 0.304161
vt 0.440948 0.346014
vt 0.415776 0.383680
vt 0.383739 0.415709
vt 0.346068 0.440874
vt 0.385548 0.417920
vt 0.347412 0.443395
vt 0.417982 0.385495
vt 0.443466 0.347364
vt 0.461020 0.304994
vt 0.331517 0.413765
vt 0.360424 0.387392
vt 0.351175 0.376119
vt 0.376116 0.351205
vt 0.391959 0.364203
vt 0.387385 0.360455
vt 0.408571 0.328776
vt 0.626911 0.351716
vt 0.584681 0.343469
vt 0.541688 0.343470
vt 0.499447 0.351740
vt 0.459723 0.368214
vt 0.328725 0.408552
vt 0.359092 0.385769
vt 0.423168 0.293572
vt 0.321852 0.395691
vt 0.340164 0.429905
vt 0.377157 0.407750
vt 0.337967 0.425773
vt 0.372847 0.402478
vt 0.416105 0.254766
vt 0.428527 0.255990
vt 0.428539 0.218289
vt 0.416117 0.219513
vt 0.409249 0.184935
vt 0.421194 0.181311
vt 0.395767 0.152361
vt 0.406776 0.146476
vt 0.430616 0.256195
vt 0.436501 0.256769
vt 0.452450 0.171779
vt 0.431856 0.133042
vt 0.435571 0.131028
vt 0.456850 0.215477
vt 0.461053 0.215039
vt 0.456843 0.258755
vt 0.461051 0.259146
vt 0.448392 0.301200
vt 0.454725 0.258545
vt 0.450068 0.258076
vt 0.454732 0.215684
vt 0.450073 0.216133
vt 0.446376 0.173645
vt 0.441894 0.174994
vt 0.429977 0.134043
vt 0.428859 0.178980
vt 0.422295 0.138135
vt 0.438043 0.176159
vt 0.436512 0.217498
vt 0.446068 0.216524
vt 0.446064 0.257678
vt 0.440947 0.128137
vt 0.458286 0.169992
vt 0.467126 0.214425
vt 0.467126 0.259729
vt 0.469969 0.260012
vt 0.469969 0.214149
vt 0.461021 0.169166
vt 0.443468 0.126793
vt 0.430628 0.218084
vt 0.423203 0.180702
vt 0.413838 0.142694
vt 0.423893 0.391991
vt 0.393259 0.422264
vt 0.369075 0.458085
vt 0.352605 0.498025
vt 0.408626 0.145487
vt 0.448413 0.173029
vt 0.425845 0.136242
vt 0.385837 0.115124
vt 0.376188 0.123044
vt 0.351266 0.098110
vt 0.359184 0.088460
vt 0.321956 0.078519
vt 0.327840 0.067509
vt 0.289388 0.065020
vt 0.293011 0.053074
vt 0.341228 0.042405
vt 0.302449 0.021789
vt 0.343199 0.038667
vt 0.377212 0.066451
vt 0.379874 0.063169
vt 0.407813 0.097055
vt 0.411064 0.094355
vt 0.406166 0.098404
vt 0.372884 0.071707
vt 0.375860 0.068095
vt 0.340223 0.044281
vt 0.338009 0.048405
vt 0.300626 0.027877
vt 0.331611 0.060440
vt 0.298087 0.036202
vt 0.336109 0.051952
vt 0.370329 0.074815
vt 0.399430 0.103916
vt 0.364261 0.082263
vt 0.304205 0.015944
vt 0.346061 0.033277
vt 0.383733 0.058440
vt 0.415772 0.090470
vt 0.417982 0.088660
vt 0.385547 0.056234
vt 0.347410 0.030759
vt 0.305037 0.013212
vt 0.387459 0.113793
vt 0.392026 0.110036
vt 0.360515 0.086838
vt 0.328829 0.065658
vt 0.295330 0.045405
vt 0.344286 0.540269
vt 0.344232 0.583312
vt 0.352501 0.625625
vt 0.369030 0.665399
vt 0.293619 0.051066
vt 0.402543 0.101366
vt 0.299258 0.032353
vt 0.254811 0.058132
vt 0.256034 0.045708
vt 0.219554 0.058120
vt 0.218331 0.045696
vt 0.184971 0.064984
vt 0.181349 0.053038
vt 0.152392 0.078462
vt 0.146509 0.067452
vt 0.392883 0.701223
vt 0.423212 0.731815
vt 0.171820 0.021780
vt 0.133079 0.042369
vt 0.131067 0.038653
vt 0.215520 0.017383
vt 0.215082 0.013180
vt 0.258799 0.017391
vt 0.259190 0.013184
vt 0.301245 0.025840
vt 0.258589 0.019509
vt 0.258120 0.024167
vt 0.215726 0.019502
vt 0.216175 0.024161
vt 0.173685 0.027855
vt 0.175034 0.032336
vt 0.134080 0.044247
vt 0.179018 0.045372
vt 0.138171 0.051931
vt 0.176198 0.036188
vt 0.217540 0.037723
vt 0.216566 0.028166
vt 0.256813 0.037734
vt 0.257722 0.028171
vt 0.128176 0.033277
vt 0.170034 0.015944
vt 0.214468 0.007108
vt 0.259772 0.007108
vt 0.260056 0.004266
vt 0.214192 0.004264
vt 0.169208 0.013209
vt 0.126833 0.030756
vt 0.218125 0.043608
vt 0.180740 0.051030
vt 0.142728 0.060388
vt 0.256240 0.043620
vt 0.459071 0.755966
vt 0.499010 0.772383
vt 0.145520 0.065601
vt 0.173069 0.025817
vt 0.136278 0.048380
vt 0.123068 0.098036
vt 0.115150 0.088385
vt 0.088477 0.115032
vt 0.098125 0.122953
vt 0.078523 0.152256
vt 0.067516 0.146370
vt 0.065016 0.184819
vt 0.053072 0.181194
vt 0.042415 0.132975
vt 0.021790 0.171750
vt 0.038677 0.131003
vt 0.066472 0.096997
vt 0.063190 0.094334
vt 0.097085 0.066403
vt 0.094387 0.063151
vt 0.098434 0.068050
vt 0.071727 0.101326
vt 0.068115 0.098349
vt 0.048414 0.136196
vt 0.044291 0.133980
vt 0.027877 0.173575
vt 0.051961 0.138097
vt 0.045404 0.178873
vt 0.036202 0.176115
vt 0.082281 0.109953
vt 0.074835 0.103882
vt 0.110064 0.082194
vt 0.103945 0.074788
vt 0.033287 0.128139
vt 0.015945 0.169993
vt 0.058463 0.090473
vt 0.090503 0.058442
vt 0.088694 0.056231
vt 0.056257 0.088658
vt 0.030770 0.126789
vt 0.013212 0.169161
vt 0.086855 0.113700
vt 0.060448 0.142597
vt 0.065665 0.145381
vt 0.113819 0.086762
vt 0.541240 0.780630
vt 0.584233 0.780630
vt 0.626474 0.772360
vt 0.666199 0.755885
vt 0.051064 0.180585
vt 0.101395 0.071674
vt 0.032353 0.174943
vt 0.058124 0.219390
vt 0.045703 0.218166
vt 0.058114 0.254642
vt 0.045692 0.255866
vt 0.064984 0.289219
vt 0.053039 0.292844
vt 0.078469 0.321792
vt 0.067461 0.327678
vt 0.021783 0.302378
vt 0.042381 0.341115
vt 0.038665 0.343129
vt 0.013178 0.259117
vt 0.025820 0.301128
vt 0.013180 0.215009
vt 0.017381 0.258679
vt 0.017387 0.215400
vt 0.019505 0.215611
vt 0.024158 0.258023
vt 0.019499 0.258473
vt 0.032340 0.299162
vt 0.027858 0.300512
vt 0.044259 0.340113
vt 0.045374 0.295176
vt 0.051942 0.336020
vt 0.036191 0.297997
vt 0.037720 0.256657
vt 0.028163 0.257632
vt 0.037729 0.217387
vt 0.028166 0.216478
vt 0.033290 0.346021
vt 0.015948 0.304165
vt 0.007105 0.259732
vt 0.007104 0.214427
vt 0.004261 0.214143
vt 0.004262 0.260008
vt 0.013213 0.304991
vt 0.030769 0.347365
vt 0.051031 0.293453
vt 0.065610 0.328668
vt 0.060398 0.331461
vt 0.043614 0.217961
vt 0.043604 0.256072
vt 0.702029 0.732109
vt 0.732664 0.701835
vt 0.756847 0.666015
vt 0.773318 0.626074
vt 0.025841 0.172955
vt 0.024162 0.216079
vt 0.048391 0.337914
vt 0.088403 0.359030
vt 0.098052 0.351109
vt 0.122977 0.376044
vt 0.115059 0.385695
vt 0.146405 0.406647
vt 0.152288 0.395637
vt 0.184859 0.409137
vt 0.181236 0.421083
vt 0.133016 0.431753
vt 0.171798 0.452368
vt 0.131046 0.435491
vt 0.097031 0.407706
vt 0.094369 0.410988
vt 0.066427 0.377102
vt 0.063175 0.379802
vt 0.068073 0.375753
vt 0.071697 0.372790
vt 0.098382 0.406062
vt 0.101359 0.402449
vt 0.134021 0.429876
vt 0.136236 0.425753
vt 0.173621 0.446281
vt 0.142634 0.413716
vt 0.176160 0.437955
vt 0.138136 0.422205
vt 0.103914 0.399341
vt 0.074810 0.370240
vt 0.109982 0.391893
vt 0.082214 0.364119
vt 0.128183 0.440882
vt 0.170042 0.458214
vt 0.090510 0.415717
vt 0.058468 0.383687
vt 0.056258 0.385497
vt 0.088695 0.417924
vt 0.126834 0.443400
vt 0.169209 0.460947
vt 0.145416 0.408498
vt 0.178916 0.428752
vt 0.086781 0.360362
vt 0.113728 0.387317
vt 0.773422 0.498473
vt 0.756893 0.458699
vt 0.781637 0.583830
vt 0.781691 0.540786
vt 0.744866 0.507371
vt 0.180627 0.423091
vt 0.174988 0.441805
vt 0.293507 0.423124
vt 0.295228 0.428781
vt 0.219436 0.416024
vt 0.218213 0.428447
vt 0.255917 0.428458
vt 0.254693 0.416035
vt 0.292897 0.421116
vt 0.289275 0.409169
vt 0.327736 0.406701
vt 0.301177 0.448336
vt 0.302427 0.452373
vt 0.258729 0.456771
vt 0.259166 0.460974
vt 0.215059 0.460973
vt 0.173001 0.448318
vt 0.215659 0.454647
vt 0.258073 0.449993
vt 0.258522 0.454652
vt 0.300562 0.446298
vt 0.299212 0.441816
vt 0.298048 0.437965
vt 0.256708 0.436431
vt 0.257682 0.445989
vt 0.217434 0.436422
vt 0.216526 0.445986
vt 0.304213 0.458208
vt 0.259780 0.467046
vt 0.214476 0.467048
vt 0.214193 0.469891
vt 0.260057 0.469890
vt 0.305039 0.460943
vt 0.256122 0.430547
vt 0.733039 0.422875
vt 0.702710 0.392283
vt 0.666851 0.368132
vt 0.218008 0.430536
vt 0.215449 0.456765
vt 0.216128 0.449990
vt 0.280902 0.704840
vt 0.293246 0.681051
vt 0.302415 0.667933
vt 0.330400 0.635162
vt 0.566215 0.297294
vt 0.666538 0.308854
vt 0.684071 0.307299
vt 0.718721 0.306322
vt 0.735791 0.306929
vt 0.760978 0.309128
vt 0.785558 0.312606
vt 0.801555 0.315354
vt 0.824901 0.319227
vt 0.839969 0.320311
vt 0.575094 0.320459
vt 0.594409 0.319189
vt 0.612930 0.316553
vt 0.648865 0.311029
vt 0.982038 0.525695
vt 0.990139 0.449679
vt 0.989545 0.424095
vt 0.990138 0.398510
vt 0.991590 0.373157
vt 0.994193 0.347857
vt 0.994676 0.321686
vt 0.994676 0.526505
vt 0.994193 0.500333
vt 0.991590 0.475033
s 1
usemtl Material.001
f 25/1/1 112/2/2 19/3/3
f 108/4/4 6/5/5 109/6/6
f 107/7/7 3/8/8 4/9/9
f 105/10/10 50/11/11 2/12/12
f 110/13/13 6/5/5 7/14/14
f 107/7/7 5/15/15 108/4/4
f 106/16/16 2/12/12 3/8/8
f 2/12/12 9/17/17 3/8/8
f 31/18/18 113/19/19 25/1/1
f 5/15/15 12/20/20 6/5/5
f 3/8/8 10/21/21 4/9/9
f 2/12/12 50/11/11 8/22/22
f 6/5/5 13/23/23 7/14/14
f 4/9/9 11/24/24 5/15/15
f 56/25/25 117/26/26 49/27/27
f 11/24/24 18/28/28 12/20/20
f 10/21/21 15/29/29 16/30/30
f 8/22/22 50/11/11 14/31/31
f 12/20/20 19/3/3 13/23/23
f 10/21/21 17/32/32 11/24/24
f 8/22/22 15/29/29 9/17/17
f 17/32/32 24/33/33 18/28/28
f 15/29/29 22/34/34 16/30/30
f 14/31/31 50/11/11 20/35/35
f 18/28/28 25/1/1 19/3/3
f 16/30/30 23/36/36 17/32/32
f 14/31/31 21/37/37 15/29/29
f 68/38/38 119/39/39 62/40/40
f 20/35/35 50/11/11 26/41/41
f 24/33/33 31/18/18 25/1/1
f 22/34/34 29/42/42 23/36/36
f 20/35/35 27/43/43 21/37/37
f 19/3/3 111/44/44 13/23/23
f 23/36/36 30/45/45 24/33/33
f 22/34/34 27/43/43 28/46/46
f 30/45/45 37/47/47 31/18/18
f 28/46/46 35/48/48 29/42/42
f 26/41/41 33/49/49 27/43/43
f 110/13/13 126/50/50 104/51/51
f 29/42/42 36/52/52 30/45/45
f 28/46/46 33/49/49 34/53/53
f 26/41/41 50/11/11 32/54/54
f 34/53/53 41/55/55 35/48/48
f 32/54/54 39/56/56 33/49/49
f 62/40/40 118/57/57 56/25/25
f 35/48/48 42/58/58 36/52/52
f 33/49/49 40/59/59 34/53/53
f 32/54/54 50/11/11 38/60/60
f 36/52/52 43/61/61 37/47/47
f 104/51/51 125/62/62 98/63/63
f 41/64/55 48/65/64 42/66/58
f 39/67/56 46/68/65 40/69/59
f 38/70/60 50/11/11 44/71/66
f 42/66/58 49/27/27 43/72/61
f 40/69/59 47/73/67 41/64/55
f 38/70/60 45/74/68 39/67/56
f 13/23/23 1/75/69 7/14/14
f 47/73/67 55/76/70 48/65/64
f 45/74/68 53/77/71 46/68/65
f 44/71/66 50/11/11 51/78/72
f 48/65/64 56/25/25 49/27/27
f 46/68/65 54/79/73 47/73/67
f 44/71/66 52/80/74 45/74/68
f 52/80/74 59/81/75 53/77/71
f 51/78/72 50/11/11 57/82/76
f 55/76/70 62/40/40 56/25/25
f 53/77/71 60/83/77 54/79/73
f 51/78/72 58/84/78 52/80/74
f 7/14/14 127/85/79 110/13/13
f 54/79/73 61/86/80 55/76/70
f 61/86/80 68/38/38 62/40/40
f 59/81/75 66/87/81 60/83/77
f 57/82/76 64/88/82 58/84/78
f 92/89/83 123/90/84 86/91/85
f 60/83/77 67/92/86 61/86/80
f 58/84/78 65/93/87 59/81/75
f 57/82/76 50/11/11 63/94/88
f 68/38/38 73/95/89 74/96/90
f 65/93/87 72/97/91 66/87/81
f 63/94/88 70/98/92 64/88/82
f 98/63/63 124/99/93 92/89/83
f 66/87/81 73/95/89 67/92/86
f 64/88/82 71/100/94 65/93/87
f 63/94/88 50/11/11 69/101/95
f 69/101/95 76/102/96 70/98/92
f 74/96/90 120/103/97 68/38/38
f 73/95/89 78/104/98 79/105/99
f 71/100/94 76/102/96 77/106/100
f 69/101/95 50/11/11 75/107/101
f 74/96/90 79/105/99 80/108/102
f 71/100/94 78/104/98 72/97/91
f 86/91/85 122/109/103 80/108/102
f 78/104/98 85/110/104 79/105/99
f 76/102/96 83/111/105 77/106/100
f 75/107/101 50/11/11 81/112/106
f 79/105/99 86/91/85 80/108/102
f 77/106/100 84/113/107 78/104/98
f 75/107/101 82/114/108 76/102/96
f 84/113/107 91/115/109 85/110/104
f 82/114/108 89/116/110 83/111/105
f 81/112/106 50/11/11 87/117/111
f 86/91/85 91/115/109 92/89/83
f 83/111/105 90/118/112 84/113/107
f 81/112/106 88/119/113 82/114/108
f 43/61/61 115/120/114 37/47/47
f 87/117/111 50/11/11 93/121/115
f 91/115/109 98/63/63 92/89/83
f 89/116/110 96/122/116 90/118/112
f 87/117/111 94/123/117 88/119/113
f 37/47/47 114/124/118 31/18/18
f 90/118/112 97/125/119 91/115/109
f 89/116/110 94/123/117 95/126/120
f 97/125/119 104/51/51 98/63/63
f 95/126/120 102/127/121 96/122/116
f 93/121/115 100/128/122 94/123/117
f 49/27/27 116/129/123 43/72/61
f 96/122/116 103/130/124 97/125/119
f 95/126/120 100/128/122 101/131/125
f 93/121/115 50/11/11 99/132/126
f 101/131/125 108/4/4 102/127/121
f 99/132/126 106/16/16 100/128/122
f 80/108/102 121/133/127 74/96/90
f 102/127/121 109/6/6 103/130/124
f 100/128/122 107/7/7 101/131/125
f 99/132/126 50/11/11 105/10/10
f 103/130/124 110/13/13 104/51/51
f 119/39/39 136/134/128 118/57/57
f 123/90/84 140/135/129 122/109/103
f 115/120/114 132/136/130 114/124/118
f 111/44/44 128/137/131 1/75/69
f 127/85/79 144/138/132 126/50/50
f 126/50/50 143/139/133 125/62/62
f 118/57/57 135/140/134 117/26/26
f 121/133/127 140/135/129 139/141/135
f 114/124/118 131/142/136 113/19/19
f 125/62/62 142/143/137 124/99/93
f 116/129/123 135/140/134 134/144/138
f 121/133/127 138/145/139 120/103/97
f 113/19/19 130/146/140 112/2/2
f 124/99/93 141/147/141 123/90/84
f 115/120/114 134/148/138 133/149/142
f 119/39/39 138/145/139 137/150/143
f 112/2/2 129/151/144 111/44/44
f 1/75/69 145/152/145 127/85/79
f 137/150/143 154/153/146 136/134/128
f 144/138/132 161/154/147 143/139/133
f 129/151/144 146/155/148 128/137/131
f 136/134/128 153/156/149 135/140/134
f 143/139/133 160/157/150 142/143/137
f 135/140/134 152/158/151 134/144/138
f 142/143/137 159/159/152 141/147/141
f 134/148/138 151/160/153 133/149/142
f 141/147/141 158/161/154 140/135/129
f 133/149/142 150/162/155 132/136/130
f 140/135/129 157/163/156 139/141/135
f 132/136/130 149/164/157 131/142/136
f 139/141/135 156/165/158 138/145/139
f 128/137/131 163/166/159 145/152/145
f 131/142/136 148/167/160 130/146/140
f 138/145/139 155/168/161 137/150/143
f 145/152/145 162/169/162 144/138/132
f 130/146/140 147/170/163 129/151/144
f 154/153/146 171/171/164 153/156/149
f 161/154/147 178/172/165 160/157/150
f 153/156/149 170/173/166 152/158/151
f 160/157/150 177/174/167 159/159/152
f 151/160/153 170/175/166 169/176/168
f 159/159/152 176/177/169 158/161/154
f 150/162/155 169/176/168 168/178/170
f 157/163/156 176/177/169 175/179/171
f 149/164/157 168/178/170 167/180/172
f 157/163/156 174/181/173 156/165/158
f 146/155/148 181/182/174 163/166/159
f 149/164/157 166/183/175 148/167/160
f 156/165/158 173/184/176 155/168/161
f 163/166/159 180/185/177 162/169/162
f 147/170/163 166/183/175 165/186/178
f 154/153/146 173/184/176 172/187/179
f 162/169/162 179/188/180 161/154/147
f 146/155/148 165/186/178 164/189/181
f 171/171/164 188/190/123 170/173/166
f 178/172/165 195/191/84 177/174/167
f 170/175/166 187/192/114 169/176/168
f 177/174/167 194/193/182 176/177/169
f 169/176/168 186/194/118 168/178/170
f 176/177/169 193/195/127 175/179/171
f 168/178/170 185/196/19 167/180/172
f 175/179/171 192/197/183 174/181/173
f 164/189/181 199/198/79 181/182/174
f 167/180/172 184/199/2 166/183/175
f 174/181/173 191/200/39 173/184/176
f 181/182/174 198/201/50 180/185/177
f 166/183/175 183/202/184 165/186/178
f 173/184/176 190/203/57 172/187/179
f 180/185/177 197/204/62 179/188/180
f 165/186/178 182/205/69 164/189/181
f 172/187/179 189/206/26 171/171/164
f 179/188/180 196/207/93 178/172/165
f 187/192/114 206/208/138 205/209/142
f 195/191/84 212/210/185 194/193/182
f 186/194/118 205/209/142 204/211/130
f 194/193/182 211/212/135 193/195/127
f 186/194/118 203/213/136 185/196/19
f 193/195/127 210/214/186 192/197/183
f 182/205/69 217/215/145 199/198/79
f 185/196/19 202/216/140 184/199/2
f 192/197/183 209/217/143 191/200/39
f 199/198/79 216/218/132 198/201/50
f 184/199/2 201/219/144 183/202/184
f 190/203/57 209/217/143 208/220/128
f 198/201/50 215/221/133 197/204/62
f 183/202/184 200/222/131 182/205/69
f 190/203/57 207/223/187 189/206/26
f 196/207/93 215/221/133 214/224/137
f 188/190/123 207/223/187 206/225/138
f 196/207/93 213/226/141 195/191/84
f 205/209/142 222/227/188 204/211/130
f 212/210/185 229/228/189 211/212/135
f 204/211/130 221/229/190 203/213/136
f 211/212/135 228/230/191 210/214/186
f 200/222/131 235/231/192 217/215/145
f 203/213/136 220/232/193 202/216/140
f 210/214/186 227/233/194 209/217/143
f 217/215/145 234/234/195 216/218/132
f 202/216/140 219/235/196 201/219/144
f 209/217/143 226/236/197 208/220/128
f 216/218/132 233/237/198 215/221/133
f 201/219/144 218/238/199 200/222/131
f 208/220/128 225/239/200 207/223/187
f 215/221/133 232/240/201 214/224/137
f 207/223/187 224/241/202 206/225/138
f 214/224/137 231/242/203 213/226/141
f 206/208/138 223/243/204 205/209/142
f 213/226/141 230/244/205 212/210/185
f 243/245/11 268/246/11 244/247/11
f 242/248/11 275/249/11 268/246/11
f 241/250/11 282/251/11 275/249/11
f 240/252/11 289/253/11 282/251/11
f 238/254/11 289/253/11 239/255/11
f 237/256/11 296/257/11 238/254/11
f 236/258/11 303/259/11 237/256/11
f 267/260/11 310/261/11 236/258/11
f 244/247/11 269/262/11 245/263/11
f 268/246/11 276/264/11 269/262/11
f 275/249/11 283/265/11 276/264/11
f 282/251/11 290/266/11 283/265/11
f 296/257/11 290/266/11 289/253/11
f 303/259/11 297/267/11 296/257/11
f 310/261/11 304/268/11 303/259/11
f 266/269/11 311/270/11 310/261/11
f 245/263/11 270/271/11 246/272/11
f 269/262/11 277/273/11 270/271/11
f 276/264/11 284/274/11 277/273/11
f 283/265/11 291/275/11 284/274/11
f 297/267/11 291/275/11 290/266/11
f 304/268/11 298/276/11 297/267/11
f 311/270/11 305/277/11 304/268/11
f 265/278/11 312/279/11 311/270/11
f 246/272/11 271/280/11 247/281/11
f 270/271/11 278/282/11 271/280/11
f 277/273/11 285/283/11 278/282/11
f 284/274/11 292/284/11 285/283/11
f 298/276/11 292/284/11 291/275/11
f 305/277/11 299/285/11 298/276/11
f 312/279/11 306/286/11 305/277/11
f 264/287/11 313/288/11 312/279/11
f 271/280/11 248/289/11 247/281/11
f 278/282/11 272/290/11 271/280/11
f 285/283/11 279/291/11 278/282/11
f 292/284/11 286/292/11 285/283/11
f 292/284/11 300/293/11 293/294/11
f 299/285/11 307/295/11 300/293/11
f 306/286/11 314/296/11 307/295/11
f 313/288/11 262/297/11 314/296/11
f 272/290/11 249/298/11 248/289/11
f 279/291/11 273/299/11 272/290/11
f 286/292/11 280/300/11 279/291/11
f 293/294/11 287/301/11 286/292/11
f 293/294/11 301/302/11 294/303/11
f 300/293/11 308/304/11 301/302/11
f 307/295/11 315/305/11 308/304/11
f 314/296/11 261/306/11 315/305/11
f 273/299/11 250/307/11 249/298/11
f 280/300/11 274/308/11 273/299/11
f 287/301/11 281/309/11 280/300/11
f 294/303/11 288/310/11 287/301/11
f 294/303/11 302/311/11 295/312/11
f 301/302/11 309/313/11 302/311/11
f 308/304/11 316/314/11 309/313/11
f 315/305/11 260/315/11 316/314/11
f 274/308/11 251/316/11 250/307/11
f 281/309/11 252/317/11 274/308/11
f 288/310/11 253/318/11 281/309/11
f 295/312/11 254/319/11 288/310/11
f 295/312/11 256/320/11 255/321/11
f 302/311/11 257/322/11 256/320/11
f 309/313/11 258/323/11 257/322/11
f 316/314/11 259/324/11 258/323/11
f 318/325/206 1214/326/207 1213/327/208
f 320/328/209 1215/329/210 1214/326/207
f 1215/329/210 324/330/211 1216/331/212
f 1216/331/212 326/332/213 1217/333/214
f 326/332/213 1218/334/215 1217/333/214
f 328/335/216 1219/336/217 1218/334/215
f 1219/336/217 332/337/218 1220/338/219
f 1220/338/219 334/339/220 1221/340/221
f 334/339/220 1222/341/222 1221/340/221
f 336/342/223 1223/343/224 1222/341/222
f 1223/343/224 340/344/225 1224/345/226
f 1224/345/226 342/346/227 1225/347/228
f 342/346/227 1226/348/229 1225/347/228
f 344/349/230 1227/350/231 1226/348/229
f 1227/350/231 348/351/232 1228/352/233
f 348/351/232 1229/353/234 1228/352/233
f 350/354/235 1230/355/236 1229/353/234
f 352/356/237 1231/357/238 1230/355/236
f 1231/357/238 356/358/239 1232/359/240
f 356/358/239 1233/360/241 1232/359/240
f 358/361/242 1234/362/243 1233/360/241
f 360/363/244 1235/364/245 1234/362/243
f 362/365/246 1236/366/247 1235/364/245
f 364/367/248 1237/368/249 1236/366/247
f 366/369/250 1238/370/251 1237/368/249
f 368/371/252 1239/372/253 1238/370/251
f 1239/372/253 372/373/254 1240/374/255
f 372/373/254 1241/375/256 1240/374/255
f 1241/375/256 376/376/257 1242/377/258
f 1242/377/258 378/378/259 1243/379/260
f 336/342/223 1255/380/261 338/381/262
f 1243/379/260 380/382/263 1244/383/264
f 380/382/263 1213/327/208 1244/383/264
f 412/384/265 1805/385/266 1804/386/267
f 1803/387/268 412/384/265 1804/386/267
f 410/388/269 1803/387/268 1802/389/270
f 409/390/271 1802/389/270 1801/391/272
f 1800/392/273 409/390/271 1801/391/272
f 407/393/274 1800/392/273 1799/394/275
f 406/395/276 1799/394/275 1798/396/277
f 405/397/278 1798/396/277 1797/398/279
f 404/399/280 1797/398/279 1796/400/281
f 403/401/282 1796/400/281 1795/402/283
f 402/403/284 1795/402/283 1794/404/285
f 1793/405/286 402/403/284 1794/404/285
f 1792/406/287 401/407/288 1793/405/286
f 1791/408/289 400/409/290 1792/406/287
f 398/410/291 1791/408/289 1790/411/292
f 1789/412/293 398/410/291 1790/411/292
f 396/413/294 1789/412/293 1788/414/295
f 1787/415/296 396/413/294 1788/414/295
f 394/416/297 1787/415/296 1786/417/298
f 393/418/299 1786/417/298 1785/419/300
f 1784/420/301 393/418/299 1785/419/300
f 391/421/302 1784/420/301 1783/422/303
f 390/423/304 1783/424/303 1782/425/305
f 1781/426/306 390/423/304 1782/425/305
f 388/427/307 1781/426/306 1780/428/308
f 1779/429/309 388/427/307 1780/428/308
f 386/430/310 1779/429/309 1778/431/311
f 385/432/312 1778/431/311 1777/433/313
f 1776/434/314 385/432/312 1777/433/313
f 383/435/315 1776/434/314 1775/436/316
f 382/437/317 1775/436/316 1774/438/318
f 381/439/319 1774/438/318 1805/385/266
f 444/440/320 1837/441/321 1836/442/322
f 1835/443/323 444/440/320 1836/442/322
f 1834/444/324 443/445/325 1835/443/323
f 441/446/326 1834/444/324 1833/447/327
f 1832/448/328 441/446/326 1833/447/327
f 439/449/329 1832/448/328 1831/450/330
f 438/451/331 1831/450/330 1830/452/332
f 437/453/333 1830/452/332 1829/454/334
f 1828/455/335 437/453/333 1829/454/334
f 435/456/336 1828/455/335 1827/457/337
f 1826/458/338 435/456/336 1827/457/337
f 1825/459/339 434/460/340 1826/458/338
f 1824/461/341 433/462/342 1825/459/339
f 431/463/343 1824/461/341 1823/464/344
f 430/465/345 1823/464/344 1822/466/346
f 1821/467/347 430/465/345 1822/466/346
f 428/468/348 1821/467/347 1820/469/349
f 1819/470/350 428/468/348 1820/469/349
f 426/471/351 1819/470/350 1818/472/352
f 425/473/353 1818/472/352 1817/474/354
f 1816/475/355 425/473/353 1817/474/354
f 423/476/356 1816/475/355 1815/477/357
f 1814/478/358 423/479/356 1815/480/357
f 421/481/359 1814/478/358 1813/482/360
f 1812/483/361 421/481/359 1813/482/360
f 419/484/362 1812/483/361 1811/485/363
f 418/486/364 1811/485/363 1810/487/365
f 417/488/366 1810/487/365 1809/489/367
f 1808/490/368 417/488/366 1809/489/367
f 1807/491/369 416/492/370 1808/490/368
f 414/493/371 1807/491/369 1806/494/372
f 413/495/373 1806/494/372 1837/441/321
f 476/496/374 413/495/373 444/440/320
f 475/497/375 444/440/320 443/445/325
f 474/498/376 443/445/325 442/499/377
f 473/500/378 442/499/377 441/446/326
f 440/501/379 473/500/378 441/446/326
f 439/449/329 472/502/380 440/501/379
f 438/451/331 471/503/381 439/449/329
f 469/504/382 438/451/331 437/453/333
f 468/505/383 437/453/333 436/506/384
f 435/456/336 468/505/383 436/506/384
f 434/460/340 467/507/385 435/456/336
f 433/462/342 466/508/386 434/460/340
f 432/509/387 465/510/388 433/462/342
f 431/463/343 464/511/389 432/509/387
f 430/465/345 463/512/390 431/463/343
f 461/513/391 430/465/345 429/514/392
f 460/515/393 429/514/392 428/468/348
f 459/516/394 428/468/348 427/517/395
f 458/518/396 427/517/395 426/471/351
f 457/519/397 426/471/351 425/473/353
f 456/520/398 425/473/353 424/521/399
f 423/476/356 456/520/398 424/521/399
f 454/522/400 423/479/356 422/523/401
f 453/524/402 422/523/401 421/481/359
f 452/525/403 421/481/359 420/526/404
f 451/527/405 420/526/404 419/484/362
f 450/528/406 419/484/362 418/486/364
f 449/529/407 418/486/364 417/488/366
f 448/530/408 417/488/366 416/492/370
f 415/531/409 448/530/408 416/492/370
f 446/532/410 415/531/409 414/493/371
f 445/533/411 414/493/371 413/495/373
f 508/534/412 445/533/411 476/496/374
f 507/535/413 476/496/374 475/497/375
f 506/536/414 475/497/375 474/498/376
f 505/537/415 474/498/376 473/500/378
f 504/538/416 473/500/378 472/502/380
f 503/539/417 472/502/380 471/503/381
f 470/540/418 503/539/417 471/503/381
f 501/541/419 470/540/418 469/504/382
f 468/505/383 501/541/419 469/504/382
f 499/542/420 468/505/383 467/507/385
f 466/508/386 499/542/420 467/507/385
f 497/543/421 466/508/386 465/510/388
f 496/544/422 465/510/388 464/511/389
f 495/545/423 464/511/389 463/512/390
f 494/546/424 463/512/390 462/547/425
f 461/513/391 494/546/424 462/547/425
f 492/548/426 461/513/391 460/515/393
f 491/549/427 460/515/393 459/516/394
f 490/550/428 459/516/394 458/518/396
f 489/551/429 458/518/396 457/519/397
f 488/552/430 457/519/397 456/520/398
f 487/553/431 456/520/398 455/554/432
f 454/522/400 487/555/431 455/556/432
f 485/557/433 454/522/400 453/524/402
f 452/525/403 485/557/433 453/524/402
f 483/558/434 452/525/403 451/527/405
f 450/528/406 483/558/434 451/527/405
f 481/559/435 450/528/406 449/529/407
f 448/530/408 481/559/435 449/529/407
f 479/560/436 448/530/408 447/561/437
f 446/532/410 479/560/436 447/561/437
f 477/562/438 446/532/410 445/533/411
f 540/563/439 477/562/438 508/534/412
f 539/564/440 508/534/412 507/535/413
f 538/565/441 507/535/413 506/536/414
f 505/537/415 538/565/441 506/536/414
f 536/566/442 505/537/415 504/538/416
f 535/567/443 504/538/416 503/539/417
f 534/568/444 503/539/417 502/569/445
f 533/570/446 502/569/445 501/541/419
f 532/571/447 501/541/419 500/572/448
f 499/542/420 532/571/447 500/572/448
f 530/573/449 499/542/420 498/574/450
f 529/575/451 498/574/450 497/543/421
f 528/576/452 497/543/421 496/544/422
f 527/577/453 496/544/422 495/545/423
f 526/578/454 495/545/423 494/546/424
f 493/579/455 526/578/454 494/546/424
f 524/580/456 493/579/455 492/548/426
f 523/581/457 492/548/426 491/549/427
f 490/550/428 523/581/457 491/549/427
f 521/582/458 490/550/428 489/551/429
f 520/583/459 489/551/429 488/552/430
f 519/584/460 488/552/430 487/553/431
f 518/585/461 487/555/431 486/586/462
f 517/587/463 486/586/462 485/557/433
f 516/588/464 485/557/433 484/589/465
f 483/558/434 516/588/464 484/589/465
f 514/590/466 483/558/434 482/591/467
f 513/592/468 482/591/467 481/559/435
f 512/593/469 481/559/435 480/594/470
f 511/595/471 480/594/470 479/560/436
f 478/596/472 511/595/471 479/560/436
f 477/562/438 510/597/473 478/596/472
f 572/598/474 509/599/475 540/563/439
f 571/600/476 540/563/439 539/564/440
f 570/601/477 539/564/440 538/565/441
f 569/602/478 538/565/441 537/603/479
f 536/566/442 569/602/478 537/603/479
f 535/567/443 568/604/480 536/566/442
f 534/568/444 567/605/481 535/567/443
f 565/606/482 534/568/444 533/570/446
f 532/571/447 565/606/482 533/570/446
f 563/607/483 532/571/447 531/608/484
f 562/609/485 531/608/484 530/573/449
f 561/610/486 530/573/449 529/575/451
f 528/576/452 561/610/486 529/575/451
f 559/611/487 528/576/452 527/577/453
f 558/612/488 527/577/453 526/578/454
f 557/613/489 526/578/454 525/614/490
f 556/615/491 525/614/490 524/580/456
f 555/616/492 524/580/456 523/581/457
f 554/617/493 523/581/457 522/618/494
f 553/619/495 522/618/494 521/582/458
f 520/583/459 553/619/495 521/582/458
f 551/620/496 520/583/459 519/584/460
f 518/585/461 551/621/496 519/622/460
f 549/623/497 518/585/461 517/587/463
f 516/588/464 549/623/497 517/587/463
f 547/624/498 516/588/464 515/625/499
f 546/626/500 515/625/499 514/590/466
f 545/627/501 514/590/466 513/592/468
f 544/628/502 513/592/468 512/593/469
f 543/629/503 512/593/469 511/595/471
f 510/597/473 543/629/503 511/595/471
f 509/599/475 542/630/504 510/597/473
f 604/631/505 541/632/506 572/598/474
f 603/633/507 572/598/474 571/600/476
f 570/601/477 603/633/507 571/600/476
f 601/634/508 570/601/477 569/602/478
f 600/635/509 569/602/478 568/604/480
f 599/636/510 568/604/480 567/605/481
f 598/637/511 567/605/481 566/638/512
f 597/639/513 566/638/512 565/606/482
f 596/640/514 565/606/482 564/641/515
f 563/607/483 596/640/514 564/641/515
f 562/609/485 595/642/516 563/607/483
f 561/610/486 594/643/517 562/609/485
f 592/644/518 561/610/486 560/645/519
f 591/646/520 560/645/519 559/611/487
f 590/647/521 559/611/487 558/612/488
f 557/613/489 590/647/521 558/612/488
f 588/648/522 557/613/489 556/615/491
f 587/649/523 556/615/491 555/616/492
f 586/650/524 555/616/492 554/617/493
f 553/619/495 586/650/524 554/617/493
f 552/651/525 585/652/526 553/619/495
f 551/620/496 584/653/527 552/651/525
f 582/654/528 551/621/496 550/655/529
f 549/623/497 582/654/528 550/655/529
f 548/656/530 581/657/531 549/623/497
f 547/624/498 580/658/532 548/656/530
f 578/659/533 547/624/498 546/626/500
f 577/660/534 546/626/500 545/627/501
f 576/661/535 545/627/501 544/628/502
f 575/662/536 544/628/502 543/629/503
f 574/663/537 543/629/503 542/630/504
f 541/632/506 574/663/537 542/630/504
f 636/664/538 573/665/539 604/631/505
f 635/666/540 604/631/505 603/633/507
f 634/667/541 603/633/507 602/668/542
f 633/669/543 602/668/542 601/634/508
f 632/670/544 601/634/508 600/635/509
f 599/636/510 632/670/544 600/635/509
f 630/671/545 599/636/510 598/637/511
f 629/672/546 598/637/511 597/639/513
f 628/673/547 597/639/513 596/640/514
f 627/674/548 596/640/514 595/642/516
f 594/643/517 627/674/548 595/642/516
f 625/675/549 594/643/517 593/676/550
f 624/677/551 593/676/550 592/644/518
f 623/678/552 592/644/518 591/646/520
f 590/647/521 623/678/552 591/646/520
f 621/679/553 590/647/521 589/680/554
f 620/681/555 589/680/554 588/648/522
f 619/682/556 588/648/522 587/649/523
f 618/683/557 587/649/523 586/650/524
f 617/684/558 586/650/524 585/652/526
f 584/653/527 617/684/558 585/652/526
f 615/685/559 584/653/527 583/686/560
f 582/654/528 615/687/559 583/688/560
f 613/689/561 582/654/528 581/657/531
f 580/658/532 613/689/561 581/657/531
f 611/690/562 580/658/532 579/691/563
f 610/692/564 579/691/563 578/659/533
f 609/693/565 578/659/533 577/660/534
f 576/661/535 609/693/565 577/660/534
f 607/694/566 576/661/535 575/662/536
f 574/663/537 607/694/566 575/662/536
f 605/695/567 574/663/537 573/665/539
f 668/696/568 605/695/567 636/664/538
f 635/666/540 668/696/568 636/664/538
f 666/697/569 635/666/540 634/667/541
f 665/698/570 634/667/541 633/669/543
f 664/699/571 633/669/543 632/670/544
f 663/700/572 632/670/544 631/701/573
f 662/702/574 631/701/573 630/671/545
f 629/672/546 662/702/574 630/671/545
f 660/703/575 629/672/546 628/673/547
f 627/674/548 660/703/575 628/673/547
f 658/704/576 627/674/548 626/705/577
f 657/706/578 626/705/577 625/675/549
f 656/707/579 625/675/549 624/677/551
f 655/708/580 624/677/551 623/678/552
f 654/709/581 623/678/552 622/710/582
f 653/711/583 622/710/582 621/679/553
f 652/712/584 621/679/553 620/681/555
f 651/713/585 620/681/555 619/682/556
f 618/683/557 651/713/585 619/682/556
f 649/714/586 618/683/557 617/684/558
f 648/715/587 617/684/558 616/716/588
f 647/717/589 616/716/588 615/685/559
f 646/718/590 615/687/559 614/719/591
f 613/689/561 646/718/590 614/719/591
f 644/720/592 613/689/561 612/721/593
f 611/690/562 644/720/592 612/721/593
f 610/692/564 643/722/594 611/690/562
f 609/693/565 642/723/595 610/692/564
f 640/724/596 609/693/565 608/725/597
f 607/694/566 640/724/596 608/725/597
f 638/726/598 607/694/566 606/727/599
f 605/695/567 638/726/598 606/727/599
f 700/728/600 637/729/601 668/696/568
f 667/730/602 700/728/600 668/696/568
f 698/731/603 667/730/602 666/697/569
f 697/732/604 666/697/569 665/698/570
f 696/733/605 665/698/570 664/699/571
f 695/734/606 664/699/571 663/700/572
f 694/735/607 663/700/572 662/702/574
f 661/736/608 694/735/607 662/702/574
f 692/737/609 661/736/608 660/703/575
f 691/738/610 660/703/575 659/739/611
f 690/740/612 659/739/611 658/704/576
f 657/706/578 690/740/612 658/704/576
f 688/741/613 657/706/578 656/707/579
f 655/708/580 688/741/613 656/707/579
f 686/742/614 655/708/580 654/709/581
f 685/743/615 654/709/581 653/711/583
f 684/744/616 653/711/583 652/712/584
f 683/745/617 652/712/584 651/713/585
f 682/746/618 651/713/585 650/747/619
f 681/748/620 650/747/619 649/714/586
f 648/715/587 681/748/620 649/714/586
f 679/749/621 648/715/587 647/717/589
f 678/750/622 647/751/589 646/718/590
f 645/752/623 678/750/622 646/718/590
f 676/753/624 645/752/623 644/720/592
f 675/754/625 644/720/592 643/722/594
f 674/755/626 643/722/594 642/723/595
f 673/756/627 642/723/595 641/757/628
f 672/758/629 641/757/628 640/724/596
f 639/759/630 672/758/629 640/724/596
f 638/726/598 671/760/631 639/759/630
f 669/761/632 638/726/598 637/729/601
f 732/762/633 669/761/632 700/728/600
f 699/763/634 732/762/633 700/728/600
f 730/764/635 699/763/634 698/731/603
f 729/765/636 698/731/603 697/732/604
f 728/766/637 697/732/604 696/733/605
f 695/734/606 728/766/637 696/733/605
f 694/735/607 727/767/638 695/734/606
f 693/768/639 726/769/640 694/735/607
f 724/770/641 693/768/639 692/737/609
f 691/738/610 724/770/641 692/737/609
f 722/771/642 691/738/610 690/740/612
f 721/772/643 690/740/612 689/773/644
f 688/741/613 721/772/643 689/773/644
f 687/774/645 720/775/646 688/741/613
f 718/776/647 687/774/645 686/742/614
f 717/777/648 686/742/614 685/743/615
f 716/778/649 685/743/615 684/744/616
f 715/779/650 684/744/616 683/745/617
f 714/780/651 683/745/617 682/746/618
f 713/781/652 682/746/618 681/748/620
f 680/782/653 713/781/652 681/748/620
f 679/749/621 712/783/654 680/782/653
f 710/784/655 679/785/621 678/750/622
f 677/786/656 710/784/655 678/750/622
f 708/787/657 677/786/656 676/753/624
f 675/754/625 708/787/657 676/753/624
f 674/755/626 707/788/658 675/754/625
f 705/789/659 674/755/626 673/756/627
f 704/790/660 673/756/627 672/758/629
f 703/791/661 672/758/629 671/760/631
f 702/792/662 671/760/631 670/793/663
f 669/761/632 702/792/662 670/793/663
f 764/794/664 701/795/665 732/762/633
f 763/796/666 732/762/633 731/797/667
f 762/798/668 731/797/667 730/764/635
f 761/799/669 730/764/635 729/765/636
f 760/800/670 729/765/636 728/766/637
f 727/767/638 760/800/670 728/766/637
f 758/801/671 727/767/638 726/769/640
f 757/802/672 726/769/640 725/803/673
f 756/804/674 725/803/673 724/770/641
f 755/805/675 724/770/641 723/806/676
f 722/771/642 755/805/675 723/806/676
f 753/807/677 722/771/642 721/772/643
f 720/775/646 753/807/677 721/772/643
f 751/808/678 720/775/646 719/809/679
f 718/776/647 751/808/678 719/809/679
f 749/810/680 718/776/647 717/777/648
f 716/778/649 749/810/680 717/777/648
f 747/811/681 716/778/649 715/779/650
f 746/812/682 715/779/650 714/780/651
f 745/813/683 714/780/651 713/781/652
f 744/814/684 713/781/652 712/783/654
f 743/815/685 712/783/654 711/816/686
f 742/817/687 711/818/686 710/784/655
f 709/819/688 742/817/687 710/784/655
f 740/820/689 709/819/688 708/787/657
f 739/821/690 708/787/657 707/788/658
f 738/822/691 707/788/658 706/823/692
f 705/789/659 738/822/691 706/823/692
f 704/790/660 737/824/693 705/789/659
f 735/825/694 704/790/660 703/791/661
f 702/792/662 735/825/694 703/791/661
f 701/795/665 734/826/695 702/792/662
f 796/827/696 733/828/697 764/794/664
f 763/796/666 796/827/696 764/794/664
f 762/798/668 795/829/698 763/796/666
f 761/799/669 794/830/699 762/798/668
f 792/831/700 761/799/669 760/800/670
f 791/832/701 760/800/670 759/833/702
f 790/834/703 759/833/702 758/801/671
f 757/802/672 790/834/703 758/801/671
f 788/835/704 757/802/672 756/804/674
f 755/805/675 788/835/704 756/804/674
f 786/836/705 755/805/675 754/837/706
f 785/838/707 754/837/706 753/807/677
f 784/839/708 753/807/677 752/840/709
f 783/841/710 752/840/709 751/808/678
f 782/842/711 751/808/678 750/843/712
f 749/810/680 782/842/711 750/843/712
f 780/844/713 749/810/680 748/845/714
f 779/846/715 748/845/714 747/811/681
f 778/847/716 747/811/681 746/812/682
f 745/813/683 778/847/716 746/812/682
f 744/814/684 777/848/717 745/813/683
f 775/849/718 744/814/684 743/815/685
f 742/817/687 775/850/718 743/851/685
f 741/852/719 774/853/720 742/817/687
f 772/854/721 741/852/719 740/820/689
f 739/821/690 772/854/721 740/820/689
f 770/855/722 739/821/690 738/822/691
f 769/856/723 738/822/691 737/824/693
f 768/857/724 737/824/693 736/858/725
f 767/859/726 736/858/725 735/825/694
f 766/860/727 735/825/694 734/826/695
f 733/828/697 766/860/727 734/826/695
f 796/827/696 797/861/728 765/862/729
f 827/863/730 796/827/696 795/829/698
f 794/830/699 827/863/730 795/829/698
f 825/864/731 794/830/699 793/865/732
f 824/866/733 793/865/732 792/831/700
f 823/867/734 792/831/700 791/832/701
f 790/834/703 823/867/734 791/832/701
f 821/868/735 790/834/703 789/869/736
f 820/870/737 789/869/736 788/835/704
f 819/871/738 788/835/704 787/872/739
f 786/836/705 819/871/738 787/872/739
f 817/873/740 786/836/705 785/838/707
f 816/874/741 785/838/707 784/839/708
f 815/875/742 784/839/708 783/841/710
f 814/876/743 783/841/710 782/842/711
f 813/877/744 782/842/711 781/878/745
f 812/879/746 781/878/745 780/844/713
f 811/880/747 780/844/713 779/846/715
f 810/881/748 779/846/715 778/847/716
f 809/882/749 778/847/716 777/848/717
f 808/883/750 777/848/717 776/884/751
f 807/885/752 776/884/751 775/849/718
f 806/886/753 775/850/718 774/853/720
f 805/887/754 774/853/720 773/888/755
f 804/889/756 773/888/755 772/854/721
f 771/890/757 804/889/756 772/854/721
f 770/855/722 803/891/758 771/890/757
f 769/856/723 802/892/759 770/855/722
f 768/857/724 801/893/760 769/856/723
f 767/859/726 800/894/761 768/857/724
f 766/860/727 799/895/762 767/859/726
f 797/861/728 766/860/727 765/862/729
f 860/896/763 797/861/728 828/897/764
f 859/898/765 828/897/764 827/863/730
f 858/899/766 827/863/730 826/900/767
f 857/901/768 826/900/767 825/864/731
f 824/866/733 857/901/768 825/864/731
f 855/902/769 824/866/733 823/867/734
f 854/903/770 823/867/734 822/904/771
f 853/905/772 822/904/771 821/868/735
f 820/870/737 853/905/772 821/868/735
f 851/906/773 820/870/737 819/871/738
f 850/907/774 819/871/738 818/908/775
f 849/909/776 818/908/775 817/873/740
f 816/874/741 849/909/776 817/873/740
f 815/875/742 848/910/777 816/874/741
f 814/876/743 847/911/778 815/875/742
f 845/912/779 814/876/743 813/877/744
f 812/879/746 845/912/779 813/877/744
f 811/880/747 844/913/780 812/879/746
f 842/914/781 811/880/747 810/881/748
f 841/915/782 810/881/748 809/882/749
f 840/916/783 809/882/749 808/883/750
f 839/917/784 808/883/750 807/885/752
f 838/918/785 807/919/752 806/886/753
f 837/920/786 806/886/753 805/887/754
f 836/921/787 805/887/754 804/889/756
f 835/922/788 804/889/756 803/891/758
f 834/923/789 803/891/758 802/892/759
f 833/924/790 802/892/759 801/893/760
f 800/894/761 833/924/790 801/893/760
f 831/925/791 800/894/761 799/895/762
f 830/926/792 799/895/762 798/927/793
f 797/861/728 830/926/792 798/927/793
f 892/928/794 829/929/795 860/896/763
f 891/930/796 860/896/763 859/898/765
f 890/931/797 859/898/765 858/899/766
f 857/901/768 890/931/797 858/899/766
f 856/932/798 889/933/799 857/901/768
f 855/902/769 888/934/800 856/932/798
f 886/935/801 855/902/769 854/903/770
f 885/936/802 854/903/770 853/905/772
f 852/937/803 885/936/802 853/905/772
f 883/938/804 852/937/803 851/906/773
f 850/907/774 883/938/804 851/906/773
f 849/909/776 882/939/805 850/907/774
f 880/940/806 849/909/776 848/910/777
f 879/941/807 848/910/777 847/911/778
f 878/942/808 847/911/778 846/943/809
f 877/944/810 846/943/809 845/912/779
f 876/945/811 845/912/779 844/913/780
f 875/946/812 844/913/780 843/947/813
f 874/948/814 843/947/813 842/914/781
f 873/949/815 842/914/781 841/915/782
f 872/950/816 841/915/782 840/916/783
f 839/917/784 872/950/816 840/916/783
f 838/918/785 871/951/817 839/952/784
f 869/953/818 838/918/785 837/920/786
f 868/954/819 837/920/786 836/921/787
f 867/955/820 836/921/787 835/922/788
f 866/956/821 835/922/788 834/923/789
f 833/924/790 866/956/821 834/923/789
f 832/957/822 865/958/823 833/924/790
f 863/959/824 832/957/822 831/925/791
f 830/926/792 863/959/824 831/925/791
f 829/929/795 862/960/825 830/926/792
f 924/961/826 861/962/827 892/928/794
f 923/963/828 892/928/794 891/930/796
f 922/964/829 891/930/796 890/931/797
f 889/933/799 922/964/829 890/931/797
f 920/965/830 889/933/799 888/934/800
f 887/966/831 920/965/830 888/934/800
f 886/935/801 919/967/832 887/966/831
f 885/936/802 918/968/833 886/935/801
f 916/969/834 885/936/802 884/970/835
f 915/971/836 884/970/835 883/938/804
f 914/972/837 883/938/804 882/939/805
f 913/973/838 882/939/805 881/974/839
f 880/940/806 913/973/838 881/974/839
f 879/941/807 912/975/840 880/940/806
f 910/976/841 879/941/807 878/942/808
f 877/944/810 910/976/841 878/942/808
f 908/977/842 877/944/810 876/945/811
f 875/946/812 908/977/842 876/945/811
f 874/948/814 907/978/843 875/946/812
f 905/979/844 874/948/814 873/949/815
f 904/980/845 873/949/815 872/950/816
f 903/981/846 872/950/816 871/982/817
f 870/983/847 903/984/846 871/951/817
f 901/985/848 870/983/847 869/953/818
f 900/986/849 869/953/818 868/954/819
f 867/955/820 900/986/849 868/954/819
f 866/956/821 899/987/850 867/955/820
f 897/988/851 866/956/821 865/958/823
f 896/989/852 865/958/823 864/990/853
f 895/991/854 864/990/853 863/959/824
f 894/992/855 863/959/824 862/960/825
f 861/962/827 894/992/855 862/960/825
f 924/961/826 925/993/856 893/994/857
f 955/995/858 924/961/826 923/963/828
f 954/996/859 923/963/828 922/964/829
f 953/997/860 922/964/829 921/998/861
f 952/999/862 921/998/861 920/965/830
f 951/1000/863 920/965/830 919/967/832
f 950/1001/864 919/967/832 918/968/833
f 949/1002/865 918/968/833 917/1003/866
f 948/1004/867 917/1003/866 916/969/834
f 947/1005/868 916/969/834 915/971/836
f 946/1006/869 915/971/836 914/972/837
f 945/1007/870 914/972/837 913/973/838
f 944/1008/871 913/973/838 912/975/840
f 943/1009/872 912/975/840 911/1010/873
f 942/1011/874 911/1010/873 910/976/841
f 941/1012/875 910/976/841 909/1013/876
f 940/1014/877 909/1013/876 908/977/842
f 939/1015/878 908/977/842 907/978/843
f 938/1016/879 907/978/843 906/1017/880
f 905/979/844 938/1016/879 906/1017/880
f 904/980/845 937/1018/881 905/979/844
f 903/981/846 936/1019/882 904/980/845
f 902/1020/883 935/1021/884 903/984/846
f 933/1022/885 902/1020/883 901/985/848
f 932/1023/886 901/985/848 900/986/849
f 899/987/850 932/1023/886 900/986/849
f 930/1024/887 899/987/850 898/1025/888
f 929/1026/889 898/1025/888 897/988/851
f 896/989/852 929/1026/889 897/988/851
f 895/991/854 928/1027/890 896/989/852
f 926/1028/891 895/991/854 894/992/855
f 925/993/856 894/992/855 893/994/857
f 986/1029/892 1047/1030/893 1045/1031/894
f 961/1032/895 993/1033/896 960/1034/897
f 943/1009/872 1026/1035/898 944/1008/871
f 988/1036/899 1047/1030/893 987/1037/900
f 961/1032/895 997/1038/901 995/1039/902
f 944/1008/871 1028/1040/903 945/1007/870
f 988/1036/899 1052/1041/904 1049/1042/905
f 962/1043/906 999/1044/907 997/1038/901
f 945/1007/870 1030/1045/908 946/1006/869
f 964/1046/909 999/1044/907 963/1047/910
f 947/1005/868 1030/1045/908 1032/1048/911
f 965/1049/912 1001/1050/913 964/1046/909
f 947/1005/868 1034/1051/914 948/1004/867
f 966/1052/915 1003/1053/916 965/1049/912
f 948/1004/867 1036/1054/917 949/1002/865
f 967/1055/918 1005/1056/919 966/1052/915
f 950/1001/864 1036/1054/917 1038/1057/920
f 968/1058/921 1007/1059/922 967/1060/918
f 950/1001/864 1040/1061/923 951/1000/863
f 968/1058/921 1011/1062/924 1009/1063/925
f 952/999/862 1040/1061/923 1042/1064/926
f 925/993/856 990/1065/927 926/1028/891
f 969/1066/928 1013/1067/929 1011/1062/924
f 952/999/862 1044/1068/930 953/997/860
f 926/1028/891 992/1069/931 927/1070/932
f 970/1071/933 1015/1072/934 1013/1067/929
f 954/996/859 1044/1068/930 1046/1073/935
f 927/1070/932 994/1074/936 928/1027/890
f 972/1075/937 1015/1072/934 971/1076/938
f 955/995/858 1046/1073/935 1048/1077/939
f 928/1027/890 996/1078/940 929/1026/889
f 972/1075/937 1019/1079/941 1017/1080/942
f 1049/1042/905 1051/1081/943 1050/1082/944
f 1047/1030/893 1050/1082/944 1048/1077/939
f 1046/1073/935 1047/1030/893 1048/1077/939
f 1043/1083/945 1046/1073/935 1044/1068/930
f 1041/1084/946 1044/1068/930 1042/1064/926
f 1039/1085/947 1042/1064/926 1040/1061/923
f 1038/1057/920 1039/1085/947 1040/1061/923
f 1036/1054/917 1037/1086/948 1038/1057/920
f 1033/1087/949 1036/1054/917 1034/1051/914
f 1032/1048/911 1033/1087/949 1034/1051/914
f 1030/1045/908 1031/1088/950 1032/1048/911
f 1027/1089/951 1030/1045/908 1028/1040/903
f 1025/1090/952 1028/1040/903 1026/1035/898
f 1023/1091/953 1026/1035/898 1024/1092/954
f 1021/1093/955 1024/1092/954 1022/1094/956
f 1019/1079/941 1022/1094/956 1020/1095/957
f 1018/1096/958 1019/1079/941 1020/1095/957
f 1015/1072/934 1018/1096/958 1016/1097/959
f 1013/1067/929 1016/1097/959 1014/1098/960
f 1012/1099/961 1013/1067/929 1014/1098/960
f 1009/1063/925 1012/1099/961 1010/1100/962
f 1007/1059/922 1010/1100/962 1008/1101/963
f 1005/1056/919 1008/1102/963 1006/1103/964
f 1003/1053/916 1006/1103/964 1004/1104/965
f 1001/1050/913 1004/1104/965 1002/1105/966
f 999/1044/907 1002/1105/966 1000/1106/967
f 998/1107/968 999/1044/907 1000/1106/967
f 996/1078/940 997/1038/901 998/1107/968
f 993/1033/896 996/1078/940 994/1074/936
f 991/1108/969 994/1074/936 992/1069/931
f 989/1109/970 992/1069/931 990/1065/927
f 1052/1041/904 990/1065/927 1051/1081/943
f 942/1011/874 1024/1092/954 943/1009/872
f 960/1034/897 991/1108/969 959/1110/971
f 986/1029/892 1043/1083/945 985/1111/972
f 942/1011/874 1020/1095/957 1022/1094/956
f 959/1110/971 989/1109/970 958/1112/973
f 985/1111/972 1041/1084/946 984/1113/974
f 940/1014/877 1020/1095/957 941/1012/875
f 958/1112/973 1052/1041/904 957/1114/975
f 984/1113/974 1039/1085/947 983/1115/976
f 940/1014/877 1016/1097/959 1018/1096/958
f 982/1116/977 1039/1085/947 1037/1086/948
f 938/1016/879 1016/1097/959 939/1015/878
f 982/1116/977 1035/1117/978 981/1118/979
f 938/1016/879 1012/1099/961 1014/1098/960
f 981/1118/979 1033/1087/949 980/1119/980
f 936/1019/882 1012/1099/961 937/1018/881
f 980/1119/980 1031/1088/950 979/1120/981
f 935/1121/884 1010/1100/962 936/1019/882
f 978/1122/982 1031/1088/950 1029/1123/983
f 935/1021/884 1006/1103/964 1008/1102/963
f 977/1124/984 1029/1123/983 1027/1089/951
f 934/1125/985 1004/1104/965 1006/1103/964
f 977/1124/984 1025/1090/952 976/1126/986
f 932/1023/886 1004/1104/965 933/1022/885
f 976/1126/986 1023/1091/953 975/1127/987
f 931/1128/988 1002/1105/966 932/1023/886
f 974/1129/989 1023/1091/953 1021/1093/955
f 931/1128/988 998/1107/968 1000/1106/967
f 956/1130/990 1051/1081/943 925/993/856
f 974/1129/989 1019/1079/941 973/1131/991
f 930/1024/887 996/1078/940 998/1107/968
f 956/1130/990 1048/1077/939 1050/1082/944
f 1084/1132/992 957/1114/975 988/1036/899
f 1083/1133/993 988/1036/899 987/1037/900
f 1082/1134/994 987/1037/900 986/1029/892
f 1081/1135/995 986/1029/892 985/1111/972
f 1080/1136/996 985/1111/972 984/1113/974
f 1079/1137/997 984/1113/974 983/1115/976
f 1078/1138/998 983/1115/976 982/1116/977
f 981/1118/979 1078/1138/998 982/1116/977
f 1076/1139/999 981/1118/979 980/1119/980
f 1075/1140/1000 980/1119/980 979/1120/981
f 1074/1141/1001 979/1120/981 978/1122/982
f 977/1124/984 1074/1141/1001 978/1122/982
f 976/1126/986 1073/1142/1002 977/1124/984
f 1071/1143/1003 976/1126/986 975/1127/987
f 1070/1144/1004 975/1127/987 974/1129/989
f 1069/1145/1005 974/1129/989 973/1131/991
f 1068/1146/1006 973/1131/991 972/1075/937
f 1067/1147/1007 972/1075/937 971/1076/938
f 970/1071/933 1067/1147/1007 971/1076/938
f 969/1066/928 1066/1148/1008 970/1071/933
f 968/1058/921 1065/1149/1009 969/1066/928
f 967/1060/918 1064/1150/1010 968/1058/921
f 966/1052/915 1063/1151/1011 967/1055/918
f 1061/1152/1012 966/1052/915 965/1049/912
f 1060/1153/1013 965/1049/912 964/1046/909
f 1059/1154/1014 964/1046/909 963/1047/910
f 1058/1155/1015 963/1047/910 962/1043/906
f 961/1032/895 1058/1155/1015 962/1043/906
f 1056/1156/1016 961/1032/895 960/1034/897
f 1055/1157/1017 960/1034/897 959/1110/971
f 1054/1158/1018 959/1110/971 958/1112/973
f 1053/1159/1019 958/1112/973 957/1114/975
f 1084/1132/992 1085/1160/1020 1053/1159/1019
f 1115/1161/1021 1084/1132/992 1083/1133/993
f 1082/1134/994 1115/1161/1021 1083/1133/993
f 1113/1162/1022 1082/1134/994 1081/1135/995
f 1112/1163/1023 1081/1135/995 1080/1136/996
f 1111/1164/1024 1080/1136/996 1079/1137/997
f 1078/1138/998 1111/1164/1024 1079/1137/997
f 1109/1165/1025 1078/1138/998 1077/1166/1026
f 1076/1139/999 1109/1165/1025 1077/1166/1026
f 1107/1167/1027 1076/1139/999 1075/1140/1000
f 1106/1168/1028 1075/1140/1000 1074/1141/1001
f 1073/1142/1002 1106/1168/1028 1074/1141/1001
f 1104/1169/1029 1073/1142/1002 1072/1170/1030
f 1103/1171/1031 1072/1170/1030 1071/1143/1003
f 1070/1144/1004 1103/1171/1031 1071/1143/1003
f 1101/1172/1032 1070/1144/1004 1069/1145/1005
f 1068/1146/1006 1101/1172/1032 1069/1145/1005
f 1099/1173/1033 1068/1146/1006 1067/1147/1007
f 1098/1174/1034 1067/1147/1007 1066/1148/1008
f 1065/1149/1009 1098/1174/1034 1066/1148/1008
f 1096/1175/1035 1065/1149/1009 1064/1150/1010
f 1063/1176/1011 1096/1175/1035 1064/1150/1010
f 1062/1177/1036 1095/1178/1037 1063/1151/1011
f 1093/1179/1038 1062/1177/1036 1061/1152/1012
f 1060/1153/1013 1093/1179/1038 1061/1152/1012
f 1091/1180/1039 1060/1153/1013 1059/1154/1014
f 1058/1155/1015 1091/1180/1039 1059/1154/1014
f 1089/1181/1040 1058/1155/1015 1057/1182/1041
f 1088/1183/1042 1057/1182/1041 1056/1156/1016
f 1087/1184/1043 1056/1156/1016 1055/1157/1017
f 1054/1158/1018 1087/1184/1043 1055/1157/1017
f 1085/1160/1020 1054/1158/1018 1053/1159/1019
f 1148/1185/1044 1085/1186/1020 1116/1187/1045
f 1147/1188/1046 1116/1187/1045 1115/1189/1021
f 1146/1190/1047 1115/1189/1021 1114/1191/1048
f 1113/1192/1022 1146/1190/1047 1114/1191/1048
f 1112/1193/1023 1145/1194/1049 1113/1192/1022
f 1111/1195/1024 1144/1196/1050 1112/1193/1023
f 1142/1197/1051 1111/1195/1024 1110/1198/1052
f 1141/1199/1053 1110/1198/1052 1109/1200/1025
f 1140/1201/1054 1109/1200/1025 1108/1202/1055
f 1139/1203/1056 1108/1202/1055 1107/1204/1027
f 1138/1205/1057 1107/1204/1027 1106/1206/1028
f 1105/1207/1058 1138/1205/1057 1106/1206/1028
f 1136/1208/1059 1105/1207/1058 1104/1209/1029
f 1103/1210/1031 1136/1208/1059 1104/1209/1029
f 1134/1211/1060 1103/1210/1031 1102/1212/1061
f 1133/1213/1062 1102/1212/1061 1101/1214/1032
f 1132/1215/1063 1101/1214/1032 1100/1216/1064
f 1099/1217/1033 1132/1215/1063 1100/1216/1064
f 1098/1218/1034 1131/1219/1065 1099/1217/1033
f 1129/1220/1066 1098/1218/1034 1097/1221/1067
f 1128/1222/1068 1097/1221/1067 1096/1223/1035
f 1127/1224/1069 1096/1223/1035 1095/1225/1037
f 1126/1226/1070 1095/1225/1037 1094/1227/1071
f 1125/1228/1072 1094/1227/1071 1093/1229/1038
f 1124/1230/1073 1093/1229/1038 1092/1231/1074
f 1123/1232/1075 1092/1231/1074 1091/1233/1039
f 1122/1234/1076 1091/1233/1039 1090/1235/1077
f 1089/1236/1040 1122/1234/1076 1090/1235/1077
f 1120/1237/1078 1089/1236/1040 1088/1238/1042
f 1119/1239/1079 1088/1238/1042 1087/1240/1043
f 1118/1241/1080 1087/1240/1043 1086/1242/1081
f 1117/1243/1082 1086/1242/1081 1085/1186/1020
f 1180/1244/1083 1117/1243/1082 1148/1185/1044
f 1147/1188/1046 1180/1244/1083 1148/1185/1044
f 1178/1245/1084 1147/1188/1046 1146/1190/1047
f 1145/1194/1049 1178/1245/1084 1146/1190/1047
f 1176/1246/1085 1145/1194/1049 1144/1196/1050
f 1175/1247/1086 1144/1196/1050 1143/1248/1087
f 1174/1249/1088 1143/1248/1087 1142/1197/1051
f 1173/1250/1089 1142/1197/1051 1141/1199/1053
f 1172/1251/1090 1141/1199/1053 1140/1201/1054
f 1139/1203/1056 1172/1251/1090 1140/1201/1054
f 1170/1252/1091 1139/1203/1056 1138/1205/1057
f 1137/1253/1092 1170/1252/1091 1138/1205/1057
f 1168/1254/1093 1137/1253/1092 1136/1208/1059
f 1135/1255/1094 1168/1254/1093 1136/1208/1059
f 1166/1256/1095 1135/1255/1094 1134/1211/1060
f 1165/1257/1096 1134/1211/1060 1133/1213/1062
f 1164/1258/1097 1133/1213/1062 1132/1215/1063
f 1163/1259/1098 1132/1215/1063 1131/1219/1065
f 1162/1260/1099 1131/1219/1065 1130/1261/1100
f 1161/1262/1101 1130/1261/1100 1129/1220/1066
f 1128/1222/1068 1161/1262/1101 1129/1220/1066
f 1159/1263/1102 1128/1222/1068 1127/1224/1069
f 1126/1226/1070 1159/1263/1102 1127/1224/1069
f 1157/1264/1103 1126/1226/1070 1125/1228/1072
f 1156/1265/1104 1125/1228/1072 1124/1230/1073
f 1123/1232/1075 1156/1265/1104 1124/1230/1073
f 1154/1266/1105 1123/1232/1075 1122/1234/1076
f 1121/1267/1106 1154/1266/1105 1122/1234/1076
f 1152/1268/1107 1121/1267/1106 1120/1237/1078
f 1119/1239/1079 1152/1268/1107 1120/1237/1078
f 1150/1269/1108 1119/1239/1079 1118/1241/1080
f 1149/1270/1109 1118/1241/1080 1117/1243/1082
f 1212/1271/1110 1149/1270/1109 1180/1244/1083
f 1179/1272/1111 1212/1271/1110 1180/1244/1083
f 1210/1273/1112 1179/1272/1111 1178/1245/1084
f 1177/1274/1113 1210/1273/1112 1178/1245/1084
f 1208/1275/1114 1177/1274/1113 1176/1246/1085
f 1207/1276/1115 1176/1246/1085 1175/1247/1086
f 1206/1277/1116 1175/1247/1086 1174/1249/1088
f 1205/1278/1117 1174/1249/1088 1173/1250/1089
f 1204/1279/1118 1173/1250/1089 1172/1251/1090
f 1171/1280/1119 1204/1279/1118 1172/1251/1090
f 1202/1281/1120 1171/1280/1119 1170/1252/1091
f 1169/1282/1121 1202/1281/1120 1170/1252/1091
f 1200/1283/1122 1169/1282/1121 1168/1254/1093
f 1199/1284/1123 1168/1254/1093 1167/1285/1124
f 1198/1286/1125 1167/1285/1124 1166/1256/1095
f 1165/1257/1096 1198/1286/1125 1166/1256/1095
f 1164/1258/1097 1197/1287/1126 1165/1257/1096
f 1163/1259/1098 1196/1288/1127 1164/1258/1097
f 1162/1260/1099 1195/1289/1128 1163/1259/1098
f 1193/1290/1129 1162/1260/1099 1161/1262/1101
f 1192/1291/1130 1161/1262/1101 1160/1292/1131
f 1191/1293/1132 1160/1292/1131 1159/1263/1102
f 1190/1294/1133 1159/1263/1102 1158/1295/1134
f 1157/1264/1103 1190/1294/1133 1158/1295/1134
f 1188/1296/1135 1157/1264/1103 1156/1265/1104
f 1155/1297/1136 1188/1296/1135 1156/1265/1104
f 1186/1298/1137 1155/1297/1136 1154/1266/1105
f 1153/1299/1138 1186/1298/1137 1154/1266/1105
f 1184/1300/1139 1153/1299/1138 1152/1268/1107
f 1151/1301/1140 1184/1300/1139 1152/1268/1107
f 1182/1302/1141 1151/1301/1140 1150/1269/1108
f 1149/1270/1109 1182/1302/1141 1150/1269/1108
f 1244/383/264 1181/1303/1142 1212/1271/1110
f 1211/1304/1143 1244/383/264 1212/1271/1110
f 1242/377/258 1211/1304/1143 1210/1273/1112
f 1241/375/256 1210/1273/1112 1209/1305/1144
f 1208/1275/1114 1241/375/256 1209/1305/1144
f 1239/372/253 1208/1275/1114 1207/1276/1115
f 1206/1277/1116 1239/372/253 1207/1276/1115
f 1205/1278/1117 1238/370/251 1206/1277/1116
f 1236/366/247 1205/1278/1117 1204/1279/1118
f 1203/1306/1145 1236/366/247 1204/1279/1118
f 1234/362/243 1203/1306/1145 1202/1281/1120
f 1233/360/241 1202/1281/1120 1201/1307/1146
f 1232/359/240 1201/1307/1146 1200/1283/1122
f 1231/357/238 1200/1283/1122 1199/1284/1123
f 1198/1286/1125 1231/357/238 1199/1284/1123
f 1197/1287/1126 1230/355/236 1198/1286/1125
f 1228/352/233 1197/1287/1126 1196/1288/1127
f 1227/350/231 1196/1288/1127 1195/1289/1128
f 1226/348/229 1195/1289/1128 1194/1308/1147
f 1225/347/228 1194/1308/1147 1193/1290/1129
f 1192/1291/1130 1225/347/228 1193/1290/1129
f 1191/1293/1132 1224/345/226 1192/1291/1130
f 1222/341/222 1191/1293/1132 1190/1294/1133
f 1189/1309/1148 1222/341/222 1190/1294/1133
f 1220/338/219 1189/1309/1148 1188/1296/1135
f 1187/1310/1149 1220/338/219 1188/1296/1135
f 1218/334/215 1187/1310/1149 1186/1298/1137
f 1217/333/214 1186/1298/1137 1185/1311/1150
f 1184/1300/1139 1217/333/214 1185/1311/1150
f 1183/1312/1151 1216/331/212 1184/1300/1139
f 1214/326/207 1183/1312/1151 1182/1302/1141
f 1181/1303/1142 1214/326/207 1182/1302/1141
f 1256/1313/1152 1289/1314/1153 1257/1315/1154
f 354/1316/1155 1264/1317/1156 356/358/239
f 372/373/254 1273/1318/1157 374/1319/1158
f 328/335/216 1251/1320/1159 330/1321/1160
f 346/1322/1161 1260/1323/1162 348/351/232
f 366/369/250 1268/1324/1163 1269/1325/1164
f 322/1326/1165 1246/1327/1166 1247/1328/1167
f 340/344/225 1255/380/261 1256/1313/1152
f 356/358/239 1265/1329/1168 358/361/242
f 376/376/257 1273/1318/1157 1274/1330/1169
f 332/337/218 1251/1320/1159 1252/1331/1170
f 350/354/235 1260/1323/1162 1261/1332/1171
f 368/371/252 1269/1325/1164 1270/1333/1172
f 324/330/211 1247/1328/1167 1248/1334/1173
f 340/344/225 1257/1315/1154 342/346/227
f 360/363/244 1265/1329/1168 1266/1335/1174
f 376/376/257 1275/1336/1175 378/378/259
f 332/337/218 1253/1337/1176 334/339/220
f 350/354/235 1262/1338/1177 352/356/237
f 368/371/252 1271/1339/1178 370/1340/1179
f 324/330/211 1249/1341/1180 326/332/213
f 344/349/230 1257/1315/1154 1258/1342/1181
f 362/365/246 1266/1335/1174 1267/1343/1182
f 378/378/259 1276/1344/1183 380/382/263
f 336/342/223 1253/1337/1176 1254/1345/1184
f 352/356/237 1263/1346/1185 354/1316/1155
f 370/1340/1179 1272/1347/1186 372/373/254
f 328/335/216 1249/1341/1180 1250/1348/1187
f 344/349/230 1259/1349/1188 346/1322/1161
f 318/325/206 1246/1327/1166 320/328/209
f 362/365/246 1268/1324/1163 364/367/248
f 318/325/206 1276/1344/1183 1245/1350/1189
f 1292/1351/1190 1323/1352/1191 1324/1353/1192
f 1271/1339/1178 1302/1354/1193 1303/1355/1194
f 1257/1315/1154 1290/1356/1195 1258/1342/1181
f 1272/1347/1186 1303/1355/1194 1304/1357/1196
f 1258/1342/1181 1291/1358/1197 1259/1349/1188
f 1245/1350/1189 1278/1359/1198 1246/1327/1166
f 1272/1347/1186 1305/1360/1199 1273/1318/1157
f 1259/1349/1188 1292/1351/1190 1260/1323/1162
f 1246/1327/1166 1279/1361/1200 1247/1328/1167
f 1273/1318/1157 1306/1362/1201 1274/1330/1169
f 1261/1332/1171 1292/1351/1190 1293/1363/1202
f 1248/1334/1173 1279/1361/1200 1280/1364/1203
f 1274/1330/1169 1307/1365/1204 1275/1336/1175
f 1261/1332/1171 1294/1366/1205 1262/1338/1177
f 1249/1341/1180 1280/1364/1203 1281/1367/1206
f 1275/1336/1175 1308/1368/1207 1276/1344/1183
f 1262/1338/1177 1295/1369/1208 1263/1346/1185
f 1250/1348/1187 1281/1367/1206 1282/1370/1209
f 1245/1350/1189 1308/1368/1207 1277/1371/1210
f 1263/1346/1185 1296/1372/1211 1264/1317/1156
f 1250/1348/1187 1283/1373/1212 1251/1320/1159
f 1265/1329/1168 1296/1372/1211 1297/1374/1213
f 1252/1331/1170 1283/1373/1212 1284/1375/1214
f 1265/1329/1168 1298/1376/1215 1266/1335/1174
f 1253/1337/1176 1284/1375/1214 1285/1377/1216
f 1266/1335/1174 1299/1378/1217 1267/1343/1182
f 1253/1337/1176 1286/1379/1218 1254/1345/1184
f 1267/1343/1182 1300/1380/1219 1268/1324/1163
f 1255/380/261 1286/1379/1218 1287/1381/1220
f 1269/1325/1164 1300/1380/1219 1301/1382/1221
f 1255/380/261 1288/1383/1222 1256/1313/1152
f 1269/1325/1164 1302/1354/1193 1270/1333/1172
f 1326/1384/1223 1359/1385/1224 1327/1386/1225
f 1278/1359/1198 1311/1387/1226 1279/1361/1200
f 1305/1360/1199 1338/1388/1227 1306/1362/1201
f 1292/1351/1190 1325/1389/1228 1293/1363/1202
f 1280/1364/1203 1311/1387/1226 1312/1390/1229
f 1306/1362/1201 1339/1391/1230 1307/1365/1204
f 1293/1363/1202 1326/1384/1223 1294/1366/1205
f 1280/1364/1203 1313/1392/1231 1281/1367/1206
f 1307/1365/1204 1340/1393/1232 1308/1368/1207
f 1294/1366/1205 1327/1386/1225 1295/1369/1208
f 1282/1370/1209 1313/1392/1231 1314/1394/1233
f 1308/1368/1207 1309/1395/1234 1277/1371/1210
f 1295/1369/1208 1328/1396/1235 1296/1372/1211
f 1282/1370/1209 1315/1397/1236 1283/1373/1212
f 1296/1372/1211 1329/1398/1237 1297/1374/1213
f 1284/1375/1214 1315/1397/1236 1316/1399/1238
f 1297/1374/1213 1330/1400/1239 1298/1376/1215
f 1285/1377/1216 1316/1399/1238 1317/1401/1240
f 1298/1376/1215 1331/1402/1241 1299/1378/1217
f 1285/1377/1216 1318/1403/1242 1286/1379/1218
f 1300/1380/1219 1331/1402/1241 1332/1404/1243
f 1286/1379/1218 1319/1405/1244 1287/1381/1220
f 1300/1380/1219 1333/1406/1245 1301/1382/1221
f 1287/1381/1220 1320/1407/1246 1288/1383/1222
f 1301/1382/1221 1334/1408/1247 1302/1354/1193
f 1288/1383/1222 1321/1409/1248 1289/1314/1153
f 1302/1354/1193 1335/1410/1249 1303/1355/1194
f 1290/1356/1195 1321/1409/1248 1322/1411/1250
f 1304/1357/1196 1335/1410/1249 1336/1412/1251
f 1290/1356/1195 1323/1352/1191 1291/1358/1197
f 1277/1371/1210 1310/1413/1252 1278/1359/1198
f 1305/1360/1199 1336/1412/1251 1337/1414/1253
f 1361/1415/1254 1394/1416/1255 1362/1417/1256
f 1314/1394/1233 1345/1418/1257 1346/1419/1258
f 1340/1393/1232 1341/1420/1259 1309/1395/1234
f 1327/1386/1225 1360/1421/1260 1328/1396/1235
f 1314/1394/1233 1347/1422/1261 1315/1397/1236
f 1328/1396/1235 1361/1415/1254 1329/1398/1237
f 1316/1399/1238 1347/1422/1261 1348/1423/1262
f 1330/1400/1239 1361/1415/1254 1362/1417/1256
f 1317/1401/1240 1348/1423/1262 1349/1424/1263
f 1331/1402/1241 1362/1417/1256 1363/1425/1264
f 1317/1401/1240 1350/1426/1265 1318/1403/1242
f 1331/1402/1241 1364/1427/1266 1332/1404/1243
f 1318/1403/1242 1351/1428/1267 1319/1405/1244
f 1332/1404/1243 1365/1429/1268 1333/1406/1245
f 1319/1405/1244 1352/1430/1269 1320/1407/1246
f 1333/1406/1245 1366/1431/1270 1334/1408/1247
f 1320/1407/1246 1353/1432/1271 1321/1409/1248
f 1334/1408/1247 1367/1433/1272 1335/1410/1249
f 1322/1411/1250 1353/1432/1271 1354/1434/1273
f 1336/1412/1251 1367/1433/1272 1368/1435/1274
f 1322/1411/1250 1355/1436/1275 1323/1352/1191
f 1310/1413/1252 1341/1420/1259 1342/1437/1276
f 1336/1412/1251 1369/1438/1277 1337/1414/1253
f 1324/1353/1192 1355/1436/1275 1356/1439/1278
f 1310/1413/1252 1343/1440/1279 1311/1387/1226
f 1337/1414/1253 1370/1441/1280 1338/1388/1227
f 1324/1353/1192 1357/1442/1281 1325/1389/1228
f 1311/1387/1226 1344/1443/1282 1312/1390/1229
f 1338/1388/1227 1371/1444/1283 1339/1391/1230
f 1325/1389/1228 1358/1445/1284 1326/1384/1223
f 1312/1390/1229 1345/1418/1257 1313/1392/1231
f 1340/1393/1232 1371/1444/1283 1372/1446/1285
f 1397/1447/1286 1428/1448/1287 1429/1449/1288
f 1349/1424/1263 1380/1450/1289 1381/1451/1290
f 1363/1425/1264 1394/1416/1255 1395/1452/1291
f 1349/1424/1263 1382/1453/1292 1350/1426/1265
f 1363/1425/1264 1396/1454/1293 1364/1427/1266
f 1350/1426/1265 1383/1455/1294 1351/1428/1267
f 1365/1429/1268 1396/1454/1293 1397/1447/1286
f 1351/1428/1267 1384/1456/1295 1352/1430/1269
f 1365/1429/1268 1398/1457/1296 1366/1431/1270
f 1352/1430/1269 1385/1458/1297 1353/1432/1271
f 1366/1431/1270 1399/1459/1298 1367/1433/1272
f 1354/1434/1273 1385/1458/1297 1386/1460/1299
f 1368/1435/1274 1399/1459/1298 1400/1461/1300
f 1354/1434/1273 1387/1462/1301 1355/1436/1275
f 1341/1420/1259 1374/1463/1302 1342/1437/1276
f 1368/1435/1274 1401/1464/1303 1369/1438/1277
f 1356/1439/1278 1387/1462/1301 1388/1465/1304
f 1342/1437/1276 1375/1466/1305 1343/1440/1279
f 1369/1438/1277 1402/1467/1306 1370/1441/1280
f 1356/1439/1278 1389/1468/1307 1357/1442/1281
f 1343/1440/1279 1376/1469/1308 1344/1443/1282
f 1371/1444/1283 1402/1467/1306 1403/1470/1309
f 1357/1442/1281 1390/1471/1310 1358/1445/1284
f 1344/1443/1282 1377/1472/1311 1345/1418/1257
f 1372/1446/1285 1403/1470/1309 1404/1473/1312
f 1358/1445/1284 1391/1474/1313 1359/1385/1224
f 1346/1419/1258 1377/1472/1311 1378/1475/1314
f 1341/1420/1259 1404/1473/1312 1373/1476/1315
f 1359/1385/1224 1392/1477/1316 1360/1421/1260
f 1346/1419/1258 1379/1478/1317 1347/1422/1261
f 1361/1415/1254 1392/1477/1316 1393/1479/1318
f 1347/1422/1261 1380/1450/1289 1348/1423/1262
f 1431/1480/1319 1464/1481/1320 1432/1482/1321
f 1383/1455/1294 1416/1483/1322 1384/1456/1295
f 1397/1447/1286 1430/1484/1323 1398/1457/1296
f 1384/1456/1295 1417/1485/1324 1385/1458/1297
f 1399/1459/1298 1430/1484/1323 1431/1480/1319
f 1386/1460/1299 1417/1485/1324 1418/1486/1325
f 1399/1459/1298 1432/1482/1321 1400/1461/1300
f 1386/1460/1299 1419/1487/1326 1387/1462/1301
f 1373/1476/1315 1406/1488/1327 1374/1463/1302
f 1400/1461/1300 1433/1489/1328 1401/1464/1303
f 1387/1462/1301 1420/1490/1329 1388/1465/1304
f 1375/1466/1305 1406/1488/1327 1407/1491/1330
f 1402/1467/1306 1433/1489/1328 1434/1492/1331
f 1389/1468/1307 1420/1490/1329 1421/1493/1332
f 1376/1469/1308 1407/1491/1330 1408/1494/1333
f 1402/1467/1306 1435/1495/1334 1403/1470/1309
f 1389/1468/1307 1422/1496/1335 1390/1471/1310
f 1376/1469/1308 1409/1497/1336 1377/1472/1311
f 1403/1470/1309 1436/1498/1337 1404/1473/1312
f 1390/1471/1310 1423/1499/1338 1391/1474/1313
f 1378/1475/1314 1409/1497/1336 1410/1500/1339
f 1373/1476/1315 1436/1498/1337 1405/1501/1340
f 1392/1477/1316 1423/1499/1338 1424/1502/1341
f 1378/1475/1314 1411/1503/1342 1379/1478/1317
f 1392/1477/1316 1425/1504/1343 1393/1479/1318
f 1379/1478/1317 1412/1505/1344 1380/1450/1289
f 1394/1416/1255 1425/1504/1343 1426/1506/1345
f 1381/1451/1290 1412/1505/1344 1413/1507/1346
f 1395/1452/1291 1426/1506/1345 1427/1508/1347
f 1381/1451/1290 1414/1509/1348 1382/1453/1292
f 1395/1452/1291 1428/1448/1287 1396/1454/1293
f 1383/1455/1294 1414/1509/1348 1415/1510/1349
f 1467/1511/1350 1498/1512/1351 1499/1513/1352
f 1419/1487/1326 1450/1514/1353 1451/1515/1354
f 1405/1501/1340 1437/1516/1355 1406/1488/1327
f 1432/1482/1321 1465/1517/1356 1433/1489/1328
f 1420/1490/1329 1451/1515/1354 1452/1518/1357
f 1406/1488/1327 1439/1519/1358 1407/1491/1330
f 1433/1489/1328 1466/1520/1359 1434/1492/1331
f 1420/1490/1329 1453/1521/1360 1421/1493/1332
f 1407/1491/1330 1440/1522/1361 1408/1494/1333
f 1435/1495/1334 1466/1520/1359 1467/1511/1350
f 1421/1493/1332 1454/1523/1362 1422/1496/1335
f 1408/1494/1333 1441/1524/1363 1409/1497/1336
f 1436/1498/1337 1467/1511/1350 1468/1525/1364
f 1422/1496/1335 1455/1526/1365 1423/1499/1338
f 1410/1500/1339 1441/1524/1363 1442/1527/1366
f 1405/1501/1340 1468/1525/1364 1438/1528/1367
f 1424/1502/1341 1455/1526/1365 1456/1529/1368
f 1410/1500/1339 1443/1530/1369 1411/1503/1342
f 1424/1502/1341 1457/1531/1370 1425/1504/1343
f 1411/1503/1342 1444/1532/1371 1412/1505/1344
f 1425/1504/1343 1458/1533/1372 1426/1506/1345
f 1412/1505/1344 1445/1534/1373 1413/1507/1346
f 1426/1506/1345 1459/1535/1374 1427/1508/1347
f 1413/1507/1346 1446/1536/1375 1414/1509/1348
f 1427/1508/1347 1460/1537/1376 1428/1448/1287
f 1414/1509/1348 1447/1538/1377 1415/1510/1349
f 1429/1449/1288 1460/1537/1376 1461/1539/1378
f 1416/1483/1322 1447/1538/1377 1448/1540/1379
f 1429/1449/1288 1462/1541/1380 1430/1484/1323
f 1416/1483/1322 1449/1542/1381 1417/1485/1324
f 1431/1480/1319 1462/1541/1380 1463/1543/1382
f 1418/1486/1325 1449/1542/1381 1450/1514/1353
f 1488/1544/1383 1521/1545/1384 1489/1546/1385
f 1453/1521/1360 1486/1547/1386 1454/1523/1362
f 1440/1522/1361 1473/1548/1387 1441/1524/1363
f 1468/1525/1364 1499/1513/1352 1500/1549/1388
f 1454/1523/1362 1487/1550/1389 1455/1526/1365
f 1441/1524/1363 1474/1551/1390 1442/1527/1366
f 1438/1528/1367 1500/1549/1388 1470/1552/1391
f 1456/1529/1368 1487/1550/1389 1488/1544/1383
f 1442/1527/1366 1475/1553/1392 1443/1530/1369
f 1457/1531/1370 1488/1544/1383 1489/1546/1385
f 1444/1532/1371 1475/1553/1392 1476/1554/1393
f 1457/1531/1370 1490/1555/1394 1458/1533/1372
f 1445/1534/1373 1476/1554/1393 1477/1556/1395
f 1458/1533/1372 1491/1557/1396 1459/1535/1374
f 1445/1534/1373 1478/1558/1397 1446/1536/1375
f 1460/1537/1376 1491/1557/1396 1492/1559/1398
f 1446/1536/1375 1479/1560/1399 1447/1538/1377
f 1461/1539/1378 1492/1559/1398 1493/1561/1400
f 1447/1538/1377 1480/1562/1401 1448/1540/1379
f 1461/1539/1378 1494/1563/1402 1462/1541/1380
f 1448/1540/1379 1481/1564/1403 1449/1542/1381
f 1462/1541/1380 1495/1565/1404 1463/1543/1382
f 1449/1542/1381 1482/1566/1405 1450/1514/1353
f 1463/1543/1382 1496/1567/1406 1464/1481/1320
f 1450/1514/1353 1483/1568/1407 1451/1515/1354
f 1438/1528/1367 1469/1569/1408 1437/1516/1355
f 1464/1481/1320 1497/1570/1409 1465/1517/1356
f 1452/1518/1357 1483/1568/1407 1484/1571/1410
f 1439/1519/1358 1469/1569/1408 1471/1572/1411
f 1465/1517/1356 1498/1512/1351 1466/1520/1359
f 1453/1521/1360 1484/1571/1410 1485/1573/1412
f 1439/1519/1358 1472/1574/1413 1440/1522/1361
f 1524/1575/1414 1555/1576/1415 1556/1577/1416
f 1475/1553/1392 1508/1578/1417 1476/1554/1393
f 1490/1555/1394 1521/1545/1384 1522/1579/1418
f 1476/1554/1393 1509/1580/1419 1477/1556/1395
f 1490/1555/1394 1523/1581/1420 1491/1557/1396
f 1477/1556/1395 1510/1582/1421 1478/1558/1397
f 1491/1557/1396 1524/1575/1414 1492/1559/1398
f 1478/1558/1397 1511/1583/1422 1479/1560/1399
f 1492/1559/1398 1525/1584/1423 1493/1561/1400
f 1480/1562/1401 1511/1583/1422 1512/1585/1424
f 1493/1561/1400 1526/1586/1425 1494/1563/1402
f 1481/1564/1403 1512/1585/1424 1513/1587/1426
f 1494/1563/1402 1527/1588/1427 1495/1565/1404
f 1481/1564/1403 1514/1589/1428 1482/1566/1405
f 1496/1567/1406 1527/1588/1427 1528/1590/1429
f 1483/1568/1407 1514/1589/1428 1515/1591/1430
f 1470/1552/1391 1501/1592/1431 1469/1569/1408
f 1497/1570/1409 1528/1590/1429 1529/1593/1432
f 1483/1568/1407 1516/1594/1433 1484/1571/1410
f 1471/1572/1411 1501/1592/1431 1503/1595/1434
f 1497/1570/1409 1530/1596/1435 1498/1512/1351
f 1484/1571/1410 1517/1597/1436 1485/1573/1412
f 1472/1574/1413 1503/1595/1434 1504/1598/1437
f 1498/1512/1351 1531/1599/1438 1499/1513/1352
f 1486/1547/1386 1517/1597/1436 1518/1600/1439
f 1473/1548/1387 1504/1598/1437 1505/1601/1440
f 1499/1513/1352 1532/1602/1441 1500/1549/1388
f 1486/1547/1386 1519/1603/1442 1487/1550/1389
f 1473/1548/1387 1506/1604/1443 1474/1551/1390
f 1500/1549/1388 1502/1605/1444 1470/1552/1391
f 1487/1550/1389 1520/1606/1445 1488/1544/1383
f 1475/1553/1392 1506/1604/1443 1507/1607/1446
f 1558/1608/1447 1591/1609/1448 1559/1610/1449
f 1510/1582/1421 1543/1611/1450 1511/1583/1422
f 1524/1575/1414 1557/1612/1451 1525/1584/1423
f 1511/1583/1422 1544/1613/1452 1512/1585/1424
f 1526/1586/1425 1557/1612/1451 1558/1614/1447
f 1513/1587/1426 1544/1613/1452 1545/1615/1453
f 1526/1586/1425 1559/1616/1449 1527/1588/1427
f 1513/1587/1426 1546/1617/1454 1514/1589/1428
f 1527/1588/1427 1560/1618/1455 1528/1590/1429
f 1514/1589/1428 1547/1619/1456 1515/1591/1430
f 1502/1605/1444 1533/1620/1457 1501/1592/1431
f 1528/1590/1429 1561/1621/1458 1529/1593/1432
f 1515/1591/1430 1548/1622/1459 1516/1594/1433
f 1503/1595/1434 1533/1620/1457 1535/1623/1460
f 1529/1593/1432 1562/1624/1461 1530/1596/1435
f 1517/1597/1436 1548/1622/1459 1549/1625/1462
f 1503/1595/1434 1536/1626/1463 1504/1598/1437
f 1531/1599/1438 1562/1624/1461 1563/1627/1464
f 1517/1597/1436 1550/1628/1465 1518/1600/1439
f 1505/1601/1440 1536/1626/1463 1537/1629/1466
f 1531/1599/1438 1564/1630/1467 1532/1602/1441
f 1518/1600/1439 1551/1631/1468 1519/1603/1442
f 1505/1601/1440 1538/1632/1469 1506/1604/1443
f 1502/1605/1444 1564/1630/1467 1534/1633/1470
f 1519/1603/1442 1552/1634/1471 1520/1606/1445
f 1506/1604/1443 1539/1635/1472 1507/1607/1446
f 1520/1606/1445 1553/1636/1473 1521/1545/1384
f 1507/1607/1446 1540/1637/1474 1508/1578/1417
f 1521/1545/1384 1554/1638/1475 1522/1579/1418
f 1508/1578/1417 1541/1639/1476 1509/1580/1419
f 1523/1581/1420 1554/1638/1475 1555/1576/1415
f 1509/1580/1419 1542/1640/1477 1510/1582/1421
f 1565/1641/1478 1599/1642/1479 1567/1643/1480
f 1545/1644/1453 1578/1645/1481 1546/1646/1454
f 1560/1647/1455 1591/1609/1448 1592/1648/1482
f 1546/1646/1454 1579/1649/1483 1547/1650/1456
f 1533/1651/1457 1566/1652/1484 1565/1641/1478
f 1561/1653/1458 1592/1648/1482 1593/1654/1485
f 1547/1650/1456 1580/1655/1486 1548/1656/1459
f 1535/1657/1460 1565/1641/1478 1567/1643/1480
f 1561/1653/1458 1594/1658/1487 1562/1659/1461
f 1548/1656/1459 1581/1660/1488 1549/1661/1462
f 1536/1662/1463 1567/1643/1480 1568/1663/1489
f 1563/1664/1464 1594/1658/1487 1595/1665/1490
f 1549/1661/1462 1582/1666/1491 1550/1667/1465
f 1537/1668/1466 1568/1663/1489 1569/1669/1492
f 1563/1664/1464 1596/1670/1493 1564/1671/1467
f 1551/1672/1468 1582/1666/1491 1583/1673/1494
f 1537/1668/1466 1570/1674/1495 1538/1675/1469
f 1564/1671/1467 1566/1652/1484 1534/1676/1470
f 1552/1677/1471 1583/1673/1494 1584/1678/1496
f 1539/1679/1472 1570/1674/1495 1571/1680/1497
f 1553/1681/1473 1584/1678/1496 1585/1682/1498
f 1539/1679/1472 1572/1683/1499 1540/1684/1474
f 1553/1681/1473 1586/1685/1500 1554/1686/1475
f 1540/1684/1474 1573/1687/1501 1541/1688/1476
f 1554/1686/1475 1587/1689/1502 1555/1690/1415
f 1542/1691/1477 1573/1687/1501 1574/1692/1503
f 1556/1693/1416 1587/1689/1502 1588/1694/1504
f 1542/1691/1477 1575/1695/1505 1543/1696/1450
f 1556/1693/1416 1589/1697/1506 1557/1698/1451
f 1544/1699/1452 1575/1695/1505 1576/1700/1507
f 1558/1608/1447 1589/1697/1506 1590/1701/1508
f 1545/1644/1453 1576/1700/1507 1577/1702/1509
f 1601/1703/1510 1634/1704/1511 1602/1705/1512
f 1593/1654/1485 1626/1706/1513 1594/1658/1487
f 1580/1655/1486 1613/1707/1514 1581/1660/1488
f 1567/1643/1480 1600/1708/1515 1568/1663/1489
f 1594/1658/1487 1627/1709/1516 1595/1665/1490
f 1582/1666/1491 1613/1707/1514 1614/1710/1517
f 1569/1669/1492 1600/1708/1515 1601/1703/1510
f 1595/1665/1490 1628/1711/1518 1596/1670/1493
f 1583/1673/1494 1614/1710/1517 1615/1712/1519
f 1569/1669/1492 1602/1705/1512 1570/1674/1495
f 1596/1670/1493 1598/1713/1520 1566/1652/1484
f 1583/1673/1494 1616/1714/1521 1584/1678/1496
f 1571/1680/1497 1602/1705/1512 1603/1715/1522
f 1584/1678/1496 1617/1716/1523 1585/1682/1498
f 1571/1680/1497 1604/1717/1524 1572/1683/1499
f 1585/1682/1498 1618/1718/1525 1586/1685/1500
f 1572/1683/1499 1605/1719/1526 1573/1687/1501
f 1586/1685/1500 1619/1720/1527 1587/1689/1502
f 1574/1692/1503 1605/1719/1526 1606/1721/1528
f 1588/1694/1504 1619/1720/1527 1620/1722/1529
f 1574/1692/1503 1607/1723/1530 1575/1695/1505
f 1588/1694/1504 1621/1724/1531 1589/1697/1506
f 1575/1695/1505 1608/1725/1532 1576/1700/1507
f 1590/1701/1508 1621/1724/1531 1622/1726/1533
f 1577/1702/1509 1608/1725/1532 1609/1727/1534
f 1590/1701/1508 1623/1728/1535 1591/1609/1448
f 1577/1702/1509 1610/1729/1536 1578/1645/1481
f 1591/1609/1448 1624/1730/1537 1592/1648/1482
f 1579/1649/1483 1610/1729/1536 1611/1731/1538
f 1565/1641/1478 1598/1713/1520 1597/1732/1539
f 1593/1654/1485 1624/1730/1537 1625/1733/1540
f 1579/1649/1483 1612/1734/1541 1580/1655/1486
f 1636/1735/1542 1669/1736/1543 1637/1737/1544
f 1628/1711/1518 1630/1738/1545 1598/1713/1520
f 1615/1712/1519 1648/1739/1546 1616/1714/1521
f 1603/1715/1522 1634/1704/1511 1635/1740/1547
f 1616/1714/1521 1649/1741/1548 1617/1716/1523
f 1604/1717/1524 1635/1740/1547 1636/1735/1542
f 1617/1716/1523 1650/1742/1549 1618/1718/1525
f 1604/1717/1524 1637/1737/1544 1605/1719/1526
f 1618/1718/1525 1651/1743/1550 1619/1720/1527
f 1606/1721/1528 1637/1737/1544 1638/1744/1551
f 1620/1722/1529 1651/1743/1550 1652/1745/1552
f 1606/1721/1528 1639/1746/1553 1607/1723/1530
f 1620/1722/1529 1653/1747/1554 1621/1724/1531
f 1607/1723/1530 1640/1748/1555 1608/1725/1532
f 1622/1726/1533 1653/1747/1554 1654/1749/1556
f 1609/1727/1534 1640/1748/1555 1641/1750/1557
f 1622/1726/1533 1655/1751/1558 1623/1728/1535
f 1609/1727/1534 1642/1752/1559 1610/1729/1536
f 1623/1728/1535 1656/1753/1560 1624/1730/1537
f 1610/1729/1536 1643/1754/1561 1611/1731/1538
f 1597/1732/1539 1630/1738/1545 1629/1755/1562
f 1624/1730/1537 1657/1756/1563 1625/1733/1540
f 1612/1734/1541 1643/1754/1561 1644/1757/1564
f 1597/1732/1539 1631/1758/1565 1599/1642/1479
f 1625/1733/1540 1658/1759/1566 1626/1706/1513
f 1612/1734/1541 1645/1760/1567 1613/1707/1514
f 1599/1642/1479 1632/1761/1568 1600/1708/1515
f 1627/1709/1516 1658/1759/1566 1659/1762/1569
f 1613/1707/1514 1646/1763/1570 1614/1710/1517
f 1601/1703/1510 1632/1761/1568 1633/1764/1571
f 1628/1711/1518 1659/1762/1569 1660/1765/1572
f 1614/1710/1517 1647/1766/1573 1615/1712/1519
f 1671/1767/1574 1704/1768/1575 1672/1769/1576
f 1650/1742/1549 1683/1770/1577 1651/1743/1550
f 1638/1744/1551 1669/1736/1543 1670/1771/1578
f 1652/1745/1552 1683/1770/1577 1684/1772/1579
f 1638/1744/1551 1671/1767/1574 1639/1746/1553
f 1652/1745/1552 1685/1773/1580 1653/1747/1554
f 1639/1746/1553 1672/1769/1576 1640/1748/1555
f 1654/1749/1556 1685/1773/1580 1686/1774/1581
f 1641/1750/1557 1672/1769/1576 1673/1775/1582
f 1654/1749/1556 1687/1776/1583 1655/1751/1558
f 1641/1750/1557 1674/1777/1584 1642/1752/1559
f 1656/1753/1560 1687/1776/1583 1688/1778/1585
f 1642/1752/1559 1675/1779/1586 1643/1754/1561
f 1629/1755/1562 1662/1780/1587 1661/1781/1588
f 1657/1756/1563 1688/1778/1585 1689/1782/1589
f 1644/1757/1564 1675/1779/1586 1676/1783/1590
f 1629/1755/1562 1663/1784/1591 1631/1758/1565
f 1657/1756/1563 1690/1785/1592 1658/1759/1566
f 1645/1760/1567 1676/1783/1590 1677/1786/1593
f 1631/1758/1565 1664/1787/1594 1632/1761/1568
f 1659/1762/1569 1690/1785/1592 1691/1788/1595
f 1645/1760/1567 1678/1789/1596 1646/1763/1570
f 1633/1764/1571 1664/1787/1594 1665/1790/1597
f 1660/1765/1572 1691/1788/1595 1692/1791/1598
f 1646/1763/1570 1679/1792/1599 1647/1766/1573
f 1633/1764/1571 1666/1793/1600 1634/1704/1511
f 1660/1765/1572 1662/1780/1587 1630/1738/1545
f 1648/1739/1546 1679/1792/1599 1680/1794/1601
f 1634/1704/1511 1667/1795/1602 1635/1740/1547
f 1648/1739/1546 1681/1796/1603 1649/1741/1548
f 1636/1735/1542 1667/1795/1602 1668/1797/1604
f 1649/1741/1548 1682/1798/1605 1650/1742/1549
f 1723/1799/1606 1725/1800/1607 1724/1801/1608
f 1686/1774/1581 1717/1802/1609 1718/1803/1610
f 1673/1775/1582 1704/1768/1575 1705/1804/1611
f 1686/1774/1581 1719/1805/1612 1687/1776/1583
f 1673/1775/1582 1706/1806/1613 1674/1777/1584
f 1687/1776/1583 1720/1807/1614 1688/1778/1585
f 1675/1779/1586 1706/1806/1613 1707/1808/1615
f 1661/1781/1588 1694/1809/1616 1693/1810/1617
f 1689/1782/1589 1720/1807/1614 1721/1811/1618
f 1676/1783/1590 1707/1808/1615 1708/1812/1619
f 1661/1781/1588 1695/1813/1620 1663/1784/1591
f 1689/1782/1589 1722/1814/1621 1690/1785/1592
f 1677/1786/1593 1708/1812/1619 1709/1815/1622
f 1663/1784/1591 1696/1816/1623 1664/1787/1594
f 1690/1785/1592 1723/1799/1606 1691/1788/1595
f 1677/1786/1593 1710/1817/1624 1678/1789/1596
f 1665/1790/1597 1696/1816/1623 1697/1818/1625
f 1692/1791/1598 1723/1799/1606 1724/1801/1608
f 1679/1792/1599 1710/1817/1624 1711/1819/1626
f 1665/1790/1597 1698/1820/1627 1666/1793/1600
f 1662/1780/1587 1724/1801/1608 1694/1809/1616
f 1679/1792/1599 1712/1821/1628 1680/1794/1601
f 1666/1793/1600 1699/1822/1629 1667/1795/1602
f 1680/1794/1601 1713/1823/1630 1681/1796/1603
f 1668/1797/1604 1699/1822/1629 1700/1824/1631
f 1681/1796/1603 1714/1825/1632 1682/1798/1605
f 1668/1797/1604 1701/1826/1633 1669/1736/1543
f 1682/1798/1605 1715/1827/1634 1683/1770/1577
f 1670/1771/1578 1701/1826/1633 1702/1828/1635
f 1684/1772/1579 1715/1827/1634 1716/1829/1636
f 1670/1771/1578 1703/1830/1637 1671/1767/1574
f 1685/1773/1580 1716/1829/1636 1717/1802/1609
f 1722/1814/1621 1732/1831/1638 1725/1800/1607
f 1721/1811/1618 1739/1832/1639 1732/1831/1638
f 1720/1807/1614 1746/1833/1640 1739/1832/1639
f 1718/1803/1610 1746/1833/1640 1719/1805/1612
f 1717/1802/1609 1753/1834/1641 1718/1803/1610
f 1716/1829/1636 1760/1835/1642 1717/1802/1609
f 1715/1827/1634 1767/1836/1643 1716/1829/1636
f 1724/1801/1608 1726/1837/1644 1694/1809/1616
f 1725/1800/1607 1733/1838/1645 1726/1837/1644
f 1732/1831/1638 1740/1839/1646 1733/1838/1645
f 1739/1832/1639 1747/1840/1647 1740/1839/1646
f 1753/1834/1641 1747/1840/1647 1746/1833/1640
f 1760/1835/1642 1754/1841/1648 1753/1834/1641
f 1767/1836/1643 1761/1842/1649 1760/1835/1642
f 1714/1825/1632 1768/1843/1650 1767/1836/1643
f 1694/1809/1616 1727/1844/1651 1693/1810/1617
f 1726/1837/1644 1734/1845/1652 1727/1844/1651
f 1733/1838/1645 1741/1846/1653 1734/1845/1652
f 1740/1839/1646 1748/1847/1654 1741/1846/1653
f 1754/1841/1648 1748/1847/1654 1747/1840/1647
f 1761/1842/1649 1755/1848/1655 1754/1841/1648
f 1768/1843/1650 1762/1849/1656 1761/1842/1649
f 1713/1823/1630 1769/1850/1657 1768/1843/1650
f 1693/1810/1617 1728/1851/1658 1695/1813/1620
f 1727/1844/1651 1735/1852/1659 1728/1851/1658
f 1734/1845/1652 1742/1853/1660 1735/1852/1659
f 1741/1846/1653 1749/1854/11 1742/1853/1660
f 1755/1848/1655 1749/1854/11 1748/1847/1654
f 1762/1849/1656 1756/1855/1661 1755/1848/1655
f 1769/1850/1657 1763/1856/1662 1762/1849/1656
f 1712/1821/1628 1770/1857/1663 1769/1850/1657
f 1728/1851/1658 1696/1816/1623 1695/1813/1620
f 1735/1852/1659 1729/1858/1664 1728/1851/1658
f 1742/1853/1660 1736/1859/1665 1735/1852/1659
f 1749/1854/11 1743/1860/1666 1742/1853/1660
f 1749/1854/11 1757/1861/1667 1750/1862/1668
f 1756/1855/1661 1764/1863/1669 1757/1861/1667
f 1763/1856/1662 1771/1864/1670 1764/1863/1669
f 1770/1857/1663 1710/1817/1624 1771/1864/1670
f 1729/1858/1664 1697/1818/1625 1696/1816/1623
f 1736/1859/1665 1730/1865/1671 1729/1858/1664
f 1743/1860/1666 1737/1866/1672 1736/1859/1665
f 1750/1862/1668 1744/1867/1673 1743/1860/1666
f 1750/1862/1668 1758/1868/1674 1751/1869/1675
f 1757/1861/1667 1765/1870/1676 1758/1868/1674
f 1764/1863/1669 1772/1871/1677 1765/1870/1676
f 1771/1864/1670 1709/1815/1622 1772/1871/1677
f 1730/1865/1671 1698/1820/1627 1697/1818/1625
f 1737/1866/1672 1731/1872/1678 1730/1865/1671
f 1744/1867/1673 1738/1873/1679 1737/1866/1672
f 1751/1869/1675 1745/1874/1680 1744/1867/1673
f 1751/1869/1675 1759/1875/1681 1752/1876/1682
f 1758/1868/1674 1766/1877/1683 1759/1875/1681
f 1765/1870/1676 1773/1878/1684 1766/1877/1683
f 1772/1871/1677 1708/1812/1619 1773/1878/1684
f 1731/1872/1678 1699/1822/1629 1698/1820/1627
f 1738/1873/1679 1700/1824/1631 1731/1872/1678
f 1745/1874/1680 1701/1826/1633 1738/1873/1679
f 1752/1876/1682 1702/1828/1635 1745/1874/1680
f 1752/1876/1682 1704/1768/1575 1703/1830/1637
f 1759/1875/1681 1705/1804/1611 1704/1768/1575
f 1766/1877/1683 1706/1806/1613 1705/1804/1611
f 1773/1878/1684 1707/1808/1615 1706/1806/1613
f 1805/385/266 319/1879/1685 317/1880/192
f 1774/438/318 321/1881/1686 319/1879/1685
f 1775/436/316 323/1882/1687 321/1881/1686
f 1776/434/314 325/1883/1688 323/1882/1687
f 1777/433/313 327/1884/1689 325/1883/1688
f 1778/431/311 329/1885/1690 327/1884/1689
f 1779/429/309 331/1886/1691 329/1885/1690
f 1780/428/308 333/1887/1692 331/1886/1691
f 1781/426/306 335/1888/1693 333/1887/1692
f 1782/425/305 337/1889/1694 335/1888/1693
f 1783/422/303 339/1890/1695 337/1891/1694
f 1784/420/301 341/1892/1696 339/1890/1695
f 1785/419/300 343/1893/1697 341/1892/1696
f 1786/417/298 345/1894/1698 343/1893/1697
f 1787/415/296 347/1895/1699 345/1894/1698
f 1788/414/295 349/1896/197 347/1895/1699
f 1789/412/293 351/1897/1700 349/1896/197
f 1790/411/292 353/1898/1701 351/1897/1700
f 1791/408/289 355/1899/1702 353/1898/1701
f 1792/406/287 357/1900/1703 355/1899/1702
f 1793/405/286 359/1901/1704 357/1900/1703
f 1794/404/285 361/1902/1705 359/1901/1704
f 1795/402/283 363/1903/1706 361/1902/1705
f 1796/400/281 365/1904/1707 363/1903/1706
f 1797/398/279 367/1905/1708 365/1904/1707
f 1798/396/277 369/1906/1709 367/1905/1708
f 1799/394/275 371/1907/1710 369/1906/1709
f 1800/392/273 373/1908/1711 371/1907/1710
f 1801/391/272 375/1909/1712 373/1908/1711
f 1802/389/270 377/1910/1713 375/1909/1712
f 1803/387/268 379/1911/1714 377/1910/1713
f 1804/386/267 317/1880/192 379/1911/1714
f 1837/441/321 382/437/317 381/439/319
f 1806/494/372 383/435/315 382/437/317
f 1807/491/369 384/1912/1715 383/435/315
f 1808/490/368 385/432/312 384/1912/1715
f 385/432/312 1810/487/365 386/430/310
f 386/430/310 1811/485/363 387/1913/1716
f 1811/485/363 388/427/307 387/1913/1716
f 1812/483/361 389/1914/1717 388/427/307
f 1813/482/360 390/423/304 389/1914/1717
f 1814/478/358 391/1915/302 390/423/304
f 1815/477/357 392/1916/1718 391/421/302
f 1816/475/355 393/418/299 392/1916/1718
f 393/418/299 1818/472/352 394/416/297
f 394/416/297 1819/470/350 395/1917/1719
f 1819/470/350 396/413/294 395/1917/1719
f 1820/469/349 397/1918/1720 396/413/294
f 1821/467/347 398/410/291 397/1918/1720
f 398/410/291 1823/464/344 399/1919/1721
f 1823/464/344 400/409/290 399/1919/1721
f 1824/461/341 401/407/288 400/409/290
f 1825/459/339 402/403/284 401/407/288
f 402/403/284 1827/457/337 403/401/282
f 1827/457/337 404/399/280 403/401/282
f 404/399/280 1829/454/334 405/397/278
f 1829/454/334 406/395/276 405/397/278
f 1830/452/332 407/393/274 406/395/276
f 1831/450/330 408/1920/1722 407/393/274
f 408/1920/1722 1833/447/327 409/390/271
f 1833/447/327 410/388/269 409/390/271
f 1834/444/324 411/1921/1723 410/388/269
f 1835/443/323 412/384/265 411/1921/1723
f 1836/442/322 381/439/319 412/384/265
f 1838/1922/1724 2607/1923/1725 2606/1924/1726
f 1839/1925/1727 2608/1926/1728 2607/1923/1725
f 2608/1926/1728 1841/1927/1729 2609/1928/1730
f 2609/1928/1730 1842/1929/1731 2610/1930/1732
f 1842/1929/1731 2611/1931/1733 2610/1930/1732
f 2611/1931/1733 1844/1932/1734 2612/1933/1735
f 1844/1932/1734 2613/1934/1736 2612/1933/1735
f 2613/1934/1736 1846/1935/1737 2614/1936/1738
f 2614/1936/1738 1847/1937/1739 2615/1938/1740
f 1847/1937/1739 2616/1939/1741 2615/1938/1740
f 2616/1939/1741 1849/1940/1742 2617/1941/1743
f 1849/1940/1742 2618/1942/1744 2617/1941/1743
f 1850/1943/1745 2619/1944/1746 2618/1942/1744
f 2619/1944/1746 1852/1945/1747 2620/1946/1748
f 1852/1945/1747 2621/1947/1749 2620/1946/1748
f 2621/1947/1749 1854/1948/1750 2622/1949/1751
f 1854/1948/1750 2623/1950/1752 2622/1949/1751
f 1855/1951/1753 2624/1952/1754 2623/1950/1752
f 2624/1952/1754 1857/1953/1755 2625/1954/1756
f 2625/1954/1756 1858/1955/1757 2626/1956/1758
f 1858/1955/1757 2627/1957/1759 2626/1956/1758
f 2627/1957/1759 1860/1958/1760 2628/1959/1761
f 1860/1958/1760 2629/1960/1762 2628/1959/1761
f 2629/1960/1762 1862/1961/1763 2630/1962/1764
f 2630/1962/1764 1863/1963/1765 2631/1964/1766
f 1863/1963/1765 2632/1965/1767 2631/1964/1766
f 2632/1965/1767 1865/1966/1768 2633/1967/1769
f 1865/1966/1768 2634/1968/1770 2633/1967/1769
f 1866/1969/1771 2635/1970/1772 2634/1968/1770
f 2635/1970/1772 1868/1971/1773 2636/1972/1774
f 1847/1937/1739 2648/1973/1775 1848/1974/1776
f 1868/1971/1773 2637/1975/1777 2636/1972/1774
f 2637/1975/1777 1838/1922/1724 2606/1924/1726
f 1933/1976/1778 1870/1977/1779 1901/1978/1780
f 1900/1979/1781 1933/1976/1778 1901/1978/1780
f 1931/1980/1782 1900/1979/1781 1899/1981/1783
f 1898/1982/1784 1931/1980/1782 1899/1981/1783
f 1929/1983/1785 1898/1982/1784 1897/1984/1786
f 1896/1985/1787 1929/1983/1785 1897/1984/1786
f 1927/1986/1788 1896/1985/1787 1895/1987/1789
f 1894/1988/1790 1927/1986/1788 1895/1987/1789
f 1925/1989/1791 1894/1988/1790 1893/1990/1792
f 1892/1991/1793 1925/1989/1791 1893/1990/1792
f 1923/1992/1794 1892/1991/1793 1891/1993/1795
f 1890/1994/1796 1923/1992/1794 1891/1993/1795
f 1889/1995/1797 1922/1996/1798 1890/1994/1796
f 1888/1997/1799 1921/1998/1800 1889/1995/1797
f 1919/1999/1801 1888/1997/1799 1887/2000/1802
f 1918/2001/1803 1887/2000/1802 1886/2002/1804
f 1917/2003/1805 1886/2002/1804 1885/2004/1806
f 1884/2005/1807 1917/2003/1805 1885/2004/1806
f 1915/2006/1808 1884/2005/1807 1883/2007/1809
f 1882/2008/1810 1915/2006/1808 1883/2007/1809
f 1913/2009/1811 1882/2008/1810 1881/2010/1812
f 1880/2011/1813 1913/2009/1811 1881/2010/1812
f 1911/2012/1814 1880/2013/1813 1879/2014/1815
f 1878/2015/1816 1911/2012/1814 1879/2014/1815
f 1909/2016/1817 1878/2015/1816 1877/2017/1818
f 1876/2018/1819 1909/2016/1817 1877/2017/1818
f 1907/2019/1820 1876/2018/1819 1875/2020/1821
f 1874/2021/1822 1907/2019/1820 1875/2020/1821
f 1873/2022/1823 1906/2023/1824 1874/2021/1822
f 1872/2024/1825 1905/2025/1826 1873/2022/1823
f 1903/2026/1827 1872/2024/1825 1871/2027/1828
f 1902/2028/1829 1871/2027/1828 1870/1977/1779
f 1965/2029/1830 1902/2028/1829 1933/1976/1778
f 1932/2030/1831 1965/2029/1830 1933/1976/1778
f 1963/2031/1832 1932/2030/1831 1931/1980/1782
f 1930/2032/1833 1963/2031/1832 1931/1980/1782
f 1961/2033/1834 1930/2032/1833 1929/1983/1785
f 1928/2034/1835 1961/2033/1834 1929/1983/1785
f 1959/2035/1836 1928/2034/1835 1927/1986/1788
f 1926/2036/1837 1959/2035/1836 1927/1986/1788
f 1957/2037/1838 1926/2036/1837 1925/1989/1791
f 1924/2038/1839 1957/2037/1838 1925/1989/1791
f 1955/2039/1840 1924/2038/1839 1923/1992/1794
f 1922/1996/1798 1955/2039/1840 1923/1992/1794
f 1953/2040/1841 1922/1996/1798 1921/1998/1800
f 1920/2041/1842 1953/2040/1841 1921/1998/1800
f 1951/2042/1843 1920/2041/1842 1919/1999/1801
f 1918/2001/1803 1951/2042/1843 1919/1999/1801
f 1949/2043/1844 1918/2001/1803 1917/2003/1805
f 1916/2044/1845 1949/2043/1844 1917/2003/1805
f 1947/2045/1846 1916/2044/1845 1915/2006/1808
f 1914/2046/1847 1947/2045/1846 1915/2006/1808
f 1945/2047/1848 1914/2046/1847 1913/2009/1811
f 1912/2048/1849 1945/2047/1848 1913/2009/1811
f 1943/2049/1850 1912/2050/1849 1911/2012/1814
f 1910/2051/1851 1943/2049/1850 1911/2012/1814
f 1941/2052/1852 1910/2051/1851 1909/2016/1817
f 1908/2053/1853 1941/2052/1852 1909/2016/1817
f 1939/2054/1854 1908/2053/1853 1907/2019/1820
f 1906/2023/1824 1939/2054/1854 1907/2019/1820
f 1937/2055/1855 1906/2023/1824 1905/2025/1826
f 1904/2056/1856 1937/2055/1855 1905/2025/1826
f 1935/2057/1857 1904/2056/1856 1903/2026/1827
f 1902/2028/1829 1935/2057/1857 1903/2026/1827
f 1997/2058/1858 1934/2059/1859 1965/2029/1830
f 1964/2060/1860 1997/2058/1858 1965/2029/1830
f 1963/2031/1832 1996/2061/1861 1964/2060/1860
f 1962/2062/1862 1995/2063/1863 1963/2031/1832
f 1993/2064/1864 1962/2062/1862 1961/2033/1834
f 1960/2065/1865 1993/2064/1864 1961/2033/1834
f 1991/2066/1866 1960/2065/1865 1959/2035/1836
f 1958/2067/1867 1991/2066/1866 1959/2035/1836
f 1989/2068/1868 1958/2067/1867 1957/2037/1838
f 1988/2069/1869 1957/2037/1838 1956/2070/1870
f 1987/2071/1871 1956/2070/1870 1955/2039/1840
f 1954/2072/1872 1987/2071/1871 1955/2039/1840
f 1985/2073/1873 1954/2072/1872 1953/2040/1841
f 1952/2074/1874 1985/2073/1873 1953/2040/1841
f 1983/2075/1875 1952/2074/1874 1951/2042/1843
f 1950/2076/1876 1983/2075/1875 1951/2042/1843
f 1981/2077/1877 1950/2076/1876 1949/2043/1844
f 1948/2078/1878 1981/2077/1877 1949/2043/1844
f 1947/2045/1846 1980/2079/1879 1948/2078/1878
f 1946/2080/1880 1979/2081/1881 1947/2045/1846
f 1977/2082/1882 1946/2080/1880 1945/2047/1848
f 1944/2083/1883 1977/2082/1882 1945/2047/1848
f 1975/2084/1884 1944/2085/1883 1943/2049/1850
f 1942/2086/1885 1975/2084/1884 1943/2049/1850
f 1973/2087/1886 1942/2086/1885 1941/2052/1852
f 1972/2088/1887 1941/2052/1852 1940/2089/1888
f 1971/2090/1889 1940/2089/1888 1939/2054/1854
f 1938/2091/1890 1971/2090/1889 1939/2054/1854
f 1969/2092/1891 1938/2091/1890 1937/2055/1855
f 1936/2093/1892 1969/2092/1891 1937/2055/1855
f 1967/2094/1893 1936/2093/1892 1935/2057/1857
f 1934/2059/1859 1967/2094/1893 1935/2057/1857
f 1997/2058/1858 1998/2095/1894 1966/2096/1895
f 1996/2061/1861 2029/2097/1896 1997/2058/1858
f 2027/2098/1897 1996/2061/1861 1995/2063/1863
f 2026/2099/1898 1995/2063/1863 1994/2100/1899
f 2025/2101/1900 1994/2100/1899 1993/2064/1864
f 1992/2102/1901 2025/2101/1900 1993/2064/1864
f 2023/2103/1902 1992/2102/1901 1991/2066/1866
f 1990/2104/1903 2023/2103/1902 1991/2066/1866
f 1989/2068/1868 2022/2105/1904 1990/2104/1903
f 1988/2069/1869 2021/2106/1905 1989/2068/1868
f 2019/2107/1906 1988/2069/1869 1987/2071/1871
f 2018/2108/1907 1987/2071/1871 1986/2109/1908
f 2017/2110/1909 1986/2109/1908 1985/2073/1873
f 1984/2111/1910 2017/2110/1909 1985/2073/1873
f 2015/2112/1911 1984/2111/1910 1983/2075/1875
f 1982/2113/1912 2015/2112/1911 1983/2075/1875
f 1981/2077/1877 2014/2114/1913 1982/2113/1912
f 1980/2079/1879 2013/2115/1914 1981/2077/1877
f 2011/2116/1915 1980/2079/1879 1979/2081/1881
f 2010/2117/1916 1979/2081/1881 1978/2118/1917
f 2009/2119/1918 1978/2118/1917 1977/2082/1882
f 1976/2120/1919 2009/2119/1918 1977/2082/1882
f 2007/2121/1920 1976/2122/1919 1975/2084/1884
f 1974/2123/1921 2007/2121/1920 1975/2084/1884
f 1973/2087/1886 2006/2124/1922 1974/2123/1921
f 1972/2088/1887 2005/2125/1923 1973/2087/1886
f 2003/2126/1924 1972/2088/1887 1971/2090/1889
f 2002/2127/1925 1971/2090/1889 1970/2128/1926
f 2001/2129/1927 1970/2128/1926 1969/2092/1891
f 1968/2130/1928 2001/2129/1927 1969/2092/1891
f 1999/2131/1929 1968/2130/1928 1967/2094/1893
f 1966/2096/1895 1999/2131/1929 1967/2094/1893
f 2029/2097/1896 2030/2132/1930 1998/2095/1894
f 2060/2133/1931 2029/2097/1896 2028/2134/1932
f 2027/2098/1897 2060/2133/1931 2028/2134/1932
f 2058/2135/1933 2027/2098/1897 2026/2099/1898
f 2057/2136/1934 2026/2099/1898 2025/2101/1900
f 2024/2137/1935 2057/2136/1934 2025/2101/1900
f 2055/2138/1936 2024/2137/1935 2023/2103/1902
f 2022/2105/1904 2055/2138/1936 2023/2103/1902
f 2021/2106/1905 2054/2139/1937 2022/2105/1904
f 2052/2140/1938 2021/2106/1905 2020/2141/1939
f 2019/2107/1906 2052/2140/1938 2020/2141/1939
f 2050/2142/1940 2019/2107/1906 2018/2108/1907
f 2049/2143/1941 2018/2108/1907 2017/2110/1909
f 2016/2144/1942 2049/2143/1941 2017/2110/1909
f 2047/2145/1943 2016/2144/1942 2015/2112/1911
f 2014/2114/1913 2047/2145/1943 2015/2112/1911
f 2013/2115/1914 2046/2146/1944 2014/2114/1913
f 2044/2147/1945 2013/2115/1914 2012/2148/1946
f 2011/2116/1915 2044/2147/1945 2012/2148/1946
f 2042/2149/1947 2011/2116/1915 2010/2117/1916
f 2041/2150/1948 2010/2117/1916 2009/2119/1918
f 2008/2151/1949 2041/2150/1948 2009/2119/1918
f 2039/2152/1950 2008/2153/1949 2007/2121/1920
f 2006/2124/1922 2039/2152/1950 2007/2121/1920
f 2005/2125/1923 2038/2154/1951 2006/2124/1922
f 2036/2155/1952 2005/2125/1923 2004/2156/1953
f 2003/2126/1924 2036/2155/1952 2004/2156/1953
f 2034/2157/1954 2003/2126/1924 2002/2127/1925
f 2033/2158/1955 2002/2127/1925 2001/2129/1927
f 2000/2159/1956 2033/2158/1955 2001/2129/1927
f 2031/2160/1957 2000/2159/1956 1999/2131/1929
f 1998/2095/1894 2031/2160/1957 1999/2131/1929
f 2093/2161/1958 2030/2132/1930 2061/2162/1959
f 2060/2133/1931 2093/2161/1958 2061/2162/1959
f 2059/2163/1960 2092/2164/1961 2060/2133/1931
f 2058/2135/1933 2091/2165/1962 2059/2163/1960
f 2089/2166/1963 2058/2135/1933 2057/2136/1934
f 2056/2167/1964 2089/2166/1963 2057/2136/1934
f 2087/2168/1965 2056/2167/1964 2055/2138/1936
f 2054/2139/1937 2087/2168/1965 2055/2138/1936
f 2085/2169/1966 2054/2139/1937 2053/2170/1967
f 2084/2171/1968 2053/2170/1967 2052/2140/1938
f 2083/2172/1969 2052/2140/1938 2051/2173/1970
f 2050/2142/1940 2083/2172/1969 2051/2173/1970
f 2081/2174/1971 2050/2142/1940 2049/2143/1941
f 2048/2175/1972 2081/2174/1971 2049/2143/1941
f 2079/2176/1973 2048/2175/1972 2047/2145/1943
f 2046/2146/1944 2079/2176/1973 2047/2145/1943
f 2077/2177/1974 2046/2146/1944 2045/2178/1975
f 2044/2147/1945 2077/2177/1974 2045/2178/1975
f 2043/2179/1976 2076/2180/1977 2044/2147/1945
f 2042/2149/1947 2075/2181/1978 2043/2179/1976
f 2073/2182/1979 2042/2149/1947 2041/2150/1948
f 2040/2183/1980 2073/2182/1979 2041/2150/1948
f 2071/2184/1981 2040/2185/1980 2039/2152/1950
f 2038/2154/1951 2071/2184/1981 2039/2152/1950
f 2069/2186/1982 2038/2154/1951 2037/2187/1983
f 2068/2188/1984 2037/2187/1983 2036/2155/1952
f 2067/2189/1985 2036/2155/1952 2035/2190/1986
f 2034/2157/1954 2067/2189/1985 2035/2190/1986
f 2065/2191/1987 2034/2157/1954 2033/2158/1955
f 2032/2192/1988 2065/2191/1987 2033/2158/1955
f 2063/2193/1989 2032/2192/1988 2031/2160/1957
f 2030/2132/1930 2063/2193/1989 2031/2160/1957
f 2125/2194/1990 2062/2195/1991 2093/2161/1958
f 2092/2164/1961 2125/2194/1990 2093/2161/1958
f 2123/2196/1992 2092/2164/1961 2091/2165/1962
f 2090/2197/1993 2123/2196/1992 2091/2165/1962
f 2121/2198/1994 2090/2197/1993 2089/2166/1963
f 2088/2199/1995 2121/2198/1994 2089/2166/1963
f 2119/2200/1996 2088/2199/1995 2087/2168/1965
f 2086/2201/1997 2119/2200/1996 2087/2168/1965
f 2117/2202/1998 2086/2201/1997 2085/2169/1966
f 2084/2171/1968 2117/2202/1998 2085/2169/1966
f 2115/2203/1999 2084/2171/1968 2083/2172/1969
f 2082/2204/2000 2115/2203/1999 2083/2172/1969
f 2113/2205/2001 2082/2204/2000 2081/2174/1971
f 2080/2206/2002 2113/2205/2001 2081/2174/1971
f 2111/2207/2003 2080/2206/2002 2079/2176/1973
f 2078/2208/2004 2111/2207/2003 2079/2176/1973
f 2109/2209/2005 2078/2208/2004 2077/2177/1974
f 2076/2180/1977 2109/2209/2005 2077/2177/1974
f 2107/2210/2006 2076/2180/1977 2075/2181/1978
f 2074/2211/2007 2107/2210/2006 2075/2181/1978
f 2105/2212/2008 2074/2211/2007 2073/2182/1979
f 2072/2213/2009 2105/2212/2008 2073/2182/1979
f 2103/2214/2010 2072/2215/2009 2071/2184/1981
f 2070/2216/2011 2103/2214/2010 2071/2184/1981
f 2101/2217/2012 2070/2216/2011 2069/2186/1982
f 2068/2188/1984 2101/2217/2012 2069/2186/1982
f 2099/2218/2013 2068/2188/1984 2067/2189/1985
f 2066/2219/2014 2099/2218/2013 2067/2189/1985
f 2097/2220/2015 2066/2219/2014 2065/2191/1987
f 2064/2221/2016 2097/2220/2015 2065/2191/1987
f 2095/2222/2017 2064/2221/2016 2063/2193/1989
f 2062/2195/1991 2095/2222/2017 2063/2193/1989
f 2157/2223/2018 3198/2224/2019 3197/2225/2020
f 3196/2226/2021 2157/2223/2018 3197/2225/2020
f 2155/2227/2022 3196/2226/2021 3195/2228/2023
f 3194/2229/2024 2155/2227/2022 3195/2228/2023
f 2153/2230/2025 3194/2229/2024 3193/2231/2026
f 3192/2232/2027 2153/2230/2025 3193/2231/2026
f 2151/2233/2028 3192/2232/2027 3191/2234/2029
f 3190/2235/2030 2151/2233/2028 3191/2234/2029
f 2149/2236/2031 3190/2235/2030 3189/2237/2032
f 3188/2238/2033 2149/2236/2031 3189/2237/2032
f 2147/2239/2034 3188/2238/2033 3187/2240/2035
f 3186/2241/2036 2147/2239/2034 3187/2240/2035
f 2145/2242/2037 3186/2241/2036 3185/2243/2038
f 3184/2244/2039 2145/2242/2037 3185/2243/2038
f 2143/2245/2040 3184/2244/2039 3183/2246/2041
f 3182/2247/2042 2143/2245/2040 3183/2246/2041
f 2141/2248/2043 3182/2247/2042 3181/2249/2044
f 3180/2250/2045 2141/2248/2043 3181/2249/2044
f 2139/2251/2046 3180/2250/2045 3179/2252/2047
f 3178/2253/2048 2139/2251/2046 3179/2252/2047
f 2137/2254/2049 3178/2253/2048 3177/2255/2050
f 3176/2256/2051 2137/2254/2049 3177/2255/2050
f 2135/2257/2052 3176/2258/2051 3175/2259/2053
f 3174/2260/2054 2135/2257/2052 3175/2259/2053
f 2133/2261/2055 3174/2260/2054 3173/2262/2056
f 3172/2263/2057 2133/2261/2055 3173/2262/2056
f 2131/2264/2058 3172/2263/2057 3171/2265/2059
f 3170/2266/2060 2131/2264/2058 3171/2265/2059
f 2129/2267/2061 3170/2266/2060 3169/2268/2062
f 3168/2269/2063 2129/2267/2061 3169/2268/2062
f 2127/2270/2064 3168/2269/2063 3167/2271/2065
f 3198/2224/2019 2127/2270/2064 3167/2271/2065
f 2189/2272/2066 2126/2273/2067 2157/2223/2018
f 2156/2274/2068 2189/2272/2066 2157/2223/2018
f 2187/2275/2069 2156/2274/2068 2155/2227/2022
f 2154/2276/2070 2187/2275/2069 2155/2227/2022
f 2185/2277/2071 2154/2276/2070 2153/2230/2025
f 2152/2278/2072 2185/2277/2071 2153/2230/2025
f 2183/2279/2073 2152/2278/2072 2151/2233/2028
f 2150/2280/2074 2183/2279/2073 2151/2233/2028
f 2181/2281/2075 2150/2280/2074 2149/2236/2031
f 2148/2282/2076 2181/2281/2075 2149/2236/2031
f 2179/2283/2077 2148/2282/2076 2147/2239/2034
f 2146/2284/2078 2179/2283/2077 2147/2239/2034
f 2177/2285/2079 2146/2284/2078 2145/2242/2037
f 2144/2286/2080 2177/2285/2079 2145/2242/2037
f 2175/2287/2081 2144/2286/2080 2143/2245/2040
f 2142/2288/2082 2175/2287/2081 2143/2245/2040
f 2173/2289/2083 2142/2288/2082 2141/2248/2043
f 2140/2290/2084 2173/2289/2083 2141/2248/2043
f 2171/2291/2085 2140/2290/2084 2139/2251/2046
f 2138/2292/2086 2171/2291/2085 2139/2251/2046
f 2169/2293/2087 2138/2292/2086 2137/2254/2049
f 2136/2294/2088 2169/2293/2087 2137/2254/2049
f 2167/2295/2089 2136/2296/2088 2135/2257/2052
f 2134/2297/2090 2167/2295/2089 2135/2257/2052
f 2165/2298/2091 2134/2297/2090 2133/2261/2055
f 2132/2299/2092 2165/2298/2091 2133/2261/2055
f 2163/2300/2093 2132/2299/2092 2131/2264/2058
f 2130/2301/2094 2163/2300/2093 2131/2264/2058
f 2161/2302/2095 2130/2301/2094 2129/2267/2061
f 2128/2303/2096 2161/2302/2095 2129/2267/2061
f 2159/2304/2097 2128/2303/2096 2127/2270/2064
f 2126/2273/2067 2159/2304/2097 2127/2270/2064
f 2221/2305/2098 2158/2306/2099 2189/2272/2066
f 2188/2307/2100 2221/2305/2098 2189/2272/2066
f 2187/2275/2069 2220/2308/2101 2188/2307/2100
f 2186/2309/2102 2219/2310/2103 2187/2275/2069
f 2217/2311/2104 2186/2309/2102 2185/2277/2071
f 2184/2312/2105 2217/2311/2104 2185/2277/2071
f 2215/2313/2106 2184/2312/2105 2183/2279/2073
f 2182/2314/2107 2215/2313/2106 2183/2279/2073
f 2213/2315/2108 2182/2314/2107 2181/2281/2075
f 2212/2316/2109 2181/2281/2075 2180/2317/2110
f 2211/2318/2111 2180/2317/2110 2179/2283/2077
f 2178/2319/2112 2211/2318/2111 2179/2283/2077
f 2209/2320/2113 2178/2319/2112 2177/2285/2079
f 2176/2321/1910 2209/2320/2113 2177/2285/2079
f 2207/2322/2114 2176/2321/1910 2175/2287/2081
f 2174/2323/2115 2207/2322/2114 2175/2287/2081
f 2205/2324/2116 2174/2323/2115 2173/2289/2083
f 2172/2325/2117 2205/2324/2116 2173/2289/2083
f 2171/2291/2085 2204/2326/2118 2172/2325/2117
f 2170/2327/2119 2203/2328/2120 2171/2291/2085
f 2201/2329/2121 2170/2327/2119 2169/2293/2087
f 2168/2330/2122 2201/2329/2121 2169/2293/2087
f 2199/2331/2123 2168/2332/2122 2167/2295/2089
f 2166/2333/2124 2199/2331/2123 2167/2295/2089
f 2197/2334/2125 2166/2333/2124 2165/2298/2091
f 2196/2335/2126 2165/2298/2091 2164/2336/2127
f 2195/2337/2128 2164/2336/2127 2163/2300/2093
f 2162/2338/2129 2195/2337/2128 2163/2300/2093
f 2193/2339/2130 2162/2338/2129 2161/2302/2095
f 2160/2340/1928 2193/2339/2130 2161/2302/2095
f 2191/2341/2131 2160/2340/1928 2159/2304/2097
f 2158/2306/2099 2191/2341/2131 2159/2304/2097
f 2253/2342/2132 2190/2343/2133 2221/2305/2098
f 2252/2344/2134 2221/2305/2098 2220/2308/2101
f 2219/2310/2103 2252/2344/2134 2220/2308/2101
f 2218/2345/2135 2251/2346/2136 2219/2310/2103
f 2249/2347/2137 2218/2345/2135 2217/2311/2104
f 2216/2348/2138 2249/2347/2137 2217/2311/2104
f 2247/2349/2139 2216/2348/2138 2215/2313/2106
f 2214/2350/2140 2247/2349/2139 2215/2313/2106
f 2245/2351/2141 2214/2350/2140 2213/2315/2108
f 2244/2352/2142 2213/2315/2108 2212/2316/2109
f 2211/2318/2111 2244/2352/2142 2212/2316/2109
f 2210/2353/2143 2243/2354/2144 2211/2318/2111
f 2241/2355/2145 2210/2353/2143 2209/2320/2113
f 2208/2356/2146 2241/2355/2145 2209/2320/2113
f 2239/2357/2147 2208/2356/2146 2207/2322/2114
f 2206/2358/2148 2239/2357/2147 2207/2322/2114
f 2237/2359/2149 2206/2358/2148 2205/2324/2116
f 2236/2360/2150 2205/2324/2116 2204/2326/2118
f 2203/2328/2120 2236/2360/2150 2204/2326/2118
f 2202/2361/2151 2235/2362/2152 2203/2328/2120
f 2233/2363/2153 2202/2361/2151 2201/2329/2121
f 2200/2364/2154 2233/2363/2153 2201/2329/2121
f 2231/2365/2155 2200/2366/2154 2199/2331/2123
f 2198/2367/2156 2231/2365/2155 2199/2331/2123
f 2229/2368/2157 2198/2367/2156 2197/2334/2125
f 2228/2369/2158 2197/2334/2125 2196/2335/2126
f 2195/2337/2128 2228/2369/2158 2196/2335/2126
f 2194/2370/2159 2227/2371/2160 2195/2337/2128
f 2225/2372/2161 2194/2370/2159 2193/2339/2130
f 2192/2373/2162 2225/2372/2161 2193/2339/2130
f 2223/2374/2163 2192/2373/2162 2191/2341/2131
f 2190/2343/2133 2223/2374/2163 2191/2341/2131
f 2253/2342/2132 2254/2375/2164 2222/2376/2165
f 2252/2344/2134 2285/2377/2166 2253/2342/2132
f 2283/2378/2167 2252/2344/2134 2251/2346/2136
f 2282/2379/2168 2251/2346/2136 2250/2380/2169
f 2249/2347/2137 2282/2379/2168 2250/2380/2169
f 2248/2381/2170 2281/2382/2171 2249/2347/2137
f 2279/2383/2172 2248/2381/2170 2247/2349/2139
f 2278/2384/2173 2247/2349/2139 2246/2385/2174
f 2245/2351/2141 2278/2384/2173 2246/2385/2174
f 2244/2352/2142 2277/2386/2175 2245/2351/2141
f 2275/2387/2176 2244/2352/2142 2243/2354/2144
f 2274/2388/2177 2243/2354/2144 2242/2389/2178
f 2273/2390/2179 2242/2389/2178 2241/2355/2145
f 2240/2391/2180 2273/2390/2179 2241/2355/2145
f 2271/2392/2181 2240/2391/2180 2239/2357/2147
f 2238/2393/2182 2271/2392/2181 2239/2357/2147
f 2237/2359/2149 2270/2394/2183 2238/2393/2182
f 2236/2360/2150 2269/2395/2184 2237/2359/2149
f 2267/2396/2185 2236/2360/2150 2235/2362/2152
f 2266/2397/2186 2235/2362/2152 2234/2398/2187
f 2233/2363/2153 2266/2397/2186 2234/2398/2187
f 2232/2399/2188 2265/2400/2189 2233/2363/2153
f 2263/2401/2190 2232/2402/2188 2231/2365/2155
f 2262/2403/2191 2231/2365/2155 2230/2404/2192
f 2229/2368/2157 2262/2403/2191 2230/2404/2192
f 2228/2369/2158 2261/2405/2193 2229/2368/2157
f 2259/2406/2194 2228/2369/2158 2227/2371/2160
f 2258/2407/2195 2227/2371/2160 2226/2408/2196
f 2257/2409/2197 2226/2408/2196 2225/2372/2161
f 2224/2410/2198 2257/2409/2197 2225/2372/2161
f 2255/2411/2199 2224/2410/2198 2223/2374/2163
f 2222/2376/2165 2255/2411/2199 2223/2374/2163
f 2285/2377/2166 2286/2412/2200 2254/2375/2164
f 2284/2413/2201 2317/2414/2202 2285/2377/2166
f 2315/2415/2203 2284/2413/2201 2283/2378/2167
f 2314/2416/2204 2283/2378/2167 2282/2379/2168
f 2281/2382/2171 2314/2416/2204 2282/2379/2168
f 2280/2417/2205 2313/2418/2206 2281/2382/2171
f 2311/2419/2207 2280/2417/2205 2279/2383/2172
f 2310/2420/2208 2279/2383/2172 2278/2384/2173
f 2277/2386/2175 2310/2420/2208 2278/2384/2173
f 2276/2421/2209 2309/2422/2210 2277/2386/2175
f 2307/2423/2211 2276/2421/2209 2275/2387/2176
f 2306/2424/2212 2275/2387/2176 2274/2388/2177
f 2273/2390/2179 2306/2424/2212 2274/2388/2177
f 2272/2425/2213 2305/2426/2214 2273/2390/2179
f 2303/2427/2215 2272/2425/2213 2271/2392/2181
f 2302/2428/2216 2271/2392/2181 2270/2394/2183
f 2269/2395/2184 2302/2428/2216 2270/2394/2183
f 2268/2429/2217 2301/2430/2218 2269/2395/2184
f 2299/2431/2219 2268/2429/2217 2267/2396/2185
f 2298/2432/2220 2267/2396/2185 2266/2397/2186
f 2265/2400/2189 2298/2432/2220 2266/2397/2186
f 2264/2433/2221 2297/2434/2222 2265/2400/2189
f 2295/2435/2223 2264/2436/2221 2263/2401/2190
f 2294/2437/2224 2263/2401/2190 2262/2403/2191
f 2261/2405/2193 2294/2437/2224 2262/2403/2191
f 2260/2438/2225 2293/2439/2226 2261/2405/2193
f 2291/2440/2227 2260/2438/2225 2259/2406/2194
f 2290/2441/2228 2259/2406/2194 2258/2407/2195
f 2257/2409/2197 2290/2441/2228 2258/2407/2195
f 2256/2442/2229 2289/2443/2230 2257/2409/2197
f 2287/2444/2231 2256/2442/2229 2255/2411/2199
f 2286/2412/2200 2255/2411/2199 2254/2375/2164
f 2317/2414/2202 2318/2445/2232 2286/2412/2200
f 2316/2446/2233 2349/2447/2234 2317/2414/2202
f 2347/2448/2235 2316/2446/2233 2315/2415/2203
f 2346/2449/2236 2315/2415/2203 2314/2416/2204
f 2313/2418/2206 2346/2449/2236 2314/2416/2204
f 2312/2450/2237 2345/2451/2238 2313/2418/2206
f 2343/2452/2239 2312/2450/2237 2311/2419/2207
f 2342/2453/2240 2311/2419/2207 2310/2420/2208
f 2309/2422/2210 2342/2453/2240 2310/2420/2208
f 2308/2454/2241 2341/2455/2242 2309/2422/2210
f 2339/2456/2243 2308/2454/2241 2307/2423/2211
f 2338/2457/2244 2307/2423/2211 2306/2424/2212
f 2305/2426/2214 2338/2457/2244 2306/2424/2212
f 2304/2458/2245 2337/2459/2246 2305/2426/2214
f 2335/2460/2247 2304/2458/2245 2303/2427/2215
f 2334/2461/2248 2303/2427/2215 2302/2428/2216
f 2301/2430/2218 2334/2461/2248 2302/2428/2216
f 2300/2462/2249 2333/2463/2250 2301/2430/2218
f 2331/2464/2251 2300/2462/2249 2299/2431/2219
f 2330/2465/2252 2299/2431/2219 2298/2432/2220
f 2297/2434/2222 2330/2465/2252 2298/2432/2220
f 2296/2466/2253 2329/2467/2254 2297/2434/2222
f 2327/2468/2255 2296/2469/2253 2295/2435/2223
f 2326/2470/2256 2295/2435/2223 2294/2437/2224
f 2293/2439/2226 2326/2470/2256 2294/2437/2224
f 2292/2471/2257 2325/2472/2258 2293/2439/2226
f 2323/2473/2259 2292/2471/2257 2291/2440/2227
f 2322/2474/2260 2291/2440/2227 2290/2441/2228
f 2289/2443/2230 2322/2474/2260 2290/2441/2228
f 2288/2475/2261 2321/2476/2262 2289/2443/2230
f 2319/2477/2263 2288/2475/2261 2287/2444/2231
f 2318/2445/2232 2287/2444/2231 2286/2412/2200
f 2380/2478/2264 2438/2479/2265 2379/2480/2266
f 2354/2481/2267 2386/2482/2268 2353/2483/2269
f 2336/2484/2270 2419/2485/2271 2337/2459/2246
f 2380/2478/2264 2442/2486/2272 2440/2487/2273
f 2355/2488/2274 2388/2489/2275 2354/2481/2267
f 2337/2459/2246 2421/2490/2276 2338/2457/2244
f 2381/2491/2277 2445/2492/2278 2442/2486/2272
f 2356/2493/2279 2390/2494/2280 2355/2488/2274
f 2339/2456/2243 2421/2490/2276 2423/2495/2281
f 2356/2493/2279 2394/2496/2282 2392/2497/2283
f 2340/2498/2284 2423/2495/2281 2425/2499/2285
f 2357/2500/2286 2396/2501/2287 2394/2496/2282
f 2340/2498/2284 2427/2502/2288 2341/2455/2242
f 2359/2503/2289 2396/2501/2287 2358/2504/2290
f 2341/2455/2242 2429/2505/2291 2342/2453/2240
f 2360/2506/2292 2398/2507/2293 2359/2503/2289
f 2343/2452/2239 2429/2505/2291 2431/2508/2294
f 2360/2509/2292 2402/2510/2295 2400/2511/2296
f 2344/2512/2297 2431/2508/2294 2433/2513/2298
f 2361/2514/2299 2404/2515/2300 2402/2510/2295
f 2344/2512/2297 2435/2516/2301 2345/2451/2238
f 2319/2477/2263 2444/2517/2302 2383/2518/2303
f 2363/2519/2304 2404/2515/2300 2362/2520/2305
f 2345/2451/2238 2437/2521/2306 2346/2449/2236
f 2320/2522/2307 2383/2518/2303 2385/2523/2308
f 2364/2524/2309 2406/2525/2310 2363/2519/2304
f 2347/2448/2235 2437/2521/2306 2439/2526/2311
f 2320/2522/2307 2387/2527/2312 2321/2476/2262
f 2364/2524/2309 2410/2528/2313 2408/2529/2314
f 2348/2530/2315 2439/2526/2311 2441/2531/2316
f 2321/2476/2262 2389/2532/2317 2322/2474/2260
f 2365/2533/2318 2412/2534/2319 2410/2528/2313
f 2443/2535/2320 2445/2492/2278 2444/2517/2302
f 2441/2531/2316 2442/2486/2272 2443/2535/2320
f 2438/2479/2265 2441/2531/2316 2439/2526/2311
f 2436/2536/2321 2439/2526/2311 2437/2521/2306
f 2435/2516/2301 2436/2536/2321 2437/2521/2306
f 2433/2513/2298 2434/2537/2322 2435/2516/2301
f 2430/2538/2323 2433/2513/2298 2431/2508/2294
f 2428/2539/2324 2431/2508/2294 2429/2505/2291
f 2427/2502/2288 2428/2539/2324 2429/2505/2291
f 2425/2499/2285 2426/2540/2325 2427/2502/2288
f 2422/2541/2326 2425/2499/2285 2423/2495/2281
f 2420/2542/2327 2423/2495/2281 2421/2490/2276
f 2418/2543/2328 2421/2490/2276 2419/2485/2271
f 2417/2544/2329 2418/2543/2328 2419/2485/2271
f 2414/2545/2330 2417/2544/2329 2415/2546/2331
f 2413/2547/2332 2414/2545/2330 2415/2546/2331
f 2411/2548/2333 2412/2534/2319 2413/2547/2332
f 2409/2549/2334 2410/2528/2313 2411/2548/2333
f 2406/2525/2310 2409/2549/2334 2407/2550/2335
f 2404/2515/2300 2407/2550/2335 2405/2551/2336
f 2403/2552/2337 2404/2515/2300 2405/2551/2336
f 2401/2553/2338 2402/2510/2295 2403/2552/2337
f 2398/2507/2293 2401/2554/2338 2399/2555/2339
f 2396/2501/2287 2399/2555/2339 2397/2556/2340
f 2395/2557/2341 2396/2501/2287 2397/2556/2340
f 2393/2558/2342 2394/2496/2282 2395/2557/2341
f 2390/2494/2280 2393/2558/2342 2391/2559/2343
f 2388/2489/2275 2391/2559/2343 2389/2532/2317
f 2386/2482/2268 2389/2532/2317 2387/2527/2312
f 2385/2523/2308 2386/2482/2268 2387/2527/2312
f 2382/2560/2344 2385/2523/2308 2383/2518/2303
f 2444/2517/2302 2382/2560/2344 2383/2518/2303
f 2336/2484/2270 2415/2546/2331 2417/2544/2329
f 2353/2483/2269 2384/2561/2345 2352/2562/2346
f 2379/2480/2266 2436/2536/2321 2378/2563/2347
f 2335/2460/2247 2413/2547/2332 2415/2546/2331
f 2351/2564/2348 2384/2561/2345 2382/2560/2344
f 2377/2565/2349 2436/2536/2321 2434/2537/2322
f 2333/2463/2250 2413/2547/2332 2334/2461/2248
f 2350/2566/2350 2382/2560/2344 2445/2492/2278
f 2376/2567/2351 2434/2537/2322 2432/2568/2352
f 2332/2569/2353 2411/2548/2333 2333/2463/2250
f 2376/2567/2351 2430/2538/2323 2375/2570/2354
f 2332/2569/2353 2407/2550/2335 2409/2549/2334
f 2375/2570/2354 2428/2539/2324 2374/2571/2355
f 2331/2464/2251 2405/2551/2336 2407/2550/2335
f 2373/2572/2356 2428/2539/2324 2426/2540/2325
f 2329/2467/2254 2405/2551/2336 2330/2465/2252
f 2372/2573/2357 2426/2540/2325 2424/2574/2358
f 2328/2575/2359 2403/2552/2337 2329/2467/2254
f 2372/2573/2357 2422/2541/2326 2371/2576/2360
f 2328/2577/2359 2399/2555/2339 2401/2554/2338
f 2371/2576/2360 2420/2542/2327 2370/2578/2361
f 2327/2468/2255 2397/2556/2340 2399/2555/2339
f 2370/2578/2361 2418/2543/2328 2369/2579/2362
f 2325/2472/2258 2397/2556/2340 2326/2470/2256
f 2369/2579/2362 2416/2580/2363 2368/2581/2364
f 2324/2582/2365 2395/2557/2341 2325/2472/2258
f 2367/2583/2366 2416/2580/2363 2414/2545/2330
f 2324/2582/2365 2391/2559/2343 2393/2558/2342
f 2349/2447/2234 2444/2517/2302 2318/2445/2232
f 2366/2584/2367 2414/2545/2330 2412/2534/2319
f 2323/2473/2259 2389/2532/2317 2391/2559/2343
f 2348/2530/2315 2443/2535/2320 2349/2447/2234
f 2381/2491/2277 2446/2585/2368 2350/2566/2350
f 2380/2478/2264 2477/2586/2369 2381/2491/2277
f 2475/2587/2370 2380/2478/2264 2379/2480/2266
f 2474/2588/2371 2379/2480/2266 2378/2563/2347
f 2377/2565/2349 2474/2588/2371 2378/2563/2347
f 2376/2567/2351 2473/2589/2372 2377/2565/2349
f 2471/2590/2373 2376/2567/2351 2375/2570/2354
f 2470/2591/2374 2375/2570/2354 2374/2571/2355
f 2373/2572/2356 2470/2591/2374 2374/2571/2355
f 2372/2573/2357 2469/2592/2375 2373/2572/2356
f 2467/2593/2376 2372/2573/2357 2371/2576/2360
f 2466/2594/2377 2371/2576/2360 2370/2578/2361
f 2369/2579/2362 2466/2594/2377 2370/2578/2361
f 2368/2581/2364 2465/2595/2378 2369/2579/2362
f 2463/2596/2379 2368/2581/2364 2367/2583/2366
f 2462/2597/2380 2367/2583/2366 2366/2584/2367
f 2365/2533/2318 2462/2597/2380 2366/2584/2367
f 2364/2524/2309 2461/2598/2381 2365/2533/2318
f 2459/2599/2382 2364/2524/2309 2363/2519/2304
f 2458/2600/2383 2363/2519/2304 2362/2520/2305
f 2361/2514/2299 2458/2600/2383 2362/2520/2305
f 2360/2509/2292 2457/2601/2384 2361/2514/2299
f 2455/2602/2385 2360/2506/2292 2359/2503/2289
f 2454/2603/2386 2359/2503/2289 2358/2504/2290
f 2357/2500/2286 2454/2603/2386 2358/2504/2290
f 2356/2493/2279 2453/2604/2387 2357/2500/2286
f 2451/2605/2388 2356/2493/2279 2355/2488/2274
f 2450/2606/2389 2355/2488/2274 2354/2481/2267
f 2353/2483/2269 2450/2606/2389 2354/2481/2267
f 2352/2562/2346 2449/2607/2390 2353/2483/2269
f 2447/2608/2391 2352/2562/2346 2351/2564/2348
f 2446/2585/2368 2351/2564/2348 2350/2566/2350
f 2477/2586/2369 2478/2609/2392 2446/2585/2368
f 2476/2610/2393 2509/2611/2394 2477/2586/2369
f 2507/2612/2395 2476/2610/2393 2475/2587/2370
f 2506/2613/2396 2475/2587/2370 2474/2588/2371
f 2473/2589/2372 2506/2613/2396 2474/2588/2371
f 2472/2614/2397 2505/2615/2398 2473/2589/2372
f 2503/2616/2399 2472/2614/2397 2471/2590/2373
f 2502/2617/2400 2471/2590/2373 2470/2591/2374
f 2469/2592/2375 2502/2617/2400 2470/2591/2374
f 2468/2618/2401 2501/2619/2402 2469/2592/2375
f 2499/2620/2403 2468/2618/2401 2467/2593/2376
f 2498/2621/2404 2467/2593/2376 2466/2594/2377
f 2465/2595/2378 2498/2621/2404 2466/2594/2377
f 2464/2622/2405 2497/2623/2406 2465/2595/2378
f 2495/2624/2407 2464/2622/2405 2463/2596/2379
f 2494/2625/2408 2463/2596/2379 2462/2597/2380
f 2461/2598/2381 2494/2625/2408 2462/2597/2380
f 2460/2626/2409 2493/2627/2410 2461/2598/2381
f 2491/2628/2411 2460/2626/2409 2459/2599/2382
f 2490/2629/2412 2459/2599/2382 2458/2600/2383
f 2457/2601/2384 2490/2629/2412 2458/2600/2383
f 2456/2630/2413 2489/2631/2414 2457/2601/2384
f 2487/2632/2415 2456/2633/2413 2455/2602/2385
f 2486/2634/2416 2455/2602/2385 2454/2603/2386
f 2453/2604/2387 2486/2634/2416 2454/2603/2386
f 2452/2635/2417 2485/2636/2418 2453/2604/2387
f 2483/2637/2419 2452/2635/2417 2451/2605/2388
f 2482/2638/2420 2451/2605/2388 2450/2606/2389
f 2449/2607/2390 2482/2638/2420 2450/2606/2389
f 2448/2639/2421 2481/2640/2422 2449/2607/2390
f 2479/2641/2423 2448/2639/2421 2447/2608/2391
f 2478/2609/2392 2447/2608/2391 2446/2585/2368
f 2541/2642/2424 2478/2643/2392 2509/2644/2394
f 2508/2645/2425 2541/2642/2424 2509/2644/2394
f 2507/2646/2395 2540/2647/2426 2508/2645/2425
f 2506/2648/2396 2539/2649/2427 2507/2646/2395
f 2537/2650/2428 2506/2648/2396 2505/2651/2398
f 2504/2652/2429 2537/2650/2428 2505/2651/2398
f 2535/2653/2430 2504/2652/2429 2503/2654/2399
f 2502/2655/2400 2535/2653/2430 2503/2654/2399
f 2533/2656/2431 2502/2655/2400 2501/2657/2402
f 2532/2658/2432 2501/2657/2402 2500/2659/2433
f 2531/2660/2434 2500/2659/2433 2499/2661/2403
f 2498/2662/2404 2531/2660/2434 2499/2661/2403
f 2529/2663/2435 2498/2662/2404 2497/2664/2406
f 2496/2665/2436 2529/2663/2435 2497/2664/2406
f 2527/2666/2437 2496/2665/2436 2495/2667/2407
f 2494/2668/2408 2527/2666/2437 2495/2667/2407
f 2525/2669/2438 2494/2668/2408 2493/2670/2410
f 2492/2671/2439 2525/2669/2438 2493/2670/2410
f 2491/2672/2411 2524/2673/2440 2492/2671/2439
f 2490/2674/2412 2523/2675/2441 2491/2672/2411
f 2521/2676/2442 2490/2674/2412 2489/2677/2414
f 2488/2678/2009 2521/2676/2442 2489/2677/2414
f 2519/2679/2443 2488/2678/2009 2487/2680/2415
f 2486/2681/2416 2519/2679/2443 2487/2680/2415
f 2517/2682/2444 2486/2681/2416 2485/2683/2418
f 2516/2684/2445 2485/2683/2418 2484/2685/2446
f 2515/2686/2447 2484/2685/2446 2483/2687/2419
f 2482/2688/2420 2515/2686/2447 2483/2687/2419
f 2513/2689/2448 2482/2688/2420 2481/2690/2422
f 2480/2691/2449 2513/2689/2448 2481/2690/2422
f 2511/2692/2450 2480/2691/2449 2479/2693/2423
f 2478/2643/2392 2511/2692/2450 2479/2693/2423
f 2573/2694/2451 2510/2695/2452 2541/2642/2424
f 2572/2696/2453 2541/2642/2424 2540/2647/2426
f 2539/2649/2427 2572/2696/2453 2540/2647/2426
f 2538/2697/2454 2571/2698/2455 2539/2649/2427
f 2569/2699/2456 2538/2697/2454 2537/2650/2428
f 2536/2700/2457 2569/2699/2456 2537/2650/2428
f 2567/2701/2458 2536/2700/2457 2535/2653/2430
f 2534/2702/2459 2567/2701/2458 2535/2653/2430
f 2565/2703/2460 2534/2702/2459 2533/2656/2431
f 2564/2704/2461 2533/2656/2431 2532/2658/2432
f 2531/2660/2434 2564/2704/2461 2532/2658/2432
f 2530/2705/2462 2563/2706/2463 2531/2660/2434
f 2561/2707/2464 2530/2705/2462 2529/2663/2435
f 2528/2708/2465 2561/2707/2464 2529/2663/2435
f 2559/2709/2466 2528/2708/2465 2527/2666/2437
f 2526/2710/2467 2559/2709/2466 2527/2666/2437
f 2557/2711/2468 2526/2710/2467 2525/2669/2438
f 2556/2712/2469 2525/2669/2438 2524/2673/2440
f 2523/2675/2441 2556/2712/2469 2524/2673/2440
f 2522/2713/2470 2555/2714/2471 2523/2675/2441
f 2553/2715/2472 2522/2713/2470 2521/2676/2442
f 2520/2716/2473 2553/2715/2472 2521/2676/2442
f 2551/2717/2474 2520/2716/2473 2519/2679/2443
f 2518/2718/2475 2551/2717/2474 2519/2679/2443
f 2549/2719/2476 2518/2718/2475 2517/2682/2444
f 2548/2720/2477 2517/2682/2444 2516/2684/2445
f 2515/2686/2447 2548/2720/2477 2516/2684/2445
f 2514/2721/2478 2547/2722/2479 2515/2686/2447
f 2545/2723/2480 2514/2721/2478 2513/2689/2448
f 2512/2724/2481 2545/2723/2480 2513/2689/2448
f 2543/2725/2482 2512/2724/2481 2511/2692/2450
f 2510/2695/2452 2543/2725/2482 2511/2692/2450
f 2605/2726/2483 2542/2727/2484 2573/2694/2451
f 2604/2728/2485 2573/2694/2451 2572/2696/2453
f 2571/2698/2455 2604/2728/2485 2572/2696/2453
f 2570/2729/2486 2603/2730/2487 2571/2698/2455
f 2601/2731/2488 2570/2729/2486 2569/2699/2456
f 2568/2732/2489 2601/2731/2488 2569/2699/2456
f 2599/2733/2490 2568/2732/2489 2567/2701/2458
f 2566/2734/2491 2599/2733/2490 2567/2701/2458
f 2597/2735/2492 2566/2734/2491 2565/2703/2460
f 2596/2736/2493 2565/2703/2460 2564/2704/2461
f 2563/2706/2463 2596/2736/2493 2564/2704/2461
f 2562/2737/2494 2595/2738/2495 2563/2706/2463
f 2593/2739/2496 2562/2737/2494 2561/2707/2464
f 2560/2740/2497 2593/2739/2496 2561/2707/2464
f 2591/2741/2498 2560/2740/2497 2559/2709/2466
f 2558/2742/2499 2591/2741/2498 2559/2709/2466
f 2589/2743/2500 2558/2742/2499 2557/2711/2468
f 2588/2744/2501 2557/2711/2468 2556/2712/2469
f 2555/2714/2471 2588/2744/2501 2556/2712/2469
f 2554/2745/2502 2587/2746/2503 2555/2714/2471
f 2585/2747/2504 2554/2745/2502 2553/2715/2472
f 2552/2748/2505 2585/2747/2504 2553/2715/2472
f 2583/2749/2506 2552/2748/2505 2551/2717/2474
f 2550/2750/2507 2583/2749/2506 2551/2717/2474
f 2581/2751/2508 2550/2750/2507 2549/2719/2476
f 2580/2752/2509 2549/2719/2476 2548/2720/2477
f 2547/2722/2479 2580/2752/2509 2548/2720/2477
f 2546/2753/2510 2579/2754/2511 2547/2722/2479
f 2577/2755/2512 2546/2753/2510 2545/2723/2480
f 2544/2756/2513 2577/2755/2512 2545/2723/2480
f 2575/2757/2514 2544/2756/2513 2543/2725/2482
f 2542/2727/2484 2575/2757/2514 2543/2725/2482
f 2637/1975/1777 2574/2758/2515 2605/2726/2483
f 2604/2728/2485 2637/1975/1777 2605/2726/2483
f 2635/1970/1772 2604/2728/2485 2603/2730/2487
f 2634/1968/1770 2603/2730/2487 2602/2759/2516
f 2633/1967/1769 2602/2759/2516 2601/2731/2488
f 2600/2760/2517 2633/1967/1769 2601/2731/2488
f 2631/1964/1766 2600/2760/2517 2599/2733/2490
f 2598/2761/2518 2631/1964/1766 2599/2733/2490
f 2597/2735/2492 2630/1962/1764 2598/2761/2518
f 2596/2736/2493 2629/1960/1762 2597/2735/2492
f 2627/1957/1759 2596/2736/2493 2595/2738/2495
f 2594/2762/2519 2627/1957/1759 2595/2738/2495
f 2625/1954/1756 2594/2762/2519 2593/2739/2496
f 2592/2763/2520 2625/1954/1756 2593/2739/2496
f 2623/1950/1752 2592/2763/2520 2591/2741/2498
f 2590/2764/2521 2623/1950/1752 2591/2741/2498
f 2621/1947/1749 2590/2764/2521 2589/2743/2500
f 2588/2744/2501 2621/1947/1749 2589/2743/2500
f 2619/1944/1746 2588/2744/2501 2587/2746/2503
f 2618/1942/1744 2587/2746/2503 2586/2765/2522
f 2617/1941/1743 2586/2765/2522 2585/2747/2504
f 2584/2766/2523 2617/1941/1743 2585/2747/2504
f 2615/1938/1740 2584/2766/2523 2583/2749/2506
f 2582/2767/2524 2615/1938/1740 2583/2749/2506
f 2581/2751/2508 2614/1936/1738 2582/2767/2524
f 2580/2752/2509 2613/1934/1736 2581/2751/2508
f 2611/1931/1733 2580/2752/2509 2579/2754/2511
f 2578/2768/2525 2611/1931/1733 2579/2754/2511
f 2609/1928/1730 2578/2768/2525 2577/2755/2512
f 2576/2769/2526 2609/1928/1730 2577/2755/2512
f 2607/1923/1725 2576/2769/2526 2575/2757/2514
f 2574/2758/2515 2607/1923/1725 2575/2757/2514
f 2650/2770/2527 2681/2771/2528 2682/2772/2529
f 1856/2773/2530 2657/2774/2531 1857/1953/1755
f 1866/1969/1771 2665/2775/2532 2666/2776/2533
f 1844/1932/1734 2643/2777/2534 2644/2778/2535
f 1852/1945/1747 2653/2779/2536 1853/2780/2537
f 1862/1961/1763 2661/2781/2538 2662/2782/2539
f 1839/1925/1727 2640/2783/2540 1840/2784/2541
f 1848/1974/1776 2649/2785/2542 1849/1940/1742
f 1857/1953/1755 2658/2786/2543 1858/1955/1757
f 1866/1969/1771 2667/2787/2544 1867/2788/2545
f 1844/1932/1734 2645/2789/2546 1845/2790/2547
f 1854/1948/1750 2653/2779/2536 2654/2791/2548
f 1862/1961/1763 2663/2792/2549 1863/1963/1765
f 1840/2784/2541 2641/2793/2550 1841/1927/1729
f 1849/1940/1742 2650/2770/2527 1850/1943/1745
f 1858/1955/1757 2659/2794/2551 1859/2795/2552
f 1868/1971/1773 2667/2787/2544 2668/2796/2553
f 1846/1935/1737 2645/2789/2546 2646/2797/2554
f 1854/1948/1750 2655/2798/2555 1855/1951/1753
f 1863/1963/1765 2664/2799/2556 1864/2800/2557
f 1842/1929/1731 2641/2793/2550 2642/2801/2558
f 1851/2802/2559 2650/2770/2527 2651/2803/2560
f 1859/2795/2552 2660/2804/2561 1860/1958/1760
f 1868/1971/1773 2669/2805/2562 1869/2806/2563
f 1846/1935/1737 2647/2807/2564 1847/1937/1739
f 1855/1951/1753 2656/2808/2565 1856/2773/2530
f 1864/2800/2557 2665/2775/2532 1865/1966/1768
f 1843/2809/2566 2642/2801/2558 2643/2777/2534
f 1851/2802/2559 2652/2810/2567 1852/1945/1747
f 1838/1922/1724 2639/2811/2568 1839/1925/1727
f 1861/2812/2569 2660/2804/2561 2661/2781/2538
f 1869/2806/2563 2638/2813/2570 1838/1922/1724
f 2684/2814/2571 2717/2815/2572 2685/2816/2573
f 2664/2799/2556 2695/2817/2574 2696/2818/2575
f 2650/2770/2527 2683/2819/2576 2651/2803/2560
f 2664/2799/2556 2697/2820/2577 2665/2775/2532
f 2652/2810/2567 2683/2819/2576 2684/2814/2571
f 2638/2813/2570 2671/2821/2578 2639/2811/2568
f 2666/2776/2533 2697/2820/2577 2698/2822/2579
f 2652/2810/2567 2685/2816/2573 2653/2779/2536
f 2640/2783/2540 2671/2821/2578 2672/2823/2580
f 2667/2787/2544 2698/2822/2579 2699/2824/2581
f 2654/2791/2548 2685/2816/2573 2686/2825/2582
f 2640/2783/2540 2673/2826/2583 2641/2793/2550
f 2668/2796/2553 2699/2824/2581 2700/2827/2584
f 2654/2791/2548 2687/2828/2585 2655/2798/2555
f 2641/2793/2550 2674/2829/2586 2642/2801/2558
f 2668/2796/2553 2701/2830/2587 2669/2805/2562
f 2655/2798/2555 2688/2831/2588 2656/2808/2565
f 2643/2777/2534 2674/2829/2586 2675/2832/2589
f 2638/2813/2570 2701/2830/2587 2670/2833/2590
f 2656/2808/2565 2689/2834/2591 2657/2774/2531
f 2644/2778/2535 2675/2832/2589 2676/2835/2592
f 2657/2774/2531 2690/2836/2593 2658/2786/2543
f 2644/2778/2535 2677/2837/2594 2645/2789/2546
f 2659/2794/2551 2690/2836/2593 2691/2838/2595
f 2645/2789/2546 2678/2839/2596 2646/2797/2554
f 2659/2794/2551 2692/2840/2597 2660/2804/2561
f 2646/2797/2554 2679/2841/2598 2647/2807/2564
f 2661/2781/2538 2692/2840/2597 2693/2842/2599
f 2648/1973/1775 2679/2841/2598 2680/2843/2600
f 2662/2782/2539 2693/2842/2599 2694/2844/2601
f 2648/1973/1775 2681/2771/2528 2649/2785/2542
f 2662/2782/2539 2695/2817/2574 2663/2792/2549
f 2719/2845/2602 2752/2846/2603 2720/2847/2604
f 2672/2823/2580 2703/2848/2605 2704/2849/2606
f 2699/2824/2581 2730/2850/2607 2731/2851/2608
f 2685/2816/2573 2718/2852/2609 2686/2825/2582
f 2673/2826/2583 2704/2849/2606 2705/2853/2610
f 2699/2824/2581 2732/2854/2611 2700/2827/2584
f 2686/2825/2582 2719/2845/2602 2687/2828/2585
f 2674/2829/2586 2705/2853/2610 2706/2855/2612
f 2700/2827/2584 2733/2856/2613 2701/2830/2587
f 2688/2831/2588 2719/2845/2602 2720/2847/2604
f 2675/2832/2589 2706/2855/2612 2707/2857/2614
f 2670/2833/2590 2733/2856/2613 2702/2858/2615
f 2689/2834/2591 2720/2847/2604 2721/2859/2616
f 2676/2835/2592 2707/2857/2614 2708/2860/2617
f 2690/2836/2593 2721/2859/2616 2722/2861/2618
f 2677/2837/2594 2708/2860/2617 2709/2862/2619
f 2691/2838/2595 2722/2861/2618 2723/2863/2620
f 2678/2839/2596 2709/2862/2619 2710/2864/2621
f 2691/2838/2595 2724/2865/2622 2692/2840/2597
f 2678/2839/2596 2711/2866/2623 2679/2841/2598
f 2693/2842/2599 2724/2865/2622 2725/2867/2624
f 2680/2843/2600 2711/2866/2623 2712/2868/2625
f 2693/2842/2599 2726/2869/2626 2694/2844/2601
f 2681/2771/2528 2712/2868/2625 2713/2870/2627
f 2695/2817/2574 2726/2869/2626 2727/2871/2628
f 2681/2771/2528 2714/2872/2629 2682/2772/2529
f 2695/2817/2574 2728/2873/2630 2696/2818/2575
f 2682/2772/2529 2715/2874/2631 2683/2819/2576
f 2697/2820/2577 2728/2873/2630 2729/2875/2632
f 2683/2819/2576 2716/2876/2633 2684/2814/2571
f 2671/2821/2578 2702/2858/2615 2703/2848/2605
f 2697/2820/2577 2730/2850/2607 2698/2822/2579
f 2754/2877/2634 2787/2878/2635 2755/2879/2636
f 2706/2855/2612 2739/2880/2637 2707/2857/2614
f 2702/2858/2615 2765/2881/2638 2734/2882/2639
f 2720/2847/2604 2753/2883/2640 2721/2859/2616
f 2707/2857/2614 2740/2884/2641 2708/2860/2617
f 2721/2859/2616 2754/2877/2634 2722/2861/2618
f 2708/2860/2617 2741/2885/2642 2709/2862/2619
f 2722/2861/2618 2755/2879/2636 2723/2863/2620
f 2709/2862/2619 2742/2886/2643 2710/2864/2621
f 2723/2863/2620 2756/2887/2644 2724/2865/2622
f 2710/2864/2621 2743/2888/2645 2711/2866/2623
f 2725/2867/2624 2756/2887/2644 2757/2889/2646
f 2712/2868/2625 2743/2888/2645 2744/2890/2647
f 2725/2867/2624 2758/2891/2648 2726/2869/2626
f 2712/2868/2625 2745/2892/2649 2713/2870/2627
f 2726/2869/2626 2759/2893/2650 2727/2871/2628
f 2713/2870/2627 2746/2894/2651 2714/2872/2629
f 2728/2873/2630 2759/2893/2650 2760/2895/2652
f 2715/2874/2631 2746/2894/2651 2747/2896/2653
f 2728/2873/2630 2761/2897/2654 2729/2875/2632
f 2716/2876/2633 2747/2896/2653 2748/2898/2655
f 2702/2858/2615 2735/2899/2656 2703/2848/2605
f 2730/2850/2607 2761/2897/2654 2762/2900/2657
f 2716/2876/2633 2749/2901/2658 2717/2815/2572
f 2704/2849/2606 2735/2899/2656 2736/2902/2659
f 2731/2851/2608 2762/2900/2657 2763/2903/2660
f 2718/2852/2609 2749/2901/2658 2750/2904/2661
f 2704/2849/2606 2737/2905/2662 2705/2853/2610
f 2731/2851/2608 2764/2906/2663 2732/2854/2611
f 2718/2852/2609 2751/2907/2664 2719/2845/2602
f 2705/2853/2610 2738/2908/2665 2706/2855/2612
f 2733/2856/2613 2764/2906/2663 2765/2881/2638
f 2790/2909/2666 2821/2910/2667 2822/2911/2668
f 2742/2886/2643 2773/2912/2669 2774/2913/2670
f 2755/2879/2636 2788/2914/2671 2756/2887/2644
f 2742/2886/2643 2775/2915/2672 2743/2888/2645
f 2757/2889/2646 2788/2914/2671 2789/2916/2673
f 2743/2888/2645 2776/2917/2674 2744/2890/2647
f 2758/2891/2648 2789/2916/2673 2790/2909/2666
f 2744/2890/2647 2777/2918/2675 2745/2892/2649
f 2758/2891/2648 2791/2919/2676 2759/2893/2650
f 2746/2894/2651 2777/2918/2675 2778/2920/2677
f 2760/2895/2652 2791/2919/2676 2792/2921/2678
f 2746/2894/2651 2779/2922/2679 2747/2896/2653
f 2760/2895/2652 2793/2923/2680 2761/2897/2654
f 2747/2896/2653 2780/2924/2681 2748/2898/2655
f 2734/2882/2639 2767/2925/2682 2735/2899/2656
f 2762/2900/2657 2793/2923/2680 2794/2926/2683
f 2749/2901/2658 2780/2924/2681 2781/2927/2684
f 2735/2899/2656 2768/2928/2685 2736/2902/2659
f 2762/2900/2657 2795/2929/2686 2763/2903/2660
f 2749/2901/2658 2782/2930/2687 2750/2904/2661
f 2736/2902/2659 2769/2931/2688 2737/2905/2662
f 2763/2903/2660 2796/2932/2689 2764/2906/2663
f 2750/2904/2661 2783/2933/2690 2751/2907/2664
f 2738/2908/2665 2769/2931/2688 2770/2934/2691
f 2765/2881/2638 2796/2932/2689 2797/2935/2692
f 2751/2907/2664 2784/2936/2693 2752/2846/2603
f 2738/2908/2665 2771/2937/2694 2739/2880/2637
f 2765/2881/2638 2766/2938/2695 2734/2882/2639
f 2752/2846/2603 2785/2939/2696 2753/2883/2640
f 2739/2880/2637 2772/2940/2697 2740/2884/2641
f 2754/2877/2634 2785/2939/2696 2786/2941/2698
f 2741/2885/2642 2772/2940/2697 2773/2912/2669
f 2825/2942/2699 2856/2943/2700 2857/2944/2701
f 2776/2917/2674 2809/2945/2702 2777/2918/2675
f 2790/2909/2666 2823/2946/2703 2791/2919/2676
f 2777/2918/2675 2810/2947/2704 2778/2920/2677
f 2792/2921/2678 2823/2946/2703 2824/2948/2705
f 2779/2922/2679 2810/2947/2704 2811/2949/2706
f 2793/2923/2680 2824/2948/2705 2825/2942/2699
f 2780/2924/2681 2811/2949/2706 2812/2950/2707
f 2767/2925/2682 2798/2951/2708 2799/2952/2709
f 2793/2923/2680 2826/2953/2710 2794/2926/2683
f 2780/2924/2681 2813/2954/2711 2781/2927/2684
f 2767/2925/2682 2800/2955/2712 2768/2928/2685
f 2795/2929/2686 2826/2953/2710 2827/2956/2713
f 2781/2927/2684 2814/2957/2714 2782/2930/2687
f 2768/2928/2685 2801/2958/2715 2769/2931/2688
f 2795/2929/2686 2828/2959/2716 2796/2932/2689
f 2783/2933/2690 2814/2957/2714 2815/2960/2717
f 2769/2931/2688 2802/2961/2718 2770/2934/2691
f 2796/2932/2689 2829/2962/2719 2797/2935/2692
f 2784/2936/2693 2815/2960/2717 2816/2963/2720
f 2771/2937/2694 2802/2961/2718 2803/2964/2721
f 2797/2935/2692 2798/2951/2708 2766/2938/2695
f 2785/2939/2696 2816/2963/2720 2817/2965/2722
f 2771/2937/2694 2804/2966/2723 2772/2940/2697
f 2786/2941/2698 2817/2965/2722 2818/2967/2724
f 2772/2940/2697 2805/2968/2725 2773/2912/2669
f 2786/2941/2698 2819/2969/2726 2787/2878/2635
f 2774/2913/2670 2805/2968/2725 2806/2970/2727
f 2787/2878/2635 2820/2971/2728 2788/2914/2671
f 2775/2915/2672 2806/2970/2727 2807/2972/2729
f 2789/2916/2673 2820/2971/2728 2821/2910/2667
f 2776/2917/2674 2807/2972/2729 2808/2973/2730
f 2859/2974/2731 2892/2975/2732 2860/2976/2733
f 2811/2949/2706 2844/2977/2734 2812/2950/2707
f 2798/2951/2708 2830/2978/2735 2799/2952/2709
f 2826/2953/2710 2857/2944/2701 2858/2979/2736
f 2812/2950/2707 2845/2980/2737 2813/2954/2711
f 2800/2955/2712 2830/2978/2735 2832/2981/2738
f 2827/2956/2713 2858/2979/2736 2859/2974/2731
f 2813/2954/2711 2846/2982/2739 2814/2957/2714
f 2801/2958/2715 2832/2981/2738 2833/2983/2740
f 2827/2956/2713 2860/2976/2733 2828/2959/2716
f 2814/2957/2714 2847/2984/2741 2815/2960/2717
f 2802/2961/2718 2833/2983/2740 2834/2985/2742
f 2828/2959/2716 2861/2986/2743 2829/2962/2719
f 2816/2963/2720 2847/2984/2741 2848/2987/2744
f 2802/2961/2718 2835/2988/2745 2803/2964/2721
f 2829/2962/2719 2831/2989/2746 2798/2951/2708
f 2816/2963/2720 2849/2990/2747 2817/2965/2722
f 2803/2964/2721 2836/2991/2748 2804/2966/2723
f 2817/2965/2722 2850/2992/2749 2818/2967/2724
f 2804/2966/2723 2837/2993/2750 2805/2968/2725
f 2818/2967/2724 2851/2994/2751 2819/2969/2726
f 2805/2968/2725 2838/2995/2752 2806/2970/2727
f 2819/2969/2726 2852/2996/2753 2820/2971/2728
f 2806/2970/2727 2839/2997/2754 2807/2972/2729
f 2821/2910/2667 2852/2996/2753 2853/2998/2755
f 2808/2973/2730 2839/2997/2754 2840/2999/2756
f 2822/2911/2668 2853/2998/2755 2854/3000/2757
f 2809/2945/2702 2840/2999/2756 2841/3001/2758
f 2822/2911/2668 2855/3002/2759 2823/2946/2703
f 2809/2945/2702 2842/3003/2760 2810/2947/2704
f 2824/2948/2705 2855/3002/2759 2856/2943/2700
f 2810/2947/2704 2843/3004/2761 2811/2949/2706
f 2882/3005/2762 2913/3006/2763 2914/3007/2764
f 2846/2982/2739 2879/3008/2765 2847/2984/2741
f 2834/2985/2742 2865/3009/2766 2866/3010/2767
f 2860/2976/2733 2893/3011/2768 2861/2986/2743
f 2848/2987/2744 2879/3008/2765 2880/3012/2769
f 2834/2985/2742 2867/3013/2770 2835/2988/2745
f 2861/2986/2743 2863/3014/2771 2831/2989/2746
f 2849/2990/2747 2880/3012/2769 2881/3015/2772
f 2835/2988/2745 2868/3016/2773 2836/2991/2748
f 2850/2992/2749 2881/3015/2772 2882/3005/2762
f 2837/2993/2750 2868/3016/2773 2869/3017/2774
f 2850/2992/2749 2883/3018/2775 2851/2994/2751
f 2837/2993/2750 2870/3019/2776 2838/2995/2752
f 2851/2994/2751 2884/3020/2777 2852/2996/2753
f 2838/2995/2752 2871/3021/2778 2839/2997/2754
f 2853/2998/2755 2884/3020/2777 2885/3022/2779
f 2839/2997/2754 2872/3023/2780 2840/2999/2756
f 2854/3000/2757 2885/3022/2779 2886/3024/2781
f 2841/3001/2758 2872/3023/2780 2873/3025/2782
f 2854/3000/2757 2887/3026/2783 2855/3002/2759
f 2841/3001/2758 2874/3027/2784 2842/3003/2760
f 2855/3002/2759 2888/3028/2785 2856/2943/2700
f 2842/3003/2760 2875/3029/2786 2843/3004/2761
f 2856/2943/2700 2889/3030/2787 2857/2944/2701
f 2843/3004/2761 2876/3031/2788 2844/2977/2734
f 2831/2989/2746 2862/3032/2789 2830/2978/2735
f 2857/2944/2701 2890/3033/2790 2858/2979/2736
f 2844/2977/2734 2877/3034/2791 2845/2980/2737
f 2832/2981/2738 2862/3032/2789 2864/3035/2792
f 2858/2979/2736 2891/3036/2793 2859/2974/2731
f 2845/2980/2737 2878/3037/2794 2846/2982/2739
f 2833/2983/2740 2864/3035/2792 2865/3009/2766
f 2916/3038/2795 2949/3039/2796 2917/3040/2797
f 2868/3016/2773 2901/3041/2798 2869/3017/2774
f 2882/3005/2762 2915/3042/2799 2883/3018/2775
f 2869/3017/2774 2902/3043/2800 2870/3019/2776
f 2883/3018/2775 2916/3038/2795 2884/3020/2777
f 2870/3019/2776 2903/3044/2801 2871/3021/2778
f 2885/3022/2779 2916/3038/2795 2917/3040/2797
f 2871/3021/2778 2904/3045/2802 2872/3023/2780
f 2885/3022/2779 2918/3046/2803 2886/3024/2781
f 2872/3023/2780 2905/3047/2804 2873/3025/2782
f 2887/3026/2783 2918/3046/2803 2919/3048/2805
f 2874/3027/2784 2905/3047/2804 2906/3049/2806
f 2887/3026/2783 2920/3050/2807 2888/3028/2785
f 2874/3027/2784 2907/3051/2808 2875/3029/2786
f 2888/3028/2785 2921/3052/2809 2889/3030/2787
f 2876/3031/2788 2907/3051/2808 2908/3053/2810
f 2863/3014/2771 2894/3054/2811 2862/3032/2789
f 2890/3033/2790 2921/3052/2809 2922/3055/2812
f 2877/3034/2791 2908/3053/2810 2909/3056/2813
f 2862/3032/2789 2896/3057/2814 2864/3035/2792
f 2891/3036/2793 2922/3055/2812 2923/3058/2815
f 2877/3034/2791 2910/3059/2816 2878/3037/2794
f 2864/3035/2792 2897/3060/2817 2865/3009/2766
f 2892/2975/2732 2923/3058/2815 2924/3061/2818
f 2878/3037/2794 2911/3062/2819 2879/3008/2765
f 2865/3009/2766 2898/3063/2820 2866/3010/2767
f 2893/3011/2768 2924/3061/2818 2925/3064/2821
f 2879/3008/2765 2912/3065/2822 2880/3012/2769
f 2867/3013/2770 2898/3063/2820 2899/3066/2823
f 2893/3011/2768 2895/3067/2824 2863/3014/2771
f 2880/3012/2769 2913/3006/2763 2881/3015/2772
f 2868/3016/2773 2899/3066/2823 2900/3068/2825
f 2952/3069/2826 2983/3070/2827 2984/3071/2828
f 2903/3044/2801 2936/3072/2829 2904/3045/2802
f 2917/3040/2797 2950/3073/2830 2918/3046/2803
f 2904/3045/2802 2937/3074/2831 2905/3047/2804
f 2919/3048/2805 2950/3073/2830 2951/3075/2832
f 2905/3047/2804 2938/3076/2833 2906/3049/2806
f 2919/3048/2805 2952/3077/2826 2920/3050/2807
f 2906/3049/2806 2939/3078/2834 2907/3051/2808
f 2920/3050/2807 2953/3079/2835 2921/3052/2809
f 2907/3051/2808 2940/3080/2836 2908/3053/2810
f 2895/3067/2824 2926/3081/2837 2894/3054/2811
f 2921/3052/2809 2954/3082/2838 2922/3055/2812
f 2908/3053/2810 2941/3083/2839 2909/3056/2813
f 2894/3054/2811 2928/3084/2840 2896/3057/2814
f 2922/3055/2812 2955/3085/2841 2923/3058/2815
f 2909/3056/2813 2942/3086/2842 2910/3059/2816
f 2896/3057/2814 2929/3087/2843 2897/3060/2817
f 2923/3058/2815 2956/3088/2844 2924/3061/2818
f 2911/3062/2819 2942/3086/2842 2943/3089/2845
f 2898/3063/2820 2929/3087/2843 2930/3090/2846
f 2925/3064/2821 2956/3088/2844 2957/3091/2847
f 2911/3062/2819 2944/3092/2848 2912/3065/2822
f 2898/3063/2820 2931/3093/2849 2899/3066/2823
f 2895/3067/2824 2957/3091/2847 2927/3094/2850
f 2912/3065/2822 2945/3095/2851 2913/3006/2763
f 2899/3066/2823 2932/3096/2852 2900/3068/2825
f 2914/3007/2764 2945/3095/2851 2946/3097/2853
f 2900/3068/2825 2933/3098/2854 2901/3041/2798
f 2914/3007/2764 2947/3099/2855 2915/3042/2799
f 2901/3041/2798 2934/3100/2856 2902/3043/2800
f 2916/3038/2795 2947/3099/2855 2948/3101/2857
f 2902/3043/2800 2935/3102/2858 2903/3044/2801
f 2960/3103/2859 2990/3104/2860 2992/3105/2861
f 2938/3106/2833 2971/3107/2862 2939/3108/2834
f 2953/3109/2835 2984/3071/2828 2985/3110/2863
f 2939/3108/2834 2972/3111/2864 2940/3112/2836
f 2926/3113/2837 2959/3114/2865 2958/3115/2866
f 2954/3116/2838 2985/3110/2863 2986/3117/2867
f 2940/3112/2836 2973/3118/2868 2941/3119/2839
f 2928/3120/2840 2958/3115/2866 2960/3103/2859
f 2954/3116/2838 2987/3121/2869 2955/3122/2841
f 2941/3119/2839 2974/3123/2870 2942/3124/2842
f 2929/3125/2843 2960/3103/2859 2961/3126/2871
f 2956/3127/2844 2987/3121/2869 2988/3128/2872
f 2942/3124/2842 2975/3129/2873 2943/3130/2845
f 2930/3131/2846 2961/3126/2871 2962/3132/2874
f 2957/3133/2847 2988/3128/2872 2989/3134/2875
f 2944/3135/2848 2975/3129/2873 2976/3136/2876
f 2930/3131/2846 2963/3137/2877 2931/3138/2849
f 2927/3139/2850 2989/3134/2875 2959/3114/2865
f 2944/3135/2848 2977/3140/2878 2945/3141/2851
f 2931/3138/2849 2964/3142/2879 2932/3143/2852
f 2945/3141/2851 2978/3144/2880 2946/3145/2853
f 2932/3143/2852 2965/3146/2881 2933/3147/2854
f 2946/3145/2853 2979/3148/2882 2947/3149/2855
f 2933/3147/2854 2966/3150/2883 2934/3151/2856
f 2948/3152/2857 2979/3148/2882 2980/3153/2884
f 2935/3154/2858 2966/3150/2883 2967/3155/2885
f 2948/3152/2857 2981/3156/2886 2949/3157/2796
f 2936/3158/2829 2967/3155/2885 2968/3159/2887
f 2949/3157/2796 2982/3160/2888 2950/3161/2830
f 2937/3162/2831 2968/3159/2887 2969/3163/2889
f 2951/3164/2832 2982/3160/2888 2983/3070/2827
f 2938/3106/2833 2969/3163/2889 2970/3165/2890
f 2994/3166/2891 3027/3167/2892 2995/3168/2893
f 2987/3121/2869 3018/3169/2894 3019/3170/2895
f 2973/3118/2868 3006/3171/2896 2974/3123/2870
f 2960/3103/2859 2993/3172/2897 2961/3126/2871
f 2987/3121/2869 3020/3173/2898 2988/3128/2872
f 2975/3129/2873 3006/3171/2896 3007/3174/2899
f 2961/3126/2871 2994/3166/2891 2962/3132/2874
f 2988/3128/2872 3021/3175/2900 2989/3134/2875
f 2976/3136/2876 3007/3174/2899 3008/3176/2901
f 2962/3132/2874 2995/3168/2893 2963/3137/2877
f 2989/3134/2875 2991/3177/2902 2959/3114/2865
f 2976/3136/2876 3009/3178/2903 2977/3140/2878
f 2964/3142/2879 2995/3168/2893 2996/3179/2904
f 2978/3144/2880 3009/3178/2903 3010/3180/2905
f 2965/3146/2881 2996/3179/2904 2997/3181/2906
f 2978/3144/2880 3011/3182/2907 2979/3148/2882
f 2965/3146/2881 2998/3183/2908 2966/3150/2883
f 2980/3153/2884 3011/3182/2907 3012/3184/2909
f 2967/3155/2885 2998/3183/2908 2999/3185/2910
f 2980/3153/2884 3013/3186/2911 2981/3156/2886
f 2967/3155/2885 3000/3187/2912 2968/3159/2887
f 2981/3156/2886 3014/3188/2913 2982/3160/2888
f 2968/3159/2887 3001/3189/2914 2969/3163/2889
f 2983/3070/2827 3014/3188/2913 3015/3190/2915
f 2970/3165/2890 3001/3189/2914 3002/3191/2916
f 2983/3070/2827 3016/3192/2917 2984/3071/2828
f 2970/3165/2890 3003/3193/2918 2971/3107/2862
f 2984/3071/2828 3017/3194/2919 2985/3110/2863
f 2971/3107/2862 3004/3195/2920 2972/3111/2864
f 2958/3115/2866 2991/3177/2902 2990/3104/2860
f 2986/3117/2867 3017/3194/2919 3018/3169/2894
f 2972/3111/2864 3005/3196/2921 2973/3118/2868
f 3029/3197/2922 3062/3198/2923 3030/3199/2924
f 3021/3175/2900 3023/3200/2925 2991/3177/2902
f 3009/3178/2903 3040/3201/2926 3041/3202/2927
f 2996/3179/2904 3027/3167/2892 3028/3203/2928
f 3009/3178/2903 3042/3204/2929 3010/3180/2905
f 2996/3179/2904 3029/3197/2922 2997/3181/2906
f 3011/3182/2907 3042/3204/2929 3043/3205/2930
f 2997/3181/2906 3030/3199/2924 2998/3183/2908
f 3012/3184/2909 3043/3205/2930 3044/3206/2931
f 2999/3185/2910 3030/3199/2924 3031/3207/2932
f 3012/3184/2909 3045/3208/2933 3013/3186/2911
f 2999/3185/2910 3032/3209/2934 3000/3187/2912
f 3013/3186/2911 3046/3210/2935 3014/3188/2913
f 3000/3187/2912 3033/3211/2936 3001/3189/2914
f 3015/3190/2915 3046/3210/2935 3047/3212/2937
f 3002/3191/2916 3033/3211/2936 3034/3213/2938
f 3015/3190/2915 3048/3214/2939 3016/3192/2917
f 3002/3191/2916 3035/3215/2940 3003/3193/2918
f 3016/3192/2917 3049/3216/2941 3017/3194/2919
f 3003/3193/2918 3036/3217/2942 3004/3195/2920
f 2990/3104/2860 3023/3200/2925 3022/3218/2943
f 3017/3194/2919 3050/3219/2944 3018/3169/2894
f 3004/3195/2920 3037/3220/2945 3005/3196/2921
f 2990/3104/2860 3024/3221/2946 2992/3105/2861
f 3018/3169/2894 3051/3222/2947 3019/3170/2895
f 3005/3196/2921 3038/3223/2948 3006/3171/2896
f 2992/3105/2861 3025/3224/2949 2993/3172/2897
f 3020/3173/2898 3051/3222/2947 3052/3225/2950
f 3007/3174/2899 3038/3223/2948 3039/3226/2951
f 2994/3166/2891 3025/3224/2949 3026/3227/2952
f 3021/3175/2900 3052/3225/2950 3053/3228/2953
f 3007/3174/2899 3040/3201/2926 3008/3176/2901
f 3064/3229/2954 3097/3230/2955 3065/3231/2956
f 3044/3206/2931 3075/3232/2957 3076/3233/2958
f 3031/3207/2932 3062/3198/2923 3063/3234/2959
f 3044/3206/2931 3077/3235/2960 3045/3208/2933
f 3031/3207/2932 3064/3229/2954 3032/3209/2934
f 3045/3208/2933 3078/3236/2961 3046/3210/2935
f 3033/3211/2936 3064/3229/2954 3065/3231/2956
f 3047/3212/2937 3078/3236/2961 3079/3237/2962
f 3034/3213/2938 3065/3231/2956 3066/3238/2963
f 3047/3212/2937 3080/3239/2964 3048/3214/2939
f 3034/3213/2938 3067/3240/2965 3035/3215/2940
f 3048/3214/2939 3081/3241/2966 3049/3216/2941
f 3036/3217/2942 3067/3240/2965 3068/3242/2967
f 3022/3218/2943 3055/3243/2968 3054/3244/2969
f 3049/3216/2941 3082/3245/2970 3050/3219/2944
f 3037/3220/2945 3068/3242/2967 3069/3246/2971
f 3022/3218/2943 3056/3247/2972 3024/3221/2946
f 3050/3219/2944 3083/3248/2973 3051/3222/2947
f 3037/3220/2945 3070/3249/2974 3038/3223/2948
f 3024/3221/2946 3057/3250/2975 3025/3224/2949
f 3051/3222/2947 3084/3251/2976 3052/3225/2950
f 3039/3226/2951 3070/3249/2974 3071/3252/2977
f 3026/3227/2952 3057/3250/2975 3058/3253/2978
f 3053/3228/2953 3084/3251/2976 3085/3254/2979
f 3039/3226/2951 3072/3255/2980 3040/3201/2926
f 3026/3227/2952 3059/3256/2981 3027/3167/2892
f 3053/3228/2953 3055/3243/2968 3023/3200/2925
f 3040/3201/2926 3073/3257/2982 3041/3202/2927
f 3028/3203/2928 3059/3256/2981 3060/3258/2983
f 3041/3202/2927 3074/3259/2984 3042/3204/2929
f 3029/3197/2922 3060/3258/2983 3061/3260/2985
f 3043/3205/2930 3074/3259/2984 3075/3232/2957
f 3116/3261/2986 3118/3262/11 3117/3263/2987
f 3079/3237/2962 3110/3264/2988 3111/3265/2989
f 3066/3238/2963 3097/3230/2955 3098/3266/2990
f 3079/3237/2962 3112/3267/2991 3080/3239/2964
f 3066/3238/2963 3099/3268/2992 3067/3240/2965
f 3081/3241/2966 3112/3267/2991 3113/3269/2993
f 3067/3240/2965 3100/3270/2994 3068/3242/2967
f 3054/3244/2969 3087/3271/2995 3086/3272/2996
f 3082/3245/2970 3113/3269/2993 3114/3273/2997
f 3069/3246/2971 3100/3270/2994 3101/3274/2998
f 3054/3244/2969 3088/3275/2999 3056/3247/2972
f 3082/3245/2970 3115/3276/3000 3083/3248/2973
f 3069/3246/2971 3102/3277/3001 3070/3249/2974
f 3057/3250/2975 3088/3275/2999 3089/3278/3002
f 3083/3248/2973 3116/3261/2986 3084/3251/2976
f 3071/3252/2977 3102/3277/3001 3103/3279/3003
f 3058/3253/2978 3089/3278/3002 3090/3280/3004
f 3084/3251/2976 3117/3263/2987 3085/3254/2979
f 3071/3252/2977 3104/3281/3005 3072/3255/2980
f 3058/3253/2978 3091/3282/3006 3059/3256/2981
f 3085/3254/2979 3087/3271/2995 3055/3243/2968
f 3072/3255/2980 3105/3283/3007 3073/3257/2982
f 3060/3258/2983 3091/3282/3006 3092/3284/3008
f 3074/3259/2984 3105/3283/3007 3106/3285/3009
f 3061/3260/2985 3092/3284/3008 3093/3286/3010
f 3074/3259/2984 3107/3287/3011 3075/3232/2957
f 3061/3260/2985 3094/3288/3012 3062/3198/2923
f 3076/3233/2958 3107/3287/3011 3108/3289/3013
f 3063/3234/2959 3094/3288/3012 3095/3290/3014
f 3076/3233/2958 3109/3291/3015 3077/3235/2960
f 3063/3234/2959 3096/3292/3016 3064/3229/2954
f 3077/3235/2960 3110/3264/2988 3078/3236/2961
f 3115/3276/3000 3125/3293/11 3118/3262/11
f 3114/3273/2997 3132/3294/11 3125/3293/11
f 3113/3269/2993 3139/3295/11 3132/3294/11
f 3111/3265/2989 3139/3295/11 3112/3267/2991
f 3110/3264/2988 3146/3296/11 3111/3265/2989
f 3109/3291/3015 3153/3297/11 3110/3264/2988
f 3108/3289/3013 3160/3298/3017 3109/3291/3015
f 3117/3263/2987 3119/3299/11 3087/3271/2995
f 3118/3262/11 3126/3300/11 3119/3299/11
f 3125/3293/11 3133/3301/11 3126/3300/11
f 3132/3294/11 3140/3302/11 3133/3301/11
f 3146/3296/11 3140/3302/11 3139/3295/11
f 3153/3297/11 3147/3303/11 3146/3296/11
f 3160/3298/3017 3154/3304/11 3153/3297/11
f 3107/3287/3011 3161/3305/11 3160/3298/3017
f 3087/3271/2995 3120/3306/11 3086/3272/2996
f 3119/3299/11 3127/3307/11 3120/3306/11
f 3126/3300/11 3134/3308/11 3127/3307/11
f 3133/3301/11 3141/3309/11 3134/3308/11
f 3147/3303/11 3141/3309/11 3140/3302/11
f 3154/3304/11 3148/3310/11 3147/3303/11
f 3161/3305/11 3155/3311/11 3154/3304/11
f 3106/3285/3009 3162/3312/11 3161/3305/11
f 3086/3272/2996 3121/3313/11 3088/3275/2999
f 3120/3306/11 3128/3314/11 3121/3313/11
f 3127/3307/11 3135/3315/11 3128/3314/11
f 3134/3308/11 3142/3316/11 3135/3315/11
f 3148/3310/11 3142/3316/11 3141/3309/11
f 3155/3311/11 3149/3317/11 3148/3310/11
f 3162/3312/11 3156/3318/11 3155/3311/11
f 3105/3283/3007 3163/3319/11 3162/3312/11
f 3121/3313/11 3089/3278/3002 3088/3275/2999
f 3128/3314/11 3122/3320/11 3121/3313/11
f 3135/3315/11 3129/3321/11 3128/3314/11
f 3142/3316/11 3136/3322/11 3135/3315/11
f 3142/3316/11 3150/3323/11 3143/3324/11
f 3149/3317/11 3157/3325/11 3150/3323/11
f 3156/3318/11 3164/3326/11 3157/3325/11
f 3163/3319/11 3103/3279/3003 3164/3326/11
f 3122/3320/11 3090/3280/3004 3089/3278/3002
f 3129/3321/11 3123/3327/11 3122/3320/11
f 3136/3322/11 3130/3328/11 3129/3321/11
f 3143/3324/11 3137/3329/11 3136/3322/11
f 3143/3324/11 3151/3330/11 3144/3331/11
f 3150/3323/11 3158/3332/11 3151/3330/11
f 3157/3325/11 3165/3333/11 3158/3332/11
f 3164/3326/11 3102/3277/3001 3165/3333/11
f 3123/3327/11 3091/3282/3006 3090/3280/3004
f 3130/3328/11 3124/3334/11 3123/3327/11
f 3137/3329/11 3131/3335/11 3130/3328/11
f 3144/3331/11 3138/3336/11 3137/3329/11
f 3144/3331/11 3152/3337/11 3145/3338/11
f 3151/3330/11 3159/3339/11 3152/3337/11
f 3158/3332/11 3166/3340/11 3159/3339/11
f 3165/3333/11 3101/3274/2998 3166/3340/11
f 3124/3334/11 3092/3284/3008 3091/3282/3006
f 3131/3335/11 3093/3286/3010 3124/3334/11
f 3138/3336/11 3094/3288/3012 3131/3335/11
f 3145/3338/11 3095/3290/3014 3138/3336/11
f 3145/3338/11 3097/3230/2955 3096/3292/3016
f 3152/3337/11 3098/3266/2990 3097/3230/2955
f 3159/3339/11 3099/3268/2992 3098/3266/2990
f 3166/3340/11 3100/3270/2994 3099/3268/2992
f 2094/3341/3018 3167/2271/2065 2095/2222/2017
f 3167/2271/2065 2096/3342/3019 2095/2222/2017
f 2096/3342/3019 3169/2268/2062 2097/2220/2015
f 3169/2268/2062 2098/3343/3020 2097/2220/2015
f 2098/3343/3020 3171/2265/2059 2099/2218/2013
f 3171/2265/2059 2100/3344/3021 2099/2218/2013
f 2100/3344/3021 3173/2262/2056 2101/2217/2012
f 3173/2262/2056 2102/3345/3022 2101/2217/2012
f 2102/3345/3022 3175/2259/2053 2103/2214/2010
f 3175/2259/2053 2104/3346/3023 2103/2214/2010
f 2104/3347/3023 3177/2255/2050 2105/2212/2008
f 3177/2255/2050 2106/3348/3024 2105/2212/2008
f 2106/3348/3024 3179/2252/2047 2107/2210/2006
f 3179/2252/2047 2108/3349/3025 2107/2210/2006
f 2108/3349/3025 3181/2249/2044 2109/2209/2005
f 3181/2249/2044 2110/3350/3026 2109/2209/2005
f 2110/3350/3026 3183/2246/2041 2111/2207/2003
f 3183/2246/2041 2112/3351/3027 2111/2207/2003
f 2112/3351/3027 3185/2243/2038 2113/2205/2001
f 3185/2243/2038 2114/3352/3028 2113/2205/2001
f 2114/3352/3028 3187/2240/2035 2115/2203/1999
f 3187/2240/2035 2116/3353/3029 2115/2203/1999
f 2116/3353/3029 3189/2237/2032 2117/2202/1998
f 3189/2237/2032 2118/3354/3030 2117/2202/1998
f 2118/3354/3030 3191/2234/2029 2119/2200/1996
f 3191/2234/2029 2120/3355/3031 2119/2200/1996
f 2120/3355/3031 3193/2231/2026 2121/2198/1994
f 3193/2231/2026 2122/3356/3032 2121/2198/1994
f 2122/3356/3032 3195/2228/2023 2123/2196/1992
f 3195/2228/2023 2124/3357/3033 2123/2196/1992
f 2124/3357/3033 3197/2225/2020 2125/2194/1990
f 3197/2225/2020 2094/3341/3018 2125/2194/1990
f 3238/3358/3034 3227/3359/3035 3240/3360/3036
f 3242/3361/3037 3227/3359/3035 3228/3362/3038
f 3249/3363/3039 3217/3364/3040 3216/3365/3041
f 3215/3366/3042 3249/3363/3039 3216/3365/3041
f 3246/3367/3043 3207/3368/3044 3248/3369/3045
f 3214/3370/3046 3247/3371/3047 3215/3366/3042
f 3244/3372/3048 3206/3373/3049 3246/3367/3043
f 3252/3374/3050 3214/3370/3046 3218/3375/3051
f 3248/3369/3045 3208/3376/3052 3250/3377/3053
f 3256/3378/3054 3213/3379/3055 3257/3380/3056
f 3255/3381/3057 3212/3382/3058 3256/3378/3054
f 3210/3383/3059 3255/3381/3057 3254/3384/3060
f 3258/3385/3061 3210/3383/3059 3254/3384/3060
f 3216/3365/3041 3222/3386/3062 3221/3387/3063
f 3220/3388/3064 3216/3365/3041 3221/3387/3063
f 3214/3370/3046 3220/3388/3064 3219/3389/3065
f 3218/3375/3051 3219/3389/3065 3223/3390/3066
f 3223/3390/3066 3200/3391/1685 3199/3392/3067
f 3219/3389/3065 3201/3393/1686 3200/3391/1685
f 3220/3388/3064 3202/3394/1687 3201/3393/1686
f 3221/3387/3063 3203/3395/3068 3202/3394/1687
f 3209/3396/3069 3237/3397/3070 3210/3383/3059
f 3238/3358/3034 3225/3398/3071 3226/3399/3072
f 3237/3397/3070 3211/3400/3073 3210/3383/3059
f 3239/3401/3074 3212/3382/3058 3211/3400/3073
f 3241/3402/3075 3213/3379/3055 3212/3382/3058
f 3224/3403/3076 3230/256/1700 3225/3404/3071
f 3225/3404/3071 3231/254/1701 3226/3405/3072
f 3226/3405/3072 3232/255/1702 3227/3406/3035
f 3227/3406/3035 3233/252/3077 3228/3407/3038
f 3234/3408/3078 3236/3409/3079 3237/3397/3070
f 3237/3397/3070 3238/3358/3034 3239/3401/3074
f 3239/3401/3074 3240/3360/3036 3241/3402/3075
f 3241/3402/3075 3242/3361/3037 3243/3410/3080
f 3236/3409/3079 3224/3411/3076 3225/3398/3071
f 3244/3372/3048 3252/3374/3050 3253/3412/3081
f 3244/3372/3048 3247/3371/3047 3245/3413/3082
f 3246/3367/3043 3249/3363/3039 3247/3371/3047
f 3250/3377/3053 3249/3363/3039 3248/3369/3045
f 3204/3414/3083 3244/3372/3048 3253/3412/3081
f 3258/3385/3061 3205/3415/3084 3204/3414/3083
f 3254/3384/3060 3206/3373/3049 3205/3415/3084
f 3255/3381/3057 3207/3368/3044 3206/3373/3049
f 3256/3378/3054 3208/3376/3052 3207/3368/3044
f 3294/3361/3085 3285/3416/3086 3296/3417/3087
f 3298/3418/3088 3285/3416/3086 3286/3419/3089
f 3298/3418/3088 3287/3420/3090 3300/3421/3091
f 3300/3421/3091 3288/3422/3092 3302/3423/3093
f 3269/3379/3094 3297/3424/3095 3270/3425/3096
f 3277/3426/3097 3313/3427/3098 3278/3428/3099
f 3309/3429/3100 3277/3426/3097 3276/3430/3101
f 3307/3431/3102 3276/3430/3101 3275/3432/3103
f 3305/3433/3104 3275/3432/3103 3274/3364/3105
f 3264/3376/3106 3306/3434/3107 3304/3377/3108
f 3265/3435/3109 3308/3436/3110 3306/3434/3107
f 3266/3437/3111 3310/3438/3112 3308/3436/3110
f 3267/3439/3113 3312/3440/3114 3310/3438/3112
f 3272/3441/3115 3318/3442/3116 3317/3443/3117
f 3271/3444/3118 3317/3443/3117 3316/3445/3119
f 3270/3425/3096 3316/3445/3119 3315/3446/3120
f 3269/3379/3094 3315/3446/3120 3314/3380/3121
f 3277/3426/3097 3283/3447/3122 3282/3448/3123
f 3276/3430/3101 3282/3448/3123 3281/3449/3124
f 3275/3432/3103 3281/3449/3124 3280/3450/3125
f 3279/3386/3126 3275/3432/3103 3280/3450/3125
f 3279/3386/3126 3260/3451/1689 3259/3395/3127
f 3280/3450/3125 3261/3452/1690 3260/3451/1689
f 3281/3449/3124 3262/3453/1691 3261/3452/1690
f 3282/3448/3123 3263/3454/3128 3262/3453/1691
f 3270/3425/3096 3299/3455/3129 3271/3444/3118
f 3271/3444/3118 3301/3456/3130 3272/3441/3115
f 3301/3456/3130 3273/3457/3131 3272/3441/3115
f 3284/3407/3132 3290/250/1704 3285/3458/3086
f 3285/3458/3086 3291/248/1705 3286/3459/3089
f 3286/3459/3089 3292/245/1706 3287/3460/3090
f 3287/3460/3090 3293/247/3133 3288/3461/3092
f 3297/3424/3095 3294/3361/3085 3296/3417/3087
f 3299/3455/3129 3296/3417/3087 3298/3418/3088
f 3299/3455/3129 3300/3421/3091 3301/3456/3130
f 3301/3456/3130 3302/3423/3093 3303/3462/3134
f 3306/3434/3107 3305/3433/3104 3304/3377/3108
f 3308/3436/3110 3307/3431/3102 3306/3434/3107
f 3310/3438/3112 3309/3429/3100 3308/3436/3110
f 3310/3438/3112 3313/3427/3098 3311/3463/3135
f 3264/3376/3106 3315/3446/3120 3265/3435/3109
f 3265/3435/3109 3316/3445/3119 3266/3437/3111
f 3266/3437/3111 3317/3443/3117 3267/3439/3113
f 3267/3439/3113 3318/3442/3116 3268/3464/3136
f 3356/3465/3137 3344/3422/3138 3345/3466/3139
f 3356/3465/3137 3346/3467/3140 3358/3468/3141
f 3358/3468/3141 3347/3469/3142 3360/3470/3143
f 3360/3470/3143 3348/3471/3144 3362/3472/3145
f 3371/3473/3146 3338/3474/3147 3337/3475/3148
f 3369/3476/3149 3337/3475/3148 3336/3477/3150
f 3367/3478/3151 3336/3477/3150 3335/3479/3152
f 3365/3427/3153 3335/3479/3152 3334/3428/3154
f 3324/3464/3155 3366/3480/3156 3364/3440/3157
f 3366/3480/3156 3326/3481/3158 3368/3482/3159
f 3326/3481/3158 3370/3483/3160 3368/3482/3159
f 3327/3484/3161 3372/3485/3162 3370/3483/3160
f 3332/3486/3163 3378/3487/3164 3377/3488/3165
f 3376/3489/3166 3332/3486/3163 3377/3488/3165
f 3375/3490/3167 3331/3491/3168 3376/3489/3166
f 3329/3457/3169 3375/3490/3167 3374/3442/3170
f 3337/3475/3148 3343/3492/3171 3342/3493/3172
f 3336/3477/3150 3342/3493/3172 3341/3494/3173
f 3335/3479/3152 3341/3494/3173 3340/3495/3174
f 3334/3428/3154 3340/3495/3174 3339/3447/3175
f 3339/3447/3175 3320/3496/1693 3319/3454/3176
f 3340/3495/3174 3321/3497/1694 3320/3496/1693
f 3341/3494/3173 3322/3498/1695 3321/3497/1694
f 3342/3493/3172 3323/3499/3177 3322/3498/1695
f 3357/3500/3178 3331/3491/3168 3330/3501/3179
f 3359/3502/3180 3332/3486/3163 3331/3491/3168
f 3361/3503/3181 3333/3504/3182 3332/3486/3163
f 3355/3462/3183 3330/3501/3179 3329/3457/3169
f 3344/3461/3138 3350/263/1708 3345/3505/3139
f 3345/3505/3139 3351/272/1709 3346/3506/3140
f 3346/3506/3140 3352/281/1710 3347/3507/3142
f 3347/3507/3142 3353/289/3184 3348/3508/3144
f 3355/3462/3183 3356/3465/3137 3357/3500/3178
f 3357/3500/3178 3358/3468/3141 3359/3502/3180
f 3359/3502/3180 3360/3470/3143 3361/3503/3181
f 3361/3503/3181 3362/3472/3145 3363/3509/3185
f 3366/3480/3156 3365/3427/3153 3364/3440/3157
f 3368/3482/3159 3367/3478/3151 3366/3480/3156
f 3370/3483/3160 3369/3476/3149 3368/3482/3159
f 3372/3485/3162 3371/3473/3146 3370/3483/3160
f 3324/3464/3155 3375/3490/3167 3325/3510/3186
f 3375/3490/3167 3326/3481/3158 3325/3510/3186
f 3326/3481/3158 3377/3488/3165 3327/3484/3161
f 3377/3488/3165 3328/3511/3187 3327/3484/3161
f 3414/3472/3188 3405/3512/3189 3416/3513/3190
f 3416/3513/3190 3406/3514/3191 3418/3515/3192
f 3418/3515/3192 3407/3516/3193 3420/3517/3194
f 3420/3517/3194 3408/3518/3195 3422/3519/3196
f 3405/3520/3189 3411/307/1713 3406/3521/3191
f 3397/3522/3197 3433/3523/3198 3398/3524/3199
f 3429/3525/3200 3397/3522/3197 3396/3526/3201
f 3427/3527/3202 3396/3526/3201 3395/3528/3203
f 3425/3529/3204 3395/3528/3203 3394/3474/3205
f 3384/3511/3206 3426/3530/3207 3424/3485/3208
f 3385/3531/3209 3428/3532/3210 3426/3530/3207
f 3386/3533/3211 3430/3534/3212 3428/3532/3210
f 3387/3535/3213 3432/3536/3214 3430/3534/3212
f 3392/3537/3215 3438/3538/3216 3437/3539/3217
f 3391/3540/3218 3437/3539/3217 3436/3541/3219
f 3390/3542/3220 3436/3541/3219 3435/3543/3221
f 3389/3504/3222 3435/3543/3221 3434/3487/3223
f 3397/3522/3197 3403/3544/3224 3402/3545/3225
f 3396/3526/3201 3402/3545/3225 3401/3546/3226
f 3400/3547/3227 3396/3526/3201 3401/3546/3226
f 3394/3474/3205 3400/3547/3227 3399/3492/3228
f 3399/3492/3228 3380/3548/1697 3379/3499/3229
f 3400/3547/3227 3381/3549/1698 3380/3548/1697
f 3401/3546/3226 3382/3550/1699 3381/3549/1698
f 3402/3545/3225 3383/3551/3230 3382/3550/1699
f 3390/3542/3220 3419/3552/3231 3391/3540/3218
f 3419/3552/3231 3392/3537/3215 3391/3540/3218
f 3421/3553/3232 3393/3554/3233 3392/3537/3215
f 3389/3504/3222 3417/3555/3234 3390/3542/3220
f 3406/3521/3191 3412/316/1714 3407/3556/3193
f 3407/3556/3193 3413/317/3235 3408/3557/3195
f 3404/3508/3236 3410/298/1712 3405/3520/3189
f 3417/3555/3234 3414/3472/3188 3416/3513/3190
f 3419/3552/3231 3416/3513/3190 3418/3515/3192
f 3419/3552/3231 3420/3517/3194 3421/3553/3232
f 3421/3553/3232 3422/3519/3196 3423/3558/3237
f 3424/3485/3208 3427/3527/3202 3425/3529/3204
f 3426/3530/3207 3429/3525/3200 3427/3527/3202
f 3430/3534/3212 3429/3525/3200 3428/3532/3210
f 3432/3536/3214 3431/3559/3238 3430/3534/3212
f 3434/3487/3223 3385/3531/3209 3384/3511/3206
f 3385/3531/3209 3436/3541/3219 3386/3533/3211
f 3386/3533/3211 3437/3539/3217 3387/3535/3213
f 3437/3539/3217 3388/3560/3239 3387/3535/3213
f 3474/3519/3240 3465/3561/3241 3476/3562/3242
f 3478/3563/3243 3465/3561/3241 3466/3564/3244
f 3478/3563/3243 3467/3565/3245 3480/3566/3246
f 3480/3566/3246 3468/3567/3247 3482/3568/3248
f 3491/3569/3249 3458/3570/3250 3457/3571/3251
f 3489/3572/3252 3457/3571/3251 3456/3573/3253
f 3487/3574/3254 3456/3573/3253 3455/3575/3255
f 3485/3523/3256 3455/3575/3255 3454/3524/3257
f 3444/3560/3258 3486/3576/3259 3484/3536/3260
f 3486/3576/3259 3446/3577/3261 3488/3578/3262
f 3488/3578/3262 3447/3579/3263 3490/3580/3264
f 3447/3579/3263 3492/3581/3265 3490/3580/3264
f 3497/3582/3266 3453/3583/3267 3498/3584/3268
f 3451/3585/3269 3497/3582/3266 3496/3586/3270
f 3450/3587/3271 3496/3586/3270 3495/3588/3272
f 3494/3538/3273 3450/3587/3271 3495/3588/3272
f 3462/3589/3274 3458/3570/3250 3463/3590/3275
f 3461/3591/3276 3457/3571/3251 3462/3589/3274
f 3460/3592/3277 3456/3573/3253 3461/3591/3276
f 3454/3524/3257 3460/3592/3277 3459/3544/3278
f 3459/3544/3278 3440/3593/1700 3439/3551/3279
f 3460/3592/3277 3441/3594/1701 3440/3593/1700
f 3461/3591/3276 3442/3595/1702 3441/3594/1701
f 3462/3589/3274 3443/3596/3077 3442/3595/1702
f 3479/3597/3280 3452/3598/3281 3451/3585/3269
f 3481/3599/3282 3453/3583/3267 3452/3598/3281
f 3475/3558/3283 3450/3587/3271 3449/3554/3284
f 3477/3600/3285 3451/3585/3269 3450/3587/3271
f 3464/3557/3286 3470/318/1685 3465/3601/3241
f 3465/3601/3241 3471/319/1686 3466/3602/3244
f 3466/3602/3244 3472/321/1687 3467/3603/3245
f 3467/3603/3245 3473/320/3068 3468/3604/3247
f 3475/3558/3283 3476/3562/3242 3477/3600/3285
f 3479/3597/3280 3476/3562/3242 3478/3563/3243
f 3479/3597/3280 3480/3566/3246 3481/3599/3282
f 3483/3605/3287 3480/3566/3246 3482/3568/3248
f 3484/3536/3260 3487/3574/3254 3485/3523/3256
f 3486/3576/3259 3489/3572/3252 3487/3574/3254
f 3490/3580/3264 3489/3572/3252 3488/3578/3262
f 3492/3581/3265 3491/3569/3249 3490/3580/3264
f 3494/3538/3273 3445/3606/3288 3444/3560/3258
f 3495/3588/3272 3446/3577/3261 3445/3606/3288
f 3496/3586/3270 3447/3579/3263 3446/3577/3261
f 3447/3579/3263 3498/3584/3268 3448/3607/3289
f 3534/3568/3290 3525/3608/3291 3536/3609/3292
f 3536/3609/3292 3526/3610/3293 3538/3611/3294
f 3538/3611/3294 3527/3612/3295 3540/3613/3296
f 3540/3613/3296 3528/3614/3297 3542/3615/3298
f 3517/3616/3299 3553/3617/3300 3518/3618/3301
f 3516/3619/3302 3551/3620/3303 3517/3616/3299
f 3515/3621/3304 3549/3622/3305 3516/3619/3302
f 3514/3570/3306 3547/3623/3307 3515/3621/3304
f 3504/3607/3308 3546/3624/3309 3544/3581/3310
f 3546/3624/3309 3506/3625/3311 3548/3626/3312
f 3548/3626/3312 3507/3627/3313 3550/3628/3314
f 3507/3627/3313 3552/3629/3315 3550/3628/3314
f 3512/3630/3316 3558/3631/3317 3557/3632/3318
f 3511/3633/3319 3557/3632/3318 3556/3634/3320
f 3510/3635/3321 3556/3634/3320 3555/3636/3322
f 3509/3583/3323 3555/3636/3322 3554/3584/3324
f 3517/3616/3299 3523/3637/3325 3522/3638/3326
f 3516/3619/3302 3522/3638/3326 3521/3639/3327
f 3515/3621/3304 3521/3639/3327 3520/3640/3328
f 3514/3570/3306 3520/3640/3328 3519/3590/3329
f 3519/3590/3329 3500/3641/1704 3499/3596/3330
f 3520/3640/3328 3501/3642/1705 3500/3641/1704
f 3521/3639/3327 3502/3643/1706 3501/3642/1705
f 3522/3638/3326 3503/3644/3133 3502/3643/1706
f 3511/3633/3319 3541/3645/3331 3512/3630/3316
f 3512/3630/3316 3543/3646/3332 3513/3647/3333
f 3509/3583/3323 3537/3648/3334 3510/3635/3321
f 3510/3635/3321 3539/3649/3335 3511/3633/3319
f 3524/3604/3336 3530/322/1689 3525/3650/3291
f 3525/3650/3291 3531/323/1690 3526/3651/3293
f 3526/3651/3293 3532/324/1691 3527/3652/3295
f 3527/3652/3295 3533/315/3128 3528/3653/3297
f 3537/3648/3334 3534/3568/3290 3536/3609/3292
f 3537/3648/3334 3538/3611/3294 3539/3649/3335
f 3539/3649/3335 3540/3613/3296 3541/3645/3331
f 3541/3645/3331 3542/3615/3298 3543/3646/3332
f 3546/3624/3309 3545/3654/3337 3544/3581/3310
f 3546/3624/3309 3549/3622/3305 3547/3623/3307
f 3548/3626/3312 3551/3620/3303 3549/3622/3305
f 3552/3629/3315 3551/3620/3303 3550/3628/3314
f 3554/3584/3324 3505/3655/3338 3504/3607/3308
f 3555/3636/3322 3506/3625/3311 3505/3655/3338
f 3556/3634/3320 3507/3627/3313 3506/3625/3311
f 3557/3632/3318 3508/3656/3339 3507/3627/3313
f 3596/3657/3340 3584/3614/3341 3585/3658/3342
f 3596/3657/3340 3586/3659/3343 3598/3660/3344
f 3600/3661/3345 3586/3659/3343 3587/3662/3346
f 3600/3661/3345 3588/3663/3347 3602/3664/3348
f 3611/3665/3349 3578/3666/3350 3577/3667/3351
f 3609/3668/3352 3577/3667/3351 3576/3669/3353
f 3607/3670/3354 3576/3669/3353 3575/3671/3355
f 3605/3617/3356 3575/3671/3355 3574/3618/3357
f 3564/3656/3358 3606/3672/3359 3604/3629/3360
f 3565/3673/3361 3608/3674/3362 3606/3672/3359
f 3566/3675/3363 3610/3676/3364 3608/3674/3362
f 3567/3677/3365 3612/3678/3366 3610/3676/3364
f 3572/3679/3367 3618/3680/3368 3617/3681/3369
f 3616/3682/3370 3572/3679/3367 3617/3681/3369
f 3615/3683/3371 3571/3684/3372 3616/3682/3370
f 3614/3631/3373 3570/3685/3374 3615/3683/3371
f 3582/3686/3375 3578/3666/3350 3583/3687/3376
f 3581/3688/3377 3577/3667/3351 3582/3686/3375
f 3580/3689/3378 3576/3669/3353 3581/3688/3377
f 3574/3618/3357 3580/3689/3378 3579/3637/3379
f 3579/3637/3379 3560/3690/1708 3559/3644/3380
f 3580/3689/3378 3561/3691/1709 3560/3690/1708
f 3581/3688/3377 3562/3692/1710 3561/3691/1709
f 3582/3686/3375 3563/3693/3184 3562/3692/1710
f 3601/3694/3381 3573/3695/3382 3572/3679/3367
f 3595/3646/3383 3570/3685/3374 3569/3647/3384
f 3597/3696/3385 3571/3684/3372 3570/3685/3374
f 3599/3697/3386 3572/3679/3367 3571/3684/3372
f 3587/3698/3346 3593/287/3177 3588/3699/3347
f 3584/3653/3341 3590/306/1693 3585/3700/3342
f 3585/3700/3342 3591/297/1694 3586/3701/3343
f 3586/3701/3343 3592/3702/1695 3587/3698/3346
f 3595/3646/3383 3596/3657/3340 3597/3696/3385
f 3597/3696/3385 3598/3660/3344 3599/3697/3386
f 3599/3697/3386 3600/3661/3345 3601/3694/3381
f 3601/3694/3381 3602/3664/3348 3603/3703/3387
f 3606/3672/3359 3605/3617/3356 3604/3629/3360
f 3608/3674/3362 3607/3670/3354 3606/3672/3359
f 3610/3676/3364 3609/3668/3352 3608/3674/3362
f 3612/3678/3366 3611/3665/3349 3610/3676/3364
f 3614/3631/3373 3565/3673/3361 3564/3656/3358
f 3615/3683/3371 3566/3675/3363 3565/3673/3361
f 3616/3682/3370 3567/3677/3365 3566/3675/3363
f 3567/3677/3365 3618/3680/3368 3568/3704/3388
f 3663/3705/3389 3629/3396/3390 3633/3706/3391
f 3656/3664/3392 3646/3707/3393 3658/3708/3394
f 3660/3709/3395 3646/3707/3393 3647/3710/3396
f 3662/3711/3397 3647/3710/3396 3648/3712/3398
f 3662/3711/3397 3644/3411/3399 3655/3713/3400
f 3671/3714/3401 3638/3375/3402 3637/3715/3403
f 3669/3716/3404 3637/3715/3403 3636/3717/3405
f 3635/3718/3406 3669/3716/3404 3636/3717/3405
f 3665/3719/3407 3635/3718/3406 3634/3666/3408
f 3625/3704/3409 3666/3720/3410 3664/3678/3411
f 3666/3720/3410 3627/3721/3412 3668/3722/3413
f 3627/3721/3412 3670/3723/3414 3668/3722/3413
f 3628/3724/3415 3673/3412/3416 3670/3723/3414
f 3677/3725/3417 3629/3396/3390 3678/3385/3418
f 3632/3726/3419 3677/3725/3417 3676/3727/3420
f 3631/3728/3421 3676/3727/3420 3675/3729/3422
f 3630/3695/3423 3675/3729/3422 3674/3680/3424
f 3642/3730/3425 3638/3375/3402 3643/3390/3426
f 3636/3717/3405 3642/3730/3425 3641/3731/3427
f 3635/3718/3406 3641/3731/3427 3640/3732/3428
f 3634/3666/3408 3640/3732/3428 3639/3687/3429
f 3639/3687/3429 3621/3733/1712 3620/3693/3430
f 3640/3732/3428 3622/3734/1713 3621/3733/1712
f 3641/3731/3427 3623/3735/1714 3622/3734/1713
f 3642/3730/3425 3619/3392/3235 3623/3735/1714
f 3657/3703/3431 3631/3728/3421 3630/3695/3423
f 3631/3728/3421 3661/3736/3432 3632/3726/3419
f 3632/3726/3419 3663/3705/3389 3633/3706/3391
f 3645/3699/3433 3651/278/1697 3646/3737/3393
f 3646/3737/3393 3652/269/1698 3647/3738/3396
f 3647/3738/3396 3653/260/1699 3648/3739/3398
f 3648/3739/3398 3649/258/3230 3644/3403/3399
f 3659/3740/3434 3656/3664/3392 3658/3708/3394
f 3661/3736/3432 3658/3708/3394 3660/3709/3395
f 3663/3705/3389 3660/3709/3395 3662/3711/3397
f 3663/3705/3389 3655/3713/3400 3654/3408/3435
f 3666/3720/3410 3665/3719/3407 3664/3678/3411
f 3668/3722/3413 3667/3741/3436 3666/3720/3410
f 3670/3723/3414 3669/3716/3404 3668/3722/3413
f 3673/3412/3416 3671/3714/3401 3670/3723/3414
f 3625/3704/3409 3675/3729/3422 3626/3742/3437
f 3626/3742/3437 3676/3727/3420 3627/3721/3412
f 3627/3721/3412 3677/3725/3417 3628/3724/3415
f 3677/3725/3417 3624/3414/3438 3628/3724/3415
f 25/1/1 113/19/19 112/2/2
f 108/4/4 5/15/15 6/5/5
f 107/7/7 106/16/16 3/8/8
f 110/13/13 109/6/6 6/5/5
f 107/7/7 4/9/9 5/15/15
f 106/16/16 105/10/10 2/12/12
f 2/12/12 8/22/22 9/17/17
f 31/18/18 114/124/118 113/19/19
f 5/15/15 11/24/24 12/20/20
f 3/8/8 9/17/17 10/21/21
f 6/5/5 12/20/20 13/23/23
f 4/9/9 10/21/21 11/24/24
f 56/25/25 118/57/57 117/26/26
f 11/24/24 17/32/32 18/28/28
f 10/21/21 9/17/17 15/29/29
f 12/20/20 18/28/28 19/3/3
f 10/21/21 16/30/30 17/32/32
f 8/22/22 14/31/31 15/29/29
f 17/32/32 23/36/36 24/33/33
f 15/29/29 21/37/37 22/34/34
f 18/28/28 24/33/33 25/1/1
f 16/30/30 22/34/34 23/36/36
f 14/31/31 20/35/35 21/37/37
f 68/38/38 120/103/97 119/39/39
f 24/33/33 30/45/45 31/18/18
f 22/34/34 28/46/46 29/42/42
f 20/35/35 26/41/41 27/43/43
f 19/3/3 112/2/2 111/44/44
f 23/36/36 29/42/42 30/45/45
f 22/34/34 21/37/37 27/43/43
f 30/45/45 36/52/52 37/47/47
f 28/46/46 34/53/53 35/48/48
f 26/41/41 32/54/54 33/49/49
f 110/13/13 127/85/79 126/50/50
f 29/42/42 35/48/48 36/52/52
f 28/46/46 27/43/43 33/49/49
f 34/53/53 40/59/59 41/55/55
f 32/54/54 38/60/60 39/56/56
f 62/40/40 119/39/39 118/57/57
f 35/48/48 41/55/55 42/58/58
f 33/49/49 39/56/56 40/59/59
f 36/52/52 42/58/58 43/61/61
f 104/51/51 126/50/50 125/62/62
f 41/64/55 47/73/67 48/65/64
f 39/67/56 45/74/68 46/68/65
f 42/66/58 48/65/64 49/27/27
f 40/69/59 46/68/65 47/73/67
f 38/70/60 44/71/66 45/74/68
f 13/23/23 111/44/44 1/75/69
f 47/73/67 54/79/73 55/76/70
f 45/74/68 52/80/74 53/77/71
f 48/65/64 55/76/70 56/25/25
f 46/68/65 53/77/71 54/79/73
f 44/71/66 51/78/72 52/80/74
f 52/80/74 58/84/78 59/81/75
f 55/76/70 61/86/80 62/40/40
f 53/77/71 59/81/75 60/83/77
f 51/78/72 57/82/76 58/84/78
f 7/14/14 1/75/69 127/85/79
f 54/79/73 60/83/77 61/86/80
f 61/86/80 67/92/86 68/38/38
f 59/81/75 65/93/87 66/87/81
f 57/82/76 63/94/88 64/88/82
f 92/89/83 124/99/93 123/90/84
f 60/83/77 66/87/81 67/92/86
f 58/84/78 64/88/82 65/93/87
f 68/38/38 67/92/86 73/95/89
f 65/93/87 71/100/94 72/97/91
f 63/94/88 69/101/95 70/98/92
f 98/63/63 125/62/62 124/99/93
f 66/87/81 72/97/91 73/95/89
f 64/88/82 70/98/92 71/100/94
f 69/101/95 75/107/101 76/102/96
f 74/96/90 121/133/127 120/103/97
f 73/95/89 72/97/91 78/104/98
f 71/100/94 70/98/92 76/102/96
f 74/96/90 73/95/89 79/105/99
f 71/100/94 77/106/100 78/104/98
f 86/91/85 123/90/84 122/109/103
f 78/104/98 84/113/107 85/110/104
f 76/102/96 82/114/108 83/111/105
f 79/105/99 85/110/104 86/91/85
f 77/106/100 83/111/105 84/113/107
f 75/107/101 81/112/106 82/114/108
f 84/113/107 90/118/112 91/115/109
f 82/114/108 88/119/113 89/116/110
f 86/91/85 85/110/104 91/115/109
f 83/111/105 89/116/110 90/118/112
f 81/112/106 87/117/111 88/119/113
f 43/61/61 116/3743/123 115/120/114
f 91/115/109 97/125/119 98/63/63
f 89/116/110 95/126/120 96/122/116
f 87/117/111 93/121/115 94/123/117
f 37/47/47 115/120/114 114/124/118
f 90/118/112 96/122/116 97/125/119
f 89/116/110 88/119/113 94/123/117
f 97/125/119 103/130/124 104/51/51
f 95/126/120 101/131/125 102/127/121
f 93/121/115 99/132/126 100/128/122
f 49/27/27 117/26/26 116/129/123
f 96/122/116 102/127/121 103/130/124
f 95/126/120 94/123/117 100/128/122
f 101/131/125 107/7/7 108/4/4
f 99/132/126 105/10/10 106/16/16
f 80/108/102 122/109/103 121/133/127
f 102/127/121 108/4/4 109/6/6
f 100/128/122 106/16/16 107/7/7
f 103/130/124 109/6/6 110/13/13
f 119/39/39 137/150/143 136/134/128
f 123/90/84 141/147/141 140/135/129
f 115/120/114 133/149/142 132/136/130
f 111/44/44 129/151/144 128/137/131
f 127/85/79 145/152/145 144/138/132
f 126/50/50 144/138/132 143/139/133
f 118/57/57 136/134/128 135/140/134
f 121/133/127 122/109/103 140/135/129
f 114/124/118 132/136/130 131/142/136
f 125/62/62 143/139/133 142/143/137
f 116/129/123 117/26/26 135/140/134
f 121/133/127 139/141/135 138/145/139
f 113/19/19 131/142/136 130/146/140
f 124/99/93 142/143/137 141/147/141
f 115/120/114 116/3743/123 134/148/138
f 119/39/39 120/103/97 138/145/139
f 112/2/2 130/146/140 129/151/144
f 1/75/69 128/137/131 145/152/145
f 137/150/143 155/168/161 154/153/146
f 144/138/132 162/169/162 161/154/147
f 129/151/144 147/170/163 146/155/148
f 136/134/128 154/153/146 153/156/149
f 143/139/133 161/154/147 160/157/150
f 135/140/134 153/156/149 152/158/151
f 142/143/137 160/157/150 159/159/152
f 134/148/138 152/3744/151 151/160/153
f 141/147/141 159/159/152 158/161/154
f 133/149/142 151/160/153 150/162/155
f 140/135/129 158/161/154 157/163/156
f 132/136/130 150/162/155 149/164/157
f 139/141/135 157/163/156 156/165/158
f 128/137/131 146/155/148 163/166/159
f 131/142/136 149/164/157 148/167/160
f 138/145/139 156/165/158 155/168/161
f 145/152/145 163/166/159 162/169/162
f 130/146/140 148/167/160 147/170/163
f 154/153/146 172/187/179 171/171/164
f 161/154/147 179/188/180 178/172/165
f 153/156/149 171/171/164 170/173/166
f 160/157/150 178/172/165 177/174/167
f 151/160/153 152/3744/151 170/175/166
f 159/159/152 177/174/167 176/177/169
f 150/162/155 151/160/153 169/176/168
f 157/163/156 158/161/154 176/177/169
f 149/164/157 150/162/155 168/178/170
f 157/163/156 175/179/171 174/181/173
f 146/155/148 164/189/181 181/182/174
f 149/164/157 167/180/172 166/183/175
f 156/165/158 174/181/173 173/184/176
f 163/166/159 181/182/174 180/185/177
f 147/170/163 148/167/160 166/183/175
f 154/153/146 155/168/161 173/184/176
f 162/169/162 180/185/177 179/188/180
f 146/155/148 147/170/163 165/186/178
f 171/171/164 189/206/26 188/190/123
f 178/172/165 196/207/93 195/191/84
f 170/175/166 188/3745/123 187/192/114
f 177/174/167 195/191/84 194/193/182
f 169/176/168 187/192/114 186/194/118
f 176/177/169 194/193/182 193/195/127
f 168/178/170 186/194/118 185/196/19
f 175/179/171 193/195/127 192/197/183
f 164/189/181 182/205/69 199/198/79
f 167/180/172 185/196/19 184/199/2
f 174/181/173 192/197/183 191/200/39
f 181/182/174 199/198/79 198/201/50
f 166/183/175 184/199/2 183/202/184
f 173/184/176 191/200/39 190/203/57
f 180/185/177 198/201/50 197/204/62
f 165/186/178 183/202/184 182/205/69
f 172/187/179 190/203/57 189/206/26
f 179/188/180 197/204/62 196/207/93
f 187/192/114 188/3745/123 206/208/138
f 195/191/84 213/226/141 212/210/185
f 186/194/118 187/192/114 205/209/142
f 194/193/182 212/210/185 211/212/135
f 186/194/118 204/211/130 203/213/136
f 193/195/127 211/212/135 210/214/186
f 182/205/69 200/222/131 217/215/145
f 185/196/19 203/213/136 202/216/140
f 192/197/183 210/214/186 209/217/143
f 199/198/79 217/215/145 216/218/132
f 184/199/2 202/216/140 201/219/144
f 190/203/57 191/200/39 209/217/143
f 198/201/50 216/218/132 215/221/133
f 183/202/184 201/219/144 200/222/131
f 190/203/57 208/220/128 207/223/187
f 196/207/93 197/204/62 215/221/133
f 188/190/123 189/206/26 207/223/187
f 196/207/93 214/224/137 213/226/141
f 205/209/142 223/243/204 222/227/188
f 212/210/185 230/244/205 229/228/189
f 204/211/130 222/227/188 221/229/190
f 211/212/135 229/228/189 228/230/191
f 200/222/131 218/238/199 235/231/192
f 203/213/136 221/229/190 220/232/193
f 210/214/186 228/230/191 227/233/194
f 217/215/145 235/231/192 234/234/195
f 202/216/140 220/232/193 219/235/196
f 209/217/143 227/233/194 226/236/197
f 216/218/132 234/234/195 233/237/198
f 201/219/144 219/235/196 218/238/199
f 208/220/128 226/236/197 225/239/200
f 215/221/133 233/237/198 232/240/201
f 207/223/187 225/239/200 224/241/202
f 214/224/137 232/240/201 231/242/203
f 206/208/138 224/3746/202 223/243/204
f 213/226/141 231/242/203 230/244/205
f 243/245/11 242/248/11 268/246/11
f 242/248/11 241/250/11 275/249/11
f 241/250/11 240/252/11 282/251/11
f 240/252/11 239/255/11 289/253/11
f 238/254/11 296/257/11 289/253/11
f 237/256/11 303/259/11 296/257/11
f 236/258/11 310/261/11 303/259/11
f 267/260/11 266/269/11 310/261/11
f 244/247/11 268/246/11 269/262/11
f 268/246/11 275/249/11 276/264/11
f 275/249/11 282/251/11 283/265/11
f 282/251/11 289/253/11 290/266/11
f 296/257/11 297/267/11 290/266/11
f 303/259/11 304/268/11 297/267/11
f 310/261/11 311/270/11 304/268/11
f 266/269/11 265/278/11 311/270/11
f 245/263/11 269/262/11 270/271/11
f 269/262/11 276/264/11 277/273/11
f 276/264/11 283/265/11 284/274/11
f 283/265/11 290/266/11 291/275/11
f 297/267/11 298/276/11 291/275/11
f 304/268/11 305/277/11 298/276/11
f 311/270/11 312/279/11 305/277/11
f 265/278/11 264/287/11 312/279/11
f 246/272/11 270/271/11 271/280/11
f 270/271/11 277/273/11 278/282/11
f 277/273/11 284/274/11 285/283/11
f 284/274/11 291/275/11 292/284/11
f 298/276/11 299/285/11 292/284/11
f 305/277/11 306/286/11 299/285/11
f 312/279/11 313/288/11 306/286/11
f 264/287/11 263/3702/11 313/288/11
f 271/280/11 272/290/11 248/289/11
f 278/282/11 279/291/11 272/290/11
f 285/283/11 286/292/11 279/291/11
f 292/284/11 293/294/11 286/292/11
f 292/284/11 299/285/11 300/293/11
f 299/285/11 306/286/11 307/295/11
f 306/286/11 313/288/11 314/296/11
f 313/288/11 263/3702/11 262/297/11
f 272/290/11 273/299/11 249/298/11
f 279/291/11 280/300/11 273/299/11
f 286/292/11 287/301/11 280/300/11
f 293/294/11 294/303/11 287/301/11
f 293/294/11 300/293/11 301/302/11
f 300/293/11 307/295/11 308/304/11
f 307/295/11 314/296/11 315/305/11
f 314/296/11 262/297/11 261/306/11
f 273/299/11 274/308/11 250/307/11
f 280/300/11 281/309/11 274/308/11
f 287/301/11 288/310/11 281/309/11
f 294/303/11 295/312/11 288/310/11
f 294/303/11 301/302/11 302/311/11
f 301/302/11 308/304/11 309/313/11
f 308/304/11 315/305/11 316/314/11
f 315/305/11 261/306/11 260/315/11
f 274/308/11 252/317/11 251/316/11
f 281/309/11 253/318/11 252/317/11
f 288/310/11 254/319/11 253/318/11
f 295/312/11 255/321/11 254/319/11
f 295/312/11 302/311/11 256/320/11
f 302/311/11 309/313/11 257/322/11
f 309/313/11 316/314/11 258/323/11
f 316/314/11 260/315/11 259/324/11
f 318/325/206 320/328/209 1214/326/207
f 320/328/209 322/1326/1165 1215/329/210
f 1215/329/210 322/1326/1165 324/330/211
f 1216/331/212 324/330/211 326/332/213
f 326/332/213 328/335/216 1218/334/215
f 328/335/216 330/1321/1160 1219/336/217
f 1219/336/217 330/1321/1160 332/337/218
f 1220/338/219 332/337/218 334/339/220
f 334/339/220 336/342/223 1222/341/222
f 336/342/223 338/381/262 1223/343/224
f 1223/343/224 338/381/262 340/344/225
f 1224/345/226 340/344/225 342/346/227
f 342/346/227 344/349/230 1226/348/229
f 344/349/230 346/1322/1161 1227/350/231
f 1227/350/231 346/1322/1161 348/351/232
f 348/351/232 350/354/235 1229/353/234
f 350/354/235 352/356/237 1230/355/236
f 352/356/237 354/1316/1155 1231/357/238
f 1231/357/238 354/1316/1155 356/358/239
f 356/358/239 358/361/242 1233/360/241
f 358/361/242 360/363/244 1234/362/243
f 360/363/244 362/365/246 1235/364/245
f 362/365/246 364/367/248 1236/366/247
f 364/367/248 366/369/250 1237/368/249
f 366/369/250 368/371/252 1238/370/251
f 368/371/252 370/1340/1179 1239/372/253
f 1239/372/253 370/1340/1179 372/373/254
f 372/373/254 374/1319/1158 1241/375/256
f 1241/375/256 374/1319/1158 376/376/257
f 1242/377/258 376/376/257 378/378/259
f 336/342/223 1254/1345/1184 1255/380/261
f 1243/379/260 378/378/259 380/382/263
f 380/382/263 318/325/206 1213/327/208
f 412/384/265 381/439/319 1805/385/266
f 1803/387/268 411/1921/1723 412/384/265
f 410/388/269 411/1921/1723 1803/387/268
f 409/390/271 410/388/269 1802/389/270
f 1800/392/273 408/1920/1722 409/390/271
f 407/393/274 408/1920/1722 1800/392/273
f 406/395/276 407/393/274 1799/394/275
f 405/397/278 406/395/276 1798/396/277
f 404/399/280 405/397/278 1797/398/279
f 403/401/282 404/399/280 1796/400/281
f 402/403/284 403/401/282 1795/402/283
f 1793/405/286 401/407/288 402/403/284
f 1792/406/287 400/409/290 401/407/288
f 1791/408/289 399/1919/1721 400/409/290
f 398/410/291 399/1919/1721 1791/408/289
f 1789/412/293 397/1918/1720 398/410/291
f 396/413/294 397/1918/1720 1789/412/293
f 1787/415/296 395/1917/1719 396/413/294
f 394/416/297 395/1917/1719 1787/415/296
f 393/418/299 394/416/297 1786/417/298
f 1784/420/301 392/1916/1718 393/418/299
f 391/421/302 392/1916/1718 1784/420/301
f 390/423/304 391/1915/302 1783/424/303
f 1781/426/306 389/1914/1717 390/423/304
f 388/427/307 389/1914/1717 1781/426/306
f 1779/429/309 387/1913/1716 388/427/307
f 386/430/310 387/1913/1716 1779/429/309
f 385/432/312 386/430/310 1778/431/311
f 1776/434/314 384/1912/1715 385/432/312
f 383/435/315 384/1912/1715 1776/434/314
f 382/437/317 383/435/315 1775/436/316
f 381/439/319 382/437/317 1774/438/318
f 444/440/320 413/495/373 1837/441/321
f 1835/443/323 443/445/325 444/440/320
f 1834/444/324 442/499/377 443/445/325
f 441/446/326 442/499/377 1834/444/324
f 1832/448/328 440/501/379 441/446/326
f 439/449/329 440/501/379 1832/448/328
f 438/451/331 439/449/329 1831/450/330
f 437/453/333 438/451/331 1830/452/332
f 1828/455/335 436/506/384 437/453/333
f 435/456/336 436/506/384 1828/455/335
f 1826/458/338 434/460/340 435/456/336
f 1825/459/339 433/462/342 434/460/340
f 1824/461/341 432/509/387 433/462/342
f 431/463/343 432/509/387 1824/461/341
f 430/465/345 431/463/343 1823/464/344
f 1821/467/347 429/514/392 430/465/345
f 428/468/348 429/514/392 1821/467/347
f 1819/470/350 427/517/395 428/468/348
f 426/471/351 427/517/395 1819/470/350
f 425/473/353 426/471/351 1818/472/352
f 1816/475/355 424/521/399 425/473/353
f 423/476/356 424/521/399 1816/475/355
f 1814/478/358 422/523/401 423/479/356
f 421/481/359 422/523/401 1814/478/358
f 1812/483/361 420/526/404 421/481/359
f 419/484/362 420/526/404 1812/483/361
f 418/486/364 419/484/362 1811/485/363
f 417/488/366 418/486/364 1810/487/365
f 1808/490/368 416/492/370 417/488/366
f 1807/491/369 415/531/409 416/492/370
f 414/493/371 415/531/409 1807/491/369
f 413/495/373 414/493/371 1806/494/372
f 476/496/374 445/533/411 413/495/373
f 475/497/375 476/496/374 444/440/320
f 474/498/376 475/497/375 443/445/325
f 473/500/378 474/498/376 442/499/377
f 440/501/379 472/502/380 473/500/378
f 439/449/329 471/503/381 472/502/380
f 438/451/331 470/540/418 471/503/381
f 469/504/382 470/540/418 438/451/331
f 468/505/383 469/504/382 437/453/333
f 435/456/336 467/507/385 468/505/383
f 434/460/340 466/508/386 467/507/385
f 433/462/342 465/510/388 466/508/386
f 432/509/387 464/511/389 465/510/388
f 431/463/343 463/512/390 464/511/389
f 430/465/345 462/547/425 463/512/390
f 461/513/391 462/547/425 430/465/345
f 460/515/393 461/513/391 429/514/392
f 459/516/394 460/515/393 428/468/348
f 458/518/396 459/516/394 427/517/395
f 457/519/397 458/518/396 426/471/351
f 456/520/398 457/519/397 425/473/353
f 423/476/356 455/554/432 456/520/398
f 454/522/400 455/556/432 423/479/356
f 453/524/402 454/522/400 422/523/401
f 452/525/403 453/524/402 421/481/359
f 451/527/405 452/525/403 420/526/404
f 450/528/406 451/527/405 419/484/362
f 449/529/407 450/528/406 418/486/364
f 448/530/408 449/529/407 417/488/366
f 415/531/409 447/561/437 448/530/408
f 446/532/410 447/561/437 415/531/409
f 445/533/411 446/532/410 414/493/371
f 508/534/412 477/562/438 445/533/411
f 507/535/413 508/534/412 476/496/374
f 506/536/414 507/535/413 475/497/375
f 505/537/415 506/536/414 474/498/376
f 504/538/416 505/537/415 473/500/378
f 503/539/417 504/538/416 472/502/380
f 470/540/418 502/569/445 503/539/417
f 501/541/419 502/569/445 470/540/418
f 468/505/383 500/572/448 501/541/419
f 499/542/420 500/572/448 468/505/383
f 466/508/386 498/574/450 499/542/420
f 497/543/421 498/574/450 466/508/386
f 496/544/422 497/543/421 465/510/388
f 495/545/423 496/544/422 464/511/389
f 494/546/424 495/545/423 463/512/390
f 461/513/391 493/579/455 494/546/424
f 492/548/426 493/579/455 461/513/391
f 491/549/427 492/548/426 460/515/393
f 490/550/428 491/549/427 459/516/394
f 489/551/429 490/550/428 458/518/396
f 488/552/430 489/551/429 457/519/397
f 487/553/431 488/552/430 456/520/398
f 454/522/400 486/586/462 487/555/431
f 485/557/433 486/586/462 454/522/400
f 452/525/403 484/589/465 485/557/433
f 483/558/434 484/589/465 452/525/403
f 450/528/406 482/591/467 483/558/434
f 481/559/435 482/591/467 450/528/406
f 448/530/408 480/594/470 481/559/435
f 479/560/436 480/594/470 448/530/408
f 446/532/410 478/596/472 479/560/436
f 477/562/438 478/596/472 446/532/410
f 540/563/439 509/599/475 477/562/438
f 539/564/440 540/563/439 508/534/412
f 538/565/441 539/564/440 507/535/413
f 505/537/415 537/603/479 538/565/441
f 536/566/442 537/603/479 505/537/415
f 535/567/443 536/566/442 504/538/416
f 534/568/444 535/567/443 503/539/417
f 533/570/446 534/568/444 502/569/445
f 532/571/447 533/570/446 501/541/419
f 499/542/420 531/608/484 532/571/447
f 530/573/449 531/608/484 499/542/420
f 529/575/451 530/573/449 498/574/450
f 528/576/452 529/575/451 497/543/421
f 527/577/453 528/576/452 496/544/422
f 526/578/454 527/577/453 495/545/423
f 493/579/455 525/614/490 526/578/454
f 524/580/456 525/614/490 493/579/455
f 523/581/457 524/580/456 492/548/426
f 490/550/428 522/618/494 523/581/457
f 521/582/458 522/618/494 490/550/428
f 520/583/459 521/582/458 489/551/429
f 519/584/460 520/583/459 488/552/430
f 518/585/461 519/622/460 487/555/431
f 517/587/463 518/585/461 486/586/462
f 516/588/464 517/587/463 485/557/433
f 483/558/434 515/625/499 516/588/464
f 514/590/466 515/625/499 483/558/434
f 513/592/468 514/590/466 482/591/467
f 512/593/469 513/592/468 481/559/435
f 511/595/471 512/593/469 480/594/470
f 478/596/472 510/597/473 511/595/471
f 477/562/438 509/599/475 510/597/473
f 572/598/474 541/632/506 509/599/475
f 571/600/476 572/598/474 540/563/439
f 570/601/477 571/600/476 539/564/440
f 569/602/478 570/601/477 538/565/441
f 536/566/442 568/604/480 569/602/478
f 535/567/443 567/605/481 568/604/480
f 534/568/444 566/638/512 567/605/481
f 565/606/482 566/638/512 534/568/444
f 532/571/447 564/641/515 565/606/482
f 563/607/483 564/641/515 532/571/447
f 562/609/485 563/607/483 531/608/484
f 561/610/486 562/609/485 530/573/449
f 528/576/452 560/645/519 561/610/486
f 559/611/487 560/645/519 528/576/452
f 558/612/488 559/611/487 527/577/453
f 557/613/489 558/612/488 526/578/454
f 556/615/491 557/613/489 525/614/490
f 555/616/492 556/615/491 524/580/456
f 554/617/493 555/616/492 523/581/457
f 553/619/495 554/617/493 522/618/494
f 520/583/459 552/651/525 553/619/495
f 551/620/496 552/651/525 520/583/459
f 518/585/461 550/655/529 551/621/496
f 549/623/497 550/655/529 518/585/461
f 516/588/464 548/656/530 549/623/497
f 547/624/498 548/656/530 516/588/464
f 546/626/500 547/624/498 515/625/499
f 545/627/501 546/626/500 514/590/466
f 544/628/502 545/627/501 513/592/468
f 543/629/503 544/628/502 512/593/469
f 510/597/473 542/630/504 543/629/503
f 509/599/475 541/632/506 542/630/504
f 604/631/505 573/665/539 541/632/506
f 603/633/507 604/631/505 572/598/474
f 570/601/477 602/668/542 603/633/507
f 601/634/508 602/668/542 570/601/477
f 600/635/509 601/634/508 569/602/478
f 599/636/510 600/635/509 568/604/480
f 598/637/511 599/636/510 567/605/481
f 597/639/513 598/637/511 566/638/512
f 596/640/514 597/639/513 565/606/482
f 563/607/483 595/642/516 596/640/514
f 562/609/485 594/643/517 595/642/516
f 561/610/486 593/676/550 594/643/517
f 592/644/518 593/676/550 561/610/486
f 591/646/520 592/644/518 560/645/519
f 590/647/521 591/646/520 559/611/487
f 557/613/489 589/680/554 590/647/521
f 588/648/522 589/680/554 557/613/489
f 587/649/523 588/648/522 556/615/491
f 586/650/524 587/649/523 555/616/492
f 553/619/495 585/652/526 586/650/524
f 552/651/525 584/653/527 585/652/526
f 551/620/496 583/686/560 584/653/527
f 582/654/528 583/688/560 551/621/496
f 549/623/497 581/657/531 582/654/528
f 548/656/530 580/658/532 581/657/531
f 547/624/498 579/691/563 580/658/532
f 578/659/533 579/691/563 547/624/498
f 577/660/534 578/659/533 546/626/500
f 576/661/535 577/660/534 545/627/501
f 575/662/536 576/661/535 544/628/502
f 574/663/537 575/662/536 543/629/503
f 541/632/506 573/665/539 574/663/537
f 636/664/538 605/695/567 573/665/539
f 635/666/540 636/664/538 604/631/505
f 634/667/541 635/666/540 603/633/507
f 633/669/543 634/667/541 602/668/542
f 632/670/544 633/669/543 601/634/508
f 599/636/510 631/701/573 632/670/544
f 630/671/545 631/701/573 599/636/510
f 629/672/546 630/671/545 598/637/511
f 628/673/547 629/672/546 597/639/513
f 627/674/548 628/673/547 596/640/514
f 594/643/517 626/705/577 627/674/548
f 625/675/549 626/705/577 594/643/517
f 624/677/551 625/675/549 593/676/550
f 623/678/552 624/677/551 592/644/518
f 590/647/521 622/710/582 623/678/552
f 621/679/553 622/710/582 590/647/521
f 620/681/555 621/679/553 589/680/554
f 619/682/556 620/681/555 588/648/522
f 618/683/557 619/682/556 587/649/523
f 617/684/558 618/683/557 586/650/524
f 584/653/527 616/716/588 617/684/558
f 615/685/559 616/716/588 584/653/527
f 582/654/528 614/719/591 615/687/559
f 613/689/561 614/719/591 582/654/528
f 580/658/532 612/721/593 613/689/561
f 611/690/562 612/721/593 580/658/532
f 610/692/564 611/690/562 579/691/563
f 609/693/565 610/692/564 578/659/533
f 576/661/535 608/725/597 609/693/565
f 607/694/566 608/725/597 576/661/535
f 574/663/537 606/727/599 607/694/566
f 605/695/567 606/727/599 574/663/537
f 668/696/568 637/729/601 605/695/567
f 635/666/540 667/730/602 668/696/568
f 666/697/569 667/730/602 635/666/540
f 665/698/570 666/697/569 634/667/541
f 664/699/571 665/698/570 633/669/543
f 663/700/572 664/699/571 632/670/544
f 662/702/574 663/700/572 631/701/573
f 629/672/546 661/736/608 662/702/574
f 660/703/575 661/736/608 629/672/546
f 627/674/548 659/739/611 660/703/575
f 658/704/576 659/739/611 627/674/548
f 657/706/578 658/704/576 626/705/577
f 656/707/579 657/706/578 625/675/549
f 655/708/580 656/707/579 624/677/551
f 654/709/581 655/708/580 623/678/552
f 653/711/583 654/709/581 622/710/582
f 652/712/584 653/711/583 621/679/553
f 651/713/585 652/712/584 620/681/555
f 618/683/557 650/747/619 651/713/585
f 649/714/586 650/747/619 618/683/557
f 648/715/587 649/714/586 617/684/558
f 647/717/589 648/715/587 616/716/588
f 646/718/590 647/751/589 615/687/559
f 613/689/561 645/752/623 646/718/590
f 644/720/592 645/752/623 613/689/561
f 611/690/562 643/722/594 644/720/592
f 610/692/564 642/723/595 643/722/594
f 609/693/565 641/757/628 642/723/595
f 640/724/596 641/757/628 609/693/565
f 607/694/566 639/759/630 640/724/596
f 638/726/598 639/759/630 607/694/566
f 605/695/567 637/729/601 638/726/598
f 700/728/600 669/761/632 637/729/601
f 667/730/602 699/763/634 700/728/600
f 698/731/603 699/763/634 667/730/602
f 697/732/604 698/731/603 666/697/569
f 696/733/605 697/732/604 665/698/570
f 695/734/606 696/733/605 664/699/571
f 694/735/607 695/734/606 663/700/572
f 661/736/608 693/768/639 694/735/607
f 692/737/609 693/768/639 661/736/608
f 691/738/610 692/737/609 660/703/575
f 690/740/612 691/738/610 659/739/611
f 657/706/578 689/773/644 690/740/612
f 688/741/613 689/773/644 657/706/578
f 655/708/580 687/774/645 688/741/613
f 686/742/614 687/774/645 655/708/580
f 685/743/615 686/742/614 654/709/581
f 684/744/616 685/743/615 653/711/583
f 683/745/617 684/744/616 652/712/584
f 682/746/618 683/745/617 651/713/585
f 681/748/620 682/746/618 650/747/619
f 648/715/587 680/782/653 681/748/620
f 679/749/621 680/782/653 648/715/587
f 678/750/622 679/785/621 647/751/589
f 645/752/623 677/786/656 678/750/622
f 676/753/624 677/786/656 645/752/623
f 675/754/625 676/753/624 644/720/592
f 674/755/626 675/754/625 643/722/594
f 673/756/627 674/755/626 642/723/595
f 672/758/629 673/756/627 641/757/628
f 639/759/630 671/760/631 672/758/629
f 638/726/598 670/793/663 671/760/631
f 669/761/632 670/793/663 638/726/598
f 732/762/633 701/795/665 669/761/632
f 699/763/634 731/797/667 732/762/633
f 730/764/635 731/797/667 699/763/634
f 729/765/636 730/764/635 698/731/603
f 728/766/637 729/765/636 697/732/604
f 695/734/606 727/767/638 728/766/637
f 694/735/607 726/769/640 727/767/638
f 693/768/639 725/803/673 726/769/640
f 724/770/641 725/803/673 693/768/639
f 691/738/610 723/806/676 724/770/641
f 722/771/642 723/806/676 691/738/610
f 721/772/643 722/771/642 690/740/612
f 688/741/613 720/775/646 721/772/643
f 687/774/645 719/809/679 720/775/646
f 718/776/647 719/809/679 687/774/645
f 717/777/648 718/776/647 686/742/614
f 716/778/649 717/777/648 685/743/615
f 715/779/650 716/778/649 684/744/616
f 714/780/651 715/779/650 683/745/617
f 713/781/652 714/780/651 682/746/618
f 680/782/653 712/783/654 713/781/652
f 679/749/621 711/816/686 712/783/654
f 710/784/655 711/818/686 679/785/621
f 677/786/656 709/819/688 710/784/655
f 708/787/657 709/819/688 677/786/656
f 675/754/625 707/788/658 708/787/657
f 674/755/626 706/823/692 707/788/658
f 705/789/659 706/823/692 674/755/626
f 704/790/660 705/789/659 673/756/627
f 703/791/661 704/790/660 672/758/629
f 702/792/662 703/791/661 671/760/631
f 669/761/632 701/795/665 702/792/662
f 764/794/664 733/828/697 701/795/665
f 763/796/666 764/794/664 732/762/633
f 762/798/668 763/796/666 731/797/667
f 761/799/669 762/798/668 730/764/635
f 760/800/670 761/799/669 729/765/636
f 727/767/638 759/833/702 760/800/670
f 758/801/671 759/833/702 727/767/638
f 757/802/672 758/801/671 726/769/640
f 756/804/674 757/802/672 725/803/673
f 755/805/675 756/804/674 724/770/641
f 722/771/642 754/837/706 755/805/675
f 753/807/677 754/837/706 722/771/642
f 720/775/646 752/840/709 753/807/677
f 751/808/678 752/840/709 720/775/646
f 718/776/647 750/843/712 751/808/678
f 749/810/680 750/843/712 718/776/647
f 716/778/649 748/845/714 749/810/680
f 747/811/681 748/845/714 716/778/649
f 746/812/682 747/811/681 715/779/650
f 745/813/683 746/812/682 714/780/651
f 744/814/684 745/813/683 713/781/652
f 743/815/685 744/814/684 712/783/654
f 742/817/687 743/851/685 711/818/686
f 709/819/688 741/852/719 742/817/687
f 740/820/689 741/852/719 709/819/688
f 739/821/690 740/820/689 708/787/657
f 738/822/691 739/821/690 707/788/658
f 705/789/659 737/824/693 738/822/691
f 704/790/660 736/858/725 737/824/693
f 735/825/694 736/858/725 704/790/660
f 702/792/662 734/826/695 735/825/694
f 701/795/665 733/828/697 734/826/695
f 796/827/696 765/862/729 733/828/697
f 763/796/666 795/829/698 796/827/696
f 762/798/668 794/830/699 795/829/698
f 761/799/669 793/865/732 794/830/699
f 792/831/700 793/865/732 761/799/669
f 791/832/701 792/831/700 760/800/670
f 790/834/703 791/832/701 759/833/702
f 757/802/672 789/869/736 790/834/703
f 788/835/704 789/869/736 757/802/672
f 755/805/675 787/872/739 788/835/704
f 786/836/705 787/872/739 755/805/675
f 785/838/707 786/836/705 754/837/706
f 784/839/708 785/838/707 753/807/677
f 783/841/710 784/839/708 752/840/709
f 782/842/711 783/841/710 751/808/678
f 749/810/680 781/878/745 782/842/711
f 780/844/713 781/878/745 749/810/680
f 779/846/715 780/844/713 748/845/714
f 778/847/716 779/846/715 747/811/681
f 745/813/683 777/848/717 778/847/716
f 744/814/684 776/884/751 777/848/717
f 775/849/718 776/884/751 744/814/684
f 742/817/687 774/853/720 775/850/718
f 741/852/719 773/888/755 774/853/720
f 772/854/721 773/888/755 741/852/719
f 739/821/690 771/890/757 772/854/721
f 770/855/722 771/890/757 739/821/690
f 769/856/723 770/855/722 738/822/691
f 768/857/724 769/856/723 737/824/693
f 767/859/726 768/857/724 736/858/725
f 766/860/727 767/859/726 735/825/694
f 733/828/697 765/862/729 766/860/727
f 796/827/696 828/897/764 797/861/728
f 827/863/730 828/897/764 796/827/696
f 794/830/699 826/900/767 827/863/730
f 825/864/731 826/900/767 794/830/699
f 824/866/733 825/864/731 793/865/732
f 823/867/734 824/866/733 792/831/700
f 790/834/703 822/904/771 823/867/734
f 821/868/735 822/904/771 790/834/703
f 820/870/737 821/868/735 789/869/736
f 819/871/738 820/870/737 788/835/704
f 786/836/705 818/908/775 819/871/738
f 817/873/740 818/908/775 786/836/705
f 816/874/741 817/873/740 785/838/707
f 815/875/742 816/874/741 784/839/708
f 814/876/743 815/875/742 783/841/710
f 813/877/744 814/876/743 782/842/711
f 812/879/746 813/877/744 781/878/745
f 811/880/747 812/879/746 780/844/713
f 810/881/748 811/880/747 779/846/715
f 809/882/749 810/881/748 778/847/716
f 808/883/750 809/882/749 777/848/717
f 807/885/752 808/883/750 776/884/751
f 806/886/753 807/919/752 775/850/718
f 805/887/754 806/886/753 774/853/720
f 804/889/756 805/887/754 773/888/755
f 771/890/757 803/891/758 804/889/756
f 770/855/722 802/892/759 803/891/758
f 769/856/723 801/893/760 802/892/759
f 768/857/724 800/894/761 801/893/760
f 767/859/726 799/895/762 800/894/761
f 766/860/727 798/927/793 799/895/762
f 797/861/728 798/927/793 766/860/727
f 860/896/763 829/929/795 797/861/728
f 859/898/765 860/896/763 828/897/764
f 858/899/766 859/898/765 827/863/730
f 857/901/768 858/899/766 826/900/767
f 824/866/733 856/932/798 857/901/768
f 855/902/769 856/932/798 824/866/733
f 854/903/770 855/902/769 823/867/734
f 853/905/772 854/903/770 822/904/771
f 820/870/737 852/937/803 853/905/772
f 851/906/773 852/937/803 820/870/737
f 850/907/774 851/906/773 819/871/738
f 849/909/776 850/907/774 818/908/775
f 816/874/741 848/910/777 849/909/776
f 815/875/742 847/911/778 848/910/777
f 814/876/743 846/943/809 847/911/778
f 845/912/779 846/943/809 814/876/743
f 812/879/746 844/913/780 845/912/779
f 811/880/747 843/947/813 844/913/780
f 842/914/781 843/947/813 811/880/747
f 841/915/782 842/914/781 810/881/748
f 840/916/783 841/915/782 809/882/749
f 839/917/784 840/916/783 808/883/750
f 838/918/785 839/952/784 807/919/752
f 837/920/786 838/918/785 806/886/753
f 836/921/787 837/920/786 805/887/754
f 835/922/788 836/921/787 804/889/756
f 834/923/789 835/922/788 803/891/758
f 833/924/790 834/923/789 802/892/759
f 800/894/761 832/957/822 833/924/790
f 831/925/791 832/957/822 800/894/761
f 830/926/792 831/925/791 799/895/762
f 797/861/728 829/929/795 830/926/792
f 892/928/794 861/962/827 829/929/795
f 891/930/796 892/928/794 860/896/763
f 890/931/797 891/930/796 859/898/765
f 857/901/768 889/933/799 890/931/797
f 856/932/798 888/934/800 889/933/799
f 855/902/769 887/966/831 888/934/800
f 886/935/801 887/966/831 855/902/769
f 885/936/802 886/935/801 854/903/770
f 852/937/803 884/970/835 885/936/802
f 883/938/804 884/970/835 852/937/803
f 850/907/774 882/939/805 883/938/804
f 849/909/776 881/974/839 882/939/805
f 880/940/806 881/974/839 849/909/776
f 879/941/807 880/940/806 848/910/777
f 878/942/808 879/941/807 847/911/778
f 877/944/810 878/942/808 846/943/809
f 876/945/811 877/944/810 845/912/779
f 875/946/812 876/945/811 844/913/780
f 874/948/814 875/946/812 843/947/813
f 873/949/815 874/948/814 842/914/781
f 872/950/816 873/949/815 841/915/782
f 839/917/784 871/982/817 872/950/816
f 838/918/785 870/983/847 871/951/817
f 869/953/818 870/983/847 838/918/785
f 868/954/819 869/953/818 837/920/786
f 867/955/820 868/954/819 836/921/787
f 866/956/821 867/955/820 835/922/788
f 833/924/790 865/958/823 866/956/821
f 832/957/822 864/990/853 865/958/823
f 863/959/824 864/990/853 832/957/822
f 830/926/792 862/960/825 863/959/824
f 829/929/795 861/962/827 862/960/825
f 924/961/826 893/994/857 861/962/827
f 923/963/828 924/961/826 892/928/794
f 922/964/829 923/963/828 891/930/796
f 889/933/799 921/998/861 922/964/829
f 920/965/830 921/998/861 889/933/799
f 887/966/831 919/967/832 920/965/830
f 886/935/801 918/968/833 919/967/832
f 885/936/802 917/1003/866 918/968/833
f 916/969/834 917/1003/866 885/936/802
f 915/971/836 916/969/834 884/970/835
f 914/972/837 915/971/836 883/938/804
f 913/973/838 914/972/837 882/939/805
f 880/940/806 912/975/840 913/973/838
f 879/941/807 911/1010/873 912/975/840
f 910/976/841 911/1010/873 879/941/807
f 877/944/810 909/1013/876 910/976/841
f 908/977/842 909/1013/876 877/944/810
f 875/946/812 907/978/843 908/977/842
f 874/948/814 906/1017/880 907/978/843
f 905/979/844 906/1017/880 874/948/814
f 904/980/845 905/979/844 873/949/815
f 903/981/846 904/980/845 872/950/816
f 870/983/847 902/1020/883 903/984/846
f 901/985/848 902/1020/883 870/983/847
f 900/986/849 901/985/848 869/953/818
f 867/955/820 899/987/850 900/986/849
f 866/956/821 898/1025/888 899/987/850
f 897/988/851 898/1025/888 866/956/821
f 896/989/852 897/988/851 865/958/823
f 895/991/854 896/989/852 864/990/853
f 894/992/855 895/991/854 863/959/824
f 861/962/827 893/994/857 894/992/855
f 924/961/826 956/1130/990 925/993/856
f 955/995/858 956/1130/990 924/961/826
f 954/996/859 955/995/858 923/963/828
f 953/997/860 954/996/859 922/964/829
f 952/999/862 953/997/860 921/998/861
f 951/1000/863 952/999/862 920/965/830
f 950/1001/864 951/1000/863 919/967/832
f 949/1002/865 950/1001/864 918/968/833
f 948/1004/867 949/1002/865 917/1003/866
f 947/1005/868 948/1004/867 916/969/834
f 946/1006/869 947/1005/868 915/971/836
f 945/1007/870 946/1006/869 914/972/837
f 944/1008/871 945/1007/870 913/973/838
f 943/1009/872 944/1008/871 912/975/840
f 942/1011/874 943/1009/872 911/1010/873
f 941/1012/875 942/1011/874 910/976/841
f 940/1014/877 941/1012/875 909/1013/876
f 939/1015/878 940/1014/877 908/977/842
f 938/1016/879 939/1015/878 907/978/843
f 905/979/844 937/1018/881 938/1016/879
f 904/980/845 936/1019/882 937/1018/881
f 903/981/846 935/1121/884 936/1019/882
f 902/1020/883 934/1125/985 935/1021/884
f 933/1022/885 934/1125/985 902/1020/883
f 932/1023/886 933/1022/885 901/985/848
f 899/987/850 931/1128/988 932/1023/886
f 930/1024/887 931/1128/988 899/987/850
f 929/1026/889 930/1024/887 898/1025/888
f 896/989/852 928/1027/890 929/1026/889
f 895/991/854 927/1070/932 928/1027/890
f 926/1028/891 927/1070/932 895/991/854
f 925/993/856 926/1028/891 894/992/855
f 986/1029/892 987/1037/900 1047/1030/893
f 961/1032/895 995/1039/902 993/1033/896
f 943/1009/872 1024/1092/954 1026/1035/898
f 988/1036/899 1049/1042/905 1047/1030/893
f 961/1032/895 962/1043/906 997/1038/901
f 944/1008/871 1026/1035/898 1028/1040/903
f 988/1036/899 957/1114/975 1052/1041/904
f 962/1043/906 963/1047/910 999/1044/907
f 945/1007/870 1028/1040/903 1030/1045/908
f 964/1046/909 1001/1050/913 999/1044/907
f 947/1005/868 946/1006/869 1030/1045/908
f 965/1049/912 1003/1053/916 1001/1050/913
f 947/1005/868 1032/1048/911 1034/1051/914
f 966/1052/915 1005/1056/919 1003/1053/916
f 948/1004/867 1034/1051/914 1036/1054/917
f 967/1055/918 1007/3747/922 1005/1056/919
f 950/1001/864 949/1002/865 1036/1054/917
f 968/1058/921 1009/1063/925 1007/1059/922
f 950/1001/864 1038/1057/920 1040/1061/923
f 968/1058/921 969/1066/928 1011/1062/924
f 952/999/862 951/1000/863 1040/1061/923
f 925/993/856 1051/1081/943 990/1065/927
f 969/1066/928 970/1071/933 1013/1067/929
f 952/999/862 1042/1064/926 1044/1068/930
f 926/1028/891 990/1065/927 992/1069/931
f 970/1071/933 971/1076/938 1015/1072/934
f 954/996/859 953/997/860 1044/1068/930
f 927/1070/932 992/1069/931 994/1074/936
f 972/1075/937 1017/1080/942 1015/1072/934
f 955/995/858 954/996/859 1046/1073/935
f 928/1027/890 994/1074/936 996/1078/940
f 972/1075/937 973/1131/991 1019/1079/941
f 1049/1042/905 1052/1041/904 1051/1081/943
f 1047/1030/893 1049/1042/905 1050/1082/944
f 1046/1073/935 1045/1031/894 1047/1030/893
f 1043/1083/945 1045/1031/894 1046/1073/935
f 1041/1084/946 1043/1083/945 1044/1068/930
f 1039/1085/947 1041/1084/946 1042/1064/926
f 1038/1057/920 1037/1086/948 1039/1085/947
f 1036/1054/917 1035/1117/978 1037/1086/948
f 1033/1087/949 1035/1117/978 1036/1054/917
f 1032/1048/911 1031/1088/950 1033/1087/949
f 1030/1045/908 1029/1123/983 1031/1088/950
f 1027/1089/951 1029/1123/983 1030/1045/908
f 1025/1090/952 1027/1089/951 1028/1040/903
f 1023/1091/953 1025/1090/952 1026/1035/898
f 1021/1093/955 1023/1091/953 1024/1092/954
f 1019/1079/941 1021/1093/955 1022/1094/956
f 1018/1096/958 1017/1080/942 1019/1079/941
f 1015/1072/934 1017/1080/942 1018/1096/958
f 1013/1067/929 1015/1072/934 1016/1097/959
f 1012/1099/961 1011/1062/924 1013/1067/929
f 1009/1063/925 1011/1062/924 1012/1099/961
f 1007/1059/922 1009/1063/925 1010/1100/962
f 1005/1056/919 1007/3747/922 1008/1102/963
f 1003/1053/916 1005/1056/919 1006/1103/964
f 1001/1050/913 1003/1053/916 1004/1104/965
f 999/1044/907 1001/1050/913 1002/1105/966
f 998/1107/968 997/1038/901 999/1044/907
f 996/1078/940 995/1039/902 997/1038/901
f 993/1033/896 995/1039/902 996/1078/940
f 991/1108/969 993/1033/896 994/1074/936
f 989/1109/970 991/1108/969 992/1069/931
f 1052/1041/904 989/1109/970 990/1065/927
f 942/1011/874 1022/1094/956 1024/1092/954
f 960/1034/897 993/1033/896 991/1108/969
f 986/1029/892 1045/1031/894 1043/1083/945
f 942/1011/874 941/1012/875 1020/1095/957
f 959/1110/971 991/1108/969 989/1109/970
f 985/1111/972 1043/1083/945 1041/1084/946
f 940/1014/877 1018/1096/958 1020/1095/957
f 958/1112/973 989/1109/970 1052/1041/904
f 984/1113/974 1041/1084/946 1039/1085/947
f 940/1014/877 939/1015/878 1016/1097/959
f 982/1116/977 983/1115/976 1039/1085/947
f 938/1016/879 1014/1098/960 1016/1097/959
f 982/1116/977 1037/1086/948 1035/1117/978
f 938/1016/879 937/1018/881 1012/1099/961
f 981/1118/979 1035/1117/978 1033/1087/949
f 936/1019/882 1010/1100/962 1012/1099/961
f 980/1119/980 1033/1087/949 1031/1088/950
f 935/1121/884 1008/1101/963 1010/1100/962
f 978/1122/982 979/1120/981 1031/1088/950
f 935/1021/884 934/1125/985 1006/1103/964
f 977/1124/984 978/1122/982 1029/1123/983
f 934/1125/985 933/1022/885 1004/1104/965
f 977/1124/984 1027/1089/951 1025/1090/952
f 932/1023/886 1002/1105/966 1004/1104/965
f 976/1126/986 1025/1090/952 1023/1091/953
f 931/1128/988 1000/1106/967 1002/1105/966
f 974/1129/989 975/1127/987 1023/1091/953
f 931/1128/988 930/1024/887 998/1107/968
f 956/1130/990 1050/1082/944 1051/1081/943
f 974/1129/989 1021/1093/955 1019/1079/941
f 930/1024/887 929/1026/889 996/1078/940
f 956/1130/990 955/995/858 1048/1077/939
f 1084/1132/992 1053/1159/1019 957/1114/975
f 1083/1133/993 1084/1132/992 988/1036/899
f 1082/1134/994 1083/1133/993 987/1037/900
f 1081/1135/995 1082/1134/994 986/1029/892
f 1080/1136/996 1081/1135/995 985/1111/972
f 1079/1137/997 1080/1136/996 984/1113/974
f 1078/1138/998 1079/1137/997 983/1115/976
f 981/1118/979 1077/1166/1026 1078/1138/998
f 1076/1139/999 1077/1166/1026 981/1118/979
f 1075/1140/1000 1076/1139/999 980/1119/980
f 1074/1141/1001 1075/1140/1000 979/1120/981
f 977/1124/984 1073/1142/1002 1074/1141/1001
f 976/1126/986 1072/1170/1030 1073/1142/1002
f 1071/1143/1003 1072/1170/1030 976/1126/986
f 1070/1144/1004 1071/1143/1003 975/1127/987
f 1069/1145/1005 1070/1144/1004 974/1129/989
f 1068/1146/1006 1069/1145/1005 973/1131/991
f 1067/1147/1007 1068/1146/1006 972/1075/937
f 970/1071/933 1066/1148/1008 1067/1147/1007
f 969/1066/928 1065/1149/1009 1066/1148/1008
f 968/1058/921 1064/1150/1010 1065/1149/1009
f 967/1060/918 1063/1176/1011 1064/1150/1010
f 966/1052/915 1062/1177/1036 1063/1151/1011
f 1061/1152/1012 1062/1177/1036 966/1052/915
f 1060/1153/1013 1061/1152/1012 965/1049/912
f 1059/1154/1014 1060/1153/1013 964/1046/909
f 1058/1155/1015 1059/1154/1014 963/1047/910
f 961/1032/895 1057/1182/1041 1058/1155/1015
f 1056/1156/1016 1057/1182/1041 961/1032/895
f 1055/1157/1017 1056/1156/1016 960/1034/897
f 1054/1158/1018 1055/1157/1017 959/1110/971
f 1053/1159/1019 1054/1158/1018 958/1112/973
f 1084/1132/992 1116/3748/1045 1085/1160/1020
f 1115/1161/1021 1116/3748/1045 1084/1132/992
f 1082/1134/994 1114/3749/1048 1115/1161/1021
f 1113/1162/1022 1114/3749/1048 1082/1134/994
f 1112/1163/1023 1113/1162/1022 1081/1135/995
f 1111/1164/1024 1112/1163/1023 1080/1136/996
f 1078/1138/998 1110/3750/1052 1111/1164/1024
f 1109/1165/1025 1110/3750/1052 1078/1138/998
f 1076/1139/999 1108/3751/1055 1109/1165/1025
f 1107/1167/1027 1108/3751/1055 1076/1139/999
f 1106/1168/1028 1107/1167/1027 1075/1140/1000
f 1073/1142/1002 1105/3752/1058 1106/1168/1028
f 1104/1169/1029 1105/3752/1058 1073/1142/1002
f 1103/1171/1031 1104/1169/1029 1072/1170/1030
f 1070/1144/1004 1102/3753/1061 1103/1171/1031
f 1101/1172/1032 1102/3753/1061 1070/1144/1004
f 1068/1146/1006 1100/3754/1064 1101/1172/1032
f 1099/1173/1033 1100/3754/1064 1068/1146/1006
f 1098/1174/1034 1099/1173/1033 1067/1147/1007
f 1065/1149/1009 1097/3755/1067 1098/1174/1034
f 1096/1175/1035 1097/3755/1067 1065/1149/1009
f 1063/1176/1011 1095/3756/1037 1096/1175/1035
f 1062/1177/1036 1094/3757/1071 1095/1178/1037
f 1093/1179/1038 1094/3757/1071 1062/1177/1036
f 1060/1153/1013 1092/3758/1074 1093/1179/1038
f 1091/1180/1039 1092/3758/1074 1060/1153/1013
f 1058/1155/1015 1090/3759/1077 1091/1180/1039
f 1089/1181/1040 1090/3759/1077 1058/1155/1015
f 1088/1183/1042 1089/1181/1040 1057/1182/1041
f 1087/1184/1043 1088/1183/1042 1056/1156/1016
f 1054/1158/1018 1086/3760/1081 1087/1184/1043
f 1085/1160/1020 1086/3760/1081 1054/1158/1018
f 1148/1185/1044 1117/1243/1082 1085/1186/1020
f 1147/1188/1046 1148/1185/1044 1116/1187/1045
f 1146/1190/1047 1147/1188/1046 1115/1189/1021
f 1113/1192/1022 1145/1194/1049 1146/1190/1047
f 1112/1193/1023 1144/1196/1050 1145/1194/1049
f 1111/1195/1024 1143/1248/1087 1144/1196/1050
f 1142/1197/1051 1143/1248/1087 1111/1195/1024
f 1141/1199/1053 1142/1197/1051 1110/1198/1052
f 1140/1201/1054 1141/1199/1053 1109/1200/1025
f 1139/1203/1056 1140/1201/1054 1108/1202/1055
f 1138/1205/1057 1139/1203/1056 1107/1204/1027
f 1105/1207/1058 1137/1253/1092 1138/1205/1057
f 1136/1208/1059 1137/1253/1092 1105/1207/1058
f 1103/1210/1031 1135/1255/1094 1136/1208/1059
f 1134/1211/1060 1135/1255/1094 1103/1210/1031
f 1133/1213/1062 1134/1211/1060 1102/1212/1061
f 1132/1215/1063 1133/1213/1062 1101/1214/1032
f 1099/1217/1033 1131/1219/1065 1132/1215/1063
f 1098/1218/1034 1130/1261/1100 1131/1219/1065
f 1129/1220/1066 1130/1261/1100 1098/1218/1034
f 1128/1222/1068 1129/1220/1066 1097/1221/1067
f 1127/1224/1069 1128/1222/1068 1096/1223/1035
f 1126/1226/1070 1127/1224/1069 1095/1225/1037
f 1125/1228/1072 1126/1226/1070 1094/1227/1071
f 1124/1230/1073 1125/1228/1072 1093/1229/1038
f 1123/1232/1075 1124/1230/1073 1092/1231/1074
f 1122/1234/1076 1123/1232/1075 1091/1233/1039
f 1089/1236/1040 1121/1267/1106 1122/1234/1076
f 1120/1237/1078 1121/1267/1106 1089/1236/1040
f 1119/1239/1079 1120/1237/1078 1088/1238/1042
f 1118/1241/1080 1119/1239/1079 1087/1240/1043
f 1117/1243/1082 1118/1241/1080 1086/1242/1081
f 1180/1244/1083 1149/1270/1109 1117/1243/1082
f 1147/1188/1046 1179/1272/1111 1180/1244/1083
f 1178/1245/1084 1179/1272/1111 1147/1188/1046
f 1145/1194/1049 1177/1274/1113 1178/1245/1084
f 1176/1246/1085 1177/1274/1113 1145/1194/1049
f 1175/1247/1086 1176/1246/1085 1144/1196/1050
f 1174/1249/1088 1175/1247/1086 1143/1248/1087
f 1173/1250/1089 1174/1249/1088 1142/1197/1051
f 1172/1251/1090 1173/1250/1089 1141/1199/1053
f 1139/1203/1056 1171/1280/1119 1172/1251/1090
f 1170/1252/1091 1171/1280/1119 1139/1203/1056
f 1137/1253/1092 1169/1282/1121 1170/1252/1091
f 1168/1254/1093 1169/1282/1121 1137/1253/1092
f 1135/1255/1094 1167/1285/1124 1168/1254/1093
f 1166/1256/1095 1167/1285/1124 1135/1255/1094
f 1165/1257/1096 1166/1256/1095 1134/1211/1060
f 1164/1258/1097 1165/1257/1096 1133/1213/1062
f 1163/1259/1098 1164/1258/1097 1132/1215/1063
f 1162/1260/1099 1163/1259/1098 1131/1219/1065
f 1161/1262/1101 1162/1260/1099 1130/1261/1100
f 1128/1222/1068 1160/1292/1131 1161/1262/1101
f 1159/1263/1102 1160/1292/1131 1128/1222/1068
f 1126/1226/1070 1158/1295/1134 1159/1263/1102
f 1157/1264/1103 1158/1295/1134 1126/1226/1070
f 1156/1265/1104 1157/1264/1103 1125/1228/1072
f 1123/1232/1075 1155/1297/1136 1156/1265/1104
f 1154/1266/1105 1155/1297/1136 1123/1232/1075
f 1121/1267/1106 1153/1299/1138 1154/1266/1105
f 1152/1268/1107 1153/1299/1138 1121/1267/1106
f 1119/1239/1079 1151/1301/1140 1152/1268/1107
f 1150/1269/1108 1151/1301/1140 1119/1239/1079
f 1149/1270/1109 1150/1269/1108 1118/1241/1080
f 1212/1271/1110 1181/1303/1142 1149/1270/1109
f 1179/1272/1111 1211/1304/1143 1212/1271/1110
f 1210/1273/1112 1211/1304/1143 1179/1272/1111
f 1177/1274/1113 1209/1305/1144 1210/1273/1112
f 1208/1275/1114 1209/1305/1144 1177/1274/1113
f 1207/1276/1115 1208/1275/1114 1176/1246/1085
f 1206/1277/1116 1207/1276/1115 1175/1247/1086
f 1205/1278/1117 1206/1277/1116 1174/1249/1088
f 1204/1279/1118 1205/1278/1117 1173/1250/1089
f 1171/1280/1119 1203/1306/1145 1204/1279/1118
f 1202/1281/1120 1203/1306/1145 1171/1280/1119
f 1169/1282/1121 1201/1307/1146 1202/1281/1120
f 1200/1283/1122 1201/1307/1146 1169/1282/1121
f 1199/1284/1123 1200/1283/1122 1168/1254/1093
f 1198/1286/1125 1199/1284/1123 1167/1285/1124
f 1165/1257/1096 1197/1287/1126 1198/1286/1125
f 1164/1258/1097 1196/1288/1127 1197/1287/1126
f 1163/1259/1098 1195/1289/1128 1196/1288/1127
f 1162/1260/1099 1194/1308/1147 1195/1289/1128
f 1193/1290/1129 1194/1308/1147 1162/1260/1099
f 1192/1291/1130 1193/1290/1129 1161/1262/1101
f 1191/1293/1132 1192/1291/1130 1160/1292/1131
f 1190/1294/1133 1191/1293/1132 1159/1263/1102
f 1157/1264/1103 1189/1309/1148 1190/1294/1133
f 1188/1296/1135 1189/1309/1148 1157/1264/1103
f 1155/1297/1136 1187/1310/1149 1188/1296/1135
f 1186/1298/1137 1187/1310/1149 1155/1297/1136
f 1153/1299/1138 1185/1311/1150 1186/1298/1137
f 1184/1300/1139 1185/1311/1150 1153/1299/1138
f 1151/1301/1140 1183/1312/1151 1184/1300/1139
f 1182/1302/1141 1183/1312/1151 1151/1301/1140
f 1149/1270/1109 1181/1303/1142 1182/1302/1141
f 1244/383/264 1213/327/208 1181/1303/1142
f 1211/1304/1143 1243/379/260 1244/383/264
f 1242/377/258 1243/379/260 1211/1304/1143
f 1241/375/256 1242/377/258 1210/1273/1112
f 1208/1275/1114 1240/374/255 1241/375/256
f 1239/372/253 1240/374/255 1208/1275/1114
f 1206/1277/1116 1238/370/251 1239/372/253
f 1205/1278/1117 1237/368/249 1238/370/251
f 1236/366/247 1237/368/249 1205/1278/1117
f 1203/1306/1145 1235/364/245 1236/366/247
f 1234/362/243 1235/364/245 1203/1306/1145
f 1233/360/241 1234/362/243 1202/1281/1120
f 1232/359/240 1233/360/241 1201/1307/1146
f 1231/357/238 1232/359/240 1200/1283/1122
f 1198/1286/1125 1230/355/236 1231/357/238
f 1197/1287/1126 1229/353/234 1230/355/236
f 1228/352/233 1229/353/234 1197/1287/1126
f 1227/350/231 1228/352/233 1196/1288/1127
f 1226/348/229 1227/350/231 1195/1289/1128
f 1225/347/228 1226/348/229 1194/1308/1147
f 1192/1291/1130 1224/345/226 1225/347/228
f 1191/1293/1132 1223/343/224 1224/345/226
f 1222/341/222 1223/343/224 1191/1293/1132
f 1189/1309/1148 1221/340/221 1222/341/222
f 1220/338/219 1221/340/221 1189/1309/1148
f 1187/1310/1149 1219/336/217 1220/338/219
f 1218/334/215 1219/336/217 1187/1310/1149
f 1217/333/214 1218/334/215 1186/1298/1137
f 1184/1300/1139 1216/331/212 1217/333/214
f 1183/1312/1151 1215/329/210 1216/331/212
f 1214/326/207 1215/329/210 1183/1312/1151
f 1181/1303/1142 1213/327/208 1214/326/207
f 1256/1313/1152 1288/1383/1222 1289/1314/1153
f 354/1316/1155 1263/1346/1185 1264/1317/1156
f 372/373/254 1272/1347/1186 1273/1318/1157
f 328/335/216 1250/1348/1187 1251/1320/1159
f 346/1322/1161 1259/1349/1188 1260/1323/1162
f 366/369/250 364/367/248 1268/1324/1163
f 322/1326/1165 320/328/209 1246/1327/1166
f 340/344/225 338/381/262 1255/380/261
f 356/358/239 1264/1317/1156 1265/1329/1168
f 376/376/257 374/1319/1158 1273/1318/1157
f 332/337/218 330/1321/1160 1251/1320/1159
f 350/354/235 348/351/232 1260/1323/1162
f 368/371/252 366/369/250 1269/1325/1164
f 324/330/211 322/1326/1165 1247/1328/1167
f 340/344/225 1256/1313/1152 1257/1315/1154
f 360/363/244 358/361/242 1265/1329/1168
f 376/376/257 1274/1330/1169 1275/1336/1175
f 332/337/218 1252/1331/1170 1253/1337/1176
f 350/354/235 1261/1332/1171 1262/1338/1177
f 368/371/252 1270/1333/1172 1271/1339/1178
f 324/330/211 1248/1334/1173 1249/1341/1180
f 344/349/230 342/346/227 1257/1315/1154
f 362/365/246 360/363/244 1266/1335/1174
f 378/378/259 1275/1336/1175 1276/1344/1183
f 336/342/223 334/339/220 1253/1337/1176
f 352/356/237 1262/1338/1177 1263/1346/1185
f 370/1340/1179 1271/1339/1178 1272/1347/1186
f 328/335/216 326/332/213 1249/1341/1180
f 344/349/230 1258/1342/1181 1259/1349/1188
f 318/325/206 1245/1350/1189 1246/1327/1166
f 362/365/246 1267/1343/1182 1268/1324/1163
f 318/325/206 380/382/263 1276/1344/1183
f 1292/1351/1190 1291/1358/1197 1323/1352/1191
f 1271/1339/1178 1270/1333/1172 1302/1354/1193
f 1257/1315/1154 1289/1314/1153 1290/1356/1195
f 1272/1347/1186 1271/1339/1178 1303/1355/1194
f 1258/1342/1181 1290/1356/1195 1291/1358/1197
f 1245/1350/1189 1277/1371/1210 1278/1359/1198
f 1272/1347/1186 1304/1357/1196 1305/1360/1199
f 1259/1349/1188 1291/1358/1197 1292/1351/1190
f 1246/1327/1166 1278/1359/1198 1279/1361/1200
f 1273/1318/1157 1305/1360/1199 1306/1362/1201
f 1261/1332/1171 1260/1323/1162 1292/1351/1190
f 1248/1334/1173 1247/1328/1167 1279/1361/1200
f 1274/1330/1169 1306/1362/1201 1307/1365/1204
f 1261/1332/1171 1293/1363/1202 1294/1366/1205
f 1249/1341/1180 1248/1334/1173 1280/1364/1203
f 1275/1336/1175 1307/1365/1204 1308/1368/1207
f 1262/1338/1177 1294/1366/1205 1295/1369/1208
f 1250/1348/1187 1249/1341/1180 1281/1367/1206
f 1245/1350/1189 1276/1344/1183 1308/1368/1207
f 1263/1346/1185 1295/1369/1208 1296/1372/1211
f 1250/1348/1187 1282/1370/1209 1283/1373/1212
f 1265/1329/1168 1264/1317/1156 1296/1372/1211
f 1252/1331/1170 1251/1320/1159 1283/1373/1212
f 1265/1329/1168 1297/1374/1213 1298/1376/1215
f 1253/1337/1176 1252/1331/1170 1284/1375/1214
f 1266/1335/1174 1298/1376/1215 1299/1378/1217
f 1253/1337/1176 1285/1377/1216 1286/1379/1218
f 1267/1343/1182 1299/1378/1217 1300/1380/1219
f 1255/380/261 1254/1345/1184 1286/1379/1218
f 1269/1325/1164 1268/1324/1163 1300/1380/1219
f 1255/380/261 1287/1381/1220 1288/1383/1222
f 1269/1325/1164 1301/1382/1221 1302/1354/1193
f 1326/1384/1223 1358/1445/1284 1359/1385/1224
f 1278/1359/1198 1310/1413/1252 1311/1387/1226
f 1305/1360/1199 1337/1414/1253 1338/1388/1227
f 1292/1351/1190 1324/1353/1192 1325/1389/1228
f 1280/1364/1203 1279/1361/1200 1311/1387/1226
f 1306/1362/1201 1338/1388/1227 1339/1391/1230
f 1293/1363/1202 1325/1389/1228 1326/1384/1223
f 1280/1364/1203 1312/1390/1229 1313/1392/1231
f 1307/1365/1204 1339/1391/1230 1340/1393/1232
f 1294/1366/1205 1326/1384/1223 1327/1386/1225
f 1282/1370/1209 1281/1367/1206 1313/1392/1231
f 1308/1368/1207 1340/1393/1232 1309/1395/1234
f 1295/1369/1208 1327/1386/1225 1328/1396/1235
f 1282/1370/1209 1314/1394/1233 1315/1397/1236
f 1296/1372/1211 1328/1396/1235 1329/1398/1237
f 1284/1375/1214 1283/1373/1212 1315/1397/1236
f 1297/1374/1213 1329/1398/1237 1330/1400/1239
f 1285/1377/1216 1284/1375/1214 1316/1399/1238
f 1298/1376/1215 1330/1400/1239 1331/1402/1241
f 1285/1377/1216 1317/1401/1240 1318/1403/1242
f 1300/1380/1219 1299/1378/1217 1331/1402/1241
f 1286/1379/1218 1318/1403/1242 1319/1405/1244
f 1300/1380/1219 1332/1404/1243 1333/1406/1245
f 1287/1381/1220 1319/1405/1244 1320/1407/1246
f 1301/1382/1221 1333/1406/1245 1334/1408/1247
f 1288/1383/1222 1320/1407/1246 1321/1409/1248
f 1302/1354/1193 1334/1408/1247 1335/1410/1249
f 1290/1356/1195 1289/1314/1153 1321/1409/1248
f 1304/1357/1196 1303/1355/1194 1335/1410/1249
f 1290/1356/1195 1322/1411/1250 1323/1352/1191
f 1277/1371/1210 1309/1395/1234 1310/1413/1252
f 1305/1360/1199 1304/1357/1196 1336/1412/1251
f 1361/1415/1254 1393/1479/1318 1394/1416/1255
f 1314/1394/1233 1313/1392/1231 1345/1418/1257
f 1340/1393/1232 1372/1446/1285 1341/1420/1259
f 1327/1386/1225 1359/1385/1224 1360/1421/1260
f 1314/1394/1233 1346/1419/1258 1347/1422/1261
f 1328/1396/1235 1360/1421/1260 1361/1415/1254
f 1316/1399/1238 1315/1397/1236 1347/1422/1261
f 1330/1400/1239 1329/1398/1237 1361/1415/1254
f 1317/1401/1240 1316/1399/1238 1348/1423/1262
f 1331/1402/1241 1330/1400/1239 1362/1417/1256
f 1317/1401/1240 1349/1424/1263 1350/1426/1265
f 1331/1402/1241 1363/1425/1264 1364/1427/1266
f 1318/1403/1242 1350/1426/1265 1351/1428/1267
f 1332/1404/1243 1364/1427/1266 1365/1429/1268
f 1319/1405/1244 1351/1428/1267 1352/1430/1269
f 1333/1406/1245 1365/1429/1268 1366/1431/1270
f 1320/1407/1246 1352/1430/1269 1353/1432/1271
f 1334/1408/1247 1366/1431/1270 1367/1433/1272
f 1322/1411/1250 1321/1409/1248 1353/1432/1271
f 1336/1412/1251 1335/1410/1249 1367/1433/1272
f 1322/1411/1250 1354/1434/1273 1355/1436/1275
f 1310/1413/1252 1309/1395/1234 1341/1420/1259
f 1336/1412/1251 1368/1435/1274 1369/1438/1277
f 1324/1353/1192 1323/1352/1191 1355/1436/1275
f 1310/1413/1252 1342/1437/1276 1343/1440/1279
f 1337/1414/1253 1369/1438/1277 1370/1441/1280
f 1324/1353/1192 1356/1439/1278 1357/1442/1281
f 1311/1387/1226 1343/1440/1279 1344/1443/1282
f 1338/1388/1227 1370/1441/1280 1371/1444/1283
f 1325/1389/1228 1357/1442/1281 1358/1445/1284
f 1312/1390/1229 1344/1443/1282 1345/1418/1257
f 1340/1393/1232 1339/1391/1230 1371/1444/1283
f 1397/1447/1286 1396/1454/1293 1428/1448/1287
f 1349/1424/1263 1348/1423/1262 1380/1450/1289
f 1363/1425/1264 1362/1417/1256 1394/1416/1255
f 1349/1424/1263 1381/1451/1290 1382/1453/1292
f 1363/1425/1264 1395/1452/1291 1396/1454/1293
f 1350/1426/1265 1382/1453/1292 1383/1455/1294
f 1365/1429/1268 1364/1427/1266 1396/1454/1293
f 1351/1428/1267 1383/1455/1294 1384/1456/1295
f 1365/1429/1268 1397/1447/1286 1398/1457/1296
f 1352/1430/1269 1384/1456/1295 1385/1458/1297
f 1366/1431/1270 1398/1457/1296 1399/1459/1298
f 1354/1434/1273 1353/1432/1271 1385/1458/1297
f 1368/1435/1274 1367/1433/1272 1399/1459/1298
f 1354/1434/1273 1386/1460/1299 1387/1462/1301
f 1341/1420/1259 1373/1476/1315 1374/1463/1302
f 1368/1435/1274 1400/1461/1300 1401/1464/1303
f 1356/1439/1278 1355/1436/1275 1387/1462/1301
f 1342/1437/1276 1374/1463/1302 1375/1466/1305
f 1369/1438/1277 1401/1464/1303 1402/1467/1306
f 1356/1439/1278 1388/1465/1304 1389/1468/1307
f 1343/1440/1279 1375/1466/1305 1376/1469/1308
f 1371/1444/1283 1370/1441/1280 1402/1467/1306
f 1357/1442/1281 1389/1468/1307 1390/1471/1310
f 1344/1443/1282 1376/1469/1308 1377/1472/1311
f 1372/1446/1285 1371/1444/1283 1403/1470/1309
f 1358/1445/1284 1390/1471/1310 1391/1474/1313
f 1346/1419/1258 1345/1418/1257 1377/1472/1311
f 1341/1420/1259 1372/1446/1285 1404/1473/1312
f 1359/1385/1224 1391/1474/1313 1392/1477/1316
f 1346/1419/1258 1378/1475/1314 1379/1478/1317
f 1361/1415/1254 1360/1421/1260 1392/1477/1316
f 1347/1422/1261 1379/1478/1317 1380/1450/1289
f 1431/1480/1319 1463/1543/1382 1464/1481/1320
f 1383/1455/1294 1415/1510/1349 1416/1483/1322
f 1397/1447/1286 1429/1449/1288 1430/1484/1323
f 1384/1456/1295 1416/1483/1322 1417/1485/1324
f 1399/1459/1298 1398/1457/1296 1430/1484/1323
f 1386/1460/1299 1385/1458/1297 1417/1485/1324
f 1399/1459/1298 1431/1480/1319 1432/1482/1321
f 1386/1460/1299 1418/1486/1325 1419/1487/1326
f 1373/1476/1315 1405/1501/1340 1406/1488/1327
f 1400/1461/1300 1432/1482/1321 1433/1489/1328
f 1387/1462/1301 1419/1487/1326 1420/1490/1329
f 1375/1466/1305 1374/1463/1302 1406/1488/1327
f 1402/1467/1306 1401/1464/1303 1433/1489/1328
f 1389/1468/1307 1388/1465/1304 1420/1490/1329
f 1376/1469/1308 1375/1466/1305 1407/1491/1330
f 1402/1467/1306 1434/1492/1331 1435/1495/1334
f 1389/1468/1307 1421/1493/1332 1422/1496/1335
f 1376/1469/1308 1408/1494/1333 1409/1497/1336
f 1403/1470/1309 1435/1495/1334 1436/1498/1337
f 1390/1471/1310 1422/1496/1335 1423/1499/1338
f 1378/1475/1314 1377/1472/1311 1409/1497/1336
f 1373/1476/1315 1404/1473/1312 1436/1498/1337
f 1392/1477/1316 1391/1474/1313 1423/1499/1338
f 1378/1475/1314 1410/1500/1339 1411/1503/1342
f 1392/1477/1316 1424/1502/1341 1425/1504/1343
f 1379/1478/1317 1411/1503/1342 1412/1505/1344
f 1394/1416/1255 1393/1479/1318 1425/1504/1343
f 1381/1451/1290 1380/1450/1289 1412/1505/1344
f 1395/1452/1291 1394/1416/1255 1426/1506/1345
f 1381/1451/1290 1413/1507/1346 1414/1509/1348
f 1395/1452/1291 1427/1508/1347 1428/1448/1287
f 1383/1455/1294 1382/1453/1292 1414/1509/1348
f 1467/1511/1350 1466/1520/1359 1498/1512/1351
f 1419/1487/1326 1418/1486/1325 1450/1514/1353
f 1405/1501/1340 1438/1528/1367 1437/1516/1355
f 1432/1482/1321 1464/1481/1320 1465/1517/1356
f 1420/1490/1329 1419/1487/1326 1451/1515/1354
f 1406/1488/1327 1437/1516/1355 1439/1519/1358
f 1433/1489/1328 1465/1517/1356 1466/1520/1359
f 1420/1490/1329 1452/1518/1357 1453/1521/1360
f 1407/1491/1330 1439/1519/1358 1440/1522/1361
f 1435/1495/1334 1434/1492/1331 1466/1520/1359
f 1421/1493/1332 1453/1521/1360 1454/1523/1362
f 1408/1494/1333 1440/1522/1361 1441/1524/1363
f 1436/1498/1337 1435/1495/1334 1467/1511/1350
f 1422/1496/1335 1454/1523/1362 1455/1526/1365
f 1410/1500/1339 1409/1497/1336 1441/1524/1363
f 1405/1501/1340 1436/1498/1337 1468/1525/1364
f 1424/1502/1341 1423/1499/1338 1455/1526/1365
f 1410/1500/1339 1442/1527/1366 1443/1530/1369
f 1424/1502/1341 1456/1529/1368 1457/1531/1370
f 1411/1503/1342 1443/1530/1369 1444/1532/1371
f 1425/1504/1343 1457/1531/1370 1458/1533/1372
f 1412/1505/1344 1444/1532/1371 1445/1534/1373
f 1426/1506/1345 1458/1533/1372 1459/1535/1374
f 1413/1507/1346 1445/1534/1373 1446/1536/1375
f 1427/1508/1347 1459/1535/1374 1460/1537/1376
f 1414/1509/1348 1446/1536/1375 1447/1538/1377
f 1429/1449/1288 1428/1448/1287 1460/1537/1376
f 1416/1483/1322 1415/1510/1349 1447/1538/1377
f 1429/1449/1288 1461/1539/1378 1462/1541/1380
f 1416/1483/1322 1448/1540/1379 1449/1542/1381
f 1431/1480/1319 1430/1484/1323 1462/1541/1380
f 1418/1486/1325 1417/1485/1324 1449/1542/1381
f 1488/1544/1383 1520/1606/1445 1521/1545/1384
f 1453/1521/1360 1485/1573/1412 1486/1547/1386
f 1440/1522/1361 1472/1574/1413 1473/1548/1387
f 1468/1525/1364 1467/1511/1350 1499/1513/1352
f 1454/1523/1362 1486/1547/1386 1487/1550/1389
f 1441/1524/1363 1473/1548/1387 1474/1551/1390
f 1438/1528/1367 1468/1525/1364 1500/1549/1388
f 1456/1529/1368 1455/1526/1365 1487/1550/1389
f 1442/1527/1366 1474/1551/1390 1475/1553/1392
f 1457/1531/1370 1456/1529/1368 1488/1544/1383
f 1444/1532/1371 1443/1530/1369 1475/1553/1392
f 1457/1531/1370 1489/1546/1385 1490/1555/1394
f 1445/1534/1373 1444/1532/1371 1476/1554/1393
f 1458/1533/1372 1490/1555/1394 1491/1557/1396
f 1445/1534/1373 1477/1556/1395 1478/1558/1397
f 1460/1537/1376 1459/1535/1374 1491/1557/1396
f 1446/1536/1375 1478/1558/1397 1479/1560/1399
f 1461/1539/1378 1460/1537/1376 1492/1559/1398
f 1447/1538/1377 1479/1560/1399 1480/1562/1401
f 1461/1539/1378 1493/1561/1400 1494/1563/1402
f 1448/1540/1379 1480/1562/1401 1481/1564/1403
f 1462/1541/1380 1494/1563/1402 1495/1565/1404
f 1449/1542/1381 1481/1564/1403 1482/1566/1405
f 1463/1543/1382 1495/1565/1404 1496/1567/1406
f 1450/1514/1353 1482/1566/1405 1483/1568/1407
f 1438/1528/1367 1470/1552/1391 1469/1569/1408
f 1464/1481/1320 1496/1567/1406 1497/1570/1409
f 1452/1518/1357 1451/1515/1354 1483/1568/1407
f 1439/1519/1358 1437/1516/1355 1469/1569/1408
f 1465/1517/1356 1497/1570/1409 1498/1512/1351
f 1453/1521/1360 1452/1518/1357 1484/1571/1410
f 1439/1519/1358 1471/1572/1411 1472/1574/1413
f 1524/1575/1414 1523/1581/1420 1555/1576/1415
f 1475/1553/1392 1507/1607/1446 1508/1578/1417
f 1490/1555/1394 1489/1546/1385 1521/1545/1384
f 1476/1554/1393 1508/1578/1417 1509/1580/1419
f 1490/1555/1394 1522/1579/1418 1523/1581/1420
f 1477/1556/1395 1509/1580/1419 1510/1582/1421
f 1491/1557/1396 1523/1581/1420 1524/1575/1414
f 1478/1558/1397 1510/1582/1421 1511/1583/1422
f 1492/1559/1398 1524/1575/1414 1525/1584/1423
f 1480/1562/1401 1479/1560/1399 1511/1583/1422
f 1493/1561/1400 1525/1584/1423 1526/1586/1425
f 1481/1564/1403 1480/1562/1401 1512/1585/1424
f 1494/1563/1402 1526/1586/1425 1527/1588/1427
f 1481/1564/1403 1513/1587/1426 1514/1589/1428
f 1496/1567/1406 1495/1565/1404 1527/1588/1427
f 1483/1568/1407 1482/1566/1405 1514/1589/1428
f 1470/1552/1391 1502/1605/1444 1501/1592/1431
f 1497/1570/1409 1496/1567/1406 1528/1590/1429
f 1483/1568/1407 1515/1591/1430 1516/1594/1433
f 1471/1572/1411 1469/1569/1408 1501/1592/1431
f 1497/1570/1409 1529/1593/1432 1530/1596/1435
f 1484/1571/1410 1516/1594/1433 1517/1597/1436
f 1472/1574/1413 1471/1572/1411 1503/1595/1434
f 1498/1512/1351 1530/1596/1435 1531/1599/1438
f 1486/1547/1386 1485/1573/1412 1517/1597/1436
f 1473/1548/1387 1472/1574/1413 1504/1598/1437
f 1499/1513/1352 1531/1599/1438 1532/1602/1441
f 1486/1547/1386 1518/1600/1439 1519/1603/1442
f 1473/1548/1387 1505/1601/1440 1506/1604/1443
f 1500/1549/1388 1532/1602/1441 1502/1605/1444
f 1487/1550/1389 1519/1603/1442 1520/1606/1445
f 1475/1553/1392 1474/1551/1390 1506/1604/1443
f 1558/1608/1447 1590/1701/1508 1591/1609/1448
f 1510/1582/1421 1542/1640/1477 1543/1611/1450
f 1524/1575/1414 1556/1577/1416 1557/1612/1451
f 1511/1583/1422 1543/1611/1450 1544/1613/1452
f 1526/1586/1425 1525/1584/1423 1557/1612/1451
f 1513/1587/1426 1512/1585/1424 1544/1613/1452
f 1526/1586/1425 1558/1614/1447 1559/1616/1449
f 1513/1587/1426 1545/1615/1453 1546/1617/1454
f 1527/1588/1427 1559/1616/1449 1560/1618/1455
f 1514/1589/1428 1546/1617/1454 1547/1619/1456
f 1502/1605/1444 1534/1633/1470 1533/1620/1457
f 1528/1590/1429 1560/1618/1455 1561/1621/1458
f 1515/1591/1430 1547/1619/1456 1548/1622/1459
f 1503/1595/1434 1501/1592/1431 1533/1620/1457
f 1529/1593/1432 1561/1621/1458 1562/1624/1461
f 1517/1597/1436 1516/1594/1433 1548/1622/1459
f 1503/1595/1434 1535/1623/1460 1536/1626/1463
f 1531/1599/1438 1530/1596/1435 1562/1624/1461
f 1517/1597/1436 1549/1625/1462 1550/1628/1465
f 1505/1601/1440 1504/1598/1437 1536/1626/1463
f 1531/1599/1438 1563/1627/1464 1564/1630/1467
f 1518/1600/1439 1550/1628/1465 1551/1631/1468
f 1505/1601/1440 1537/1629/1466 1538/1632/1469
f 1502/1605/1444 1532/1602/1441 1564/1630/1467
f 1519/1603/1442 1551/1631/1468 1552/1634/1471
f 1506/1604/1443 1538/1632/1469 1539/1635/1472
f 1520/1606/1445 1552/1634/1471 1553/1636/1473
f 1507/1607/1446 1539/1635/1472 1540/1637/1474
f 1521/1545/1384 1553/1636/1473 1554/1638/1475
f 1508/1578/1417 1540/1637/1474 1541/1639/1476
f 1523/1581/1420 1522/1579/1418 1554/1638/1475
f 1509/1580/1419 1541/1639/1476 1542/1640/1477
f 1565/1641/1478 1597/1732/1539 1599/1642/1479
f 1545/1644/1453 1577/1702/1509 1578/1645/1481
f 1560/1647/1455 1559/1610/1449 1591/1609/1448
f 1546/1646/1454 1578/1645/1481 1579/1649/1483
f 1533/1651/1457 1534/1676/1470 1566/1652/1484
f 1561/1653/1458 1560/1647/1455 1592/1648/1482
f 1547/1650/1456 1579/1649/1483 1580/1655/1486
f 1535/1657/1460 1533/1651/1457 1565/1641/1478
f 1561/1653/1458 1593/1654/1485 1594/1658/1487
f 1548/1656/1459 1580/1655/1486 1581/1660/1488
f 1536/1662/1463 1535/1657/1460 1567/1643/1480
f 1563/1664/1464 1562/1659/1461 1594/1658/1487
f 1549/1661/1462 1581/1660/1488 1582/1666/1491
f 1537/1668/1466 1536/1662/1463 1568/1663/1489
f 1563/1664/1464 1595/1665/1490 1596/1670/1493
f 1551/1672/1468 1550/1667/1465 1582/1666/1491
f 1537/1668/1466 1569/1669/1492 1570/1674/1495
f 1564/1671/1467 1596/1670/1493 1566/1652/1484
f 1552/1677/1471 1551/1672/1468 1583/1673/1494
f 1539/1679/1472 1538/1675/1469 1570/1674/1495
f 1553/1681/1473 1552/1677/1471 1584/1678/1496
f 1539/1679/1472 1571/1680/1497 1572/1683/1499
f 1553/1681/1473 1585/1682/1498 1586/1685/1500
f 1540/1684/1474 1572/1683/1499 1573/1687/1501
f 1554/1686/1475 1586/1685/1500 1587/1689/1502
f 1542/1691/1477 1541/1688/1476 1573/1687/1501
f 1556/1693/1416 1555/1690/1415 1587/1689/1502
f 1542/1691/1477 1574/1692/1503 1575/1695/1505
f 1556/1693/1416 1588/1694/1504 1589/1697/1506
f 1544/1699/1452 1543/1696/1450 1575/1695/1505
f 1558/1608/1447 1557/1698/1451 1589/1697/1506
f 1545/1644/1453 1544/1699/1452 1576/1700/1507
f 1601/1703/1510 1633/1764/1571 1634/1704/1511
f 1593/1654/1485 1625/1733/1540 1626/1706/1513
f 1580/1655/1486 1612/1734/1541 1613/1707/1514
f 1567/1643/1480 1599/1642/1479 1600/1708/1515
f 1594/1658/1487 1626/1706/1513 1627/1709/1516
f 1582/1666/1491 1581/1660/1488 1613/1707/1514
f 1569/1669/1492 1568/1663/1489 1600/1708/1515
f 1595/1665/1490 1627/1709/1516 1628/1711/1518
f 1583/1673/1494 1582/1666/1491 1614/1710/1517
f 1569/1669/1492 1601/1703/1510 1602/1705/1512
f 1596/1670/1493 1628/1711/1518 1598/1713/1520
f 1583/1673/1494 1615/1712/1519 1616/1714/1521
f 1571/1680/1497 1570/1674/1495 1602/1705/1512
f 1584/1678/1496 1616/1714/1521 1617/1716/1523
f 1571/1680/1497 1603/1715/1522 1604/1717/1524
f 1585/1682/1498 1617/1716/1523 1618/1718/1525
f 1572/1683/1499 1604/1717/1524 1605/1719/1526
f 1586/1685/1500 1618/1718/1525 1619/1720/1527
f 1574/1692/1503 1573/1687/1501 1605/1719/1526
f 1588/1694/1504 1587/1689/1502 1619/1720/1527
f 1574/1692/1503 1606/1721/1528 1607/1723/1530
f 1588/1694/1504 1620/1722/1529 1621/1724/1531
f 1575/1695/1505 1607/1723/1530 1608/1725/1532
f 1590/1701/1508 1589/1697/1506 1621/1724/1531
f 1577/1702/1509 1576/1700/1507 1608/1725/1532
f 1590/1701/1508 1622/1726/1533 1623/1728/1535
f 1577/1702/1509 1609/1727/1534 1610/1729/1536
f 1591/1609/1448 1623/1728/1535 1624/1730/1537
f 1579/1649/1483 1578/1645/1481 1610/1729/1536
f 1565/1641/1478 1566/1652/1484 1598/1713/1520
f 1593/1654/1485 1592/1648/1482 1624/1730/1537
f 1579/1649/1483 1611/1731/1538 1612/1734/1541
f 1636/1735/1542 1668/1797/1604 1669/1736/1543
f 1628/1711/1518 1660/1765/1572 1630/1738/1545
f 1615/1712/1519 1647/1766/1573 1648/1739/1546
f 1603/1715/1522 1602/1705/1512 1634/1704/1511
f 1616/1714/1521 1648/1739/1546 1649/1741/1548
f 1604/1717/1524 1603/1715/1522 1635/1740/1547
f 1617/1716/1523 1649/1741/1548 1650/1742/1549
f 1604/1717/1524 1636/1735/1542 1637/1737/1544
f 1618/1718/1525 1650/1742/1549 1651/1743/1550
f 1606/1721/1528 1605/1719/1526 1637/1737/1544
f 1620/1722/1529 1619/1720/1527 1651/1743/1550
f 1606/1721/1528 1638/1744/1551 1639/1746/1553
f 1620/1722/1529 1652/1745/1552 1653/1747/1554
f 1607/1723/1530 1639/1746/1553 1640/1748/1555
f 1622/1726/1533 1621/1724/1531 1653/1747/1554
f 1609/1727/1534 1608/1725/1532 1640/1748/1555
f 1622/1726/1533 1654/1749/1556 1655/1751/1558
f 1609/1727/1534 1641/1750/1557 1642/1752/1559
f 1623/1728/1535 1655/1751/1558 1656/1753/1560
f 1610/1729/1536 1642/1752/1559 1643/1754/1561
f 1597/1732/1539 1598/1713/1520 1630/1738/1545
f 1624/1730/1537 1656/1753/1560 1657/1756/1563
f 1612/1734/1541 1611/1731/1538 1643/1754/1561
f 1597/1732/1539 1629/1755/1562 1631/1758/1565
f 1625/1733/1540 1657/1756/1563 1658/1759/1566
f 1612/1734/1541 1644/1757/1564 1645/1760/1567
f 1599/1642/1479 1631/1758/1565 1632/1761/1568
f 1627/1709/1516 1626/1706/1513 1658/1759/1566
f 1613/1707/1514 1645/1760/1567 1646/1763/1570
f 1601/1703/1510 1600/1708/1515 1632/1761/1568
f 1628/1711/1518 1627/1709/1516 1659/1762/1569
f 1614/1710/1517 1646/1763/1570 1647/1766/1573
f 1671/1767/1574 1703/1830/1637 1704/1768/1575
f 1650/1742/1549 1682/1798/1605 1683/1770/1577
f 1638/1744/1551 1637/1737/1544 1669/1736/1543
f 1652/1745/1552 1651/1743/1550 1683/1770/1577
f 1638/1744/1551 1670/1771/1578 1671/1767/1574
f 1652/1745/1552 1684/1772/1579 1685/1773/1580
f 1639/1746/1553 1671/1767/1574 1672/1769/1576
f 1654/1749/1556 1653/1747/1554 1685/1773/1580
f 1641/1750/1557 1640/1748/1555 1672/1769/1576
f 1654/1749/1556 1686/1774/1581 1687/1776/1583
f 1641/1750/1557 1673/1775/1582 1674/1777/1584
f 1656/1753/1560 1655/1751/1558 1687/1776/1583
f 1642/1752/1559 1674/1777/1584 1675/1779/1586
f 1629/1755/1562 1630/1738/1545 1662/1780/1587
f 1657/1756/1563 1656/1753/1560 1688/1778/1585
f 1644/1757/1564 1643/1754/1561 1675/1779/1586
f 1629/1755/1562 1661/1781/1588 1663/1784/1591
f 1657/1756/1563 1689/1782/1589 1690/1785/1592
f 1645/1760/1567 1644/1757/1564 1676/1783/1590
f 1631/1758/1565 1663/1784/1591 1664/1787/1594
f 1659/1762/1569 1658/1759/1566 1690/1785/1592
f 1645/1760/1567 1677/1786/1593 1678/1789/1596
f 1633/1764/1571 1632/1761/1568 1664/1787/1594
f 1660/1765/1572 1659/1762/1569 1691/1788/1595
f 1646/1763/1570 1678/1789/1596 1679/1792/1599
f 1633/1764/1571 1665/1790/1597 1666/1793/1600
f 1660/1765/1572 1692/1791/1598 1662/1780/1587
f 1648/1739/1546 1647/1766/1573 1679/1792/1599
f 1634/1704/1511 1666/1793/1600 1667/1795/1602
f 1648/1739/1546 1680/1794/1601 1681/1796/1603
f 1636/1735/1542 1635/1740/1547 1667/1795/1602
f 1649/1741/1548 1681/1796/1603 1682/1798/1605
f 1723/1799/1606 1722/1814/1621 1725/1800/1607
f 1686/1774/1581 1685/1773/1580 1717/1802/1609
f 1673/1775/1582 1672/1769/1576 1704/1768/1575
f 1686/1774/1581 1718/1803/1610 1719/1805/1612
f 1673/1775/1582 1705/1804/1611 1706/1806/1613
f 1687/1776/1583 1719/1805/1612 1720/1807/1614
f 1675/1779/1586 1674/1777/1584 1706/1806/1613
f 1661/1781/1588 1662/1780/1587 1694/1809/1616
f 1689/1782/1589 1688/1778/1585 1720/1807/1614
f 1676/1783/1590 1675/1779/1586 1707/1808/1615
f 1661/1781/1588 1693/1810/1617 1695/1813/1620
f 1689/1782/1589 1721/1811/1618 1722/1814/1621
f 1677/1786/1593 1676/1783/1590 1708/1812/1619
f 1663/1784/1591 1695/1813/1620 1696/1816/1623
f 1690/1785/1592 1722/1814/1621 1723/1799/1606
f 1677/1786/1593 1709/1815/1622 1710/1817/1624
f 1665/1790/1597 1664/1787/1594 1696/1816/1623
f 1692/1791/1598 1691/1788/1595 1723/1799/1606
f 1679/1792/1599 1678/1789/1596 1710/1817/1624
f 1665/1790/1597 1697/1818/1625 1698/1820/1627
f 1662/1780/1587 1692/1791/1598 1724/1801/1608
f 1679/1792/1599 1711/1819/1626 1712/1821/1628
f 1666/1793/1600 1698/1820/1627 1699/1822/1629
f 1680/1794/1601 1712/1821/1628 1713/1823/1630
f 1668/1797/1604 1667/1795/1602 1699/1822/1629
f 1681/1796/1603 1713/1823/1630 1714/1825/1632
f 1668/1797/1604 1700/1824/1631 1701/1826/1633
f 1682/1798/1605 1714/1825/1632 1715/1827/1634
f 1670/1771/1578 1669/1736/1543 1701/1826/1633
f 1684/1772/1579 1683/1770/1577 1715/1827/1634
f 1670/1771/1578 1702/1828/1635 1703/1830/1637
f 1685/1773/1580 1684/1772/1579 1716/1829/1636
f 1722/1814/1621 1721/1811/1618 1732/1831/1638
f 1721/1811/1618 1720/1807/1614 1739/1832/1639
f 1720/1807/1614 1719/1805/1612 1746/1833/1640
f 1718/1803/1610 1753/1834/1641 1746/1833/1640
f 1717/1802/1609 1760/1835/1642 1753/1834/1641
f 1716/1829/1636 1767/1836/1643 1760/1835/1642
f 1715/1827/1634 1714/1825/1632 1767/1836/1643
f 1724/1801/1608 1725/1800/1607 1726/1837/1644
f 1725/1800/1607 1732/1831/1638 1733/1838/1645
f 1732/1831/1638 1739/1832/1639 1740/1839/1646
f 1739/1832/1639 1746/1833/1640 1747/1840/1647
f 1753/1834/1641 1754/1841/1648 1747/1840/1647
f 1760/1835/1642 1761/1842/1649 1754/1841/1648
f 1767/1836/1643 1768/1843/1650 1761/1842/1649
f 1714/1825/1632 1713/1823/1630 1768/1843/1650
f 1694/1809/1616 1726/1837/1644 1727/1844/1651
f 1726/1837/1644 1733/1838/1645 1734/1845/1652
f 1733/1838/1645 1740/1839/1646 1741/1846/1653
f 1740/1839/1646 1747/1840/1647 1748/1847/1654
f 1754/1841/1648 1755/1848/1655 1748/1847/1654
f 1761/1842/1649 1762/1849/1656 1755/1848/1655
f 1768/1843/1650 1769/1850/1657 1762/1849/1656
f 1713/1823/1630 1712/1821/1628 1769/1850/1657
f 1693/1810/1617 1727/1844/1651 1728/1851/1658
f 1727/1844/1651 1734/1845/1652 1735/1852/1659
f 1734/1845/1652 1741/1846/1653 1742/1853/1660
f 1741/1846/1653 1748/1847/1654 1749/1854/11
f 1755/1848/1655 1756/1855/1661 1749/1854/11
f 1762/1849/1656 1763/1856/1662 1756/1855/1661
f 1769/1850/1657 1770/1857/1663 1763/1856/1662
f 1712/1821/1628 1711/1819/1626 1770/1857/1663
f 1728/1851/1658 1729/1858/1664 1696/1816/1623
f 1735/1852/1659 1736/1859/1665 1729/1858/1664
f 1742/1853/1660 1743/1860/1666 1736/1859/1665
f 1749/1854/11 1750/1862/1668 1743/1860/1666
f 1749/1854/11 1756/1855/1661 1757/1861/1667
f 1756/1855/1661 1763/1856/1662 1764/1863/1669
f 1763/1856/1662 1770/1857/1663 1771/1864/1670
f 1770/1857/1663 1711/1819/1626 1710/1817/1624
f 1729/1858/1664 1730/1865/1671 1697/1818/1625
f 1736/1859/1665 1737/1866/1672 1730/1865/1671
f 1743/1860/1666 1744/1867/1673 1737/1866/1672
f 1750/1862/1668 1751/1869/1675 1744/1867/1673
f 1750/1862/1668 1757/1861/1667 1758/1868/1674
f 1757/1861/1667 1764/1863/1669 1765/1870/1676
f 1764/1863/1669 1771/1864/1670 1772/1871/1677
f 1771/1864/1670 1710/1817/1624 1709/1815/1622
f 1730/1865/1671 1731/1872/1678 1698/1820/1627
f 1737/1866/1672 1738/1873/1679 1731/1872/1678
f 1744/1867/1673 1745/1874/1680 1738/1873/1679
f 1751/1869/1675 1752/1876/1682 1745/1874/1680
f 1751/1869/1675 1758/1868/1674 1759/1875/1681
f 1758/1868/1674 1765/1870/1676 1766/1877/1683
f 1765/1870/1676 1772/1871/1677 1773/1878/1684
f 1772/1871/1677 1709/1815/1622 1708/1812/1619
f 1731/1872/1678 1700/1824/1631 1699/1822/1629
f 1738/1873/1679 1701/1826/1633 1700/1824/1631
f 1745/1874/1680 1702/1828/1635 1701/1826/1633
f 1752/1876/1682 1703/1830/1637 1702/1828/1635
f 1752/1876/1682 1759/1875/1681 1704/1768/1575
f 1759/1875/1681 1766/1877/1683 1705/1804/1611
f 1766/1877/1683 1773/1878/1684 1706/1806/1613
f 1773/1878/1684 1708/1812/1619 1707/1808/1615
f 1805/385/266 1774/438/318 319/1879/1685
f 1774/438/318 1775/436/316 321/1881/1686
f 1775/436/316 1776/434/314 323/1882/1687
f 1776/434/314 1777/433/313 325/1883/1688
f 1777/433/313 1778/431/311 327/1884/1689
f 1778/431/311 1779/429/309 329/1885/1690
f 1779/429/309 1780/428/308 331/1886/1691
f 1780/428/308 1781/426/306 333/1887/1692
f 1781/426/306 1782/425/305 335/1888/1693
f 1782/425/305 1783/424/303 337/1889/1694
f 1783/422/303 1784/420/301 339/1890/1695
f 1784/420/301 1785/419/300 341/1892/1696
f 1785/419/300 1786/417/298 343/1893/1697
f 1786/417/298 1787/415/296 345/1894/1698
f 1787/415/296 1788/414/295 347/1895/1699
f 1788/414/295 1789/412/293 349/1896/197
f 1789/412/293 1790/411/292 351/1897/1700
f 1790/411/292 1791/408/289 353/1898/1701
f 1791/408/289 1792/406/287 355/1899/1702
f 1792/406/287 1793/405/286 357/1900/1703
f 1793/405/286 1794/404/285 359/1901/1704
f 1794/404/285 1795/402/283 361/1902/1705
f 1795/402/283 1796/400/281 363/1903/1706
f 1796/400/281 1797/398/279 365/1904/1707
f 1797/398/279 1798/396/277 367/1905/1708
f 1798/396/277 1799/394/275 369/1906/1709
f 1799/394/275 1800/392/273 371/1907/1710
f 1800/392/273 1801/391/272 373/1908/1711
f 1801/391/272 1802/389/270 375/1909/1712
f 1802/389/270 1803/387/268 377/1910/1713
f 1803/387/268 1804/386/267 379/1911/1714
f 1804/386/267 1805/385/266 317/1880/192
f 1837/441/321 1806/494/372 382/437/317
f 1806/494/372 1807/491/369 383/435/315
f 1807/491/369 1808/490/368 384/1912/1715
f 1808/490/368 1809/489/367 385/432/312
f 385/432/312 1809/489/367 1810/487/365
f 386/430/310 1810/487/365 1811/485/363
f 1811/485/363 1812/483/361 388/427/307
f 1812/483/361 1813/482/360 389/1914/1717
f 1813/482/360 1814/478/358 390/423/304
f 1814/478/358 1815/480/357 391/1915/302
f 1815/477/357 1816/475/355 392/1916/1718
f 1816/475/355 1817/474/354 393/418/299
f 393/418/299 1817/474/354 1818/472/352
f 394/416/297 1818/472/352 1819/470/350
f 1819/470/350 1820/469/349 396/413/294
f 1820/469/349 1821/467/347 397/1918/1720
f 1821/467/347 1822/466/346 398/410/291
f 398/410/291 1822/466/346 1823/464/344
f 1823/464/344 1824/461/341 400/409/290
f 1824/461/341 1825/459/339 401/407/288
f 1825/459/339 1826/458/338 402/403/284
f 402/403/284 1826/458/338 1827/457/337
f 1827/457/337 1828/455/335 404/399/280
f 404/399/280 1828/455/335 1829/454/334
f 1829/454/334 1830/452/332 406/395/276
f 1830/452/332 1831/450/330 407/393/274
f 1831/450/330 1832/448/328 408/1920/1722
f 408/1920/1722 1832/448/328 1833/447/327
f 1833/447/327 1834/444/324 410/388/269
f 1834/444/324 1835/443/323 411/1921/1723
f 1835/443/323 1836/442/322 412/384/265
f 1836/442/322 1837/441/321 381/439/319
f 1838/1922/1724 1839/1925/1727 2607/1923/1725
f 1839/1925/1727 1840/2784/2541 2608/1926/1728
f 2608/1926/1728 1840/2784/2541 1841/1927/1729
f 2609/1928/1730 1841/1927/1729 1842/1929/1731
f 1842/1929/1731 1843/2809/2566 2611/1931/1733
f 2611/1931/1733 1843/2809/2566 1844/1932/1734
f 1844/1932/1734 1845/2790/2547 2613/1934/1736
f 2613/1934/1736 1845/2790/2547 1846/1935/1737
f 2614/1936/1738 1846/1935/1737 1847/1937/1739
f 1847/1937/1739 1848/1974/1776 2616/1939/1741
f 2616/1939/1741 1848/1974/1776 1849/1940/1742
f 1849/1940/1742 1850/1943/1745 2618/1942/1744
f 1850/1943/1745 1851/2802/2559 2619/1944/1746
f 2619/1944/1746 1851/2802/2559 1852/1945/1747
f 1852/1945/1747 1853/2780/2537 2621/1947/1749
f 2621/1947/1749 1853/2780/2537 1854/1948/1750
f 1854/1948/1750 1855/1951/1753 2623/1950/1752
f 1855/1951/1753 1856/2773/2530 2624/1952/1754
f 2624/1952/1754 1856/2773/2530 1857/1953/1755
f 2625/1954/1756 1857/1953/1755 1858/1955/1757
f 1858/1955/1757 1859/2795/2552 2627/1957/1759
f 2627/1957/1759 1859/2795/2552 1860/1958/1760
f 1860/1958/1760 1861/2812/2569 2629/1960/1762
f 2629/1960/1762 1861/2812/2569 1862/1961/1763
f 2630/1962/1764 1862/1961/1763 1863/1963/1765
f 1863/1963/1765 1864/2800/2557 2632/1965/1767
f 2632/1965/1767 1864/2800/2557 1865/1966/1768
f 1865/1966/1768 1866/1969/1771 2634/1968/1770
f 1866/1969/1771 1867/2788/2545 2635/1970/1772
f 2635/1970/1772 1867/2788/2545 1868/1971/1773
f 1847/1937/1739 2647/2807/2564 2648/1973/1775
f 1868/1971/1773 1869/2806/2563 2637/1975/1777
f 2637/1975/1777 1869/2806/2563 1838/1922/1724
f 1933/1976/1778 1902/2028/1829 1870/1977/1779
f 1900/1979/1781 1932/2030/1831 1933/1976/1778
f 1931/1980/1782 1932/2030/1831 1900/1979/1781
f 1898/1982/1784 1930/2032/1833 1931/1980/1782
f 1929/1983/1785 1930/2032/1833 1898/1982/1784
f 1896/1985/1787 1928/2034/1835 1929/1983/1785
f 1927/1986/1788 1928/2034/1835 1896/1985/1787
f 1894/1988/1790 1926/2036/1837 1927/1986/1788
f 1925/1989/1791 1926/2036/1837 1894/1988/1790
f 1892/1991/1793 1924/2038/1839 1925/1989/1791
f 1923/1992/1794 1924/2038/1839 1892/1991/1793
f 1890/1994/1796 1922/1996/1798 1923/1992/1794
f 1889/1995/1797 1921/1998/1800 1922/1996/1798
f 1888/1997/1799 1920/2041/1842 1921/1998/1800
f 1919/1999/1801 1920/2041/1842 1888/1997/1799
f 1918/2001/1803 1919/1999/1801 1887/2000/1802
f 1917/2003/1805 1918/2001/1803 1886/2002/1804
f 1884/2005/1807 1916/2044/1845 1917/2003/1805
f 1915/2006/1808 1916/2044/1845 1884/2005/1807
f 1882/2008/1810 1914/2046/1847 1915/2006/1808
f 1913/2009/1811 1914/2046/1847 1882/2008/1810
f 1880/2011/1813 1912/2048/1849 1913/2009/1811
f 1911/2012/1814 1912/2050/1849 1880/2013/1813
f 1878/2015/1816 1910/2051/1851 1911/2012/1814
f 1909/2016/1817 1910/2051/1851 1878/2015/1816
f 1876/2018/1819 1908/2053/1853 1909/2016/1817
f 1907/2019/1820 1908/2053/1853 1876/2018/1819
f 1874/2021/1822 1906/2023/1824 1907/2019/1820
f 1873/2022/1823 1905/2025/1826 1906/2023/1824
f 1872/2024/1825 1904/2056/1856 1905/2025/1826
f 1903/2026/1827 1904/2056/1856 1872/2024/1825
f 1902/2028/1829 1903/2026/1827 1871/2027/1828
f 1965/2029/1830 1934/2059/1859 1902/2028/1829
f 1932/2030/1831 1964/2060/1860 1965/2029/1830
f 1963/2031/1832 1964/2060/1860 1932/2030/1831
f 1930/2032/1833 1962/2062/1862 1963/2031/1832
f 1961/2033/1834 1962/2062/1862 1930/2032/1833
f 1928/2034/1835 1960/2065/1865 1961/2033/1834
f 1959/2035/1836 1960/2065/1865 1928/2034/1835
f 1926/2036/1837 1958/2067/1867 1959/2035/1836
f 1957/2037/1838 1958/2067/1867 1926/2036/1837
f 1924/2038/1839 1956/2070/1870 1957/2037/1838
f 1955/2039/1840 1956/2070/1870 1924/2038/1839
f 1922/1996/1798 1954/2072/1872 1955/2039/1840
f 1953/2040/1841 1954/2072/1872 1922/1996/1798
f 1920/2041/1842 1952/2074/1874 1953/2040/1841
f 1951/2042/1843 1952/2074/1874 1920/2041/1842
f 1918/2001/1803 1950/2076/1876 1951/2042/1843
f 1949/2043/1844 1950/2076/1876 1918/2001/1803
f 1916/2044/1845 1948/2078/1878 1949/2043/1844
f 1947/2045/1846 1948/2078/1878 1916/2044/1845
f 1914/2046/1847 1946/2080/1880 1947/2045/1846
f 1945/2047/1848 1946/2080/1880 1914/2046/1847
f 1912/2048/1849 1944/2083/1883 1945/2047/1848
f 1943/2049/1850 1944/2085/1883 1912/2050/1849
f 1910/2051/1851 1942/2086/1885 1943/2049/1850
f 1941/2052/1852 1942/2086/1885 1910/2051/1851
f 1908/2053/1853 1940/2089/1888 1941/2052/1852
f 1939/2054/1854 1940/2089/1888 1908/2053/1853
f 1906/2023/1824 1938/2091/1890 1939/2054/1854
f 1937/2055/1855 1938/2091/1890 1906/2023/1824
f 1904/2056/1856 1936/2093/1892 1937/2055/1855
f 1935/2057/1857 1936/2093/1892 1904/2056/1856
f 1902/2028/1829 1934/2059/1859 1935/2057/1857
f 1997/2058/1858 1966/2096/1895 1934/2059/1859
f 1964/2060/1860 1996/2061/1861 1997/2058/1858
f 1963/2031/1832 1995/2063/1863 1996/2061/1861
f 1962/2062/1862 1994/2100/1899 1995/2063/1863
f 1993/2064/1864 1994/2100/1899 1962/2062/1862
f 1960/2065/1865 1992/2102/1901 1993/2064/1864
f 1991/2066/1866 1992/2102/1901 1960/2065/1865
f 1958/2067/1867 1990/2104/1903 1991/2066/1866
f 1989/2068/1868 1990/2104/1903 1958/2067/1867
f 1988/2069/1869 1989/2068/1868 1957/2037/1838
f 1987/2071/1871 1988/2069/1869 1956/2070/1870
f 1954/2072/1872 1986/2109/1908 1987/2071/1871
f 1985/2073/1873 1986/2109/1908 1954/2072/1872
f 1952/2074/1874 1984/2111/1910 1985/2073/1873
f 1983/2075/1875 1984/2111/1910 1952/2074/1874
f 1950/2076/1876 1982/2113/1912 1983/2075/1875
f 1981/2077/1877 1982/2113/1912 1950/2076/1876
f 1948/2078/1878 1980/2079/1879 1981/2077/1877
f 1947/2045/1846 1979/2081/1881 1980/2079/1879
f 1946/2080/1880 1978/2118/1917 1979/2081/1881
f 1977/2082/1882 1978/2118/1917 1946/2080/1880
f 1944/2083/1883 1976/2120/1919 1977/2082/1882
f 1975/2084/1884 1976/2122/1919 1944/2085/1883
f 1942/2086/1885 1974/2123/1921 1975/2084/1884
f 1973/2087/1886 1974/2123/1921 1942/2086/1885
f 1972/2088/1887 1973/2087/1886 1941/2052/1852
f 1971/2090/1889 1972/2088/1887 1940/2089/1888
f 1938/2091/1890 1970/2128/1926 1971/2090/1889
f 1969/2092/1891 1970/2128/1926 1938/2091/1890
f 1936/2093/1892 1968/2130/1928 1969/2092/1891
f 1967/2094/1893 1968/2130/1928 1936/2093/1892
f 1934/2059/1859 1966/2096/1895 1967/2094/1893
f 1997/2058/1858 2029/2097/1896 1998/2095/1894
f 1996/2061/1861 2028/2134/1932 2029/2097/1896
f 2027/2098/1897 2028/2134/1932 1996/2061/1861
f 2026/2099/1898 2027/2098/1897 1995/2063/1863
f 2025/2101/1900 2026/2099/1898 1994/2100/1899
f 1992/2102/1901 2024/2137/1935 2025/2101/1900
f 2023/2103/1902 2024/2137/1935 1992/2102/1901
f 1990/2104/1903 2022/2105/1904 2023/2103/1902
f 1989/2068/1868 2021/2106/1905 2022/2105/1904
f 1988/2069/1869 2020/2141/1939 2021/2106/1905
f 2019/2107/1906 2020/2141/1939 1988/2069/1869
f 2018/2108/1907 2019/2107/1906 1987/2071/1871
f 2017/2110/1909 2018/2108/1907 1986/2109/1908
f 1984/2111/1910 2016/2144/1942 2017/2110/1909
f 2015/2112/1911 2016/2144/1942 1984/2111/1910
f 1982/2113/1912 2014/2114/1913 2015/2112/1911
f 1981/2077/1877 2013/2115/1914 2014/2114/1913
f 1980/2079/1879 2012/2148/1946 2013/2115/1914
f 2011/2116/1915 2012/2148/1946 1980/2079/1879
f 2010/2117/1916 2011/2116/1915 1979/2081/1881
f 2009/2119/1918 2010/2117/1916 1978/2118/1917
f 1976/2120/1919 2008/2151/1949 2009/2119/1918
f 2007/2121/1920 2008/2153/1949 1976/2122/1919
f 1974/2123/1921 2006/2124/1922 2007/2121/1920
f 1973/2087/1886 2005/2125/1923 2006/2124/1922
f 1972/2088/1887 2004/2156/1953 2005/2125/1923
f 2003/2126/1924 2004/2156/1953 1972/2088/1887
f 2002/2127/1925 2003/2126/1924 1971/2090/1889
f 2001/2129/1927 2002/2127/1925 1970/2128/1926
f 1968/2130/1928 2000/2159/1956 2001/2129/1927
f 1999/2131/1929 2000/2159/1956 1968/2130/1928
f 1966/2096/1895 1998/2095/1894 1999/2131/1929
f 2029/2097/1896 2061/2162/1959 2030/2132/1930
f 2060/2133/1931 2061/2162/1959 2029/2097/1896
f 2027/2098/1897 2059/2163/1960 2060/2133/1931
f 2058/2135/1933 2059/2163/1960 2027/2098/1897
f 2057/2136/1934 2058/2135/1933 2026/2099/1898
f 2024/2137/1935 2056/2167/1964 2057/2136/1934
f 2055/2138/1936 2056/2167/1964 2024/2137/1935
f 2022/2105/1904 2054/2139/1937 2055/2138/1936
f 2021/2106/1905 2053/2170/1967 2054/2139/1937
f 2052/2140/1938 2053/2170/1967 2021/2106/1905
f 2019/2107/1906 2051/2173/1970 2052/2140/1938
f 2050/2142/1940 2051/2173/1970 2019/2107/1906
f 2049/2143/1941 2050/2142/1940 2018/2108/1907
f 2016/2144/1942 2048/2175/1972 2049/2143/1941
f 2047/2145/1943 2048/2175/1972 2016/2144/1942
f 2014/2114/1913 2046/2146/1944 2047/2145/1943
f 2013/2115/1914 2045/2178/1975 2046/2146/1944
f 2044/2147/1945 2045/2178/1975 2013/2115/1914
f 2011/2116/1915 2043/2179/1976 2044/2147/1945
f 2042/2149/1947 2043/2179/1976 2011/2116/1915
f 2041/2150/1948 2042/2149/1947 2010/2117/1916
f 2008/2151/1949 2040/2183/1980 2041/2150/1948
f 2039/2152/1950 2040/2185/1980 2008/2153/1949
f 2006/2124/1922 2038/2154/1951 2039/2152/1950
f 2005/2125/1923 2037/2187/1983 2038/2154/1951
f 2036/2155/1952 2037/2187/1983 2005/2125/1923
f 2003/2126/1924 2035/2190/1986 2036/2155/1952
f 2034/2157/1954 2035/2190/1986 2003/2126/1924
f 2033/2158/1955 2034/2157/1954 2002/2127/1925
f 2000/2159/1956 2032/2192/1988 2033/2158/1955
f 2031/2160/1957 2032/2192/1988 2000/2159/1956
f 1998/2095/1894 2030/2132/1930 2031/2160/1957
f 2093/2161/1958 2062/2195/1991 2030/2132/1930
f 2060/2133/1931 2092/2164/1961 2093/2161/1958
f 2059/2163/1960 2091/2165/1962 2092/2164/1961
f 2058/2135/1933 2090/2197/1993 2091/2165/1962
f 2089/2166/1963 2090/2197/1993 2058/2135/1933
f 2056/2167/1964 2088/2199/1995 2089/2166/1963
f 2087/2168/1965 2088/2199/1995 2056/2167/1964
f 2054/2139/1937 2086/2201/1997 2087/2168/1965
f 2085/2169/1966 2086/2201/1997 2054/2139/1937
f 2084/2171/1968 2085/2169/1966 2053/2170/1967
f 2083/2172/1969 2084/2171/1968 2052/2140/1938
f 2050/2142/1940 2082/2204/2000 2083/2172/1969
f 2081/2174/1971 2082/2204/2000 2050/2142/1940
f 2048/2175/1972 2080/2206/2002 2081/2174/1971
f 2079/2176/1973 2080/2206/2002 2048/2175/1972
f 2046/2146/1944 2078/2208/2004 2079/2176/1973
f 2077/2177/1974 2078/2208/2004 2046/2146/1944
f 2044/2147/1945 2076/2180/1977 2077/2177/1974
f 2043/2179/1976 2075/2181/1978 2076/2180/1977
f 2042/2149/1947 2074/2211/2007 2075/2181/1978
f 2073/2182/1979 2074/2211/2007 2042/2149/1947
f 2040/2183/1980 2072/2213/2009 2073/2182/1979
f 2071/2184/1981 2072/2215/2009 2040/2185/1980
f 2038/2154/1951 2070/2216/2011 2071/2184/1981
f 2069/2186/1982 2070/2216/2011 2038/2154/1951
f 2068/2188/1984 2069/2186/1982 2037/2187/1983
f 2067/2189/1985 2068/2188/1984 2036/2155/1952
f 2034/2157/1954 2066/2219/2014 2067/2189/1985
f 2065/2191/1987 2066/2219/2014 2034/2157/1954
f 2032/2192/1988 2064/2221/2016 2065/2191/1987
f 2063/2193/1989 2064/2221/2016 2032/2192/1988
f 2030/2132/1930 2062/2195/1991 2063/2193/1989
f 2125/2194/1990 2094/3341/3018 2062/2195/1991
f 2092/2164/1961 2124/3357/3033 2125/2194/1990
f 2123/2196/1992 2124/3357/3033 2092/2164/1961
f 2090/2197/1993 2122/3356/3032 2123/2196/1992
f 2121/2198/1994 2122/3356/3032 2090/2197/1993
f 2088/2199/1995 2120/3355/3031 2121/2198/1994
f 2119/2200/1996 2120/3355/3031 2088/2199/1995
f 2086/2201/1997 2118/3354/3030 2119/2200/1996
f 2117/2202/1998 2118/3354/3030 2086/2201/1997
f 2084/2171/1968 2116/3353/3029 2117/2202/1998
f 2115/2203/1999 2116/3353/3029 2084/2171/1968
f 2082/2204/2000 2114/3352/3028 2115/2203/1999
f 2113/2205/2001 2114/3352/3028 2082/2204/2000
f 2080/2206/2002 2112/3351/3027 2113/2205/2001
f 2111/2207/2003 2112/3351/3027 2080/2206/2002
f 2078/2208/2004 2110/3350/3026 2111/2207/2003
f 2109/2209/2005 2110/3350/3026 2078/2208/2004
f 2076/2180/1977 2108/3349/3025 2109/2209/2005
f 2107/2210/2006 2108/3349/3025 2076/2180/1977
f 2074/2211/2007 2106/3348/3024 2107/2210/2006
f 2105/2212/2008 2106/3348/3024 2074/2211/2007
f 2072/2213/2009 2104/3347/3023 2105/2212/2008
f 2103/2214/2010 2104/3346/3023 2072/2215/2009
f 2070/2216/2011 2102/3345/3022 2103/2214/2010
f 2101/2217/2012 2102/3345/3022 2070/2216/2011
f 2068/2188/1984 2100/3344/3021 2101/2217/2012
f 2099/2218/2013 2100/3344/3021 2068/2188/1984
f 2066/2219/2014 2098/3343/3020 2099/2218/2013
f 2097/2220/2015 2098/3343/3020 2066/2219/2014
f 2064/2221/2016 2096/3342/3019 2097/2220/2015
f 2095/2222/2017 2096/3342/3019 2064/2221/2016
f 2062/2195/1991 2094/3341/3018 2095/2222/2017
f 2157/2223/2018 2126/2273/2067 3198/2224/2019
f 3196/2226/2021 2156/2274/2068 2157/2223/2018
f 2155/2227/2022 2156/2274/2068 3196/2226/2021
f 3194/2229/2024 2154/2276/2070 2155/2227/2022
f 2153/2230/2025 2154/2276/2070 3194/2229/2024
f 3192/2232/2027 2152/2278/2072 2153/2230/2025
f 2151/2233/2028 2152/2278/2072 3192/2232/2027
f 3190/2235/2030 2150/2280/2074 2151/2233/2028
f 2149/2236/2031 2150/2280/2074 3190/2235/2030
f 3188/2238/2033 2148/2282/2076 2149/2236/2031
f 2147/2239/2034 2148/2282/2076 3188/2238/2033
f 3186/2241/2036 2146/2284/2078 2147/2239/2034
f 2145/2242/2037 2146/2284/2078 3186/2241/2036
f 3184/2244/2039 2144/2286/2080 2145/2242/2037
f 2143/2245/2040 2144/2286/2080 3184/2244/2039
f 3182/2247/2042 2142/2288/2082 2143/2245/2040
f 2141/2248/2043 2142/2288/2082 3182/2247/2042
f 3180/2250/2045 2140/2290/2084 2141/2248/2043
f 2139/2251/2046 2140/2290/2084 3180/2250/2045
f 3178/2253/2048 2138/2292/2086 2139/2251/2046
f 2137/2254/2049 2138/2292/2086 3178/2253/2048
f 3176/2256/2051 2136/2294/2088 2137/2254/2049
f 2135/2257/2052 2136/2296/2088 3176/2258/2051
f 3174/2260/2054 2134/2297/2090 2135/2257/2052
f 2133/2261/2055 2134/2297/2090 3174/2260/2054
f 3172/2263/2057 2132/2299/2092 2133/2261/2055
f 2131/2264/2058 2132/2299/2092 3172/2263/2057
f 3170/2266/2060 2130/2301/2094 2131/2264/2058
f 2129/2267/2061 2130/2301/2094 3170/2266/2060
f 3168/2269/2063 2128/2303/2096 2129/2267/2061
f 2127/2270/2064 2128/2303/2096 3168/2269/2063
f 3198/2224/2019 2126/2273/2067 2127/2270/2064
f 2189/2272/2066 2158/2306/2099 2126/2273/2067
f 2156/2274/2068 2188/2307/2100 2189/2272/2066
f 2187/2275/2069 2188/2307/2100 2156/2274/2068
f 2154/2276/2070 2186/2309/2102 2187/2275/2069
f 2185/2277/2071 2186/2309/2102 2154/2276/2070
f 2152/2278/2072 2184/2312/2105 2185/2277/2071
f 2183/2279/2073 2184/2312/2105 2152/2278/2072
f 2150/2280/2074 2182/2314/2107 2183/2279/2073
f 2181/2281/2075 2182/2314/2107 2150/2280/2074
f 2148/2282/2076 2180/2317/2110 2181/2281/2075
f 2179/2283/2077 2180/2317/2110 2148/2282/2076
f 2146/2284/2078 2178/2319/2112 2179/2283/2077
f 2177/2285/2079 2178/2319/2112 2146/2284/2078
f 2144/2286/2080 2176/2321/1910 2177/2285/2079
f 2175/2287/2081 2176/2321/1910 2144/2286/2080
f 2142/2288/2082 2174/2323/2115 2175/2287/2081
f 2173/2289/2083 2174/2323/2115 2142/2288/2082
f 2140/2290/2084 2172/2325/2117 2173/2289/2083
f 2171/2291/2085 2172/2325/2117 2140/2290/2084
f 2138/2292/2086 2170/2327/2119 2171/2291/2085
f 2169/2293/2087 2170/2327/2119 2138/2292/2086
f 2136/2294/2088 2168/2330/2122 2169/2293/2087
f 2167/2295/2089 2168/2332/2122 2136/2296/2088
f 2134/2297/2090 2166/2333/2124 2167/2295/2089
f 2165/2298/2091 2166/2333/2124 2134/2297/2090
f 2132/2299/2092 2164/2336/2127 2165/2298/2091
f 2163/2300/2093 2164/2336/2127 2132/2299/2092
f 2130/2301/2094 2162/2338/2129 2163/2300/2093
f 2161/2302/2095 2162/2338/2129 2130/2301/2094
f 2128/2303/2096 2160/2340/1928 2161/2302/2095
f 2159/2304/2097 2160/2340/1928 2128/2303/2096
f 2126/2273/2067 2158/2306/2099 2159/2304/2097
f 2221/2305/2098 2190/2343/2133 2158/2306/2099
f 2188/2307/2100 2220/2308/2101 2221/2305/2098
f 2187/2275/2069 2219/2310/2103 2220/2308/2101
f 2186/2309/2102 2218/2345/2135 2219/2310/2103
f 2217/2311/2104 2218/2345/2135 2186/2309/2102
f 2184/2312/2105 2216/2348/2138 2217/2311/2104
f 2215/2313/2106 2216/2348/2138 2184/2312/2105
f 2182/2314/2107 2214/2350/2140 2215/2313/2106
f 2213/2315/2108 2214/2350/2140 2182/2314/2107
f 2212/2316/2109 2213/2315/2108 2181/2281/2075
f 2211/2318/2111 2212/2316/2109 2180/2317/2110
f 2178/2319/2112 2210/2353/2143 2211/2318/2111
f 2209/2320/2113 2210/2353/2143 2178/2319/2112
f 2176/2321/1910 2208/2356/2146 2209/2320/2113
f 2207/2322/2114 2208/2356/2146 2176/2321/1910
f 2174/2323/2115 2206/2358/2148 2207/2322/2114
f 2205/2324/2116 2206/2358/2148 2174/2323/2115
f 2172/2325/2117 2204/2326/2118 2205/2324/2116
f 2171/2291/2085 2203/2328/2120 2204/2326/2118
f 2170/2327/2119 2202/2361/2151 2203/2328/2120
f 2201/2329/2121 2202/2361/2151 2170/2327/2119
f 2168/2330/2122 2200/2364/2154 2201/2329/2121
f 2199/2331/2123 2200/2366/2154 2168/2332/2122
f 2166/2333/2124 2198/2367/2156 2199/2331/2123
f 2197/2334/2125 2198/2367/2156 2166/2333/2124
f 2196/2335/2126 2197/2334/2125 2165/2298/2091
f 2195/2337/2128 2196/2335/2126 2164/2336/2127
f 2162/2338/2129 2194/2370/2159 2195/2337/2128
f 2193/2339/2130 2194/2370/2159 2162/2338/2129
f 2160/2340/1928 2192/2373/2162 2193/2339/2130
f 2191/2341/2131 2192/2373/2162 2160/2340/1928
f 2158/2306/2099 2190/2343/2133 2191/2341/2131
f 2253/2342/2132 2222/2376/2165 2190/2343/2133
f 2252/2344/2134 2253/2342/2132 2221/2305/2098
f 2219/2310/2103 2251/2346/2136 2252/2344/2134
f 2218/2345/2135 2250/2380/2169 2251/2346/2136
f 2249/2347/2137 2250/2380/2169 2218/2345/2135
f 2216/2348/2138 2248/2381/2170 2249/2347/2137
f 2247/2349/2139 2248/2381/2170 2216/2348/2138
f 2214/2350/2140 2246/2385/2174 2247/2349/2139
f 2245/2351/2141 2246/2385/2174 2214/2350/2140
f 2244/2352/2142 2245/2351/2141 2213/2315/2108
f 2211/2318/2111 2243/2354/2144 2244/2352/2142
f 2210/2353/2143 2242/2389/2178 2243/2354/2144
f 2241/2355/2145 2242/2389/2178 2210/2353/2143
f 2208/2356/2146 2240/2391/2180 2241/2355/2145
f 2239/2357/2147 2240/2391/2180 2208/2356/2146
f 2206/2358/2148 2238/2393/2182 2239/2357/2147
f 2237/2359/2149 2238/2393/2182 2206/2358/2148
f 2236/2360/2150 2237/2359/2149 2205/2324/2116
f 2203/2328/2120 2235/2362/2152 2236/2360/2150
f 2202/2361/2151 2234/2398/2187 2235/2362/2152
f 2233/2363/2153 2234/2398/2187 2202/2361/2151
f 2200/2364/2154 2232/2399/2188 2233/2363/2153
f 2231/2365/2155 2232/2402/2188 2200/2366/2154
f 2198/2367/2156 2230/2404/2192 2231/2365/2155
f 2229/2368/2157 2230/2404/2192 2198/2367/2156
f 2228/2369/2158 2229/2368/2157 2197/2334/2125
f 2195/2337/2128 2227/2371/2160 2228/2369/2158
f 2194/2370/2159 2226/2408/2196 2227/2371/2160
f 2225/2372/2161 2226/2408/2196 2194/2370/2159
f 2192/2373/2162 2224/2410/2198 2225/2372/2161
f 2223/2374/2163 2224/2410/2198 2192/2373/2162
f 2190/2343/2133 2222/2376/2165 2223/2374/2163
f 2253/2342/2132 2285/2377/2166 2254/2375/2164
f 2252/2344/2134 2284/2413/2201 2285/2377/2166
f 2283/2378/2167 2284/2413/2201 2252/2344/2134
f 2282/2379/2168 2283/2378/2167 2251/2346/2136
f 2249/2347/2137 2281/2382/2171 2282/2379/2168
f 2248/2381/2170 2280/2417/2205 2281/2382/2171
f 2279/2383/2172 2280/2417/2205 2248/2381/2170
f 2278/2384/2173 2279/2383/2172 2247/2349/2139
f 2245/2351/2141 2277/2386/2175 2278/2384/2173
f 2244/2352/2142 2276/2421/2209 2277/2386/2175
f 2275/2387/2176 2276/2421/2209 2244/2352/2142
f 2274/2388/2177 2275/2387/2176 2243/2354/2144
f 2273/2390/2179 2274/2388/2177 2242/2389/2178
f 2240/2391/2180 2272/2425/2213 2273/2390/2179
f 2271/2392/2181 2272/2425/2213 2240/2391/2180
f 2238/2393/2182 2270/2394/2183 2271/2392/2181
f 2237/2359/2149 2269/2395/2184 2270/2394/2183
f 2236/2360/2150 2268/2429/2217 2269/2395/2184
f 2267/2396/2185 2268/2429/2217 2236/2360/2150
f 2266/2397/2186 2267/2396/2185 2235/2362/2152
f 2233/2363/2153 2265/2400/2189 2266/2397/2186
f 2232/2399/2188 2264/2433/2221 2265/2400/2189
f 2263/2401/2190 2264/2436/2221 2232/2402/2188
f 2262/2403/2191 2263/2401/2190 2231/2365/2155
f 2229/2368/2157 2261/2405/2193 2262/2403/2191
f 2228/2369/2158 2260/2438/2225 2261/2405/2193
f 2259/2406/2194 2260/2438/2225 2228/2369/2158
f 2258/2407/2195 2259/2406/2194 2227/2371/2160
f 2257/2409/2197 2258/2407/2195 2226/2408/2196
f 2224/2410/2198 2256/2442/2229 2257/2409/2197
f 2255/2411/2199 2256/2442/2229 2224/2410/2198
f 2222/2376/2165 2254/2375/2164 2255/2411/2199
f 2285/2377/2166 2317/2414/2202 2286/2412/2200
f 2284/2413/2201 2316/2446/2233 2317/2414/2202
f 2315/2415/2203 2316/2446/2233 2284/2413/2201
f 2314/2416/2204 2315/2415/2203 2283/2378/2167
f 2281/2382/2171 2313/2418/2206 2314/2416/2204
f 2280/2417/2205 2312/2450/2237 2313/2418/2206
f 2311/2419/2207 2312/2450/2237 2280/2417/2205
f 2310/2420/2208 2311/2419/2207 2279/2383/2172
f 2277/2386/2175 2309/2422/2210 2310/2420/2208
f 2276/2421/2209 2308/2454/2241 2309/2422/2210
f 2307/2423/2211 2308/2454/2241 2276/2421/2209
f 2306/2424/2212 2307/2423/2211 2275/2387/2176
f 2273/2390/2179 2305/2426/2214 2306/2424/2212
f 2272/2425/2213 2304/2458/2245 2305/2426/2214
f 2303/2427/2215 2304/2458/2245 2272/2425/2213
f 2302/2428/2216 2303/2427/2215 2271/2392/2181
f 2269/2395/2184 2301/2430/2218 2302/2428/2216
f 2268/2429/2217 2300/2462/2249 2301/2430/2218
f 2299/2431/2219 2300/2462/2249 2268/2429/2217
f 2298/2432/2220 2299/2431/2219 2267/2396/2185
f 2265/2400/2189 2297/2434/2222 2298/2432/2220
f 2264/2433/2221 2296/2466/2253 2297/2434/2222
f 2295/2435/2223 2296/2469/2253 2264/2436/2221
f 2294/2437/2224 2295/2435/2223 2263/2401/2190
f 2261/2405/2193 2293/2439/2226 2294/2437/2224
f 2260/2438/2225 2292/2471/2257 2293/2439/2226
f 2291/2440/2227 2292/2471/2257 2260/2438/2225
f 2290/2441/2228 2291/2440/2227 2259/2406/2194
f 2257/2409/2197 2289/2443/2230 2290/2441/2228
f 2256/2442/2229 2288/2475/2261 2289/2443/2230
f 2287/2444/2231 2288/2475/2261 2256/2442/2229
f 2286/2412/2200 2287/2444/2231 2255/2411/2199
f 2317/2414/2202 2349/2447/2234 2318/2445/2232
f 2316/2446/2233 2348/2530/2315 2349/2447/2234
f 2347/2448/2235 2348/2530/2315 2316/2446/2233
f 2346/2449/2236 2347/2448/2235 2315/2415/2203
f 2313/2418/2206 2345/2451/2238 2346/2449/2236
f 2312/2450/2237 2344/2512/2297 2345/2451/2238
f 2343/2452/2239 2344/2512/2297 2312/2450/2237
f 2342/2453/2240 2343/2452/2239 2311/2419/2207
f 2309/2422/2210 2341/2455/2242 2342/2453/2240
f 2308/2454/2241 2340/2498/2284 2341/2455/2242
f 2339/2456/2243 2340/2498/2284 2308/2454/2241
f 2338/2457/2244 2339/2456/2243 2307/2423/2211
f 2305/2426/2214 2337/2459/2246 2338/2457/2244
f 2304/2458/2245 2336/2484/2270 2337/2459/2246
f 2335/2460/2247 2336/2484/2270 2304/2458/2245
f 2334/2461/2248 2335/2460/2247 2303/2427/2215
f 2301/2430/2218 2333/2463/2250 2334/2461/2248
f 2300/2462/2249 2332/2569/2353 2333/2463/2250
f 2331/2464/2251 2332/2569/2353 2300/2462/2249
f 2330/2465/2252 2331/2464/2251 2299/2431/2219
f 2297/2434/2222 2329/2467/2254 2330/2465/2252
f 2296/2466/2253 2328/2575/2359 2329/2467/2254
f 2327/2468/2255 2328/2577/2359 2296/2469/2253
f 2326/2470/2256 2327/2468/2255 2295/2435/2223
f 2293/2439/2226 2325/2472/2258 2326/2470/2256
f 2292/2471/2257 2324/2582/2365 2325/2472/2258
f 2323/2473/2259 2324/2582/2365 2292/2471/2257
f 2322/2474/2260 2323/2473/2259 2291/2440/2227
f 2289/2443/2230 2321/2476/2262 2322/2474/2260
f 2288/2475/2261 2320/2522/2307 2321/2476/2262
f 2319/2477/2263 2320/2522/2307 2288/2475/2261
f 2318/2445/2232 2319/2477/2263 2287/2444/2231
f 2380/2478/2264 2440/2487/2273 2438/2479/2265
f 2354/2481/2267 2388/2489/2275 2386/2482/2268
f 2336/2484/2270 2417/2544/2329 2419/2485/2271
f 2380/2478/2264 2381/2491/2277 2442/2486/2272
f 2355/2488/2274 2390/2494/2280 2388/2489/2275
f 2337/2459/2246 2419/2485/2271 2421/2490/2276
f 2381/2491/2277 2350/2566/2350 2445/2492/2278
f 2356/2493/2279 2392/2497/2283 2390/2494/2280
f 2339/2456/2243 2338/2457/2244 2421/2490/2276
f 2356/2493/2279 2357/2500/2286 2394/2496/2282
f 2340/2498/2284 2339/2456/2243 2423/2495/2281
f 2357/2500/2286 2358/2504/2290 2396/2501/2287
f 2340/2498/2284 2425/2499/2285 2427/2502/2288
f 2359/2503/2289 2398/2507/2293 2396/2501/2287
f 2341/2455/2242 2427/2502/2288 2429/2505/2291
f 2360/2506/2292 2400/3761/2296 2398/2507/2293
f 2343/2452/2239 2342/2453/2240 2429/2505/2291
f 2360/2509/2292 2361/2514/2299 2402/2510/2295
f 2344/2512/2297 2343/2452/2239 2431/2508/2294
f 2361/2514/2299 2362/2520/2305 2404/2515/2300
f 2344/2512/2297 2433/2513/2298 2435/2516/2301
f 2319/2477/2263 2318/2445/2232 2444/2517/2302
f 2363/2519/2304 2406/2525/2310 2404/2515/2300
f 2345/2451/2238 2435/2516/2301 2437/2521/2306
f 2320/2522/2307 2319/2477/2263 2383/2518/2303
f 2364/2524/2309 2408/2529/2314 2406/2525/2310
f 2347/2448/2235 2346/2449/2236 2437/2521/2306
f 2320/2522/2307 2385/2523/2308 2387/2527/2312
f 2364/2524/2309 2365/2533/2318 2410/2528/2313
f 2348/2530/2315 2347/2448/2235 2439/2526/2311
f 2321/2476/2262 2387/2527/2312 2389/2532/2317
f 2365/2533/2318 2366/2584/2367 2412/2534/2319
f 2443/2535/2320 2442/2486/2272 2445/2492/2278
f 2441/2531/2316 2440/2487/2273 2442/2486/2272
f 2438/2479/2265 2440/2487/2273 2441/2531/2316
f 2436/2536/2321 2438/2479/2265 2439/2526/2311
f 2435/2516/2301 2434/2537/2322 2436/2536/2321
f 2433/2513/2298 2432/2568/2352 2434/2537/2322
f 2430/2538/2323 2432/2568/2352 2433/2513/2298
f 2428/2539/2324 2430/2538/2323 2431/2508/2294
f 2427/2502/2288 2426/2540/2325 2428/2539/2324
f 2425/2499/2285 2424/2574/2358 2426/2540/2325
f 2422/2541/2326 2424/2574/2358 2425/2499/2285
f 2420/2542/2327 2422/2541/2326 2423/2495/2281
f 2418/2543/2328 2420/2542/2327 2421/2490/2276
f 2417/2544/2329 2416/2580/2363 2418/2543/2328
f 2414/2545/2330 2416/2580/2363 2417/2544/2329
f 2413/2547/2332 2412/2534/2319 2414/2545/2330
f 2411/2548/2333 2410/2528/2313 2412/2534/2319
f 2409/2549/2334 2408/2529/2314 2410/2528/2313
f 2406/2525/2310 2408/2529/2314 2409/2549/2334
f 2404/2515/2300 2406/2525/2310 2407/2550/2335
f 2403/2552/2337 2402/2510/2295 2404/2515/2300
f 2401/2553/2338 2400/2511/2296 2402/2510/2295
f 2398/2507/2293 2400/3761/2296 2401/2554/2338
f 2396/2501/2287 2398/2507/2293 2399/2555/2339
f 2395/2557/2341 2394/2496/2282 2396/2501/2287
f 2393/2558/2342 2392/2497/2283 2394/2496/2282
f 2390/2494/2280 2392/2497/2283 2393/2558/2342
f 2388/2489/2275 2390/2494/2280 2391/2559/2343
f 2386/2482/2268 2388/2489/2275 2389/2532/2317
f 2385/2523/2308 2384/2561/2345 2386/2482/2268
f 2382/2560/2344 2384/2561/2345 2385/2523/2308
f 2444/2517/2302 2445/2492/2278 2382/2560/2344
f 2336/2484/2270 2335/2460/2247 2415/2546/2331
f 2353/2483/2269 2386/2482/2268 2384/2561/2345
f 2379/2480/2266 2438/2479/2265 2436/2536/2321
f 2335/2460/2247 2334/2461/2248 2413/2547/2332
f 2351/2564/2348 2352/2562/2346 2384/2561/2345
f 2377/2565/2349 2378/2563/2347 2436/2536/2321
f 2333/2463/2250 2411/2548/2333 2413/2547/2332
f 2350/2566/2350 2351/2564/2348 2382/2560/2344
f 2376/2567/2351 2377/2565/2349 2434/2537/2322
f 2332/2569/2353 2409/2549/2334 2411/2548/2333
f 2376/2567/2351 2432/2568/2352 2430/2538/2323
f 2332/2569/2353 2331/2464/2251 2407/2550/2335
f 2375/2570/2354 2430/2538/2323 2428/2539/2324
f 2331/2464/2251 2330/2465/2252 2405/2551/2336
f 2373/2572/2356 2374/2571/2355 2428/2539/2324
f 2329/2467/2254 2403/2552/2337 2405/2551/2336
f 2372/2573/2357 2373/2572/2356 2426/2540/2325
f 2328/2575/2359 2401/2553/2338 2403/2552/2337
f 2372/2573/2357 2424/2574/2358 2422/2541/2326
f 2328/2577/2359 2327/2468/2255 2399/2555/2339
f 2371/2576/2360 2422/2541/2326 2420/2542/2327
f 2327/2468/2255 2326/2470/2256 2397/2556/2340
f 2370/2578/2361 2420/2542/2327 2418/2543/2328
f 2325/2472/2258 2395/2557/2341 2397/2556/2340
f 2369/2579/2362 2418/2543/2328 2416/2580/2363
f 2324/2582/2365 2393/2558/2342 2395/2557/2341
f 2367/2583/2366 2368/2581/2364 2416/2580/2363
f 2324/2582/2365 2323/2473/2259 2391/2559/2343
f 2349/2447/2234 2443/2535/2320 2444/2517/2302
f 2366/2584/2367 2367/2583/2366 2414/2545/2330
f 2323/2473/2259 2322/2474/2260 2389/2532/2317
f 2348/2530/2315 2441/2531/2316 2443/2535/2320
f 2381/2491/2277 2477/2586/2369 2446/2585/2368
f 2380/2478/2264 2476/2610/2393 2477/2586/2369
f 2475/2587/2370 2476/2610/2393 2380/2478/2264
f 2474/2588/2371 2475/2587/2370 2379/2480/2266
f 2377/2565/2349 2473/2589/2372 2474/2588/2371
f 2376/2567/2351 2472/2614/2397 2473/2589/2372
f 2471/2590/2373 2472/2614/2397 2376/2567/2351
f 2470/2591/2374 2471/2590/2373 2375/2570/2354
f 2373/2572/2356 2469/2592/2375 2470/2591/2374
f 2372/2573/2357 2468/2618/2401 2469/2592/2375
f 2467/2593/2376 2468/2618/2401 2372/2573/2357
f 2466/2594/2377 2467/2593/2376 2371/2576/2360
f 2369/2579/2362 2465/2595/2378 2466/2594/2377
f 2368/2581/2364 2464/2622/2405 2465/2595/2378
f 2463/2596/2379 2464/2622/2405 2368/2581/2364
f 2462/2597/2380 2463/2596/2379 2367/2583/2366
f 2365/2533/2318 2461/2598/2381 2462/2597/2380
f 2364/2524/2309 2460/2626/2409 2461/2598/2381
f 2459/2599/2382 2460/2626/2409 2364/2524/2309
f 2458/2600/2383 2459/2599/2382 2363/2519/2304
f 2361/2514/2299 2457/2601/2384 2458/2600/2383
f 2360/2509/2292 2456/2630/2413 2457/2601/2384
f 2455/2602/2385 2456/2633/2413 2360/2506/2292
f 2454/2603/2386 2455/2602/2385 2359/2503/2289
f 2357/2500/2286 2453/2604/2387 2454/2603/2386
f 2356/2493/2279 2452/2635/2417 2453/2604/2387
f 2451/2605/2388 2452/2635/2417 2356/2493/2279
f 2450/2606/2389 2451/2605/2388 2355/2488/2274
f 2353/2483/2269 2449/2607/2390 2450/2606/2389
f 2352/2562/2346 2448/2639/2421 2449/2607/2390
f 2447/2608/2391 2448/2639/2421 2352/2562/2346
f 2446/2585/2368 2447/2608/2391 2351/2564/2348
f 2477/2586/2369 2509/2611/2394 2478/2609/2392
f 2476/2610/2393 2508/3762/2425 2509/2611/2394
f 2507/2612/2395 2508/3762/2425 2476/2610/2393
f 2506/2613/2396 2507/2612/2395 2475/2587/2370
f 2473/2589/2372 2505/2615/2398 2506/2613/2396
f 2472/2614/2397 2504/3763/2429 2505/2615/2398
f 2503/2616/2399 2504/3763/2429 2472/2614/2397
f 2502/2617/2400 2503/2616/2399 2471/2590/2373
f 2469/2592/2375 2501/2619/2402 2502/2617/2400
f 2468/2618/2401 2500/3764/2433 2501/2619/2402
f 2499/2620/2403 2500/3764/2433 2468/2618/2401
f 2498/2621/2404 2499/2620/2403 2467/2593/2376
f 2465/2595/2378 2497/2623/2406 2498/2621/2404
f 2464/2622/2405 2496/3765/2436 2497/2623/2406
f 2495/2624/2407 2496/3765/2436 2464/2622/2405
f 2494/2625/2408 2495/2624/2407 2463/2596/2379
f 2461/2598/2381 2493/2627/2410 2494/2625/2408
f 2460/2626/2409 2492/3766/2439 2493/2627/2410
f 2491/2628/2411 2492/3766/2439 2460/2626/2409
f 2490/2629/2412 2491/2628/2411 2459/2599/2382
f 2457/2601/2384 2489/2631/2414 2490/2629/2412
f 2456/2630/2413 2488/3767/2009 2489/2631/2414
f 2487/2632/2415 2488/3768/2009 2456/2633/2413
f 2486/2634/2416 2487/2632/2415 2455/2602/2385
f 2453/2604/2387 2485/2636/2418 2486/2634/2416
f 2452/2635/2417 2484/3769/2446 2485/2636/2418
f 2483/2637/2419 2484/3769/2446 2452/2635/2417
f 2482/2638/2420 2483/2637/2419 2451/2605/2388
f 2449/2607/2390 2481/2640/2422 2482/2638/2420
f 2448/2639/2421 2480/3770/2449 2481/2640/2422
f 2479/2641/2423 2480/3770/2449 2448/2639/2421
f 2478/2609/2392 2479/2641/2423 2447/2608/2391
f 2541/2642/2424 2510/2695/2452 2478/2643/2392
f 2508/2645/2425 2540/2647/2426 2541/2642/2424
f 2507/2646/2395 2539/2649/2427 2540/2647/2426
f 2506/2648/2396 2538/2697/2454 2539/2649/2427
f 2537/2650/2428 2538/2697/2454 2506/2648/2396
f 2504/2652/2429 2536/2700/2457 2537/2650/2428
f 2535/2653/2430 2536/2700/2457 2504/2652/2429
f 2502/2655/2400 2534/2702/2459 2535/2653/2430
f 2533/2656/2431 2534/2702/2459 2502/2655/2400
f 2532/2658/2432 2533/2656/2431 2501/2657/2402
f 2531/2660/2434 2532/2658/2432 2500/2659/2433
f 2498/2662/2404 2530/2705/2462 2531/2660/2434
f 2529/2663/2435 2530/2705/2462 2498/2662/2404
f 2496/2665/2436 2528/2708/2465 2529/2663/2435
f 2527/2666/2437 2528/2708/2465 2496/2665/2436
f 2494/2668/2408 2526/2710/2467 2527/2666/2437
f 2525/2669/2438 2526/2710/2467 2494/2668/2408
f 2492/2671/2439 2524/2673/2440 2525/2669/2438
f 2491/2672/2411 2523/2675/2441 2524/2673/2440
f 2490/2674/2412 2522/2713/2470 2523/2675/2441
f 2521/2676/2442 2522/2713/2470 2490/2674/2412
f 2488/2678/2009 2520/2716/2473 2521/2676/2442
f 2519/2679/2443 2520/2716/2473 2488/2678/2009
f 2486/2681/2416 2518/2718/2475 2519/2679/2443
f 2517/2682/2444 2518/2718/2475 2486/2681/2416
f 2516/2684/2445 2517/2682/2444 2485/2683/2418
f 2515/2686/2447 2516/2684/2445 2484/2685/2446
f 2482/2688/2420 2514/2721/2478 2515/2686/2447
f 2513/2689/2448 2514/2721/2478 2482/2688/2420
f 2480/2691/2449 2512/2724/2481 2513/2689/2448
f 2511/2692/2450 2512/2724/2481 2480/2691/2449
f 2478/2643/2392 2510/2695/2452 2511/2692/2450
f 2573/2694/2451 2542/2727/2484 2510/2695/2452
f 2572/2696/2453 2573/2694/2451 2541/2642/2424
f 2539/2649/2427 2571/2698/2455 2572/2696/2453
f 2538/2697/2454 2570/2729/2486 2571/2698/2455
f 2569/2699/2456 2570/2729/2486 2538/2697/2454
f 2536/2700/2457 2568/2732/2489 2569/2699/2456
f 2567/2701/2458 2568/2732/2489 2536/2700/2457
f 2534/2702/2459 2566/2734/2491 2567/2701/2458
f 2565/2703/2460 2566/2734/2491 2534/2702/2459
f 2564/2704/2461 2565/2703/2460 2533/2656/2431
f 2531/2660/2434 2563/2706/2463 2564/2704/2461
f 2530/2705/2462 2562/2737/2494 2563/2706/2463
f 2561/2707/2464 2562/2737/2494 2530/2705/2462
f 2528/2708/2465 2560/2740/2497 2561/2707/2464
f 2559/2709/2466 2560/2740/2497 2528/2708/2465
f 2526/2710/2467 2558/2742/2499 2559/2709/2466
f 2557/2711/2468 2558/2742/2499 2526/2710/2467
f 2556/2712/2469 2557/2711/2468 2525/2669/2438
f 2523/2675/2441 2555/2714/2471 2556/2712/2469
f 2522/2713/2470 2554/2745/2502 2555/2714/2471
f 2553/2715/2472 2554/2745/2502 2522/2713/2470
f 2520/2716/2473 2552/2748/2505 2553/2715/2472
f 2551/2717/2474 2552/2748/2505 2520/2716/2473
f 2518/2718/2475 2550/2750/2507 2551/2717/2474
f 2549/2719/2476 2550/2750/2507 2518/2718/2475
f 2548/2720/2477 2549/2719/2476 2517/2682/2444
f 2515/2686/2447 2547/2722/2479 2548/2720/2477
f 2514/2721/2478 2546/2753/2510 2547/2722/2479
f 2545/2723/2480 2546/2753/2510 2514/2721/2478
f 2512/2724/2481 2544/2756/2513 2545/2723/2480
f 2543/2725/2482 2544/2756/2513 2512/2724/2481
f 2510/2695/2452 2542/2727/2484 2543/2725/2482
f 2605/2726/2483 2574/2758/2515 2542/2727/2484
f 2604/2728/2485 2605/2726/2483 2573/2694/2451
f 2571/2698/2455 2603/2730/2487 2604/2728/2485
f 2570/2729/2486 2602/2759/2516 2603/2730/2487
f 2601/2731/2488 2602/2759/2516 2570/2729/2486
f 2568/2732/2489 2600/2760/2517 2601/2731/2488
f 2599/2733/2490 2600/2760/2517 2568/2732/2489
f 2566/2734/2491 2598/2761/2518 2599/2733/2490
f 2597/2735/2492 2598/2761/2518 2566/2734/2491
f 2596/2736/2493 2597/2735/2492 2565/2703/2460
f 2563/2706/2463 2595/2738/2495 2596/2736/2493
f 2562/2737/2494 2594/2762/2519 2595/2738/2495
f 2593/2739/2496 2594/2762/2519 2562/2737/2494
f 2560/2740/2497 2592/2763/2520 2593/2739/2496
f 2591/2741/2498 2592/2763/2520 2560/2740/2497
f 2558/2742/2499 2590/2764/2521 2591/2741/2498
f 2589/2743/2500 2590/2764/2521 2558/2742/2499
f 2588/2744/2501 2589/2743/2500 2557/2711/2468
f 2555/2714/2471 2587/2746/2503 2588/2744/2501
f 2554/2745/2502 2586/2765/2522 2587/2746/2503
f 2585/2747/2504 2586/2765/2522 2554/2745/2502
f 2552/2748/2505 2584/2766/2523 2585/2747/2504
f 2583/2749/2506 2584/2766/2523 2552/2748/2505
f 2550/2750/2507 2582/2767/2524 2583/2749/2506
f 2581/2751/2508 2582/2767/2524 2550/2750/2507
f 2580/2752/2509 2581/2751/2508 2549/2719/2476
f 2547/2722/2479 2579/2754/2511 2580/2752/2509
f 2546/2753/2510 2578/2768/2525 2579/2754/2511
f 2577/2755/2512 2578/2768/2525 2546/2753/2510
f 2544/2756/2513 2576/2769/2526 2577/2755/2512
f 2575/2757/2514 2576/2769/2526 2544/2756/2513
f 2542/2727/2484 2574/2758/2515 2575/2757/2514
f 2637/1975/1777 2606/1924/1726 2574/2758/2515
f 2604/2728/2485 2636/1972/1774 2637/1975/1777
f 2635/1970/1772 2636/1972/1774 2604/2728/2485
f 2634/1968/1770 2635/1970/1772 2603/2730/2487
f 2633/1967/1769 2634/1968/1770 2602/2759/2516
f 2600/2760/2517 2632/1965/1767 2633/1967/1769
f 2631/1964/1766 2632/1965/1767 2600/2760/2517
f 2598/2761/2518 2630/1962/1764 2631/1964/1766
f 2597/2735/2492 2629/1960/1762 2630/1962/1764
f 2596/2736/2493 2628/1959/1761 2629/1960/1762
f 2627/1957/1759 2628/1959/1761 2596/2736/2493
f 2594/2762/2519 2626/1956/1758 2627/1957/1759
f 2625/1954/1756 2626/1956/1758 2594/2762/2519
f 2592/2763/2520 2624/1952/1754 2625/1954/1756
f 2623/1950/1752 2624/1952/1754 2592/2763/2520
f 2590/2764/2521 2622/1949/1751 2623/1950/1752
f 2621/1947/1749 2622/1949/1751 2590/2764/2521
f 2588/2744/2501 2620/1946/1748 2621/1947/1749
f 2619/1944/1746 2620/1946/1748 2588/2744/2501
f 2618/1942/1744 2619/1944/1746 2587/2746/2503
f 2617/1941/1743 2618/1942/1744 2586/2765/2522
f 2584/2766/2523 2616/1939/1741 2617/1941/1743
f 2615/1938/1740 2616/1939/1741 2584/2766/2523
f 2582/2767/2524 2614/1936/1738 2615/1938/1740
f 2581/2751/2508 2613/1934/1736 2614/1936/1738
f 2580/2752/2509 2612/1933/1735 2613/1934/1736
f 2611/1931/1733 2612/1933/1735 2580/2752/2509
f 2578/2768/2525 2610/1930/1732 2611/1931/1733
f 2609/1928/1730 2610/1930/1732 2578/2768/2525
f 2576/2769/2526 2608/1926/1728 2609/1928/1730
f 2607/1923/1725 2608/1926/1728 2576/2769/2526
f 2574/2758/2515 2606/1924/1726 2607/1923/1725
f 2650/2770/2527 2649/2785/2542 2681/2771/2528
f 1856/2773/2530 2656/2808/2565 2657/2774/2531
f 1866/1969/1771 1865/1966/1768 2665/2775/2532
f 1844/1932/1734 1843/2809/2566 2643/2777/2534
f 1852/1945/1747 2652/2810/2567 2653/2779/2536
f 1862/1961/1763 1861/2812/2569 2661/2781/2538
f 1839/1925/1727 2639/2811/2568 2640/2783/2540
f 1848/1974/1776 2648/1973/1775 2649/2785/2542
f 1857/1953/1755 2657/2774/2531 2658/2786/2543
f 1866/1969/1771 2666/2776/2533 2667/2787/2544
f 1844/1932/1734 2644/2778/2535 2645/2789/2546
f 1854/1948/1750 1853/2780/2537 2653/2779/2536
f 1862/1961/1763 2662/2782/2539 2663/2792/2549
f 1840/2784/2541 2640/2783/2540 2641/2793/2550
f 1849/1940/1742 2649/2785/2542 2650/2770/2527
f 1858/1955/1757 2658/2786/2543 2659/2794/2551
f 1868/1971/1773 1867/2788/2545 2667/2787/2544
f 1846/1935/1737 1845/2790/2547 2645/2789/2546
f 1854/1948/1750 2654/2791/2548 2655/2798/2555
f 1863/1963/1765 2663/2792/2549 2664/2799/2556
f 1842/1929/1731 1841/1927/1729 2641/2793/2550
f 1851/2802/2559 1850/1943/1745 2650/2770/2527
f 1859/2795/2552 2659/2794/2551 2660/2804/2561
f 1868/1971/1773 2668/2796/2553 2669/2805/2562
f 1846/1935/1737 2646/2797/2554 2647/2807/2564
f 1855/1951/1753 2655/2798/2555 2656/2808/2565
f 1864/2800/2557 2664/2799/2556 2665/2775/2532
f 1843/2809/2566 1842/1929/1731 2642/2801/2558
f 1851/2802/2559 2651/2803/2560 2652/2810/2567
f 1838/1922/1724 2638/2813/2570 2639/2811/2568
f 1861/2812/2569 1860/1958/1760 2660/2804/2561
f 1869/2806/2563 2669/2805/2562 2638/2813/2570
f 2684/2814/2571 2716/2876/2633 2717/2815/2572
f 2664/2799/2556 2663/2792/2549 2695/2817/2574
f 2650/2770/2527 2682/2772/2529 2683/2819/2576
f 2664/2799/2556 2696/2818/2575 2697/2820/2577
f 2652/2810/2567 2651/2803/2560 2683/2819/2576
f 2638/2813/2570 2670/2833/2590 2671/2821/2578
f 2666/2776/2533 2665/2775/2532 2697/2820/2577
f 2652/2810/2567 2684/2814/2571 2685/2816/2573
f 2640/2783/2540 2639/2811/2568 2671/2821/2578
f 2667/2787/2544 2666/2776/2533 2698/2822/2579
f 2654/2791/2548 2653/2779/2536 2685/2816/2573
f 2640/2783/2540 2672/2823/2580 2673/2826/2583
f 2668/2796/2553 2667/2787/2544 2699/2824/2581
f 2654/2791/2548 2686/2825/2582 2687/2828/2585
f 2641/2793/2550 2673/2826/2583 2674/2829/2586
f 2668/2796/2553 2700/2827/2584 2701/2830/2587
f 2655/2798/2555 2687/2828/2585 2688/2831/2588
f 2643/2777/2534 2642/2801/2558 2674/2829/2586
f 2638/2813/2570 2669/2805/2562 2701/2830/2587
f 2656/2808/2565 2688/2831/2588 2689/2834/2591
f 2644/2778/2535 2643/2777/2534 2675/2832/2589
f 2657/2774/2531 2689/2834/2591 2690/2836/2593
f 2644/2778/2535 2676/2835/2592 2677/2837/2594
f 2659/2794/2551 2658/2786/2543 2690/2836/2593
f 2645/2789/2546 2677/2837/2594 2678/2839/2596
f 2659/2794/2551 2691/2838/2595 2692/2840/2597
f 2646/2797/2554 2678/2839/2596 2679/2841/2598
f 2661/2781/2538 2660/2804/2561 2692/2840/2597
f 2648/1973/1775 2647/2807/2564 2679/2841/2598
f 2662/2782/2539 2661/2781/2538 2693/2842/2599
f 2648/1973/1775 2680/2843/2600 2681/2771/2528
f 2662/2782/2539 2694/2844/2601 2695/2817/2574
f 2719/2845/2602 2751/2907/2664 2752/2846/2603
f 2672/2823/2580 2671/2821/2578 2703/2848/2605
f 2699/2824/2581 2698/2822/2579 2730/2850/2607
f 2685/2816/2573 2717/2815/2572 2718/2852/2609
f 2673/2826/2583 2672/2823/2580 2704/2849/2606
f 2699/2824/2581 2731/2851/2608 2732/2854/2611
f 2686/2825/2582 2718/2852/2609 2719/2845/2602
f 2674/2829/2586 2673/2826/2583 2705/2853/2610
f 2700/2827/2584 2732/2854/2611 2733/2856/2613
f 2688/2831/2588 2687/2828/2585 2719/2845/2602
f 2675/2832/2589 2674/2829/2586 2706/2855/2612
f 2670/2833/2590 2701/2830/2587 2733/2856/2613
f 2689/2834/2591 2688/2831/2588 2720/2847/2604
f 2676/2835/2592 2675/2832/2589 2707/2857/2614
f 2690/2836/2593 2689/2834/2591 2721/2859/2616
f 2677/2837/2594 2676/2835/2592 2708/2860/2617
f 2691/2838/2595 2690/2836/2593 2722/2861/2618
f 2678/2839/2596 2677/2837/2594 2709/2862/2619
f 2691/2838/2595 2723/2863/2620 2724/2865/2622
f 2678/2839/2596 2710/2864/2621 2711/2866/2623
f 2693/2842/2599 2692/2840/2597 2724/2865/2622
f 2680/2843/2600 2679/2841/2598 2711/2866/2623
f 2693/2842/2599 2725/2867/2624 2726/2869/2626
f 2681/2771/2528 2680/2843/2600 2712/2868/2625
f 2695/2817/2574 2694/2844/2601 2726/2869/2626
f 2681/2771/2528 2713/2870/2627 2714/2872/2629
f 2695/2817/2574 2727/2871/2628 2728/2873/2630
f 2682/2772/2529 2714/2872/2629 2715/2874/2631
f 2697/2820/2577 2696/2818/2575 2728/2873/2630
f 2683/2819/2576 2715/2874/2631 2716/2876/2633
f 2671/2821/2578 2670/2833/2590 2702/2858/2615
f 2697/2820/2577 2729/2875/2632 2730/2850/2607
f 2754/2877/2634 2786/2941/2698 2787/2878/2635
f 2706/2855/2612 2738/2908/2665 2739/2880/2637
f 2702/2858/2615 2733/2856/2613 2765/2881/2638
f 2720/2847/2604 2752/2846/2603 2753/2883/2640
f 2707/2857/2614 2739/2880/2637 2740/2884/2641
f 2721/2859/2616 2753/2883/2640 2754/2877/2634
f 2708/2860/2617 2740/2884/2641 2741/2885/2642
f 2722/2861/2618 2754/2877/2634 2755/2879/2636
f 2709/2862/2619 2741/2885/2642 2742/2886/2643
f 2723/2863/2620 2755/2879/2636 2756/2887/2644
f 2710/2864/2621 2742/2886/2643 2743/2888/2645
f 2725/2867/2624 2724/2865/2622 2756/2887/2644
f 2712/2868/2625 2711/2866/2623 2743/2888/2645
f 2725/2867/2624 2757/2889/2646 2758/2891/2648
f 2712/2868/2625 2744/2890/2647 2745/2892/2649
f 2726/2869/2626 2758/2891/2648 2759/2893/2650
f 2713/2870/2627 2745/2892/2649 2746/2894/2651
f 2728/2873/2630 2727/2871/2628 2759/2893/2650
f 2715/2874/2631 2714/2872/2629 2746/2894/2651
f 2728/2873/2630 2760/2895/2652 2761/2897/2654
f 2716/2876/2633 2715/2874/2631 2747/2896/2653
f 2702/2858/2615 2734/2882/2639 2735/2899/2656
f 2730/2850/2607 2729/2875/2632 2761/2897/2654
f 2716/2876/2633 2748/2898/2655 2749/2901/2658
f 2704/2849/2606 2703/2848/2605 2735/2899/2656
f 2731/2851/2608 2730/2850/2607 2762/2900/2657
f 2718/2852/2609 2717/2815/2572 2749/2901/2658
f 2704/2849/2606 2736/2902/2659 2737/2905/2662
f 2731/2851/2608 2763/2903/2660 2764/2906/2663
f 2718/2852/2609 2750/2904/2661 2751/2907/2664
f 2705/2853/2610 2737/2905/2662 2738/2908/2665
f 2733/2856/2613 2732/2854/2611 2764/2906/2663
f 2790/2909/2666 2789/2916/2673 2821/2910/2667
f 2742/2886/2643 2741/2885/2642 2773/2912/2669
f 2755/2879/2636 2787/2878/2635 2788/2914/2671
f 2742/2886/2643 2774/2913/2670 2775/2915/2672
f 2757/2889/2646 2756/2887/2644 2788/2914/2671
f 2743/2888/2645 2775/2915/2672 2776/2917/2674
f 2758/2891/2648 2757/2889/2646 2789/2916/2673
f 2744/2890/2647 2776/2917/2674 2777/2918/2675
f 2758/2891/2648 2790/2909/2666 2791/2919/2676
f 2746/2894/2651 2745/2892/2649 2777/2918/2675
f 2760/2895/2652 2759/2893/2650 2791/2919/2676
f 2746/2894/2651 2778/2920/2677 2779/2922/2679
f 2760/2895/2652 2792/2921/2678 2793/2923/2680
f 2747/2896/2653 2779/2922/2679 2780/2924/2681
f 2734/2882/2639 2766/2938/2695 2767/2925/2682
f 2762/2900/2657 2761/2897/2654 2793/2923/2680
f 2749/2901/2658 2748/2898/2655 2780/2924/2681
f 2735/2899/2656 2767/2925/2682 2768/2928/2685
f 2762/2900/2657 2794/2926/2683 2795/2929/2686
f 2749/2901/2658 2781/2927/2684 2782/2930/2687
f 2736/2902/2659 2768/2928/2685 2769/2931/2688
f 2763/2903/2660 2795/2929/2686 2796/2932/2689
f 2750/2904/2661 2782/2930/2687 2783/2933/2690
f 2738/2908/2665 2737/2905/2662 2769/2931/2688
f 2765/2881/2638 2764/2906/2663 2796/2932/2689
f 2751/2907/2664 2783/2933/2690 2784/2936/2693
f 2738/2908/2665 2770/2934/2691 2771/2937/2694
f 2765/2881/2638 2797/2935/2692 2766/2938/2695
f 2752/2846/2603 2784/2936/2693 2785/2939/2696
f 2739/2880/2637 2771/2937/2694 2772/2940/2697
f 2754/2877/2634 2753/2883/2640 2785/2939/2696
f 2741/2885/2642 2740/2884/2641 2772/2940/2697
f 2825/2942/2699 2824/2948/2705 2856/2943/2700
f 2776/2917/2674 2808/2973/2730 2809/2945/2702
f 2790/2909/2666 2822/2911/2668 2823/2946/2703
f 2777/2918/2675 2809/2945/2702 2810/2947/2704
f 2792/2921/2678 2791/2919/2676 2823/2946/2703
f 2779/2922/2679 2778/2920/2677 2810/2947/2704
f 2793/2923/2680 2792/2921/2678 2824/2948/2705
f 2780/2924/2681 2779/2922/2679 2811/2949/2706
f 2767/2925/2682 2766/2938/2695 2798/2951/2708
f 2793/2923/2680 2825/2942/2699 2826/2953/2710
f 2780/2924/2681 2812/2950/2707 2813/2954/2711
f 2767/2925/2682 2799/2952/2709 2800/2955/2712
f 2795/2929/2686 2794/2926/2683 2826/2953/2710
f 2781/2927/2684 2813/2954/2711 2814/2957/2714
f 2768/2928/2685 2800/2955/2712 2801/2958/2715
f 2795/2929/2686 2827/2956/2713 2828/2959/2716
f 2783/2933/2690 2782/2930/2687 2814/2957/2714
f 2769/2931/2688 2801/2958/2715 2802/2961/2718
f 2796/2932/2689 2828/2959/2716 2829/2962/2719
f 2784/2936/2693 2783/2933/2690 2815/2960/2717
f 2771/2937/2694 2770/2934/2691 2802/2961/2718
f 2797/2935/2692 2829/2962/2719 2798/2951/2708
f 2785/2939/2696 2784/2936/2693 2816/2963/2720
f 2771/2937/2694 2803/2964/2721 2804/2966/2723
f 2786/2941/2698 2785/2939/2696 2817/2965/2722
f 2772/2940/2697 2804/2966/2723 2805/2968/2725
f 2786/2941/2698 2818/2967/2724 2819/2969/2726
f 2774/2913/2670 2773/2912/2669 2805/2968/2725
f 2787/2878/2635 2819/2969/2726 2820/2971/2728
f 2775/2915/2672 2774/2913/2670 2806/2970/2727
f 2789/2916/2673 2788/2914/2671 2820/2971/2728
f 2776/2917/2674 2775/2915/2672 2807/2972/2729
f 2859/2974/2731 2891/3036/2793 2892/2975/2732
f 2811/2949/2706 2843/3004/2761 2844/2977/2734
f 2798/2951/2708 2831/2989/2746 2830/2978/2735
f 2826/2953/2710 2825/2942/2699 2857/2944/2701
f 2812/2950/2707 2844/2977/2734 2845/2980/2737
f 2800/2955/2712 2799/2952/2709 2830/2978/2735
f 2827/2956/2713 2826/2953/2710 2858/2979/2736
f 2813/2954/2711 2845/2980/2737 2846/2982/2739
f 2801/2958/2715 2800/2955/2712 2832/2981/2738
f 2827/2956/2713 2859/2974/2731 2860/2976/2733
f 2814/2957/2714 2846/2982/2739 2847/2984/2741
f 2802/2961/2718 2801/2958/2715 2833/2983/2740
f 2828/2959/2716 2860/2976/2733 2861/2986/2743
f 2816/2963/2720 2815/2960/2717 2847/2984/2741
f 2802/2961/2718 2834/2985/2742 2835/2988/2745
f 2829/2962/2719 2861/2986/2743 2831/2989/2746
f 2816/2963/2720 2848/2987/2744 2849/2990/2747
f 2803/2964/2721 2835/2988/2745 2836/2991/2748
f 2817/2965/2722 2849/2990/2747 2850/2992/2749
f 2804/2966/2723 2836/2991/2748 2837/2993/2750
f 2818/2967/2724 2850/2992/2749 2851/2994/2751
f 2805/2968/2725 2837/2993/2750 2838/2995/2752
f 2819/2969/2726 2851/2994/2751 2852/2996/2753
f 2806/2970/2727 2838/2995/2752 2839/2997/2754
f 2821/2910/2667 2820/2971/2728 2852/2996/2753
f 2808/2973/2730 2807/2972/2729 2839/2997/2754
f 2822/2911/2668 2821/2910/2667 2853/2998/2755
f 2809/2945/2702 2808/2973/2730 2840/2999/2756
f 2822/2911/2668 2854/3000/2757 2855/3002/2759
f 2809/2945/2702 2841/3001/2758 2842/3003/2760
f 2824/2948/2705 2823/2946/2703 2855/3002/2759
f 2810/2947/2704 2842/3003/2760 2843/3004/2761
f 2882/3005/2762 2881/3015/2772 2913/3006/2763
f 2846/2982/2739 2878/3037/2794 2879/3008/2765
f 2834/2985/2742 2833/2983/2740 2865/3009/2766
f 2860/2976/2733 2892/2975/2732 2893/3011/2768
f 2848/2987/2744 2847/2984/2741 2879/3008/2765
f 2834/2985/2742 2866/3010/2767 2867/3013/2770
f 2861/2986/2743 2893/3011/2768 2863/3014/2771
f 2849/2990/2747 2848/2987/2744 2880/3012/2769
f 2835/2988/2745 2867/3013/2770 2868/3016/2773
f 2850/2992/2749 2849/2990/2747 2881/3015/2772
f 2837/2993/2750 2836/2991/2748 2868/3016/2773
f 2850/2992/2749 2882/3005/2762 2883/3018/2775
f 2837/2993/2750 2869/3017/2774 2870/3019/2776
f 2851/2994/2751 2883/3018/2775 2884/3020/2777
f 2838/2995/2752 2870/3019/2776 2871/3021/2778
f 2853/2998/2755 2852/2996/2753 2884/3020/2777
f 2839/2997/2754 2871/3021/2778 2872/3023/2780
f 2854/3000/2757 2853/2998/2755 2885/3022/2779
f 2841/3001/2758 2840/2999/2756 2872/3023/2780
f 2854/3000/2757 2886/3024/2781 2887/3026/2783
f 2841/3001/2758 2873/3025/2782 2874/3027/2784
f 2855/3002/2759 2887/3026/2783 2888/3028/2785
f 2842/3003/2760 2874/3027/2784 2875/3029/2786
f 2856/2943/2700 2888/3028/2785 2889/3030/2787
f 2843/3004/2761 2875/3029/2786 2876/3031/2788
f 2831/2989/2746 2863/3014/2771 2862/3032/2789
f 2857/2944/2701 2889/3030/2787 2890/3033/2790
f 2844/2977/2734 2876/3031/2788 2877/3034/2791
f 2832/2981/2738 2830/2978/2735 2862/3032/2789
f 2858/2979/2736 2890/3033/2790 2891/3036/2793
f 2845/2980/2737 2877/3034/2791 2878/3037/2794
f 2833/2983/2740 2832/2981/2738 2864/3035/2792
f 2916/3038/2795 2948/3101/2857 2949/3039/2796
f 2868/3016/2773 2900/3068/2825 2901/3041/2798
f 2882/3005/2762 2914/3007/2764 2915/3042/2799
f 2869/3017/2774 2901/3041/2798 2902/3043/2800
f 2883/3018/2775 2915/3042/2799 2916/3038/2795
f 2870/3019/2776 2902/3043/2800 2903/3044/2801
f 2885/3022/2779 2884/3020/2777 2916/3038/2795
f 2871/3021/2778 2903/3044/2801 2904/3045/2802
f 2885/3022/2779 2917/3040/2797 2918/3046/2803
f 2872/3023/2780 2904/3045/2802 2905/3047/2804
f 2887/3026/2783 2886/3024/2781 2918/3046/2803
f 2874/3027/2784 2873/3025/2782 2905/3047/2804
f 2887/3026/2783 2919/3048/2805 2920/3050/2807
f 2874/3027/2784 2906/3049/2806 2907/3051/2808
f 2888/3028/2785 2920/3050/2807 2921/3052/2809
f 2876/3031/2788 2875/3029/2786 2907/3051/2808
f 2863/3014/2771 2895/3067/2824 2894/3054/2811
f 2890/3033/2790 2889/3030/2787 2921/3052/2809
f 2877/3034/2791 2876/3031/2788 2908/3053/2810
f 2862/3032/2789 2894/3054/2811 2896/3057/2814
f 2891/3036/2793 2890/3033/2790 2922/3055/2812
f 2877/3034/2791 2909/3056/2813 2910/3059/2816
f 2864/3035/2792 2896/3057/2814 2897/3060/2817
f 2892/2975/2732 2891/3036/2793 2923/3058/2815
f 2878/3037/2794 2910/3059/2816 2911/3062/2819
f 2865/3009/2766 2897/3060/2817 2898/3063/2820
f 2893/3011/2768 2892/2975/2732 2924/3061/2818
f 2879/3008/2765 2911/3062/2819 2912/3065/2822
f 2867/3013/2770 2866/3010/2767 2898/3063/2820
f 2893/3011/2768 2925/3064/2821 2895/3067/2824
f 2880/3012/2769 2912/3065/2822 2913/3006/2763
f 2868/3016/2773 2867/3013/2770 2899/3066/2823
f 2952/3069/2826 2951/3164/2832 2983/3070/2827
f 2903/3044/2801 2935/3102/2858 2936/3072/2829
f 2917/3040/2797 2949/3039/2796 2950/3073/2830
f 2904/3045/2802 2936/3072/2829 2937/3074/2831
f 2919/3048/2805 2918/3046/2803 2950/3073/2830
f 2905/3047/2804 2937/3074/2831 2938/3076/2833
f 2919/3048/2805 2951/3075/2832 2952/3077/2826
f 2906/3049/2806 2938/3076/2833 2939/3078/2834
f 2920/3050/2807 2952/3077/2826 2953/3079/2835
f 2907/3051/2808 2939/3078/2834 2940/3080/2836
f 2895/3067/2824 2927/3094/2850 2926/3081/2837
f 2921/3052/2809 2953/3079/2835 2954/3082/2838
f 2908/3053/2810 2940/3080/2836 2941/3083/2839
f 2894/3054/2811 2926/3081/2837 2928/3084/2840
f 2922/3055/2812 2954/3082/2838 2955/3085/2841
f 2909/3056/2813 2941/3083/2839 2942/3086/2842
f 2896/3057/2814 2928/3084/2840 2929/3087/2843
f 2923/3058/2815 2955/3085/2841 2956/3088/2844
f 2911/3062/2819 2910/3059/2816 2942/3086/2842
f 2898/3063/2820 2897/3060/2817 2929/3087/2843
f 2925/3064/2821 2924/3061/2818 2956/3088/2844
f 2911/3062/2819 2943/3089/2845 2944/3092/2848
f 2898/3063/2820 2930/3090/2846 2931/3093/2849
f 2895/3067/2824 2925/3064/2821 2957/3091/2847
f 2912/3065/2822 2944/3092/2848 2945/3095/2851
f 2899/3066/2823 2931/3093/2849 2932/3096/2852
f 2914/3007/2764 2913/3006/2763 2945/3095/2851
f 2900/3068/2825 2932/3096/2852 2933/3098/2854
f 2914/3007/2764 2946/3097/2853 2947/3099/2855
f 2901/3041/2798 2933/3098/2854 2934/3100/2856
f 2916/3038/2795 2915/3042/2799 2947/3099/2855
f 2902/3043/2800 2934/3100/2856 2935/3102/2858
f 2960/3103/2859 2958/3115/2866 2990/3104/2860
f 2938/3106/2833 2970/3165/2890 2971/3107/2862
f 2953/3109/2835 2952/3069/2826 2984/3071/2828
f 2939/3108/2834 2971/3107/2862 2972/3111/2864
f 2926/3113/2837 2927/3139/2850 2959/3114/2865
f 2954/3116/2838 2953/3109/2835 2985/3110/2863
f 2940/3112/2836 2972/3111/2864 2973/3118/2868
f 2928/3120/2840 2926/3113/2837 2958/3115/2866
f 2954/3116/2838 2986/3117/2867 2987/3121/2869
f 2941/3119/2839 2973/3118/2868 2974/3123/2870
f 2929/3125/2843 2928/3120/2840 2960/3103/2859
f 2956/3127/2844 2955/3122/2841 2987/3121/2869
f 2942/3124/2842 2974/3123/2870 2975/3129/2873
f 2930/3131/2846 2929/3125/2843 2961/3126/2871
f 2957/3133/2847 2956/3127/2844 2988/3128/2872
f 2944/3135/2848 2943/3130/2845 2975/3129/2873
f 2930/3131/2846 2962/3132/2874 2963/3137/2877
f 2927/3139/2850 2957/3133/2847 2989/3134/2875
f 2944/3135/2848 2976/3136/2876 2977/3140/2878
f 2931/3138/2849 2963/3137/2877 2964/3142/2879
f 2945/3141/2851 2977/3140/2878 2978/3144/2880
f 2932/3143/2852 2964/3142/2879 2965/3146/2881
f 2946/3145/2853 2978/3144/2880 2979/3148/2882
f 2933/3147/2854 2965/3146/2881 2966/3150/2883
f 2948/3152/2857 2947/3149/2855 2979/3148/2882
f 2935/3154/2858 2934/3151/2856 2966/3150/2883
f 2948/3152/2857 2980/3153/2884 2981/3156/2886
f 2936/3158/2829 2935/3154/2858 2967/3155/2885
f 2949/3157/2796 2981/3156/2886 2982/3160/2888
f 2937/3162/2831 2936/3158/2829 2968/3159/2887
f 2951/3164/2832 2950/3161/2830 2982/3160/2888
f 2938/3106/2833 2937/3162/2831 2969/3163/2889
f 2994/3166/2891 3026/3227/2952 3027/3167/2892
f 2987/3121/2869 2986/3117/2867 3018/3169/2894
f 2973/3118/2868 3005/3196/2921 3006/3171/2896
f 2960/3103/2859 2992/3105/2861 2993/3172/2897
f 2987/3121/2869 3019/3170/2895 3020/3173/2898
f 2975/3129/2873 2974/3123/2870 3006/3171/2896
f 2961/3126/2871 2993/3172/2897 2994/3166/2891
f 2988/3128/2872 3020/3173/2898 3021/3175/2900
f 2976/3136/2876 2975/3129/2873 3007/3174/2899
f 2962/3132/2874 2994/3166/2891 2995/3168/2893
f 2989/3134/2875 3021/3175/2900 2991/3177/2902
f 2976/3136/2876 3008/3176/2901 3009/3178/2903
f 2964/3142/2879 2963/3137/2877 2995/3168/2893
f 2978/3144/2880 2977/3140/2878 3009/3178/2903
f 2965/3146/2881 2964/3142/2879 2996/3179/2904
f 2978/3144/2880 3010/3180/2905 3011/3182/2907
f 2965/3146/2881 2997/3181/2906 2998/3183/2908
f 2980/3153/2884 2979/3148/2882 3011/3182/2907
f 2967/3155/2885 2966/3150/2883 2998/3183/2908
f 2980/3153/2884 3012/3184/2909 3013/3186/2911
f 2967/3155/2885 2999/3185/2910 3000/3187/2912
f 2981/3156/2886 3013/3186/2911 3014/3188/2913
f 2968/3159/2887 3000/3187/2912 3001/3189/2914
f 2983/3070/2827 2982/3160/2888 3014/3188/2913
f 2970/3165/2890 2969/3163/2889 3001/3189/2914
f 2983/3070/2827 3015/3190/2915 3016/3192/2917
f 2970/3165/2890 3002/3191/2916 3003/3193/2918
f 2984/3071/2828 3016/3192/2917 3017/3194/2919
f 2971/3107/2862 3003/3193/2918 3004/3195/2920
f 2958/3115/2866 2959/3114/2865 2991/3177/2902
f 2986/3117/2867 2985/3110/2863 3017/3194/2919
f 2972/3111/2864 3004/3195/2920 3005/3196/2921
f 3029/3197/2922 3061/3260/2985 3062/3198/2923
f 3021/3175/2900 3053/3228/2953 3023/3200/2925
f 3009/3178/2903 3008/3176/2901 3040/3201/2926
f 2996/3179/2904 2995/3168/2893 3027/3167/2892
f 3009/3178/2903 3041/3202/2927 3042/3204/2929
f 2996/3179/2904 3028/3203/2928 3029/3197/2922
f 3011/3182/2907 3010/3180/2905 3042/3204/2929
f 2997/3181/2906 3029/3197/2922 3030/3199/2924
f 3012/3184/2909 3011/3182/2907 3043/3205/2930
f 2999/3185/2910 2998/3183/2908 3030/3199/2924
f 3012/3184/2909 3044/3206/2931 3045/3208/2933
f 2999/3185/2910 3031/3207/2932 3032/3209/2934
f 3013/3186/2911 3045/3208/2933 3046/3210/2935
f 3000/3187/2912 3032/3209/2934 3033/3211/2936
f 3015/3190/2915 3014/3188/2913 3046/3210/2935
f 3002/3191/2916 3001/3189/2914 3033/3211/2936
f 3015/3190/2915 3047/3212/2937 3048/3214/2939
f 3002/3191/2916 3034/3213/2938 3035/3215/2940
f 3016/3192/2917 3048/3214/2939 3049/3216/2941
f 3003/3193/2918 3035/3215/2940 3036/3217/2942
f 2990/3104/2860 2991/3177/2902 3023/3200/2925
f 3017/3194/2919 3049/3216/2941 3050/3219/2944
f 3004/3195/2920 3036/3217/2942 3037/3220/2945
f 2990/3104/2860 3022/3218/2943 3024/3221/2946
f 3018/3169/2894 3050/3219/2944 3051/3222/2947
f 3005/3196/2921 3037/3220/2945 3038/3223/2948
f 2992/3105/2861 3024/3221/2946 3025/3224/2949
f 3020/3173/2898 3019/3170/2895 3051/3222/2947
f 3007/3174/2899 3006/3171/2896 3038/3223/2948
f 2994/3166/2891 2993/3172/2897 3025/3224/2949
f 3021/3175/2900 3020/3173/2898 3052/3225/2950
f 3007/3174/2899 3039/3226/2951 3040/3201/2926
f 3064/3229/2954 3096/3292/3016 3097/3230/2955
f 3044/3206/2931 3043/3205/2930 3075/3232/2957
f 3031/3207/2932 3030/3199/2924 3062/3198/2923
f 3044/3206/2931 3076/3233/2958 3077/3235/2960
f 3031/3207/2932 3063/3234/2959 3064/3229/2954
f 3045/3208/2933 3077/3235/2960 3078/3236/2961
f 3033/3211/2936 3032/3209/2934 3064/3229/2954
f 3047/3212/2937 3046/3210/2935 3078/3236/2961
f 3034/3213/2938 3033/3211/2936 3065/3231/2956
f 3047/3212/2937 3079/3237/2962 3080/3239/2964
f 3034/3213/2938 3066/3238/2963 3067/3240/2965
f 3048/3214/2939 3080/3239/2964 3081/3241/2966
f 3036/3217/2942 3035/3215/2940 3067/3240/2965
f 3022/3218/2943 3023/3200/2925 3055/3243/2968
f 3049/3216/2941 3081/3241/2966 3082/3245/2970
f 3037/3220/2945 3036/3217/2942 3068/3242/2967
f 3022/3218/2943 3054/3244/2969 3056/3247/2972
f 3050/3219/2944 3082/3245/2970 3083/3248/2973
f 3037/3220/2945 3069/3246/2971 3070/3249/2974
f 3024/3221/2946 3056/3247/2972 3057/3250/2975
f 3051/3222/2947 3083/3248/2973 3084/3251/2976
f 3039/3226/2951 3038/3223/2948 3070/3249/2974
f 3026/3227/2952 3025/3224/2949 3057/3250/2975
f 3053/3228/2953 3052/3225/2950 3084/3251/2976
f 3039/3226/2951 3071/3252/2977 3072/3255/2980
f 3026/3227/2952 3058/3253/2978 3059/3256/2981
f 3053/3228/2953 3085/3254/2979 3055/3243/2968
f 3040/3201/2926 3072/3255/2980 3073/3257/2982
f 3028/3203/2928 3027/3167/2892 3059/3256/2981
f 3041/3202/2927 3073/3257/2982 3074/3259/2984
f 3029/3197/2922 3028/3203/2928 3060/3258/2983
f 3043/3205/2930 3042/3204/2929 3074/3259/2984
f 3116/3261/2986 3115/3276/3000 3118/3262/11
f 3079/3237/2962 3078/3236/2961 3110/3264/2988
f 3066/3238/2963 3065/3231/2956 3097/3230/2955
f 3079/3237/2962 3111/3265/2989 3112/3267/2991
f 3066/3238/2963 3098/3266/2990 3099/3268/2992
f 3081/3241/2966 3080/3239/2964 3112/3267/2991
f 3067/3240/2965 3099/3268/2992 3100/3270/2994
f 3054/3244/2969 3055/3243/2968 3087/3271/2995
f 3082/3245/2970 3081/3241/2966 3113/3269/2993
f 3069/3246/2971 3068/3242/2967 3100/3270/2994
f 3054/3244/2969 3086/3272/2996 3088/3275/2999
f 3082/3245/2970 3114/3273/2997 3115/3276/3000
f 3069/3246/2971 3101/3274/2998 3102/3277/3001
f 3057/3250/2975 3056/3247/2972 3088/3275/2999
f 3083/3248/2973 3115/3276/3000 3116/3261/2986
f 3071/3252/2977 3070/3249/2974 3102/3277/3001
f 3058/3253/2978 3057/3250/2975 3089/3278/3002
f 3084/3251/2976 3116/3261/2986 3117/3263/2987
f 3071/3252/2977 3103/3279/3003 3104/3281/3005
f 3058/3253/2978 3090/3280/3004 3091/3282/3006
f 3085/3254/2979 3117/3263/2987 3087/3271/2995
f 3072/3255/2980 3104/3281/3005 3105/3283/3007
f 3060/3258/2983 3059/3256/2981 3091/3282/3006
f 3074/3259/2984 3073/3257/2982 3105/3283/3007
f 3061/3260/2985 3060/3258/2983 3092/3284/3008
f 3074/3259/2984 3106/3285/3009 3107/3287/3011
f 3061/3260/2985 3093/3286/3010 3094/3288/3012
f 3076/3233/2958 3075/3232/2957 3107/3287/3011
f 3063/3234/2959 3062/3198/2923 3094/3288/3012
f 3076/3233/2958 3108/3289/3013 3109/3291/3015
f 3063/3234/2959 3095/3290/3014 3096/3292/3016
f 3077/3235/2960 3109/3291/3015 3110/3264/2988
f 3115/3276/3000 3114/3273/2997 3125/3293/11
f 3114/3273/2997 3113/3269/2993 3132/3294/11
f 3113/3269/2993 3112/3267/2991 3139/3295/11
f 3111/3265/2989 3146/3296/11 3139/3295/11
f 3110/3264/2988 3153/3297/11 3146/3296/11
f 3109/3291/3015 3160/3298/3017 3153/3297/11
f 3108/3289/3013 3107/3287/3011 3160/3298/3017
f 3117/3263/2987 3118/3262/11 3119/3299/11
f 3118/3262/11 3125/3293/11 3126/3300/11
f 3125/3293/11 3132/3294/11 3133/3301/11
f 3132/3294/11 3139/3295/11 3140/3302/11
f 3146/3296/11 3147/3303/11 3140/3302/11
f 3153/3297/11 3154/3304/11 3147/3303/11
f 3160/3298/3017 3161/3305/11 3154/3304/11
f 3107/3287/3011 3106/3285/3009 3161/3305/11
f 3087/3271/2995 3119/3299/11 3120/3306/11
f 3119/3299/11 3126/3300/11 3127/3307/11
f 3126/3300/11 3133/3301/11 3134/3308/11
f 3133/3301/11 3140/3302/11 3141/3309/11
f 3147/3303/11 3148/3310/11 3141/3309/11
f 3154/3304/11 3155/3311/11 3148/3310/11
f 3161/3305/11 3162/3312/11 3155/3311/11
f 3106/3285/3009 3105/3283/3007 3162/3312/11
f 3086/3272/2996 3120/3306/11 3121/3313/11
f 3120/3306/11 3127/3307/11 3128/3314/11
f 3127/3307/11 3134/3308/11 3135/3315/11
f 3134/3308/11 3141/3309/11 3142/3316/11
f 3148/3310/11 3149/3317/11 3142/3316/11
f 3155/3311/11 3156/3318/11 3149/3317/11
f 3162/3312/11 3163/3319/11 3156/3318/11
f 3105/3283/3007 3104/3281/3005 3163/3319/11
f 3121/3313/11 3122/3320/11 3089/3278/3002
f 3128/3314/11 3129/3321/11 3122/3320/11
f 3135/3315/11 3136/3322/11 3129/3321/11
f 3142/3316/11 3143/3324/11 3136/3322/11
f 3142/3316/11 3149/3317/11 3150/3323/11
f 3149/3317/11 3156/3318/11 3157/3325/11
f 3156/3318/11 3163/3319/11 3164/3326/11
f 3163/3319/11 3104/3281/3005 3103/3279/3003
f 3122/3320/11 3123/3327/11 3090/3280/3004
f 3129/3321/11 3130/3328/11 3123/3327/11
f 3136/3322/11 3137/3329/11 3130/3328/11
f 3143/3324/11 3144/3331/11 3137/3329/11
f 3143/3324/11 3150/3323/11 3151/3330/11
f 3150/3323/11 3157/3325/11 3158/3332/11
f 3157/3325/11 3164/3326/11 3165/3333/11
f 3164/3326/11 3103/3279/3003 3102/3277/3001
f 3123/3327/11 3124/3334/11 3091/3282/3006
f 3130/3328/11 3131/3335/11 3124/3334/11
f 3137/3329/11 3138/3336/11 3131/3335/11
f 3144/3331/11 3145/3338/11 3138/3336/11
f 3144/3331/11 3151/3330/11 3152/3337/11
f 3151/3330/11 3158/3332/11 3159/3339/11
f 3158/3332/11 3165/3333/11 3166/3340/11
f 3165/3333/11 3102/3277/3001 3101/3274/2998
f 3124/3334/11 3093/3286/3010 3092/3284/3008
f 3131/3335/11 3094/3288/3012 3093/3286/3010
f 3138/3336/11 3095/3290/3014 3094/3288/3012
f 3145/3338/11 3096/3292/3016 3095/3290/3014
f 3145/3338/11 3152/3337/11 3097/3230/2955
f 3152/3337/11 3159/3339/11 3098/3266/2990
f 3159/3339/11 3166/3340/11 3099/3268/2992
f 3166/3340/11 3101/3274/2998 3100/3270/2994
f 2094/3341/3018 3198/2224/2019 3167/2271/2065
f 3167/2271/2065 3168/2269/2063 2096/3342/3019
f 2096/3342/3019 3168/2269/2063 3169/2268/2062
f 3169/2268/2062 3170/2266/2060 2098/3343/3020
f 2098/3343/3020 3170/2266/2060 3171/2265/2059
f 3171/2265/2059 3172/2263/2057 2100/3344/3021
f 2100/3344/3021 3172/2263/2057 3173/2262/2056
f 3173/2262/2056 3174/2260/2054 2102/3345/3022
f 2102/3345/3022 3174/2260/2054 3175/2259/2053
f 3175/2259/2053 3176/2258/2051 2104/3346/3023
f 2104/3347/3023 3176/2256/2051 3177/2255/2050
f 3177/2255/2050 3178/2253/2048 2106/3348/3024
f 2106/3348/3024 3178/2253/2048 3179/2252/2047
f 3179/2252/2047 3180/2250/2045 2108/3349/3025
f 2108/3349/3025 3180/2250/2045 3181/2249/2044
f 3181/2249/2044 3182/2247/2042 2110/3350/3026
f 2110/3350/3026 3182/2247/2042 3183/2246/2041
f 3183/2246/2041 3184/2244/2039 2112/3351/3027
f 2112/3351/3027 3184/2244/2039 3185/2243/2038
f 3185/2243/2038 3186/2241/2036 2114/3352/3028
f 2114/3352/3028 3186/2241/2036 3187/2240/2035
f 3187/2240/2035 3188/2238/2033 2116/3353/3029
f 2116/3353/3029 3188/2238/2033 3189/2237/2032
f 3189/2237/2032 3190/2235/2030 2118/3354/3030
f 2118/3354/3030 3190/2235/2030 3191/2234/2029
f 3191/2234/2029 3192/2232/2027 2120/3355/3031
f 2120/3355/3031 3192/2232/2027 3193/2231/2026
f 3193/2231/2026 3194/2229/2024 2122/3356/3032
f 2122/3356/3032 3194/2229/2024 3195/2228/2023
f 3195/2228/2023 3196/2226/2021 2124/3357/3033
f 2124/3357/3033 3196/2226/2021 3197/2225/2020
f 3197/2225/2020 3198/2224/2019 2094/3341/3018
f 3238/3358/3034 3226/3399/3072 3227/3359/3035
f 3242/3361/3037 3240/3360/3036 3227/3359/3035
f 3249/3363/3039 3251/3433/3439 3217/3364/3040
f 3215/3366/3042 3247/3371/3047 3249/3363/3039
f 3246/3367/3043 3206/3373/3049 3207/3368/3044
f 3214/3370/3046 3245/3413/3082 3247/3371/3047
f 3244/3372/3048 3205/3415/3084 3206/3373/3049
f 3252/3374/3050 3245/3413/3082 3214/3370/3046
f 3248/3369/3045 3207/3368/3044 3208/3376/3052
f 3256/3378/3054 3212/3382/3058 3213/3379/3055
f 3255/3381/3057 3211/3400/3073 3212/3382/3058
f 3210/3383/3059 3211/3400/3073 3255/3381/3057
f 3258/3385/3061 3209/3396/3069 3210/3383/3059
f 3216/3365/3041 3217/3364/3040 3222/3386/3062
f 3220/3388/3064 3215/3366/3042 3216/3365/3041
f 3214/3370/3046 3215/3366/3042 3220/3388/3064
f 3218/3375/3051 3214/3370/3046 3219/3389/3065
f 3223/3390/3066 3219/3389/3065 3200/3391/1685
f 3219/3389/3065 3220/3388/3064 3201/3393/1686
f 3220/3388/3064 3221/3387/3063 3202/3394/1687
f 3221/3387/3063 3222/3386/3062 3203/3395/3068
f 3209/3396/3069 3234/3408/3078 3237/3397/3070
f 3238/3358/3034 3236/3409/3079 3225/3398/3071
f 3237/3397/3070 3239/3401/3074 3211/3400/3073
f 3239/3401/3074 3241/3402/3075 3212/3382/3058
f 3241/3402/3075 3243/3410/3080 3213/3379/3055
f 3224/3403/3076 3229/258/3279 3230/256/1700
f 3225/3404/3071 3230/256/1700 3231/254/1701
f 3226/3405/3072 3231/254/1701 3232/255/1702
f 3227/3406/3035 3232/255/1702 3233/252/3077
f 3234/3408/3078 3235/3713/3440 3236/3409/3079
f 3237/3397/3070 3236/3409/3079 3238/3358/3034
f 3239/3401/3074 3238/3358/3034 3240/3360/3036
f 3241/3402/3075 3240/3360/3036 3242/3361/3037
f 3236/3409/3079 3235/3713/3440 3224/3411/3076
f 3244/3372/3048 3245/3413/3082 3252/3374/3050
f 3244/3372/3048 3246/3367/3043 3247/3371/3047
f 3246/3367/3043 3248/3369/3045 3249/3363/3039
f 3250/3377/3053 3251/3433/3439 3249/3363/3039
f 3204/3414/3083 3205/3415/3084 3244/3372/3048
f 3258/3385/3061 3254/3384/3060 3205/3415/3084
f 3254/3384/3060 3255/3381/3057 3206/3373/3049
f 3255/3381/3057 3256/3378/3054 3207/3368/3044
f 3256/3378/3054 3257/3380/3056 3208/3376/3052
f 3294/3361/3085 3284/3362/3132 3285/3416/3086
f 3298/3418/3088 3296/3417/3087 3285/3416/3086
f 3298/3418/3088 3286/3419/3089 3287/3420/3090
f 3300/3421/3091 3287/3420/3090 3288/3422/3092
f 3269/3379/3094 3295/3410/3441 3297/3424/3095
f 3277/3426/3097 3311/3463/3135 3313/3427/3098
f 3309/3429/3100 3311/3463/3135 3277/3426/3097
f 3307/3431/3102 3309/3429/3100 3276/3430/3101
f 3305/3433/3104 3307/3431/3102 3275/3432/3103
f 3264/3376/3106 3265/3435/3109 3306/3434/3107
f 3265/3435/3109 3266/3437/3111 3308/3436/3110
f 3266/3437/3111 3267/3439/3113 3310/3438/3112
f 3267/3439/3113 3268/3464/3136 3312/3440/3114
f 3272/3441/3115 3273/3457/3131 3318/3442/3116
f 3271/3444/3118 3272/3441/3115 3317/3443/3117
f 3270/3425/3096 3271/3444/3118 3316/3445/3119
f 3269/3379/3094 3270/3425/3096 3315/3446/3120
f 3277/3426/3097 3278/3428/3099 3283/3447/3122
f 3276/3430/3101 3277/3426/3097 3282/3448/3123
f 3275/3432/3103 3276/3430/3101 3281/3449/3124
f 3279/3386/3126 3274/3364/3105 3275/3432/3103
f 3279/3386/3126 3280/3450/3125 3260/3451/1689
f 3280/3450/3125 3281/3449/3124 3261/3452/1690
f 3281/3449/3124 3282/3448/3123 3262/3453/1691
f 3282/3448/3123 3283/3447/3122 3263/3454/3128
f 3270/3425/3096 3297/3424/3095 3299/3455/3129
f 3271/3444/3118 3299/3455/3129 3301/3456/3130
f 3301/3456/3130 3303/3462/3134 3273/3457/3131
f 3284/3407/3132 3289/252/3330 3290/250/1704
f 3285/3458/3086 3290/250/1704 3291/248/1705
f 3286/3459/3089 3291/248/1705 3292/245/1706
f 3287/3460/3090 3292/245/1706 3293/247/3133
f 3297/3424/3095 3295/3410/3441 3294/3361/3085
f 3299/3455/3129 3297/3424/3095 3296/3417/3087
f 3299/3455/3129 3298/3418/3088 3300/3421/3091
f 3301/3456/3130 3300/3421/3091 3302/3423/3093
f 3306/3434/3107 3307/3431/3102 3305/3433/3104
f 3308/3436/3110 3309/3429/3100 3307/3431/3102
f 3310/3438/3112 3311/3463/3135 3309/3429/3100
f 3310/3438/3112 3312/3440/3114 3313/3427/3098
f 3264/3376/3106 3314/3380/3121 3315/3446/3120
f 3265/3435/3109 3315/3446/3120 3316/3445/3119
f 3266/3437/3111 3316/3445/3119 3317/3443/3117
f 3267/3439/3113 3317/3443/3117 3318/3442/3116
f 3356/3465/3137 3354/3423/3442 3344/3422/3138
f 3356/3465/3137 3345/3466/3139 3346/3467/3140
f 3358/3468/3141 3346/3467/3140 3347/3469/3142
f 3360/3470/3143 3347/3469/3142 3348/3471/3144
f 3371/3473/3146 3373/3529/3443 3338/3474/3147
f 3369/3476/3149 3371/3473/3146 3337/3475/3148
f 3367/3478/3151 3369/3476/3149 3336/3477/3150
f 3365/3427/3153 3367/3478/3151 3335/3479/3152
f 3324/3464/3155 3325/3510/3186 3366/3480/3156
f 3366/3480/3156 3325/3510/3186 3326/3481/3158
f 3326/3481/3158 3327/3484/3161 3370/3483/3160
f 3327/3484/3161 3328/3511/3187 3372/3485/3162
f 3332/3486/3163 3333/3504/3182 3378/3487/3164
f 3376/3489/3166 3331/3491/3168 3332/3486/3163
f 3375/3490/3167 3330/3501/3179 3331/3491/3168
f 3329/3457/3169 3330/3501/3179 3375/3490/3167
f 3337/3475/3148 3338/3474/3147 3343/3492/3171
f 3336/3477/3150 3337/3475/3148 3342/3493/3172
f 3335/3479/3152 3336/3477/3150 3341/3494/3173
f 3334/3428/3154 3335/3479/3152 3340/3495/3174
f 3339/3447/3175 3340/3495/3174 3320/3496/1693
f 3340/3495/3174 3341/3494/3173 3321/3497/1694
f 3341/3494/3173 3342/3493/3172 3322/3498/1695
f 3342/3493/3172 3343/3492/3171 3323/3499/3177
f 3357/3500/3178 3359/3502/3180 3331/3491/3168
f 3359/3502/3180 3361/3503/3181 3332/3486/3163
f 3361/3503/3181 3363/3509/3185 3333/3504/3182
f 3355/3462/3183 3357/3500/3178 3330/3501/3179
f 3344/3461/3138 3349/247/3380 3350/263/1708
f 3345/3505/3139 3350/263/1708 3351/272/1709
f 3346/3506/3140 3351/272/1709 3352/281/1710
f 3347/3507/3142 3352/281/1710 3353/289/3184
f 3355/3462/3183 3354/3423/3442 3356/3465/3137
f 3357/3500/3178 3356/3465/3137 3358/3468/3141
f 3359/3502/3180 3358/3468/3141 3360/3470/3143
f 3361/3503/3181 3360/3470/3143 3362/3472/3145
f 3366/3480/3156 3367/3478/3151 3365/3427/3153
f 3368/3482/3159 3369/3476/3149 3367/3478/3151
f 3370/3483/3160 3371/3473/3146 3369/3476/3149
f 3372/3485/3162 3373/3529/3443 3371/3473/3146
f 3324/3464/3155 3374/3442/3170 3375/3490/3167
f 3375/3490/3167 3376/3489/3166 3326/3481/3158
f 3326/3481/3158 3376/3489/3166 3377/3488/3165
f 3377/3488/3165 3378/3487/3164 3328/3511/3187
f 3414/3472/3188 3404/3471/3236 3405/3512/3189
f 3416/3513/3190 3405/3512/3189 3406/3514/3191
f 3418/3515/3192 3406/3514/3191 3407/3516/3193
f 3420/3517/3194 3407/3516/3193 3408/3518/3195
f 3405/3520/3189 3410/298/1712 3411/307/1713
f 3397/3522/3197 3431/3559/3238 3433/3523/3198
f 3429/3525/3200 3431/3559/3238 3397/3522/3197
f 3427/3527/3202 3429/3525/3200 3396/3526/3201
f 3425/3529/3204 3427/3527/3202 3395/3528/3203
f 3384/3511/3206 3385/3531/3209 3426/3530/3207
f 3385/3531/3209 3386/3533/3211 3428/3532/3210
f 3386/3533/3211 3387/3535/3213 3430/3534/3212
f 3387/3535/3213 3388/3560/3239 3432/3536/3214
f 3392/3537/3215 3393/3554/3233 3438/3538/3216
f 3391/3540/3218 3392/3537/3215 3437/3539/3217
f 3390/3542/3220 3391/3540/3218 3436/3541/3219
f 3389/3504/3222 3390/3542/3220 3435/3543/3221
f 3397/3522/3197 3398/3524/3199 3403/3544/3224
f 3396/3526/3201 3397/3522/3197 3402/3545/3225
f 3400/3547/3227 3395/3528/3203 3396/3526/3201
f 3394/3474/3205 3395/3528/3203 3400/3547/3227
f 3399/3492/3228 3400/3547/3227 3380/3548/1697
f 3400/3547/3227 3401/3546/3226 3381/3549/1698
f 3401/3546/3226 3402/3545/3225 3382/3550/1699
f 3402/3545/3225 3403/3544/3224 3383/3551/3230
f 3390/3542/3220 3417/3555/3234 3419/3552/3231
f 3419/3552/3231 3421/3553/3232 3392/3537/3215
f 3421/3553/3232 3423/3558/3237 3393/3554/3233
f 3389/3504/3222 3415/3509/3444 3417/3555/3234
f 3406/3521/3191 3411/307/1713 3412/316/1714
f 3407/3556/3193 3412/316/1714 3413/317/3235
f 3404/3508/3236 3409/289/3430 3410/298/1712
f 3417/3555/3234 3415/3509/3444 3414/3472/3188
f 3419/3552/3231 3417/3555/3234 3416/3513/3190
f 3419/3552/3231 3418/3515/3192 3420/3517/3194
f 3421/3553/3232 3420/3517/3194 3422/3519/3196
f 3424/3485/3208 3426/3530/3207 3427/3527/3202
f 3426/3530/3207 3428/3532/3210 3429/3525/3200
f 3430/3534/3212 3431/3559/3238 3429/3525/3200
f 3432/3536/3214 3433/3523/3198 3431/3559/3238
f 3434/3487/3223 3435/3543/3221 3385/3531/3209
f 3385/3531/3209 3435/3543/3221 3436/3541/3219
f 3386/3533/3211 3436/3541/3219 3437/3539/3217
f 3437/3539/3217 3438/3538/3216 3388/3560/3239
f 3474/3519/3240 3464/3518/3286 3465/3561/3241
f 3478/3563/3243 3476/3562/3242 3465/3561/3241
f 3478/3563/3243 3466/3564/3244 3467/3565/3245
f 3480/3566/3246 3467/3565/3245 3468/3567/3247
f 3491/3569/3249 3493/3654/3445 3458/3570/3250
f 3489/3572/3252 3491/3569/3249 3457/3571/3251
f 3487/3574/3254 3489/3572/3252 3456/3573/3253
f 3485/3523/3256 3487/3574/3254 3455/3575/3255
f 3444/3560/3258 3445/3606/3288 3486/3576/3259
f 3486/3576/3259 3445/3606/3288 3446/3577/3261
f 3488/3578/3262 3446/3577/3261 3447/3579/3263
f 3447/3579/3263 3448/3607/3289 3492/3581/3265
f 3497/3582/3266 3452/3598/3281 3453/3583/3267
f 3451/3585/3269 3452/3598/3281 3497/3582/3266
f 3450/3587/3271 3451/3585/3269 3496/3586/3270
f 3494/3538/3273 3449/3554/3284 3450/3587/3271
f 3462/3589/3274 3457/3571/3251 3458/3570/3250
f 3461/3591/3276 3456/3573/3253 3457/3571/3251
f 3460/3592/3277 3455/3575/3255 3456/3573/3253
f 3454/3524/3257 3455/3575/3255 3460/3592/3277
f 3459/3544/3278 3460/3592/3277 3440/3593/1700
f 3460/3592/3277 3461/3591/3276 3441/3594/1701
f 3461/3591/3276 3462/3589/3274 3442/3595/1702
f 3462/3589/3274 3463/3590/3275 3443/3596/3077
f 3479/3597/3280 3481/3599/3282 3452/3598/3281
f 3481/3599/3282 3483/3605/3287 3453/3583/3267
f 3475/3558/3283 3477/3600/3285 3450/3587/3271
f 3477/3600/3285 3479/3597/3280 3451/3585/3269
f 3464/3557/3286 3469/317/3067 3470/318/1685
f 3465/3601/3241 3470/318/1685 3471/319/1686
f 3466/3602/3244 3471/319/1686 3472/321/1687
f 3467/3603/3245 3472/321/1687 3473/320/3068
f 3475/3558/3283 3474/3519/3240 3476/3562/3242
f 3479/3597/3280 3477/3600/3285 3476/3562/3242
f 3479/3597/3280 3478/3563/3243 3480/3566/3246
f 3483/3605/3287 3481/3599/3282 3480/3566/3246
f 3484/3536/3260 3486/3576/3259 3487/3574/3254
f 3486/3576/3259 3488/3578/3262 3489/3572/3252
f 3490/3580/3264 3491/3569/3249 3489/3572/3252
f 3492/3581/3265 3493/3654/3445 3491/3569/3249
f 3494/3538/3273 3495/3588/3272 3445/3606/3288
f 3495/3588/3272 3496/3586/3270 3446/3577/3261
f 3496/3586/3270 3497/3582/3266 3447/3579/3263
f 3447/3579/3263 3497/3582/3266 3498/3584/3268
f 3534/3568/3290 3524/3567/3336 3525/3608/3291
f 3536/3609/3292 3525/3608/3291 3526/3610/3293
f 3538/3611/3294 3526/3610/3293 3527/3612/3295
f 3540/3613/3296 3527/3612/3295 3528/3614/3297
f 3517/3616/3299 3551/3620/3303 3553/3617/3300
f 3516/3619/3302 3549/3622/3305 3551/3620/3303
f 3515/3621/3304 3547/3623/3307 3549/3622/3305
f 3514/3570/3306 3545/3654/3337 3547/3623/3307
f 3504/3607/3308 3505/3655/3338 3546/3624/3309
f 3546/3624/3309 3505/3655/3338 3506/3625/3311
f 3548/3626/3312 3506/3625/3311 3507/3627/3313
f 3507/3627/3313 3508/3656/3339 3552/3629/3315
f 3512/3630/3316 3513/3647/3333 3558/3631/3317
f 3511/3633/3319 3512/3630/3316 3557/3632/3318
f 3510/3635/3321 3511/3633/3319 3556/3634/3320
f 3509/3583/3323 3510/3635/3321 3555/3636/3322
f 3517/3616/3299 3518/3618/3301 3523/3637/3325
f 3516/3619/3302 3517/3616/3299 3522/3638/3326
f 3515/3621/3304 3516/3619/3302 3521/3639/3327
f 3514/3570/3306 3515/3621/3304 3520/3640/3328
f 3519/3590/3329 3520/3640/3328 3500/3641/1704
f 3520/3640/3328 3521/3639/3327 3501/3642/1705
f 3521/3639/3327 3522/3638/3326 3502/3643/1706
f 3522/3638/3326 3523/3637/3325 3503/3644/3133
f 3511/3633/3319 3539/3649/3335 3541/3645/3331
f 3512/3630/3316 3541/3645/3331 3543/3646/3332
f 3509/3583/3323 3535/3605/3446 3537/3648/3334
f 3510/3635/3321 3537/3648/3334 3539/3649/3335
f 3524/3604/3336 3529/320/3127 3530/322/1689
f 3525/3650/3291 3530/322/1689 3531/323/1690
f 3526/3651/3293 3531/323/1690 3532/324/1691
f 3527/3652/3295 3532/324/1691 3533/315/3128
f 3537/3648/3334 3535/3605/3446 3534/3568/3290
f 3537/3648/3334 3536/3609/3292 3538/3611/3294
f 3539/3649/3335 3538/3611/3294 3540/3613/3296
f 3541/3645/3331 3540/3613/3296 3542/3615/3298
f 3546/3624/3309 3547/3623/3307 3545/3654/3337
f 3546/3624/3309 3548/3626/3312 3549/3622/3305
f 3548/3626/3312 3550/3628/3314 3551/3620/3303
f 3552/3629/3315 3553/3617/3300 3551/3620/3303
f 3554/3584/3324 3555/3636/3322 3505/3655/3338
f 3555/3636/3322 3556/3634/3320 3506/3625/3311
f 3556/3634/3320 3557/3632/3318 3507/3627/3313
f 3557/3632/3318 3558/3631/3317 3508/3656/3339
f 3596/3657/3340 3594/3615/3447 3584/3614/3341
f 3596/3657/3340 3585/3658/3342 3586/3659/3343
f 3600/3661/3345 3598/3660/3344 3586/3659/3343
f 3600/3661/3345 3587/3662/3346 3588/3663/3347
f 3611/3665/3349 3613/3719/3448 3578/3666/3350
f 3609/3668/3352 3611/3665/3349 3577/3667/3351
f 3607/3670/3354 3609/3668/3352 3576/3669/3353
f 3605/3617/3356 3607/3670/3354 3575/3671/3355
f 3564/3656/3358 3565/3673/3361 3606/3672/3359
f 3565/3673/3361 3566/3675/3363 3608/3674/3362
f 3566/3675/3363 3567/3677/3365 3610/3676/3364
f 3567/3677/3365 3568/3704/3388 3612/3678/3366
f 3572/3679/3367 3573/3695/3382 3618/3680/3368
f 3616/3682/3370 3571/3684/3372 3572/3679/3367
f 3615/3683/3371 3570/3685/3374 3571/3684/3372
f 3614/3631/3373 3569/3647/3384 3570/3685/3374
f 3582/3686/3375 3577/3667/3351 3578/3666/3350
f 3581/3688/3377 3576/3669/3353 3577/3667/3351
f 3580/3689/3378 3575/3671/3355 3576/3669/3353
f 3574/3618/3357 3575/3671/3355 3580/3689/3378
f 3579/3637/3379 3580/3689/3378 3560/3690/1708
f 3580/3689/3378 3581/3688/3377 3561/3691/1709
f 3581/3688/3377 3582/3686/3375 3562/3692/1710
f 3582/3686/3375 3583/3687/3376 3563/3693/3184
f 3601/3694/3381 3603/3703/3387 3573/3695/3382
f 3595/3646/3383 3597/3696/3385 3570/3685/3374
f 3597/3696/3385 3599/3697/3386 3571/3684/3372
f 3599/3697/3386 3601/3694/3381 3572/3679/3367
f 3587/3698/3346 3592/3702/1695 3593/287/3177
f 3584/3653/3341 3589/315/3176 3590/306/1693
f 3585/3700/3342 3590/306/1693 3591/297/1694
f 3586/3701/3343 3591/297/1694 3592/3702/1695
f 3595/3646/3383 3594/3615/3447 3596/3657/3340
f 3597/3696/3385 3596/3657/3340 3598/3660/3344
f 3599/3697/3386 3598/3660/3344 3600/3661/3345
f 3601/3694/3381 3600/3661/3345 3602/3664/3348
f 3606/3672/3359 3607/3670/3354 3605/3617/3356
f 3608/3674/3362 3609/3668/3352 3607/3670/3354
f 3610/3676/3364 3611/3665/3349 3609/3668/3352
f 3612/3678/3366 3613/3719/3448 3611/3665/3349
f 3614/3631/3373 3615/3683/3371 3565/3673/3361
f 3615/3683/3371 3616/3682/3370 3566/3675/3363
f 3616/3682/3370 3617/3681/3369 3567/3677/3365
f 3567/3677/3365 3617/3681/3369 3618/3680/3368
f 3663/3705/3389 3654/3408/3435 3629/3396/3390
f 3656/3664/3392 3645/3663/3433 3646/3707/3393
f 3660/3709/3395 3658/3708/3394 3646/3707/3393
f 3662/3711/3397 3660/3709/3395 3647/3710/3396
f 3662/3711/3397 3648/3712/3398 3644/3411/3399
f 3671/3714/3401 3672/3374/3449 3638/3375/3402
f 3669/3716/3404 3671/3714/3401 3637/3715/3403
f 3635/3718/3406 3667/3741/3436 3669/3716/3404
f 3665/3719/3407 3667/3741/3436 3635/3718/3406
f 3625/3704/3409 3626/3742/3437 3666/3720/3410
f 3666/3720/3410 3626/3742/3437 3627/3721/3412
f 3627/3721/3412 3628/3724/3415 3670/3723/3414
f 3628/3724/3415 3624/3414/3438 3673/3412/3416
f 3677/3725/3417 3633/3706/3391 3629/3396/3390
f 3632/3726/3419 3633/3706/3391 3677/3725/3417
f 3631/3728/3421 3632/3726/3419 3676/3727/3420
f 3630/3695/3423 3631/3728/3421 3675/3729/3422
f 3642/3730/3425 3637/3715/3403 3638/3375/3402
f 3636/3717/3405 3637/3715/3403 3642/3730/3425
f 3635/3718/3406 3636/3717/3405 3641/3731/3427
f 3634/3666/3408 3635/3718/3406 3640/3732/3428
f 3639/3687/3429 3640/3732/3428 3621/3733/1712
f 3640/3732/3428 3641/3731/3427 3622/3734/1713
f 3641/3731/3427 3642/3730/3425 3623/3735/1714
f 3642/3730/3425 3643/3390/3426 3619/3392/3235
f 3657/3703/3431 3659/3740/3434 3631/3728/3421
f 3631/3728/3421 3659/3740/3434 3661/3736/3432
f 3632/3726/3419 3661/3736/3432 3663/3705/3389
f 3645/3699/3433 3650/287/3229 3651/278/1697
f 3646/3737/3393 3651/278/1697 3652/269/1698
f 3647/3738/3396 3652/269/1698 3653/260/1699
f 3648/3739/3398 3653/260/1699 3649/258/3230
f 3659/3740/3434 3657/3703/3431 3656/3664/3392
f 3661/3736/3432 3659/3740/3434 3658/3708/3394
f 3663/3705/3389 3661/3736/3432 3660/3709/3395
f 3663/3705/3389 3662/3711/3397 3655/3713/3400
f 3666/3720/3410 3667/3741/3436 3665/3719/3407
f 3668/3722/3413 3669/3716/3404 3667/3741/3436
f 3670/3723/3414 3671/3714/3401 3669/3716/3404
f 3673/3412/3416 3672/3374/3449 3671/3714/3401
f 3625/3704/3409 3674/3680/3424 3675/3729/3422
f 3626/3742/3437 3675/3729/3422 3676/3727/3420
f 3627/3721/3412 3676/3727/3420 3677/3725/3417
f 3677/3725/3417 3678/3385/3418 3624/3414/3438
